{
  "address": "ScienceEducationInnovation/part_02/chunk_00/08_crop_decision/slide_031",
  "status": "completed",
  "input": {
    "image_path": "output/ScienceEducationInnovation/part_02/chunk_00/07_capture_frame/slide_031/artifacts/slide_031.png",
    "slide_index": 31,
    "slide_title": "MaxEmbed - 研究动机 使用SSD存储参数时存在的严重读放大现象，浪费带宽"
  },
  "output": null,
  "artifacts": [
    "output/ScienceEducationInnovation/part_02/chunk_00/07_capture_frame/slide_031/artifacts/slide_031.png"
  ],
  "metadata": {
    "needs_crop": false,
    "reason": "MANUAL_NO_CROP",
    "manual_override": true
  },
  "trace_id": null,
  "duration_ms": 0,
  "started_at": "2025-12-18T16:37:52.032969",
  "completed_at": "2025-12-18T16:37:52.032969",
  "step_config": {
    "manual_override": true
  },
  "dependencies": [
    "capture_frame"
  ]
}