{
  "address": "ScienceEducationInnovation/part_04/chunk_00/07_capture_frame/slide_025",
  "status": "completed",
  "input": {
    "video": "output/ScienceEducationInnovation/part_04/chunk_00/01_cut_chunk/artifacts/chunk_high.mp4",
    "timestamp": "00:19:22.100",
    "frame_id": "slide_025",
    "output_ext": ".png"
  },
  "output": "output/ScienceEducationInnovation/part_04/chunk_00/07_capture_frame/slide_025/artifacts/slide_025.png",
  "artifacts": [
    "output/ScienceEducationInnovation/part_04/chunk_00/07_capture_frame/slide_025/artifacts/slide_025.png"
  ],
  "metadata": {
    "timestamp": "00:19:22.100",
    "frame_id": "slide_025",
    "ffmpeg": "/opt/homebrew/bin/ffmpeg"
  },
  "trace_id": null,
  "duration_ms": 2657,
  "started_at": "2025-12-21T23:17:27.056925",
  "completed_at": "2025-12-21T15:17:29.715959",
  "step_config": {},
  "dependencies": [
    "slide_timeline"
  ]
}