{
  "address": "ScienceEducationInnovation/part_03/final/07_script_refine/6",
  "status": "completed",
  "input": {
    "narrative": {
      "id": "sec_007",
      "index": 6,
      "title": "系统优化：软件隔离与硬件加速介绍分片式监控架构实现软件隔离，以及利用DPU硬件加速日志拉取，将性能损耗控制在3%以内。",
      "time_range": "00:15:07,760 - 00:16:57,580",
      "script": "第三部分是系统层面的工作。监控系统通常开销巨大。\n我们需要采集大量数据并监控操作系统运行，这会给系统带来额外负担。\n我们提出了软件和硬件两种优化方案。\n软件方面，我们发现现有工具开销大的原因是由于担心探针受攻击而加入了过重的保护机制，破坏了进程隔离。\n因此，我们提出了新的架构，让每个进程独立利用自身资源进行隔离和日志处理，防止相互干扰。\n硬件方面，我们将监控负载卸载到 DPU 上。\n利用 DPU 强大的处理能力和拉取能力，以近乎零代价的方式将运行日志拉取到主机端。\n实验表明，即使在采集非常细粒度的系统调用日志时，我们的开销也能控制在 3% 以内。\n相比 Sysdig 或 Linux Audit 等主流工具，开销降低了一个数量级。",
      "summary": ""
    }
  },
  "output": {
    "section_id": "sec_007",
    "index": 6,
    "title": "系统优化：软件隔离与硬件加速介绍分片式监控架构实现软件隔离，以及利用DPU硬件加速日志拉取，将性能损耗控制在3%以内。",
    "time_range": "00:15:07,760 - 00:16:57,580",
    "refined_script": "# 系统优化：分片式监控架构与 DPU 硬件加速实现\n\n## 1. 背景与挑战\n在现代系统监控中，高性能与低损耗往往难以兼得。传统的监控工具（如 Sysdig 或 Linux Audit）通常面临以下痛点：\n- **高额系统开销**：采集大量系统调用和运行数据会显著拖慢操作系统性能。\n- **隔离机制缺陷**：现有工具为防止探针受攻击，往往引入了过重的保护机制，这反而破坏了进程间的隔离性，导致监控负载相互干扰。\n\n## 2. 核心优化方案\n为了解决上述问题，本架构从软件隔离与硬件加速两个维度进行了深度重构。\n\n### 2.1 软件层面：分片式隔离架构\n针对现有工具因保护机制过重导致的性能损耗，我们提出了全新的软件架构：\n- **资源去中心化**：让每个进程独立利用自身资源进行监控数据处理。\n- **强化隔离**：通过分片式设计实现日志处理的物理/逻辑隔离，防止不同进程间的监控负载相互干扰，从而精简了传统的重型保护机制。\n\n### 2.2 硬件层面：DPU 负载卸载\n利用 DPU（Data Processing Unit）的强大处理能力，进一步降低主机端损耗：\n- **监控负载卸载**：将原本消耗主机 CPU 的监控逻辑转移至 DPU 执行。\n- **近零代价拉取**：利用 DPU 的硬件特性，以近乎零成本的方式将运行日志从主机端拉取至监控端，极大缓解了主机 I/O 和计算压力。\n\n## 3. 性能表现与对比\n实验数据表明，该优化方案在保障监控精度的同时，实现了极高的运行效率：\n\n| 维度 | 表现描述 |\n| :--- | :--- |\n| **性能损耗** | 即使在采集**细粒度系统调用日志**时，整体开销仍控制在 **3% 以内**。 |\n| **行业对比** | 相比 Sysdig、Linux Audit 等主流工具，性能损耗降低了**一个数量级**。 |\n\n## 4. 结论\n通过“软件分片隔离 + 硬件 DPU 卸载”的双重优化，系统成功解决了高频监控下的性能瓶颈，为大规模、细粒度的系统实时监控提供了可行路径。",
    "summary": "",
    "original_script": "第三部分是系统层面的工作。监控系统通常开销巨大。\n我们需要采集大量数据并监控操作系统运行，这会给系统带来额外负担。\n我们提出了软件和硬件两种优化方案。\n软件方面，我们发现现有工具开销大的原因是由于担心探针受攻击而加入了过重的保护机制，破坏了进程隔离。\n因此，我们提出了新的架构，让每个进程独立利用自身资源进行隔离和日志处理，防止相互干扰。\n硬件方面，我们将监控负载卸载到 DPU 上。\n利用 DPU 强大的处理能力和拉取能力，以近乎零代价的方式将运行日志拉取到主机端。\n实验表明，即使在采集非常细粒度的系统调用日志时，我们的开销也能控制在 3% 以内。\n相比 Sysdig 或 Linux Audit 等主流工具，开销降低了一个数量级。"
  },
  "artifacts": [
    "output/ScienceEducationInnovation/part_03/final/07_script_refine/6/artifacts/section_sec_007_refined.md"
  ],
  "metadata": {
    "refined_length": 875,
    "original_length": 318,
    "summary_length": 0
  },
  "trace_id": "01a1140b-5609-46de-8c37-db1cd7727c91",
  "duration_ms": 42002,
  "started_at": "2025-12-19T01:26:36.934307",
  "completed_at": "2025-12-18T17:27:18.938256",
  "step_config": {
    "model": "gemini-3-flash-preview",
    "temperature": 0.2,
    "prompt_file": "/Users/lichuan/Codes/TalkDistill/config/prompts/script_refine.md",
    "schema_file": "/Users/lichuan/Codes/TalkDistill/config/schemas/script_refine.json"
  },
  "dependencies": [
    "section_timing"
  ]
}