{
  "address": "ai_session/part_10/chunk_00/07_capture_frame/slide_009",
  "status": "completed",
  "input": {
    "video": "output/ai_session/part_10/chunk_00/01_cut_chunk/artifacts/chunk_high.mp4",
    "timestamp": "00:11:05.900",
    "frame_id": "slide_009",
    "output_ext": ".png"
  },
  "output": "output/ai_session/part_10/chunk_00/07_capture_frame/slide_009/artifacts/slide_009.png",
  "artifacts": [
    "output/ai_session/part_10/chunk_00/07_capture_frame/slide_009/artifacts/slide_009.png"
  ],
  "metadata": {
    "timestamp": "00:11:05.900",
    "frame_id": "slide_009",
    "ffmpeg": "/opt/homebrew/bin/ffmpeg"
  },
  "trace_id": null,
  "duration_ms": 939,
  "started_at": "2025-12-16T01:20:15.526298",
  "completed_at": "2025-12-15T17:20:16.466776",
  "step_config": {},
  "dependencies": [
    "slide_timeline"
  ]
}