{
  "address": "ai_session/part_06/chunk_00/09_apply_crop/slide_009",
  "status": "completed",
  "input": {
    "image_path": "output/ai_session/part_06/chunk_00/07_capture_frame/slide_009/artifacts/slide_009.png",
    "crop_region": {
      "x": 595,
      "y": 183,
      "width": 1267,
      "height": 842
    }
  },
  "output": "output/ai_session/part_06/chunk_00/09_apply_crop/slide_009/artifacts/slide_009.png",
  "artifacts": [
    "output/ai_session/part_06/chunk_00/09_apply_crop/slide_009/artifacts/slide_009.png"
  ],
  "metadata": {
    "source": "output/ai_session/part_06/chunk_00/07_capture_frame/slide_009/artifacts/slide_009.png",
    "applied": true,
    "crop_region": {
      "x": 595,
      "y": 183,
      "width": 1267,
      "height": 842
    },
    "size": {
      "width": 1267,
      "height": 842
    }
  },
  "trace_id": null,
  "duration_ms": 109,
  "started_at": "2025-12-15T23:49:14.310156",
  "completed_at": "2025-12-15T15:49:14.420188",
  "step_config": {},
  "dependencies": [
    "capture_frame",
    "crop_decision"
  ]
}