{
  "address": "ai_session/part_08/final/10_part_digest",
  "status": "completed",
  "input": {
    "part_index": 8,
    "part_start_s": 7745.1,
    "part_duration_s": 1002.4799999999996,
    "sections": [
      {
        "id": "sec_1",
        "index": 0,
        "title": "开场与议程介绍",
        "time_range": "00:00:00,000 - 00:00:59,235",
        "summary": "华为AI通信专家韩远坤先生进行自我介绍，并预告了本次分享的主题——《昇腾亲和的通信加速库CAM关键技术和生态介绍》。他将从AI通信技术趋势、灵雀通信软件UMDK架构以及CAM关键技术三个方面展开介绍。",
        "start_ms": 0,
        "end_ms": 59235,
        "material_ids": [
          "chunk_00/slide_001",
          "chunk_00/slide_002",
          "chunk_00/slide_003"
        ]
      },
      {
        "id": "sec_2",
        "index": 1,
        "title": "AI通信技术趋势演进和通信诉求",
        "time_range": "00:01:00,740 - 00:04:32,445",
        "summary": "AI通信技术与AI负载强相关，随着AI从文本LLM向多模态及Agent场景演进，对底层通信提出了超低时延、高动态性等新挑战。为应对此趋势，通信范式从单机、集合通信演进到更弹性的M2N异步通信，并对高性能优化、生态易用性和超异构拓扑亲和性提出了更高要求。",
        "start_ms": 60740,
        "end_ms": 272445,
        "material_ids": [
          "chunk_00/slide_004"
        ]
      },
      {
        "id": "sec_3",
        "index": 2,
        "title": "灵雀通信软件UMDK总体架构",
        "time_range": "00:04:35,310 - 00:05:24,445",
        "summary": "本节介绍了灵雀的高性能通信基础底座UMDK。它基于URMA统一内存语义构建，南向屏蔽硬件差异，并面向智算场景构建了超异构通信加速库CAM，支持DeepEP、Mooncake等主流接口，使AI框架可无缝使用其加速能力。",
        "start_ms": 275310,
        "end_ms": 324445,
        "material_ids": [
          "chunk_00/slide_005"
        ]
      },
      {
        "id": "sec_4",
        "index": 3,
        "title": "昇腾亲和的通信加速库CAM关键技术介绍",
        "time_range": "00:05:26,710 - 00:15:10,625",
        "summary": "本节介绍了昇腾亲和的通信加速库CAM，它旨在为MoE、AFD分离、PD分离等不同场景构建通信加速能力。CAM通过大EP通信库、通算融合加速库FusedDeepMoE、M2N通信加速库及KV Cache传输加速库MIXL，采用通信时序编排、细粒度流水并行、NPU直驱通信、分片消息聚合等关键技术，解决通信开销大、计算通信串行等问题，从而显著提升系统性能。",
        "start_ms": 326710,
        "end_ms": 910625,
        "material_ids": [
          "chunk_00/slide_006",
          "chunk_00/slide_007",
          "chunk_00/slide_008",
          "chunk_00/slide_009",
          "chunk_00/slide_010"
        ]
      },
      {
        "id": "sec_5",
        "index": 4,
        "title": "总结与Q&A",
        "time_range": "00:15:11,970 - 00:16:42,220",
        "summary": "讲者结束分享，并提供了 openEuler 社区和 UMDK 技术微信群作为后续交流渠道。主持人随后总结了分享的核心技术点，即如何通过异构多平面传输、M2N通信及计算通信掩盖等方式，解决大模型推理中的通信开销问题，并展望了未来的合作方向。",
        "start_ms": 911970,
        "end_ms": 1002220,
        "material_ids": [
          "chunk_00/slide_011"
        ]
      }
    ],
    "materials": [
      {
        "id": "chunk_00/slide_001",
        "type": "slide",
        "title": "AI分论坛 开场背景页",
        "start_ms": 500,
        "end_ms": 11500,
        "best_capture_ms": null
      },
      {
        "id": "chunk_00/slide_002",
        "type": "slide",
        "title": "昇腾亲和的通信加速库CAM关键技术和生态介绍 演讲标题页",
        "start_ms": 13000,
        "end_ms": 38500,
        "best_capture_ms": null
      },
      {
        "id": "chunk_00/slide_003",
        "type": "slide",
        "title": "目录 演讲大纲",
        "start_ms": 40000,
        "end_ms": 58500,
        "best_capture_ms": null
      },
      {
        "id": "chunk_00/slide_004",
        "type": "slide",
        "title": "AI通信技术趋势演进和通信诉求 技术背景与趋势分析",
        "start_ms": 60500,
        "end_ms": 272500,
        "best_capture_ms": null
      },
      {
        "id": "chunk_00/slide_005",
        "type": "slide",
        "title": "灵衢通信软件技术栈 UMDK与openEuler介绍",
        "start_ms": 274000,
        "end_ms": 324500,
        "best_capture_ms": null
      },
      {
        "id": "chunk_00/slide_006",
        "type": "slide",
        "title": "昇腾亲和通信加速库CAM CAM总体架构与功能",
        "start_ms": 326000,
        "end_ms": 402500,
        "best_capture_ms": null
      },
      {
        "id": "chunk_00/slide_007",
        "type": "slide",
        "title": "CAM：大EP通信实现EP内通信语义与计算并行 大EP通信优化技术",
        "start_ms": 404500,
        "end_ms": 535500,
        "best_capture_ms": null
      },
      {
        "id": "chunk_00/slide_008",
        "type": "slide",
        "title": "CAM：实现大EP通信与计算融合FusedDeepMoE FusedDeepMoE融合加速技术",
        "start_ms": 538000,
        "end_ms": 667500,
        "best_capture_ms": null
      },
      {
        "id": "chunk_00/slide_009",
        "type": "slide",
        "title": "CAM：AFD分离场景的M2N通信加速技术 AFD场景下的通信优化",
        "start_ms": 669500,
        "end_ms": 817500,
        "best_capture_ms": null
      },
      {
        "id": "chunk_00/slide_010",
        "type": "slide",
        "title": "CAM：PD分离场景推理传输加速MIXL技术 PD分离场景与MIXL技术",
        "start_ms": 820000,
        "end_ms": 910500,
        "best_capture_ms": null
      },
      {
        "id": "chunk_00/slide_011",
        "type": "slide",
        "title": "Thank you & QA 结束页与二维码",
        "start_ms": 912500,
        "end_ms": 1001500,
        "best_capture_ms": null
      }
    ],
    "graph": {
      "nodes": [
        {
          "id": "p1",
          "label": "AI通信技术趋势与诉求",
          "category": "Pillar",
          "references": {
            "section_ids": [
              "sec_2"
            ],
            "material_ids": [
              "chunk_00/slide_004"
            ],
            "highlight": {
              "primary_material_id": "chunk_00/slide_004",
              "primary_time_ts": "00:01:00,500",
              "primary_time_ms": 60500
            }
          },
          "parent": null,
          "summary": "随着AI从文本LLM向多模态及Agent场景演进，对底层通信提出了超低时延、高动态性等新挑战。为应对此趋势，通信范式从单机、集合通信演进到更弹性的M2N异步通信，并对性能、生态和拓扑亲和性提出了更高要求。"
        },
        {
          "id": "p2",
          "label": "灵雀通信软件UMDK架构",
          "category": "Pillar",
          "references": {
            "section_ids": [
              "sec_3"
            ],
            "material_ids": [
              "chunk_00/slide_005"
            ],
            "highlight": {
              "primary_material_id": "chunk_00/slide_005",
              "primary_time_ts": "00:04:34,000",
              "primary_time_ms": 274000
            }
          },
          "parent": null,
          "summary": "介绍了灵雀的高性能通信基础底座UMDK，它基于URMA统一内存语义构建，南向屏蔽硬件差异，并面向智算场景构建了超异构通信加速库CAM，支持主流接口，使AI框架可无缝使用其加速能力。"
        },
        {
          "id": "p3",
          "label": "昇腾亲和的通信加速库CAM关键技术",
          "category": "Pillar",
          "references": {
            "section_ids": [
              "sec_4"
            ],
            "material_ids": [
              "chunk_00/slide_006",
              "chunk_00/slide_007",
              "chunk_00/slide_008",
              "chunk_00/slide_009",
              "chunk_00/slide_010"
            ],
            "highlight": {
              "primary_material_id": "chunk_00/slide_006",
              "primary_time_ts": "00:05:26,000",
              "primary_time_ms": 326000
            }
          },
          "parent": null,
          "summary": "CAM旨在为MoE、AFD分离、PD分离等不同场景构建通信加速能力。通过大EP通信库、通算融合库FusedDeepMoE、M2N通信库及KV Cache传输库MIXL，解决通信开销大、计算通信串行等问题，显著提升系统性能。"
        },
        {
          "id": "d1_1",
          "label": "AI通信范式演进",
          "category": "Concept",
          "references": {
            "section_ids": [
              "sec_2"
            ],
            "material_ids": [
              "chunk_00/slide_004"
            ],
            "highlight": {
              "primary_material_id": "chunk_00/slide_004",
              "primary_time_ts": "00:02:00,740",
              "primary_time_ms": 120740
            }
          },
          "parent": "p1",
          "summary": "为应对AI负载变化，AI通信范式经历了从单机通信、多机集合通信、点对点通信，最终演进到弹性的M2N异步通信，以支持未来完全分离的AI系统架构。"
        },
        {
          "id": "d1_2",
          "label": "AI负载演进带来的挑战",
          "category": "Problem",
          "references": {
            "section_ids": [
              "sec_2"
            ],
            "material_ids": [
              "chunk_00/slide_004"
            ],
            "highlight": {
              "primary_material_id": "chunk_00/slide_004",
              "primary_time_ts": "00:01:08,000",
              "primary_time_ms": 68000
            }
          },
          "parent": "p1",
          "summary": "AI负载从文本LLM向多模态及Agent演进，带来了超低时延推理需求（<5ms）、负载高度动态化和多样化（超长序列）等新挑战。"
        },
        {
          "id": "d2_1",
          "label": "UMDK：统一通信底座",
          "category": "Technology",
          "references": {
            "section_ids": [
              "sec_3"
            ],
            "material_ids": [
              "chunk_00/slide_005"
            ],
            "highlight": {
              "primary_material_id": "chunk_00/slide_005",
              "primary_time_ts": "00:04:35,310",
              "primary_time_ms": 275310
            }
          },
          "parent": "p2",
          "summary": "UMDK是灵雀设计的高性能通信基础底座，基于URMA统一内存语义，南向屏蔽硬件差异，为智算、通算等场景提供统一互联支持。"
        },
        {
          "id": "d3_1",
          "label": "大EP通信库 (MoE优化)",
          "category": "Technology",
          "references": {
            "section_ids": [
              "sec_4"
            ],
            "material_ids": [
              "chunk_00/slide_007"
            ],
            "highlight": {
              "primary_material_id": "chunk_00/slide_007",
              "primary_time_ts": "00:06:44,500",
              "primary_time_ms": 404500
            }
          },
          "parent": "p3",
          "summary": "针对MoE场景中占比高达30%的通信开销，通过向量化计算、通信时序编排和负载均衡等技术，优化Dispatch和Combine算子，解决数据准备耗时、带宽利用率低和同步等待长等瓶颈。"
        },
        {
          "id": "d3_2",
          "label": "FusedDeepMoE (通算融合)",
          "category": "Technology",
          "references": {
            "section_ids": [
              "sec_4"
            ],
            "material_ids": [
              "chunk_00/slide_008"
            ],
            "highlight": {
              "primary_material_id": "chunk_00/slide_008",
              "primary_time_ts": "00:08:58,000",
              "primary_time_ms": 538000
            }
          },
          "parent": "p3",
          "summary": "为解决MoE层计算与通信串行执行的问题，将整个MoE层融合成一个大算子，通过细粒度流水并行技术，实现计算与通信的深度重叠，掩盖通信开销。"
        },
        {
          "id": "d3_3",
          "label": "M2N通信加速 (AFD场景)",
          "category": "Technology",
          "references": {
            "section_ids": [
              "sec_4"
            ],
            "material_ids": [
              "chunk_00/slide_009"
            ],
            "highlight": {
              "primary_material_id": "chunk_00/slide_009",
              "primary_time_ts": "00:11:09,500",
              "primary_time_ms": 669500
            }
          },
          "parent": "p3",
          "summary": "针对AFD分离架构引入的M2N通信开销，通过NPU直驱通信减少控制面开销，并提供弹性通信能力以支持节点的动态增减，保证系统弹性伸缩。"
        },
        {
          "id": "d3_4",
          "label": "MIXL (KV Cache传输加速)",
          "category": "Technology",
          "references": {
            "section_ids": [
              "sec_4"
            ],
            "material_ids": [
              "chunk_00/slide_010"
            ],
            "highlight": {
              "primary_material_id": "chunk_00/slide_010",
              "primary_time_ts": "00:13:40,000",
              "primary_time_ms": 820000
            }
          },
          "parent": "p3",
          "summary": "在PD分离架构下，构建MIXL中间件加速跨节点的KV Cache传输。通过分片消息聚合和异构多径聚合技术，提升有效带宽利用率和系统吞吐，性能提升30%。"
        },
        {
          "id": "d3_2_1",
          "label": "细粒度流水并行",
          "category": "Technology",
          "references": {
            "section_ids": [
              "sec_4"
            ],
            "material_ids": [
              "chunk_00/slide_008"
            ],
            "highlight": {
              "primary_material_id": "chunk_00/slide_008",
              "primary_time_ts": "00:10:05,000",
              "primary_time_ms": 605000
            }
          },
          "parent": "d3_2",
          "summary": "将Token动态分组，采用流水线作业模式，实现Dispatch与GEMM1、GEMM2与Combine的深度融合，从而在计算一组Token的同时异步处理下一组，有效掩盖通信延迟。"
        },
        {
          "id": "d3_4_1",
          "label": "分片消息聚合",
          "category": "Technology",
          "references": {
            "section_ids": [
              "sec_4"
            ],
            "material_ids": [
              "chunk_00/slide_010"
            ],
            "highlight": {
              "primary_material_id": "chunk_00/slide_010",
              "primary_time_ts": "00:14:15,000",
              "primary_time_ms": 855000
            }
          },
          "parent": "d3_4",
          "summary": "根据不同策略，将多层KV Cache数据在发送前聚合成一个或少数几个大的消息包，通过传输大消息包来提升单次传输的数据量，从而提高有效带宽利用率。"
        },
        {
          "id": "d3_4_2",
          "label": "异构多径聚合",
          "category": "Technology",
          "references": {
            "section_ids": [
              "sec_4"
            ],
            "material_ids": [
              "chunk_00/slide_010"
            ],
            "highlight": {
              "primary_material_id": "chunk_00/slide_010",
              "primary_time_ts": "00:14:35,000",
              "primary_time_ms": 875000
            }
          },
          "parent": "d3_4",
          "summary": "聚合利用NPU可访问的多种传输通道（如片上UB、RoCE网卡），包括利用其他空闲NPU卡的传输资源，实现多路径并行传输，最大化整体传输带宽。"
        }
      ],
      "edges": [
        {
          "source": "p1",
          "target": "p2",
          "relation_type": "sequential",
          "label": "介绍基础架构"
        },
        {
          "source": "p2",
          "target": "p3",
          "relation_type": "sequential",
          "label": "介绍关键技术"
        },
        {
          "source": "p1",
          "target": "d1_2",
          "relation_type": "compositional",
          "label": "面临"
        },
        {
          "source": "d1_2",
          "target": "d1_1",
          "relation_type": "causal",
          "label": "推动范式演进"
        },
        {
          "source": "p2",
          "target": "d2_1",
          "relation_type": "compositional",
          "label": "核心是"
        },
        {
          "source": "p3",
          "target": "d3_1",
          "relation_type": "compositional",
          "label": "包含组件"
        },
        {
          "source": "p3",
          "target": "d3_2",
          "relation_type": "compositional",
          "label": "包含组件"
        },
        {
          "source": "p3",
          "target": "d3_3",
          "relation_type": "compositional",
          "label": "包含组件"
        },
        {
          "source": "p3",
          "target": "d3_4",
          "relation_type": "compositional",
          "label": "包含组件"
        },
        {
          "source": "d3_1",
          "target": "d3_2",
          "relation_type": "sequential",
          "label": "优化后进一步融合"
        },
        {
          "source": "d3_2",
          "target": "d3_2_1",
          "relation_type": "compositional",
          "label": "核心技术"
        },
        {
          "source": "d3_4",
          "target": "d3_4_1",
          "relation_type": "compositional",
          "label": "采用技术"
        },
        {
          "source": "d3_4",
          "target": "d3_4_2",
          "relation_type": "compositional",
          "label": "采用技术"
        },
        {
          "source": "d3_4_1",
          "target": "d3_4_2",
          "relation_type": "parallel",
          "label": "并列技术"
        }
      ]
    }
  },
  "output": {
    "part_index": 8,
    "title": "昇腾亲和通信加速库CAM关键技术与生态",
    "type_tag": "AI通信加速技术",
    "tech_tags": [
      "CAM",
      "UMDK",
      "URMA",
      "MoE",
      "FusedDeepMoE",
      "M2N通信",
      "MIXL",
      "KV Cache",
      "NPU直驱",
      "流水并行",
      "异构多径聚合",
      "DeepEP"
    ],
    "domain_tags": [
      "AI通信",
      "大模型推理",
      "异构计算",
      "分布式系统",
      "高性能计算"
    ],
    "summary": "本环节介绍华为针对AI大模型推理场景推出的昇腾亲和通信加速库CAM。面对AI负载向多模态与Agent演进带来的超低时延与高动态性挑战，CAM基于灵雀UMDK底座构建，旨在解决MoE、AFD/PD分离架构下的通信瓶颈。通过大EP通信优化、通算融合（FusedDeepMoE）、M2N异步通信及KV Cache传输加速（MIXL）等关键技术，CAM实现了计算与通信的深度重叠及多径聚合传输，显著提升了异构智算系统的吞吐量与带宽利用率。",
    "highlights": [
      "AI通信范式从集合通信向M2N异步通信演进，以适应高动态AI负载",
      "灵雀UMDK基于URMA统一内存语义，屏蔽硬件差异提供高性能通信底座",
      "FusedDeepMoE通过细粒度流水并行技术，实现MoE层计算与通信的深度重叠",
      "针对AFD分离架构，M2N通信支持NPU直驱与节点弹性伸缩",
      "MIXL中间件利用分片消息聚合与异构多径技术加速KV Cache跨节点传输",
      "CAM支持DeepEP、Mooncake等主流接口，助力AI框架无缝获取加速能力"
    ]
  },
  "artifacts": [
    "output/ai_session/part_08/final/10_part_digest/artifacts/part_digest.json"
  ],
  "metadata": {
    "part_index": 8,
    "title": "昇腾亲和通信加速库CAM关键技术与生态",
    "type_tag": "AI通信加速技术",
    "tech_tags": 12,
    "domain_tags": 5
  },
  "trace_id": "0bc5abc4-60e6-4cdd-887c-f2d3ea25ca93",
  "duration_ms": 29382,
  "started_at": "2025-12-16T12:51:43.930803",
  "completed_at": "2025-12-16T04:52:13.313674",
  "step_config": {
    "model": "gemini-3-pro-preview",
    "temperature": 0.2,
    "prompt_file": "/Users/lichuan/Codes/TalkDistill/config/prompts/part_digest.md",
    "schema_file": "/Users/lichuan/Codes/TalkDistill/config/schemas/part_digest.json"
  },
  "dependencies": [
    "graph_gen"
  ]
}