{
  "address": "ai_session/part_00/chunk_00/09_apply_crop/slide_014",
  "status": "completed",
  "input": {
    "image_path": "output/ai_session/part_00/chunk_00/07_capture_frame/slide_014/artifacts/slide_014.png",
    "crop_region": {
      "x": 113,
      "y": 73,
      "width": 1689,
      "height": 812
    }
  },
  "output": "output/ai_session/part_00/chunk_00/09_apply_crop/slide_014/artifacts/slide_014.png",
  "artifacts": [
    "output/ai_session/part_00/chunk_00/09_apply_crop/slide_014/artifacts/slide_014.png"
  ],
  "metadata": {
    "source": "output/ai_session/part_00/chunk_00/07_capture_frame/slide_014/artifacts/slide_014.png",
    "applied": true,
    "crop_region": {
      "x": 113,
      "y": 73,
      "width": 1689,
      "height": 812
    },
    "size": {
      "width": 1689,
      "height": 812
    }
  },
  "trace_id": null,
  "duration_ms": 1055,
  "started_at": "2025-12-15T21:22:58.818248",
  "completed_at": "2025-12-15T13:22:59.875965",
  "step_config": {},
  "dependencies": [
    "capture_frame",
    "crop_decision"
  ]
}