{
  "address": "ScienceEducationInnovation/part_02/chunk_00/07_capture_frame/slide_012",
  "status": "completed",
  "input": {
    "video": "output/ScienceEducationInnovation/part_02/chunk_00/01_cut_chunk/artifacts/chunk_high.mp4",
    "timestamp": "00:07:49.980",
    "frame_id": "slide_012",
    "output_ext": ".png"
  },
  "output": "output/ScienceEducationInnovation/part_02/chunk_00/07_capture_frame/slide_012/artifacts/slide_012.png",
  "artifacts": [
    "output/ScienceEducationInnovation/part_02/chunk_00/07_capture_frame/slide_012/artifacts/slide_012.png"
  ],
  "metadata": {
    "timestamp": "00:07:49.980",
    "frame_id": "slide_012",
    "ffmpeg": "/opt/homebrew/bin/ffmpeg"
  },
  "trace_id": null,
  "duration_ms": 1832,
  "started_at": "2025-12-17T10:50:27.899705",
  "completed_at": "2025-12-17T02:50:29.733833",
  "step_config": {},
  "dependencies": [
    "slide_timeline"
  ]
}