{
  "address": "ai_session/part_02/chunk_00/09_apply_crop/slide_008",
  "status": "completed",
  "input": {
    "image_path": "output/ai_session/part_02/chunk_00/07_capture_frame/slide_008/artifacts/slide_008.png",
    "crop_region": {
      "x": 578,
      "y": 172,
      "width": 1341,
      "height": 907
    }
  },
  "output": "output/ai_session/part_02/chunk_00/09_apply_crop/slide_008/artifacts/slide_008.png",
  "artifacts": [
    "output/ai_session/part_02/chunk_00/09_apply_crop/slide_008/artifacts/slide_008.png"
  ],
  "metadata": {
    "source": "output/ai_session/part_02/chunk_00/07_capture_frame/slide_008/artifacts/slide_008.png",
    "applied": true,
    "crop_region": {
      "x": 578,
      "y": 172,
      "width": 1341,
      "height": 907
    },
    "size": {
      "width": 1341,
      "height": 907
    }
  },
  "trace_id": null,
  "duration_ms": 154,
  "started_at": "2025-12-15T23:02:57.628320",
  "completed_at": "2025-12-15T15:02:57.788401",
  "step_config": {},
  "dependencies": [
    "capture_frame",
    "crop_decision"
  ]
}