{
  "address": "ai_session/part_03/chunk_00/09_apply_crop/slide_010",
  "status": "completed",
  "input": {
    "image_path": "output/ai_session/part_03/chunk_00/07_capture_frame/slide_010/artifacts/slide_010.png",
    "crop_region": {
      "x": 537,
      "y": 162,
      "width": 1382,
      "height": 864
    }
  },
  "output": "output/ai_session/part_03/chunk_00/09_apply_crop/slide_010/artifacts/slide_010.png",
  "artifacts": [
    "output/ai_session/part_03/chunk_00/09_apply_crop/slide_010/artifacts/slide_010.png"
  ],
  "metadata": {
    "source": "output/ai_session/part_03/chunk_00/07_capture_frame/slide_010/artifacts/slide_010.png",
    "applied": true,
    "crop_region": {
      "x": 537,
      "y": 162,
      "width": 1382,
      "height": 864
    },
    "size": {
      "width": 1382,
      "height": 864
    }
  },
  "trace_id": null,
  "duration_ms": 269,
  "started_at": "2025-12-15T23:21:59.367547",
  "completed_at": "2025-12-15T15:21:59.668962",
  "step_config": {},
  "dependencies": [
    "capture_frame",
    "crop_decision"
  ]
}