{
  "address": "ai_session/part_03/chunk_00/07_capture_frame/slide_012",
  "status": "completed",
  "input": {
    "video": "output/ai_session/part_03/chunk_00/01_cut_chunk/artifacts/chunk_high.mp4",
    "timestamp": "00:10:45.600",
    "frame_id": "slide_012",
    "output_ext": ".png"
  },
  "output": "output/ai_session/part_03/chunk_00/07_capture_frame/slide_012/artifacts/slide_012.png",
  "artifacts": [
    "output/ai_session/part_03/chunk_00/07_capture_frame/slide_012/artifacts/slide_012.png"
  ],
  "metadata": {
    "timestamp": "00:10:45.600",
    "frame_id": "slide_012",
    "ffmpeg": "/opt/homebrew/bin/ffmpeg"
  },
  "trace_id": null,
  "duration_ms": 1964,
  "started_at": "2025-12-15T23:19:15.559288",
  "completed_at": "2025-12-15T15:19:17.525184",
  "step_config": {},
  "dependencies": [
    "slide_timeline"
  ]
}