{
  "address": "ScienceEducationInnovation/part_02/chunk_00/08_crop_decision/slide_036",
  "status": "completed",
  "input": {
    "image_path": "output/ScienceEducationInnovation/part_02/chunk_00/07_capture_frame/slide_036/artifacts/slide_036.png",
    "slide_index": 36,
    "slide_title": "MaxEmbed - 核心想法 面临的挑战：选择哪些参数副本及如何拆分用户请求"
  },
  "output": null,
  "artifacts": [
    "output/ScienceEducationInnovation/part_02/chunk_00/07_capture_frame/slide_036/artifacts/slide_036.png"
  ],
  "metadata": {
    "needs_crop": false,
    "reason": "MANUAL_NO_CROP",
    "manual_override": true
  },
  "trace_id": null,
  "duration_ms": 0,
  "started_at": "2025-12-18T16:37:52.032969",
  "completed_at": "2025-12-18T16:37:52.032969",
  "step_config": {
    "manual_override": true
  },
  "dependencies": [
    "capture_frame"
  ]
}