{
  "address": "ai_session/part_01/final/10_part_digest",
  "status": "completed",
  "input": {
    "part_index": 1,
    "part_start_s": 1202.359,
    "part_duration_s": 826.4010000000001,
    "sections": [
      {
        "id": "sec_1",
        "index": 0,
        "title": "开场与议程介绍",
        "time_range": "00:00:00,000 - 00:01:52,516",
        "summary": "讲者首先介绍了CDSS（临床决策辅助智能系统）的定义，它是一种面向医护人员，用于规范诊疗、智能预警的AI应用。接着，他预告了分享的四个部分：医疗业务场景的困境、新一代CDSS智能引擎的构想、基于openEuler的Intelligence知识库实践，以及应对高级决策场景的自研IntelliCore决策引擎。",
        "start_ms": 0,
        "end_ms": 112516,
        "material_ids": [
          "chunk_00/slide_001",
          "chunk_00/slide_002",
          "chunk_00/slide_003"
        ]
      },
      {
        "id": "sec_2",
        "index": 1,
        "title": "困局：“医疗孤岛”的桎梏",
        "time_range": "00:01:54,521 - 00:04:07,301",
        "summary": "讲者分析了传统临床决策支持系统（CDSS）失灵的四大核心困境。首先是数据之困，医疗数据来源多样、标准不一且质量参差，导致特征提取困难。其次是算法之困与协同之困，多变的临床场景催生了大量静态、独立的模型与服务，导致维护成本和系统耦合度剧增。最后，医院内网环境下的数据安全要求与有限的算力资源也构成了严峻挑战。",
        "start_ms": 114521,
        "end_ms": 247301,
        "material_ids": [
          "chunk_00/slide_004"
        ]
      },
      {
        "id": "sec_3",
        "index": 2,
        "title": "破局：新一代CDSS智能引擎构想",
        "time_range": "00:04:07,541 - 00:07:00,946",
        "summary": "针对传统CDSS孤岛式、功能堆砌的困境，讲者提出了新一代智能引擎的构想，旨在将“堆烟囱式”架构转变为一体化的智能融合架构。该构想致力于替代静态规则引擎，解决异构数据处理难题，并利用NPU实现模型加速。最后，通过openEuler Intelligence知识库、惠每IntelliCore智能决策和昇腾模型加速等案例，展示了这一构想的实际应用落地。",
        "start_ms": 247541,
        "end_ms": 420946,
        "material_ids": [
          "chunk_00/slide_005",
          "chunk_00/slide_006"
        ]
      },
      {
        "id": "sec_4",
        "index": 3,
        "title": "实践：基于openEuler Intelligence的知识库",
        "time_range": "00:07:02,931 - 00:10:55,616",
        "summary": "讲者介绍了openEuler Intelligence知识库的核心架构，其包含团队管理、资产管理、向量化检索和综合评估四大模块，能处理多种复杂的临床数据。基于此架构，团队推出了CDSS一体机，并展示了其在医学循证问答、文献分析和智能病例分析等商业化场景中的应用，以满足临床四级应用场景的需求。",
        "start_ms": 422931,
        "end_ms": 655616,
        "material_ids": [
          "chunk_00/slide_007",
          "chunk_00/slide_008"
        ]
      },
      {
        "id": "sec_5",
        "index": 4,
        "title": "实践：HM IntelliCore决策引擎",
        "time_range": "00:10:58,751 - 00:13:07,081",
        "summary": "讲者介绍了HM IntelliCore决策引擎的核心架构，其创新在于通过“文本转规则”技术，利用模型将自然语言生成通用规则，以满足临床实时决策的高要求。基于此，团队开发了不依赖业务的GoRules通用规则引擎，降低了开发维护成本。该引擎已成功应用于国内的智能推荐和国外的用药相关场景，并已进入商业化落地阶段。",
        "start_ms": 658751,
        "end_ms": 787081,
        "material_ids": [
          "chunk_00/slide_009",
          "chunk_00/slide_010"
        ]
      },
      {
        "id": "sec_6",
        "index": 5,
        "title": "总结与致谢",
        "time_range": "00:13:08,951 - 00:13:46,401",
        "summary": "讲者结束了本次分享的全部内容。最后，讲者向现场的听众表示感谢，现场响起掌声。",
        "start_ms": 788951,
        "end_ms": 826401,
        "material_ids": [
          "chunk_00/slide_011"
        ]
      }
    ],
    "materials": [
      {
        "id": "chunk_00/slide_001",
        "type": "slide",
        "title": "AI分论坛 主视觉背景页",
        "start_ms": 500,
        "end_ms": 8000,
        "best_capture_ms": null
      },
      {
        "id": "chunk_00/slide_002",
        "type": "slide",
        "title": "破局“医疗孤岛” 基于openEuler的新一代CDSS智能引擎实践 演讲标题页，演讲者：冯炎",
        "start_ms": 9500,
        "end_ms": 71000,
        "best_capture_ms": null
      },
      {
        "id": "chunk_00/slide_003",
        "type": "slide",
        "title": "目录 01 困局, 02 破局, 03 实践, 04 实践",
        "start_ms": 72500,
        "end_ms": 112500,
        "best_capture_ms": null
      },
      {
        "id": "chunk_00/slide_004",
        "type": "slide",
        "title": "困局：“医疗孤岛”，对临床决策的桎梏 数据之困、算法之困、协同之困、算力之困",
        "start_ms": 114500,
        "end_ms": 249000,
        "best_capture_ms": null
      },
      {
        "id": "chunk_00/slide_005",
        "type": "slide",
        "title": "破局：新一代CDSS智能引擎构想 (功能模块图) 展示His、CDSS、NLP等模块的关系",
        "start_ms": 251000,
        "end_ms": 310500,
        "best_capture_ms": null
      },
      {
        "id": "chunk_00/slide_006",
        "type": "slide",
        "title": "破局：新一代CDSS智能引擎构想 (系统架构图) 展示应用层、openEuler Intelligence基础、HM IntelliCore等层级",
        "start_ms": 313000,
        "end_ms": 420500,
        "best_capture_ms": null
      },
      {
        "id": "chunk_00/slide_007",
        "type": "slide",
        "title": "实践：openEuler intelligence 知识库核心架构 展示web、nginx、backend、知识库、向量化等技术架构",
        "start_ms": 423000,
        "end_ms": 562500,
        "best_capture_ms": null
      },
      {
        "id": "chunk_00/slide_008",
        "type": "slide",
        "title": "实践：基于openEuler intelligence 案例落地效果 CDSS一体机落地效果，包含医学循证问答、文献分析等界面",
        "start_ms": 565000,
        "end_ms": 656500,
        "best_capture_ms": null
      },
      {
        "id": "chunk_00/slide_009",
        "type": "slide",
        "title": "实践：HM intelliCore 决策引擎核心架构 展示USER、Foundation Platform Service、HM IntelliCore等架构",
        "start_ms": 659000,
        "end_ms": 762500,
        "best_capture_ms": null
      },
      {
        "id": "chunk_00/slide_010",
        "type": "slide",
        "title": "实践：HM intelliCore 决策引擎案例落地效果 包含智能推荐、国标改造等界面截图",
        "start_ms": 765000,
        "end_ms": 790500,
        "best_capture_ms": null
      },
      {
        "id": "chunk_00/slide_011",
        "type": "slide",
        "title": "谢谢 结束页",
        "start_ms": 792500,
        "end_ms": 800000,
        "best_capture_ms": null
      }
    ],
    "graph": {
      "nodes": [
        {
          "id": "p1",
          "label": "传统CDSS的困局",
          "category": "Pillar",
          "references": {
            "section_ids": [
              "sec_2"
            ],
            "material_ids": [
              "chunk_00/slide_004"
            ],
            "highlight": {
              "primary_material_id": "chunk_00/slide_004",
              "primary_time_ts": "00:01:54,500",
              "primary_time_ms": 114500
            }
          },
          "parent": null,
          "summary": "分析了传统临床决策支持系统（CDSS）失灵的四大核心困境：数据来源多样、标准不一导致特征提取困难；多变的临床场景催生了大量静态、独立的模型与服务，导致维护成本和系统耦合度剧增；医院内网环境下的数据安全要求与有限的算力资源也构成了严峻挑战。"
        },
        {
          "id": "d1_1",
          "label": "数据之困：异构与低质",
          "category": "Problem",
          "references": {
            "section_ids": [
              "sec_2"
            ],
            "material_ids": [
              "chunk_00/slide_004"
            ],
            "highlight": {
              "primary_material_id": "chunk_00/slide_004",
              "primary_time_ts": "00:02:01,000",
              "primary_time_ms": 121000
            }
          },
          "parent": "p1",
          "summary": "医疗数据来源多样（LIS, RIS, PACS等）、标准不一、质量参差，混合了结构化与非结构化信息，导致数据特征提取（NLP, OCR）极为困难。"
        },
        {
          "id": "d1_2",
          "label": "算法之困：静态模型",
          "category": "Problem",
          "references": {
            "section_ids": [
              "sec_2"
            ],
            "material_ids": [
              "chunk_00/slide_004"
            ],
            "highlight": {
              "primary_material_id": "chunk_00/slide_004",
              "primary_time_ts": "00:02:30,000",
              "primary_time_ms": 150000
            }
          },
          "parent": "p1",
          "summary": "临床场景动态多变，但传统做法是为每个场景开发独立的静态规则引擎，导致模型与业务逻辑紧密绑定，难以维护和扩展。"
        },
        {
          "id": "d1_3",
          "label": "协同之困：高耦合",
          "category": "Problem",
          "references": {
            "section_ids": [
              "sec_2"
            ],
            "material_ids": [
              "chunk_00/slide_004"
            ],
            "highlight": {
              "primary_material_id": "chunk_00/slide_004",
              "primary_time_ts": "00:03:05,000",
              "primary_time_ms": 185000
            }
          },
          "parent": "p1",
          "summary": "静态模型和独立服务的增多，导致后端服务与算法服务间的耦合度越来越高，系统架构如“堆烟囱”般日益臃肿，维护成本剧增。"
        },
        {
          "id": "d1_4",
          "label": "环境之困：安全与算力限制",
          "category": "Problem",
          "references": {
            "section_ids": [
              "sec_2"
            ],
            "material_ids": [
              "chunk_00/slide_004"
            ],
            "highlight": {
              "primary_material_id": "chunk_00/slide_004",
              "primary_time_ts": "00:03:25,000",
              "primary_time_ms": 205000
            }
          },
          "parent": "p1",
          "summary": "医院内网环境要求高数据安全与合规，但服务器算力资源通常有限。这种“高要求”与“低资源”的矛盾导致资源协调困难，引发性能和稳定性问题。"
        },
        {
          "id": "p2",
          "label": "新一代CDSS构想",
          "category": "Pillar",
          "references": {
            "section_ids": [
              "sec_3"
            ],
            "material_ids": [
              "chunk_00/slide_005",
              "chunk_00/slide_006"
            ],
            "highlight": {
              "primary_material_id": "chunk_00/slide_006",
              "primary_time_ts": "00:05:13,000",
              "primary_time_ms": 313000
            }
          },
          "parent": null,
          "summary": "针对传统CDSS的困境，提出新一代智能引擎构想，旨在将“堆烟囱式”的孤岛架构转变为一体化的智能融合架构，以替代静态规则引擎、解决异构数据处理难题，并利用NPU实现模型加速。"
        },
        {
          "id": "d2_1",
          "label": "一体化智能融合架构",
          "category": "Concept",
          "references": {
            "section_ids": [
              "sec_3"
            ],
            "material_ids": [
              "chunk_00/slide_005",
              "chunk_00/slide_006"
            ],
            "highlight": {
              "primary_material_id": "chunk_00/slide_006",
              "primary_time_ts": "00:05:13,000",
              "primary_time_ms": 313000
            }
          },
          "parent": "p2",
          "summary": "构想的核心是将原有的“功能堆砌”场景转变为“智能融合”，将“堆烟囱式”架构升级为“一体化架构”，以解决数据和功能孤岛问题。"
        },
        {
          "id": "d2_2",
          "label": "openEuler Intelligence知识库构想",
          "category": "Concept",
          "references": {
            "section_ids": [
              "sec_3"
            ],
            "material_ids": [
              "chunk_00/slide_006"
            ],
            "highlight": {
              "primary_material_id": "chunk_00/slide_006",
              "primary_time_ts": "00:05:30,000",
              "primary_time_ms": 330000
            }
          },
          "parent": "p2",
          "summary": "构想用于四级诊疗场景的知识库，旨在提供比传统ES搜索更精准、更具应用价值的知识服务，让临床知识能被高效使用。"
        },
        {
          "id": "d2_3",
          "label": "IntelliCore智能决策构想",
          "category": "Concept",
          "references": {
            "section_ids": [
              "sec_3"
            ],
            "material_ids": [
              "chunk_00/slide_006"
            ],
            "highlight": {
              "primary_material_id": "chunk_00/slide_006",
              "primary_time_ts": "00:05:55,000",
              "primary_time_ms": 355000
            }
          },
          "parent": "p2",
          "summary": "构想用于五至八级高级决策场景的核心，能在诊疗全流程中基于海量病历信息进行智能决策，对有问题的医嘱操作进行实时提醒。"
        },
        {
          "id": "d2_4",
          "label": "昇腾NPU模型加速",
          "category": "Technology",
          "references": {
            "section_ids": [
              "sec_3"
            ],
            "material_ids": [
              "chunk_00/slide_006"
            ],
            "highlight": {
              "primary_material_id": "chunk_00/slide_006",
              "primary_time_ts": "00:06:30,000",
              "primary_time_ms": 390000
            }
          },
          "parent": "p2",
          "summary": "利用昇腾社区的开源模型与镜像，实现Embedding模型的NPU加速，并探索vNPU切分技术，以实现多任务场景下的资源隔离和高效利用。"
        },
        {
          "id": "p3",
          "label": "技术实践与落地",
          "category": "Pillar",
          "references": {
            "section_ids": [
              "sec_4",
              "sec_5"
            ],
            "material_ids": [
              "chunk_00/slide_007",
              "chunk_00/slide_008",
              "chunk_00/slide_009",
              "chunk_00/slide_010"
            ],
            "highlight": {
              "primary_material_id": "chunk_00/slide_007",
              "primary_time_ts": "00:07:03,000",
              "primary_time_ms": 423000
            }
          },
          "parent": null,
          "summary": "介绍了两大核心实践：基于openEuler Intelligence的知识库，用于四级诊疗场景；以及自研的HM IntelliCore决策引擎，通过“文本转规则”技术应对高级别实时决策场景。两者均已实现商业化落地。"
        },
        {
          "id": "d3_1",
          "label": "实践：openEuler Intelligence知识库",
          "category": "Technology",
          "references": {
            "section_ids": [
              "sec_4"
            ],
            "material_ids": [
              "chunk_00/slide_007"
            ],
            "highlight": {
              "primary_material_id": "chunk_00/slide_007",
              "primary_time_ts": "00:07:03,000",
              "primary_time_ms": 423000
            }
          },
          "parent": "p3",
          "summary": "介绍了知识库的核心架构，包括团队管理、资产管理、向量化检索和综合评估四大模块，能处理多种复杂的临床数据，支持语义检索和结果评估。"
        },
        {
          "id": "d3_2",
          "label": "实践：HM IntelliCore决策引擎",
          "category": "Technology",
          "references": {
            "section_ids": [
              "sec_5"
            ],
            "material_ids": [
              "chunk_00/slide_009"
            ],
            "highlight": {
              "primary_material_id": "chunk_00/slide_009",
              "primary_time_ts": "00:10:59,000",
              "primary_time_ms": 659000
            }
          },
          "parent": "p3",
          "summary": "介绍了IntelliCore决策引擎，其核心创新是“文本转规则”技术，利用模型将自然语言生成通用规则，以满足临床实时决策的高要求。"
        },
        {
          "id": "d3_3",
          "label": "商业化应用：CDSS一体机",
          "category": "Result",
          "references": {
            "section_ids": [
              "sec_4"
            ],
            "material_ids": [
              "chunk_00/slide_008"
            ],
            "highlight": {
              "primary_material_id": "chunk_00/slide_008",
              "primary_time_ts": "00:09:25,000",
              "primary_time_ms": 565000
            }
          },
          "parent": "p3",
          "summary": "基于Intelligence知识库推出的商业化产品，满足临床四级应用场景，提供医学循证问答、文献分析和智能病例分析等功能，确保回答有据可查。"
        },
        {
          "id": "d3_4",
          "label": "核心技术：文本转规则",
          "category": "Technology",
          "references": {
            "section_ids": [
              "sec_5"
            ],
            "material_ids": [
              "chunk_00/slide_009"
            ],
            "highlight": {
              "primary_material_id": "chunk_00/slide_009",
              "primary_time_ts": "00:11:15,000",
              "primary_time_ms": 675000
            }
          },
          "parent": "p3",
          "summary": "IntelliCore引擎的核心技术。通过微调模型将描述决策场景的自然语言文本，自动生成通用的、可被GoRules引擎执行的规则产物，解决了大模型推理慢无法满足实时性的问题。"
        }
      ],
      "edges": [
        {
          "source": "p1",
          "target": "p2",
          "relation_type": "sequential",
          "label": "提出破局构想"
        },
        {
          "source": "p2",
          "target": "p3",
          "relation_type": "sequential",
          "label": "进行技术实践"
        },
        {
          "source": "d1_2",
          "target": "d1_3",
          "relation_type": "causal",
          "label": "导致协同问题"
        },
        {
          "source": "d2_1",
          "target": "d2_2",
          "relation_type": "compositional",
          "label": "包含"
        },
        {
          "source": "d2_1",
          "target": "d2_3",
          "relation_type": "compositional",
          "label": "包含"
        },
        {
          "source": "d2_1",
          "target": "d2_4",
          "relation_type": "compositional",
          "label": "包含"
        },
        {
          "source": "d3_1",
          "target": "d3_3",
          "relation_type": "causal",
          "label": "落地为"
        },
        {
          "source": "d3_2",
          "target": "d3_4",
          "relation_type": "compositional",
          "label": "核心技术为"
        }
      ]
    }
  },
  "output": {
    "part_index": 1,
    "title": "破局医疗孤岛：基于openEuler的新一代CDSS智能引擎实践",
    "type_tag": "医疗AI技术实践",
    "tech_tags": [
      "CDSS",
      "openEuler",
      "openEuler Intelligence",
      "IntelliCore",
      "NPU加速",
      "向量化检索",
      "GoRules",
      "文本转规则",
      "规则引擎",
      "NLP"
    ],
    "domain_tags": [
      "智慧医疗",
      "临床决策",
      "医疗信息化",
      "人工智能"
    ],
    "summary": "针对传统CDSS面临的数据孤岛、静态模型维护难及算力受限等困境，本分享提出了基于openEuler的新一代智能引擎构想。讲者详细介绍了如何通过一体化架构打破“烟囱式”建设，利用openEuler Intelligence构建支持向量化检索的临床知识库，满足四级诊疗需求；同时展示了自研的HM IntelliCore决策引擎，通过“文本转规则”技术结合GoRules通用引擎，解决了高级别临床决策的实时性与准确性难题，并分享了CDSS一体机等商业化落地成果。",
    "highlights": [
      "分析传统CDSS在数据、算法、协同与算力方面的四大核心困境",
      "提出从“堆烟囱”向一体化智能融合架构转型的技术构想",
      "基于openEuler Intelligence构建支持向量化检索的临床知识库",
      "发布CDSS一体机，覆盖医学循证问答与智能病例分析场景",
      "自研HM IntelliCore引擎，利用“文本转规则”技术实现高效决策",
      "引入GoRules通用规则引擎，降低业务逻辑与算法模型的耦合度"
    ]
  },
  "artifacts": [
    "output/ai_session/part_01/final/10_part_digest/artifacts/part_digest.json"
  ],
  "metadata": {
    "part_index": 1,
    "title": "破局医疗孤岛：基于openEuler的新一代CDSS智能引擎实践",
    "type_tag": "医疗AI技术实践",
    "tech_tags": 10,
    "domain_tags": 4
  },
  "trace_id": "87469d8f-8581-4aaf-baf9-41f072807c22",
  "duration_ms": 23014,
  "started_at": "2025-12-16T12:49:14.210055",
  "completed_at": "2025-12-16T04:49:37.228898",
  "step_config": {
    "model": "gemini-3-pro-preview",
    "temperature": 0.2,
    "prompt_file": "/Users/lichuan/Codes/TalkDistill/config/prompts/part_digest.md",
    "schema_file": "/Users/lichuan/Codes/TalkDistill/config/schemas/part_digest.json"
  },
  "dependencies": [
    "graph_gen"
  ]
}