{
  "address": "ai_session/part_01/chunk_00/09_apply_crop/slide_009",
  "status": "completed",
  "input": {
    "image_path": "output/ai_session/part_01/chunk_00/07_capture_frame/slide_009/artifacts/slide_009.png",
    "crop_region": {
      "x": 618,
      "y": 192,
      "width": 1272,
      "height": 887
    }
  },
  "output": "output/ai_session/part_01/chunk_00/09_apply_crop/slide_009/artifacts/slide_009.png",
  "artifacts": [
    "output/ai_session/part_01/chunk_00/09_apply_crop/slide_009/artifacts/slide_009.png"
  ],
  "metadata": {
    "source": "output/ai_session/part_01/chunk_00/07_capture_frame/slide_009/artifacts/slide_009.png",
    "applied": true,
    "crop_region": {
      "x": 618,
      "y": 192,
      "width": 1272,
      "height": 887
    },
    "size": {
      "width": 1272,
      "height": 887
    }
  },
  "trace_id": null,
  "duration_ms": 203,
  "started_at": "2025-12-15T22:21:11.737934",
  "completed_at": "2025-12-15T14:21:11.942556",
  "step_config": {},
  "dependencies": [
    "capture_frame",
    "crop_decision"
  ]
}