{
  "address": "ai_session/part_06/chunk_00/06_slide_timeline",
  "status": "completed",
  "input": {
    "video": "output/ai_session/part_06/chunk_00/01_cut_chunk/artifacts/chunk_high.mp4",
    "subtitles": [
      {
        "index": 1,
        "start": 0.511,
        "end": 6.52,
        "text": "下面有请北京凝思软件股份有限公司的研发经理钟茂恒先生，"
      },
      {
        "index": 2,
        "start": 6.66,
        "end": 10.605,
        "text": "为我们带来AI赋能智能运维平台的分享，大家欢迎。"
      },
      {
        "index": 3,
        "start": 14.02,
        "end": 16.74,
        "text": "大家好，我是凝思软件的钟茂恒，"
      },
      {
        "index": 4,
        "start": 17.44,
        "end": 19.48,
        "text": "负责智能运维平台的研发。"
      },
      {
        "index": 5,
        "start": 19.54,
        "end": 26.46,
        "text": "今天非常荣幸能在这里，跟大家分享一下我们在AIOps领域的一些思考和实践。"
      },
      {
        "index": 6,
        "start": 29.52,
        "end": 38.14,
        "text": "我们作为一个操作系统厂商，现在对系统架构的变化也是感知非常深切。"
      },
      {
        "index": 7,
        "start": 38.82,
        "end": 44.66,
        "text": "现在，在混合云或微服务已成为一种常态的背景下，"
      },
      {
        "index": 8,
        "start": 44.96,
        "end": 49.88,
        "text": "这种架构给我们的运维工作带来了很大的挑战。"
      },
      {
        "index": 9,
        "start": 51.3,
        "end": 56.7,
        "text": "我相信在座的各位专家都会有非常深刻的体验。"
      },
      {
        "index": 10,
        "start": 57.3,
        "end": 65.53,
        "text": "首先是复杂性剧增。刚才讲到的混合云、微服务架构，导致运维对象数量的爆炸。"
      },
      {
        "index": 11,
        "start": 65.91,
        "end": 70.07,
        "text": "另一个是故障定位非常困难。"
      },
      {
        "index": 12,
        "start": 70.63,
        "end": 82.47,
        "text": "因为我们常常陷入“救火式”运维的循环，海量的告警会淹没我们分析真实问题根因的精力，导致平均修复时间非常长。"
      },
      {
        "index": 13,
        "start": 83.01,
        "end": 97.0,
        "text": "第三点是安全风险高。系统漏洞、配置偏差无处不在，任何一个疏忽都可能引发严重的安全事件。"
      },
      {
        "index": 14,
        "start": 97.38,
        "end": 116.78,
        "text": "第四点是人力成本高。首先需要7×24小时值守，运维团队被重复性、低价值的告警工作所拖累，疲于奔命，难以进行有价值的体系化优化工作。"
      },
      {
        "index": 15,
        "start": 117.72,
        "end": 127.615,
        "text": "正是基于这些深刻的痛点，催生了我们对自动化运维解决方案的需求。"
      },
      {
        "index": 16,
        "start": 129.95,
        "end": 136.61,
        "text": "凝思软件的智能运维平台，是基于openEuler intelligence的"
      },
      {
        "index": 17,
        "start": 136.73,
        "end": 150.39,
        "text": "调优agent加诊断agent基座。在其上，我们实现了一个方案，包括全面监控、主动预警、智能分析、自动化作业以及故障自愈。"
      },
      {
        "index": 18,
        "start": 150.97,
        "end": 154.445,
        "text": "接下来我详细介绍一下。"
      },
      {
        "index": 19,
        "start": 156.39,
        "end": 161.41,
        "text": "这是我们平台的一个框架图。"
      },
      {
        "index": 20,
        "start": 162.03,
        "end": 166.55,
        "text": "它自下而上体现了数据流转与价值提炼的过程。"
      },
      {
        "index": 21,
        "start": 166.55,
        "end": 179.45,
        "text": "最底层是我们的采集。作为一个操作系统厂商，我们关于系统监控已经有了非常成熟的解决方案，也覆盖了很多应用场景。"
      },
      {
        "index": 22,
        "start": 179.73,
        "end": 191.94,
        "text": "无论是硬件、系统、JVM容器，还是应用或动环系统，我们都有覆盖。"
      },
      {
        "index": 23,
        "start": 192.2,
        "end": 208.56,
        "text": "对于数据这一块，覆盖也非常全面，包括系统、服务、进程、分区、网络等。总之，所有系统级和应用级的数据都有非常全面的监控。"
      },
      {
        "index": 24,
        "start": 209.28,
        "end": 219.43,
        "text": "在监控这块，对于运维来说，监控数据的准确性非常重要。"
      },
      {
        "index": 25,
        "start": 219.43,
        "end": 231.51,
        "text": "另外，监控对性能的开销要求非常小，所以我们在这块也做了大量工作进行优化。"
      },
      {
        "index": 26,
        "start": 232.05,
        "end": 238.53,
        "text": "在其上，我们有一个系统运行、系统行为和资产告警的模型。"
      },
      {
        "index": 27,
        "start": 238.67,
        "end": 246.4,
        "text": "我们对整个监控数据进行了抽象，抽象成这三个模型。"
      },
      {
        "index": 28,
        "start": 247.74,
        "end": 258.0,
        "text": "然后根据抽象数据和采集数据，进行系统告警、行为告警和智能告警，并结合根因分析智能体，进行实时的告警分析。"
      },
      {
        "index": 29,
        "start": 264.5,
        "end": 272.6,
        "text": "在其上，我们的平台提供了一些开箱即用的工具，比如基线核查、系统巡检、"
      },
      {
        "index": 30,
        "start": 272.62,
        "end": 282.21,
        "text": "智能对话、调优自愈、漏洞扫描与修复等运维工具。"
      },
      {
        "index": 31,
        "start": 282.81,
        "end": 290.125,
        "text": "最上面是我们必不可少的前端界面，这里就不详细介绍了。"
      },
      {
        "index": 32,
        "start": 292.5,
        "end": 301.12,
        "text": "为了保证平台本身的可靠性和高性能，我们也设计了高可用的网络架构。"
      },
      {
        "index": 33,
        "start": 301.44,
        "end": 310.1,
        "text": "通过多区域部署、负载均衡和冗余链路，保障监控数据的采集与控制指令的下发，"
      },
      {
        "index": 34,
        "start": 311.1,
        "end": 314.52,
        "text": "为上层的智能应用打下坚实的网络基础。"
      },
      {
        "index": 35,
        "start": 315.2,
        "end": 326.825,
        "text": "我们平台现在已支持接入国网的光明大模型、南网的大问头模型，以及市面上常见的千问、DeepSeek等主流模型。"
      },
      {
        "index": 36,
        "start": 330.4,
        "end": 338.94,
        "text": "我们整个平台也采用了一种新的设计，即双模型协同。"
      },
      {
        "index": 37,
        "start": 339.52,
        "end": 351.5,
        "text": "在运维场景中，我们常会面临一种情况：有些客户在内网环境部署了大模型，而有些客户则没有。"
      },
      {
        "index": 38,
        "start": 351.74,
        "end": 362.75,
        "text": "但他们对运维的需求是同样存在的。因此，我们设计了双模型协同的方案。"
      },
      {
        "index": 39,
        "start": 362.97,
        "end": 373.71,
        "text": "一方面，利用大模型强大的自然语言和生成能力，打造了一个能进行智能对话的AI助手。"
      },
      {
        "index": 40,
        "start": 374.07,
        "end": 378.81,
        "text": "它具备环境感知能力，能理解运维人员的自然语言指令。"
      },
      {
        "index": 41,
        "start": 378.81,
        "end": 388.09,
        "text": "另一方面，我们针对具体的运维场景，如异常检测、趋势预测等，训练了我们专精的小模型。"
      },
      {
        "index": 42,
        "start": 388.65,
        "end": 398.26,
        "text": "这些模型基于成熟的机器学习算法，如US-AD、LSTM或前面专家提到的贝叶斯算法等。"
      },
      {
        "index": 43,
        "start": 398.26,
        "end": 403.4,
        "text": "训练出的小模型速度快、精度高。"
      },
      {
        "index": 44,
        "start": 403.74,
        "end": 411.56,
        "text": "大模型和小模型之间并非孤立，而是通过智能体进行协同工作。"
      },
      {
        "index": 45,
        "start": 412.18,
        "end": 420.39,
        "text": "大模型就像指挥官，能理解意图、规划步骤。"
      },
      {
        "index": 46,
        "start": 420.63,
        "end": 428.59,
        "text": "小模型则像特种部队，能高效地执行或具体分析任务。"
      },
      {
        "index": 47,
        "start": 438.73,
        "end": 441.73,
        "text": "例如，我们的根因分析智能体。"
      },
      {
        "index": 48,
        "start": 444.45,
        "end": 453.09,
        "text": "这是展现双模型协同的一个典型场景。我们有一个时序故障小模型，"
      },
      {
        "index": 49,
        "start": 453.77,
        "end": 459.25,
        "text": "采用US-AD算法预测机器故障。"
      },
      {
        "index": 50,
        "start": 459.79,
        "end": 472.74,
        "text": "当产生预警时，它不一定完全准确，可能存在误报或灵敏度过高的情况。"
      },
      {
        "index": 51,
        "start": 473.04,
        "end": 477.04,
        "text": "那么当产生这种预警的时候呢，就需要大模型的介入。"
      },
      {
        "index": 52,
        "start": 477.28,
        "end": 506.57,
        "text": "当大模型介入之后呢，它就会启动这个根因分析的这么一个智能体，然后这个根因分析这个智能体呢，就会去与用户交互，然后去理解问题的现象，然后它会去组织一系列的那个智能体去进行一个日志分析，还有就是指标关联、拓扑追踪这一系列的這個这个工作，然后一步步地推理出故障的根本原因，或者是排除这到底是不是一个故障，它做这么一个这么一个工作。"
      },
      {
        "index": 53,
        "start": 507.17,
        "end": 516.85,
        "text": "工作完成后，如果确定是故障，那么它会给出了这个具体的优化的一个建议，包括这个故障产生的实际的一个原因。"
      },
      {
        "index": 54,
        "start": 524.46,
        "end": 528.9,
        "text": "这是我们整个产品的预览。"
      },
      {
        "index": 55,
        "start": 529.16,
        "end": 540.4,
        "text": "左上角是对机器的Top视图，直观展示其整体情况。"
      },
      {
        "index": 56,
        "start": 540.68,
        "end": 550.56,
        "text": "右上角是详细指标，包括我刚才提到的系统、应用、动环等数据的监控。"
      },
      {
        "index": 57,
        "start": 550.92,
        "end": 559.21,
        "text": "左下角是趋势性数据的展示。"
      },
      {
        "index": 58,
        "start": 559.51,
        "end": 576.635,
        "text": "右下角是根因分析智能体。它能在告警产生后进行根因分析，生成故障报告和解决方案。"
      },
      {
        "index": 59,
        "start": 579.27,
        "end": 591.43,
        "text": "关于我们产品的未来规划，在现有基础上，我们希望最终达到什么样的效果呢？"
      },
      {
        "index": 60,
        "start": 591.65,
        "end": 597.65,
        "text": "就是形成一个完整的、自治的智能运维闭环。"
      },
      {
        "index": 61,
        "start": 598.45,
        "end": 603.21,
        "text": "这个闭环始于全链路、高性能的数据采集。"
      },
      {
        "index": 62,
        "start": 603.53,
        "end": 610.66,
        "text": "一方面是向前看，进行故障预测和智能调优。"
      },
      {
        "index": 63,
        "start": 611.74,
        "end": 616.96,
        "text": "在问题发生前，做到防患于未然。"
      },
      {
        "index": 64,
        "start": 616.96,
        "end": 631.04,
        "text": "另一方面是向后看，当不可避免的故障发生时，平台能进行深度智能分析，并最终推动故障自愈。"
      },
      {
        "index": 65,
        "start": 631.04,
        "end": 647.0,
        "text": "这是我们的整体目标。这个过程每一步的执行，无论是成功的预测、分析还是自愈操作，其经验和结果都会沉淀到我们的运维知识库中，"
      },
      {
        "index": 66,
        "start": 647.0,
        "end": 656.03,
        "text": "形成持续的反馈。知识库反过来也会优化我们的AI模型，让整个系统越用越智能。"
      },
      {
        "index": 67,
        "start": 666.0,
        "end": 675.02,
        "text": "目前，我们的智能运维产品已在能源、金融、交通、电信等领域有了实践。"
      },
      {
        "index": 68,
        "start": 675.62,
        "end": 685.025,
        "text": "我们也期待能与更多行业合作伙伴，共同探索智能运维的无限可能。"
      },
      {
        "index": 69,
        "start": 686.25,
        "end": 687.875,
        "text": "谢谢大家，我的分享完毕。"
      },
      {
        "index": 70,
        "start": 692.36,
        "end": 695.74,
        "text": "非常感谢钟老师带来的分享。"
      },
      {
        "index": 71,
        "start": 695.74,
        "end": 712.08,
        "text": "其实我们可以看到，凝思的AI智能运维平台将eBPF与RAG技术结合，大小模型结合，给我们带来了从被动故障分析到主动运维方式的改变，"
      },
      {
        "index": 72,
        "start": 712.2,
        "end": 721.58,
        "text": "给我们带来了一个感知、决策到优化的运维自治体系新体验。这可以看到AI带来的显性价值，非常感谢。"
      }
    ],
    "duration": 721.5800000000008,
    "chunk_label": "part_06/chunk_00"
  },
  "output": {
    "video": "output/ai_session/part_06/chunk_00/01_cut_chunk/artifacts/chunk_high.mp4",
    "slides": [
      {
        "id": "slide_001",
        "timestamp": "00:00:00,500",
        "second_offset": 0.5,
        "end_second": 5.5,
        "title": "AI分论坛 开场背景页",
        "kind": "slide",
        "notes": ""
      },
      {
        "id": "slide_002",
        "timestamp": "00:00:07,500",
        "second_offset": 7.5,
        "end_second": 26.5,
        "title": "凝思智能运维平台 演讲标题页，演讲者：钟茂恒",
        "kind": "slide",
        "notes": ""
      },
      {
        "id": "slide_003",
        "timestamp": "00:00:28,500",
        "second_offset": 28.5,
        "end_second": 36.5,
        "title": "复杂性剧增 / 故障定位难 列出三点挑战（复杂性、故障定位、安全风险）",
        "kind": "slide",
        "notes": ""
      },
      {
        "id": "slide_004",
        "timestamp": "00:00:38,500",
        "second_offset": 38.5,
        "end_second": 127.5,
        "title": "当前运维挑战 列出四点挑战（增加人力成本高），版式变为四列图标",
        "kind": "slide",
        "notes": ""
      },
      {
        "id": "slide_005",
        "timestamp": "00:02:09,500",
        "second_offset": 129.5,
        "end_second": 154.5,
        "title": "我们的解决方案——传承开源，聚智赋能 金字塔结构图，底部 openEuler intelligence",
        "kind": "slide",
        "notes": ""
      },
      {
        "id": "slide_006",
        "timestamp": "00:02:36,500",
        "second_offset": 156.5,
        "end_second": 290.5,
        "title": "凝思智能运维平台架构 复杂的系统架构方框图",
        "kind": "slide",
        "notes": ""
      },
      {
        "id": "slide_007",
        "timestamp": "00:04:52,500",
        "second_offset": 292.5,
        "end_second": 327.5,
        "title": "网络架构 展示全交设备、智能集群、算力大模型等网络拓扑",
        "kind": "slide",
        "notes": ""
      },
      {
        "id": "slide_008",
        "timestamp": "00:05:29,500",
        "second_offset": 329.5,
        "end_second": 434.5,
        "title": "双模型协同 小模型与大模型协同工作的示意图",
        "kind": "slide",
        "notes": ""
      },
      {
        "id": "slide_009",
        "timestamp": "00:07:16,000",
        "second_offset": 436.0,
        "end_second": 437.8,
        "title": "产品预览 展示四张系统界面截图（短暂出现）",
        "kind": "slide",
        "notes": ""
      },
      {
        "id": "slide_010",
        "timestamp": "00:07:19,500",
        "second_offset": 439.5,
        "end_second": 522.5,
        "title": "根因分析智能体 流程图：问题检测 -> 任务拆解 -> 根因报告",
        "kind": "slide",
        "notes": ""
      },
      {
        "id": "slide_011",
        "timestamp": "00:08:44,500",
        "second_offset": 524.5,
        "end_second": 576.5,
        "title": "产品预览 展示四张系统界面截图（再次出现并详细讲解）",
        "kind": "slide",
        "notes": ""
      },
      {
        "id": "slide_012",
        "timestamp": "00:09:38,500",
        "second_offset": 578.5,
        "end_second": 663.5,
        "title": "未来展望 智能体与大模型闭环反馈示意图",
        "kind": "slide",
        "notes": ""
      },
      {
        "id": "slide_013",
        "timestamp": "00:11:05,500",
        "second_offset": 665.5,
        "end_second": 684.5,
        "title": "应用场景 展示能源、金融、交通、电信四个垂直领域图片",
        "kind": "slide",
        "notes": ""
      },
      {
        "id": "slide_014",
        "timestamp": "00:11:26,000",
        "second_offset": 686.0,
        "end_second": 688.5,
        "title": "THANKS 结束致谢页",
        "kind": "slide",
        "notes": ""
      },
      {
        "id": "slide_015",
        "timestamp": "00:11:30,500",
        "second_offset": 690.5,
        "end_second": 721.0,
        "title": "AI分论坛 主持人总结，屏幕切回通用背景",
        "kind": "slide",
        "notes": ""
      }
    ],
    "srt_path": "output/ai_session/part_06/chunk_00/06_slide_timeline/artifacts/slide_timeline.srt"
  },
  "artifacts": [
    "output/ai_session/part_06/chunk_00/06_slide_timeline/artifacts/slide_timeline.srt"
  ],
  "metadata": {
    "slides": 15,
    "rounds": 1,
    "llm_video": "output/ai_session/part_06/chunk_00/02_downscale/artifacts/chunk_low.mp4"
  },
  "trace_id": "0f6c9128-5a7c-4477-b199-071d3ca5d47c",
  "duration_ms": 82839,
  "started_at": "2025-12-15T23:46:12.697587",
  "completed_at": "2025-12-15T15:47:35.537781",
  "step_config": {
    "model": "gemini-3-pro-preview",
    "temperature": 0.2,
    "prompt_file": "/Users/lichuan/Codes/TalkDistill/config/prompts/slide_timeline.md"
  },
  "dependencies": [
    "subtitle_align"
  ]
}