{
  "address": "ai_session/part_03/chunk_00/09_apply_crop/slide_001",
  "status": "completed",
  "input": {
    "image_path": "output/ai_session/part_03/chunk_00/07_capture_frame/slide_001/artifacts/slide_001.png",
    "crop_region": {
      "x": 540,
      "y": 129,
      "width": 1340,
      "height": 820
    }
  },
  "output": "output/ai_session/part_03/chunk_00/09_apply_crop/slide_001/artifacts/slide_001.png",
  "artifacts": [
    "output/ai_session/part_03/chunk_00/09_apply_crop/slide_001/artifacts/slide_001.png"
  ],
  "metadata": {
    "source": "output/ai_session/part_03/chunk_00/07_capture_frame/slide_001/artifacts/slide_001.png",
    "applied": true,
    "crop_region": {
      "x": 540,
      "y": 129,
      "width": 1340,
      "height": 820
    },
    "size": {
      "width": 1340,
      "height": 820
    }
  },
  "trace_id": null,
  "duration_ms": 307,
  "started_at": "2025-12-15T23:21:59.364581",
  "completed_at": "2025-12-15T15:21:59.695207",
  "step_config": {},
  "dependencies": [
    "capture_frame",
    "crop_decision"
  ]
}