{
  "address": "ScienceEducationInnovation/part_02/chunk_00/07_capture_frame/slide_035",
  "status": "completed",
  "input": {
    "video": "output/ScienceEducationInnovation/part_02/chunk_00/01_cut_chunk/artifacts/chunk_high.mp4",
    "timestamp": "00:18:17.180",
    "frame_id": "slide_035",
    "output_ext": ".png"
  },
  "output": "output/ScienceEducationInnovation/part_02/chunk_00/07_capture_frame/slide_035/artifacts/slide_035.png",
  "artifacts": [
    "output/ScienceEducationInnovation/part_02/chunk_00/07_capture_frame/slide_035/artifacts/slide_035.png"
  ],
  "metadata": {
    "timestamp": "00:18:17.180",
    "frame_id": "slide_035",
    "ffmpeg": "/opt/homebrew/bin/ffmpeg"
  },
  "trace_id": null,
  "duration_ms": 3865,
  "started_at": "2025-12-17T10:50:27.902284",
  "completed_at": "2025-12-17T02:50:31.769186",
  "step_config": {},
  "dependencies": [
    "slide_timeline"
  ]
}