{
  "address": "ScienceEducationInnovation/part_03/chunk_00/07_capture_frame/slide_027",
  "status": "completed",
  "input": {
    "video": "output/ScienceEducationInnovation/part_03/chunk_00/01_cut_chunk/artifacts/chunk_high.mp4",
    "timestamp": "00:17:14.680",
    "frame_id": "slide_027",
    "output_ext": ".png"
  },
  "output": "output/ScienceEducationInnovation/part_03/chunk_00/07_capture_frame/slide_027/artifacts/slide_027.png",
  "artifacts": [
    "output/ScienceEducationInnovation/part_03/chunk_00/07_capture_frame/slide_027/artifacts/slide_027.png"
  ],
  "metadata": {
    "timestamp": "00:17:14.680",
    "frame_id": "slide_027",
    "ffmpeg": "/opt/homebrew/bin/ffmpeg"
  },
  "trace_id": null,
  "duration_ms": 2146,
  "started_at": "2025-12-19T01:07:58.338351",
  "completed_at": "2025-12-18T17:08:00.485587",
  "step_config": {},
  "dependencies": [
    "slide_timeline"
  ]
}