{
  "id": "sec_4",
  "index": 3,
  "title": "实践：基于openEuler Intelligence的知识库",
  "time_range": "00:07:02,931 - 00:10:55,616",
  "script": "接下来简单介绍一下openEuler的Intelligence知识库的核心架构。\n可以看到下面这张图，它主要核心有四个部分。一部分是团队管理，主要做的是角色权限，针对知识库的管理。然后是知识集、资产管理，资产管理也就是我们的知识。\n我们可能有文献相关的，有检验报告相关的，有病程相关的，有疾病相关的，各种各样的数据。然后有Chunk Search，其实也就是针对我们这些原始数据进行切分，切分之后检索，是一个向量化检索的过程。\n还有一个是综合评估，可以针对我们嵌入的文本数据，评估结果的召回。\n大家知道这种算法应用时，召回率至关重要。如果召回的质量不好，那么其实是没有达到临床应用价值的。\n它是基于高斯数据库和openEuler操作系统构建的。\n接下来详细介绍一下资产管理。资产管理主要能够应对临床上各种各样复杂的数据结构，有Markdown的，有PDF的，有Word的，有各种各样的数据。针对各种各样的数据，有时还有一些扫描件，解析的难度非常大。\n针对不同的解析，它应用不同的解析策略，可以是父子架构的，也可以是链式的。\n经过解析之后，把数据进行Chunk，也就是分块，因为大模型无法吃下非常长的文本，它有上下文限制。\nChunk之后进行向量化存储，方便我们后续的语义检索。\n检索增强主要应对的是，临床上医生可能有一些常规性的问题，针对这些问题可以进行加速和模型的重排。\n重排之后，也可以基于父子分块的检索方式，为了保证语义完整性，我们检索到子模块时，可以把它父模块也带出来。\n这样的话，就能尽可能地保持语义的完整性。\n针对它这一套核心架构，我们也做了一款商业化落地的产品，就是CDSS一体机。这个主要是应对满足四级应用场景的场景。我列举了三个商业化落地的案例。\n一个是医学的循证问答，一个是医学文献分析，还有一个是智能病例分析。医学循证问答主要指的是，大家都知道大模型存在幻觉，问的时候有时会胡说八道，但在医学场景下，胡说八道是致命的。\n所以，针对这种场景，结合我们Intelligence知识库的检索能力，再配合我们内部原有的核心知识库，就可以达到循证问答的作用。\n即回答的问题有证可依、有据可查，而不是胡说。\n另一个是医学文献分析。我们知道医学文献通常很复杂，尤其是最前沿的核心文献大多是国外的，阅读起来可能比较困难。\n上传医学文献后，系统可以通过OCR相关模型进行扫描解析，之后根据您的需求，给出整理好的答案。\n第三个是智能病例分析，即上传相关病例，可以是Excel、Word等格式。\n上传后，结合我们内部微调的模型——因为医疗场景通常无法直接使用开源模型，需要进行微调处理——\n微调后的模型可以针对更专业的场景给出回答。",
  "summary": "讲者介绍了openEuler Intelligence知识库的核心架构，其包含团队管理、资产管理、向量化检索和综合评估四大模块，能处理多种复杂的临床数据。基于此架构，团队推出了CDSS一体机，并展示了其在医学循证问答、文献分析和智能病例分析等商业化场景中的应用，以满足临床四级应用场景的需求。"
}