{
  "address": "ScienceEducationInnovation/part_04/chunk_00/07_capture_frame/slide_012",
  "status": "completed",
  "input": {
    "video": "output/ScienceEducationInnovation/part_04/chunk_00/01_cut_chunk/artifacts/chunk_high.mp4",
    "timestamp": "00:07:53.100",
    "frame_id": "slide_012",
    "output_ext": ".png"
  },
  "output": "output/ScienceEducationInnovation/part_04/chunk_00/07_capture_frame/slide_012/artifacts/slide_012.png",
  "artifacts": [
    "output/ScienceEducationInnovation/part_04/chunk_00/07_capture_frame/slide_012/artifacts/slide_012.png"
  ],
  "metadata": {
    "timestamp": "00:07:53.100",
    "frame_id": "slide_012",
    "ffmpeg": "/opt/homebrew/bin/ffmpeg"
  },
  "trace_id": null,
  "duration_ms": 1302,
  "started_at": "2025-12-21T23:17:27.054242",
  "completed_at": "2025-12-21T15:17:28.357712",
  "step_config": {},
  "dependencies": [
    "slide_timeline"
  ]
}