{
  "address": "ai_session/part_02/chunk_00/06_slide_timeline",
  "status": "completed",
  "input": {
    "video": "output/ai_session/part_02/chunk_00/01_cut_chunk/artifacts/chunk_high.mp4",
    "subtitles": [
      {
        "index": 1,
        "start": 0.87,
        "end": 7.6899999999999995,
        "text": "下面有请招商证券股份有限公司核心系统架构师黄俊先生，"
      },
      {
        "index": 2,
        "start": 7.6899999999999995,
        "end": 15.005,
        "text": "为我们带来《沙上聚塔：基于LLM的核心系统软件栈智能调优探索》。大家欢迎。"
      },
      {
        "index": 3,
        "start": 24.59,
        "end": 27.59,
        "text": "大家好，我是来自招商证券的黄俊。"
      },
      {
        "index": 4,
        "start": 28.01,
        "end": 40.664,
        "text": "这次我给大家带来的分享，是想基于大模型技术，在我们一些核心系统，也就是国产化替代，即信创领域，做一些性能差距的补齐探索。"
      },
      {
        "index": 5,
        "start": 42.96,
        "end": 45.48,
        "text": "首先，照例还是来一个自我介绍。"
      },
      {
        "index": 6,
        "start": 45.76,
        "end": 52.76,
        "text": "我在招商证券目前共职，担任核心系统架构师，也兼任公司的DevOps效能教练。"
      },
      {
        "index": 7,
        "start": 53.5,
        "end": 63.78,
        "text": "主要技术标签列了五个：一是有幸参与开放原子开源基金会openEuler社区AI联合工作组，成为其中一员。"
      },
      {
        "index": 8,
        "start": 64.84,
        "end": 70.34,
        "text": "二是过去三年，有幸在创原会当选年度云原生MVP。"
      },
      {
        "index": 9,
        "start": 70.96,
        "end": 79.83,
        "text": "创原会是全球云原生计算基金会、华为和信通院组织的云原生技术交流组织。"
      },
      {
        "index": 10,
        "start": 80.21,
        "end": 82.886,
        "text": "如果大家有兴趣也可以参加。"
      },
      {
        "index": 11,
        "start": 84.21,
        "end": 94.47,
        "text": "在软件栈方面，我一开始是做前端开发出身，做过安卓、iOS、H5，后来也从事过.NET、Java后台开发。"
      },
      {
        "index": 12,
        "start": 95.27,
        "end": 105.16,
        "text": "在DevOps方面，拥有十多年的带队经验，对过去的瀑布式模型，以及现在的Scrum敏捷双速团队，都有实践经验。"
      },
      {
        "index": 13,
        "start": 105.82,
        "end": 112.205,
        "text": "最后，我是公司的内部培训认证讲师，也曾受邀担任TWT企业IT社区特邀技术主持。"
      },
      {
        "index": 14,
        "start": 114.41,
        "end": 116.35,
        "text": "本次分享分为四块。"
      },
      {
        "index": 15,
        "start": 116.57,
        "end": 123.59,
        "text": "首先会讲一下在国产化替代全面落地的过程中，我们遇到的一些痛点与挑战。"
      },
      {
        "index": 16,
        "start": 123.69,
        "end": 133.17,
        "text": "第二，讲解大模型技术出现后，为我们的技术方案层面带来的新机遇。"
      },
      {
        "index": 17,
        "start": 133.77,
        "end": 142.95,
        "text": "第三，分享我们设计的智能调优方案的细节与创新点。"
      },
      {
        "index": 18,
        "start": 143.8,
        "end": 150.465,
        "text": "第四，基于信创技术生态，想与大家一起做一些创议和共建。"
      },
      {
        "index": 19,
        "start": 153.48,
        "end": 158.76,
        "text": "这部分因为时间有限，我们就不细讲了，字和面都比较多。"
      },
      {
        "index": 20,
        "start": 159.04,
        "end": 173.36,
        "text": "做信创的同学应该比较熟悉，硬件层面，如CPU、网卡、低时延交换机、存储等，与国外竞品相比，差距仍不小。"
      },
      {
        "index": 21,
        "start": 173.5,
        "end": 181.3,
        "text": "因为涉及底层先进的制程工艺，短期内需要突破。"
      },
      {
        "index": 22,
        "start": 182.0,
        "end": 207.51,
        "text": "在软件层面，差距相对更小，特别是操作系统、JDK等。在国内，开源与商业的有效闭环模式已经跑通。以openEuler为例，它是一个操作系统的生态底座，上面有统信、麒麟等商业发行版进行增强。"
      },
      {
        "index": 23,
        "start": 207.81,
        "end": 217.5,
        "text": "通过商业增强发行版获得持续的商业收益后，可以反馈给开源社区，从而使整个生态全面开花。"
      },
      {
        "index": 24,
        "start": 217.56,
        "end": 231.94,
        "text": "这在JDK领域也已初现苗头。毕昇JDK的底座是开源的，上面有ISV厂商做增强发行，比如宝兰德、东方通等，都有这方面的方案。"
      },
      {
        "index": 25,
        "start": 232.66,
        "end": 239.84,
        "text": "下面我只讲一下数据库。我们从两个方面看，一是分布式场景。"
      },
      {
        "index": 26,
        "start": 239.84,
        "end": 249.75,
        "text": "以OceanBase为例，它在“双十一”等超高并发场景下，已经历练多年。"
      },
      {
        "index": 27,
        "start": 249.75,
        "end": 257.85,
        "text": "其技术水平放到国际上比较，即便不领先，也至少是并驾齐驱的。"
      },
      {
        "index": 28,
        "start": 258.51,
        "end": 264.23,
        "text": "但在集中式场景，若以替代Oracle为目标，可能仍有差距。"
      },
      {
        "index": 29,
        "start": 264.39,
        "end": 281.275,
        "text": "虽然性能可以通过软硬件协同研调基本抹平，但在产品成熟度、上下游工具链以及社区生态规模方面，确实还有比较大的欠缺。"
      },
      {
        "index": 30,
        "start": 282.99,
        "end": 289.39,
        "text": "上面这些虽然有差距，但是你如果要做0到1的替代，我觉得还是至少有产品可用。"
      },
      {
        "index": 31,
        "start": 290.09,
        "end": 308.89,
        "text": "这一块是我们发现，如果你要做全面的铺广推广，就是你要做到从1到10，甚至从10到100的效果，这一块我觉得是一个组织层面的差距。就是在传统我们的企业架构之中，开发跟运维它是严格分离的。"
      },
      {
        "index": 32,
        "start": 309.07,
        "end": 317.42,
        "text": "所以一般看到系统开发可能侧重业务开发，运维会注重整个系统的运行稳定性。"
      },
      {
        "index": 33,
        "start": 317.8,
        "end": 323.28,
        "text": "所以这里面，如果要做信创替代，中间就有一块调优的职责没人做。"
      },
      {
        "index": 34,
        "start": 324.24,
        "end": 339.555,
        "text": "这其实就是我们想做这个方案的初衷。我们希望借助这种大模型的技术，能把这些专家经验沉淀到模型库中，然后来加以复用，由此来弥补中间这一块调优职责的缺失问题。"
      },
      {
        "index": 35,
        "start": 342.67,
        "end": 354.25,
        "text": "当然，因为大模型技术也非常新，它还是有一些不确定性因素的，表现最突出的其实就是幻觉。"
      },
      {
        "index": 36,
        "start": 354.57,
        "end": 361.01,
        "text": "我这里恰好那天我想把这个主题让豆包AI生成一个胶片。"
      },
      {
        "index": 37,
        "start": 361.67,
        "end": 371.94,
        "text": "其实整体效果大家可以看到，应该已经达到至少我这边80%到90%的预期了。但是很不幸，就是下面这里有两个地方还是有些谬误。"
      },
      {
        "index": 38,
        "start": 372.16,
        "end": 385.04,
        "text": "就第一个就是，它把忠实性幻觉下面一些说明内容跟这个忠实性幻觉这个一级标题做了一个并列。其实我们知道，这种是不是一个并列，是一个从属的关系。"
      },
      {
        "index": 39,
        "start": 385.24,
        "end": 394.24,
        "text": "而这种逻辑关系，其实你通过语言模型，你那些检索算法其实是不一定能识别到的，因为它已经超出了常规的这种语言逻辑了。"
      },
      {
        "index": 40,
        "start": 394.54,
        "end": 406.11,
        "text": "第二块呢就是说，就比较明显了，就是一个内容的一个重复。这种相对来说就对我们就比较致命了，因为这是一个非常明显，普通用户也能识别出来的错误。"
      },
      {
        "index": 41,
        "start": 407.11,
        "end": 414.97,
        "text": "但是我们就是说，我们既想用这个大模型的一些优势，同时呢，还是得想办法要摒弃它的一些劣势。"
      },
      {
        "index": 42,
        "start": 415.27,
        "end": 421.67,
        "text": "所以我们就想了一些办法。当然，首先还是想讲讲大模型我们用到的它的一些长处吧。"
      },
      {
        "index": 43,
        "start": 422.09,
        "end": 433.96,
        "text": "当然，在介绍大模型之前，还是稍微做一点导入，就是整个系统调优这一块，其实业界其实已经也有很多年了，也有各种工具，不管是数据库的也好，还是Linux的也好。"
      },
      {
        "index": 44,
        "start": 434.28,
        "end": 444.56,
        "text": "我们这边拿的一个对标的就是目前其实在应用大模型之前，应该算是一个最先进的一个优化框架，就是贝叶斯迭代模型这一套。"
      },
      {
        "index": 45,
        "start": 445.18,
        "end": 454.46,
        "text": "它基本上其实也，它的思路其实也是希望基于贝叶斯定理来找到这个函数的一些，就是调优函数的最大值或者最小值。"
      },
      {
        "index": 46,
        "start": 454.76,
        "end": 465.43,
        "text": "然后呢，在这个过程中，它是可以做一轮轮的迭代，上一轮迭代它拿到的这些历史的运行信息，可以指导下一次的优化，来调整你那个参数集的一些取值。"
      },
      {
        "index": 47,
        "start": 466.29,
        "end": 485.59,
        "text": "整体的逻辑其实差不多就是这个图吧，就你将负载特征化之后，你就可以通过那个专家来做一些关键调优参数的一些选型，选了这个范围之后，就可以来训练你这个代理模型。然后代理模型训练出来之后，它就具备了智能来生成这些参数配置方案的一个能力。"
      },
      {
        "index": 48,
        "start": 485.89,
        "end": 503.08,
        "text": "一旦通过它生成这个方案，你就可以通过Agent下发到你的应用节点去做执行，同时通过Agent来采集你这个运行数据。有这个运行数据，其实你又可以传回给后端的这个代理模型来做下一轮的一个校正。"
      },
      {
        "index": 49,
        "start": 503.28,
        "end": 517.965,
        "text": "由此呢，就又可以做新一轮的那个参数下发，就可以形成一个持续的一个自循环，然后最终可以达到就是说你整个环境的那个性能效果比较稳定之后，你的这个调优方案相对来说就应该是比较成熟了。"
      },
      {
        "index": 50,
        "start": 520.05,
        "end": 533.63,
        "text": "刚刚我们说了，那个是我们就是说对标的一个方案，那我们所以还是把，如果我们用这种大模型来做一个综合性的智能调优方案，跟它贝叶斯会有的一些比较性的优势。"
      },
      {
        "index": 51,
        "start": 534.03,
        "end": 560.42,
        "text": "就我们从第二条开始，就是负载感知这一块，其实刚刚那个贝叶斯的整个循环，我们觉得其实它已经初步有一些这种系统感知的能力了，当然它可能没有自动化的能力。所以这一块也是我们想用大模型的一个最大的优势，它就可以实现这种细粒度跟多维度的一些负载的分析，然后由此来识别一些关键的一个性能瓶颈点，就不只是基于一些规则项了。"
      },
      {
        "index": 52,
        "start": 560.72,
        "end": 573.5,
        "text": "参数识别这一块呢，刚刚其实贝叶斯这边刚刚特地提过了，就它可能还是需要专家来筛选这些关键参数，就是你还是依赖，摆脱不了人工的这个束缚。"
      },
      {
        "index": 53,
        "start": 574.086,
        "end": 592.21,
        "text": "而大模型方案这一块其实是我们最看重的，我们希望就是把这些知识形成领域知识沉淀到大模型，不管是基于RAG库还是说基于调优、微调，然后结合这个工作负载，能够自动识别一些关键参数来形成这个参数调优的方案。"
      },
      {
        "index": 54,
        "start": 592.73,
        "end": 603.99,
        "text": "由上面其实就决定下面这个调优范围了，就肯定贝叶斯这边呢，它只能做部分参数的这种，它没办法做到大规模的这种调优。"
      },
      {
        "index": 55,
        "start": 604.31,
        "end": 615.02,
        "text": "而在信创这种全栈调优下面，基本上现在大概有13000多个参数了，所以你如果用人工来调优，其实是做不到的。"
      },
      {
        "index": 56,
        "start": 615.18,
        "end": 621.78,
        "text": "所以我们就还是希望就是说，结合这种领域知识的辅助，能够用大模型来做这种模型方案的输出。"
      },
      {
        "index": 57,
        "start": 622.62,
        "end": 628.02,
        "text": "可解释性我觉得就不太说了，因为两者其实都还是有些解释性问题。"
      },
      {
        "index": 58,
        "start": 628.46,
        "end": 641.37,
        "text": "下面四个方面呢，就最终你会发现就是说，我们贝叶斯的模型，它调优效率，我们觉得已经其实已经算比较快了，就以天级别算吧，那最终你全生命周期算起来应该就是以周了。"
      },
      {
        "index": 59,
        "start": 641.79,
        "end": 650.39,
        "text": "而大模型这边可能相对来说就会快很多，就基本上只要你方案出来，基本上就可以小时级，例如你跑一个晚上基本上就能出来了。"
      },
      {
        "index": 60,
        "start": 650.49,
        "end": 657.086,
        "text": "那整个全生命周期就从你开始调到最终出方案，基本上可能天级别吧。"
      },
      {
        "index": 61,
        "start": 659.26,
        "end": 674.78,
        "text": "下面呢，我们就稍微快速地过一下大模型，我们用到的一些比较技术长处的地方，或者觉得它能有价值的地方。RAG库这个技术应该大家就用得非常熟了，也是最早大模型技术出来想解决这个模型幻觉的一个技术。"
      },
      {
        "index": 62,
        "start": 675.14,
        "end": 684.9,
        "text": "这一块就一方面它非常成熟简单，就各个开发框架基本上都能一件接入，所以它的那个接入成本很低，就成本效益比相对很高。"
      },
      {
        "index": 63,
        "start": 685.26,
        "end": 690.045,
        "text": "也是和企业这种来接入它的一些私有数据嘛，就数据不会跑出去。"
      },
      {
        "index": 64,
        "start": 691.23,
        "end": 709.93,
        "text": "可解释性跟可信度就因为它依赖本身这个知识库，所以相对来说这个是可以想到的。我们还是稍微说一下它的劣势，劣势这里面列到第四块，其实我觉得是最重要的，就是说它比较难以处理这种，还是比较难以处理这种复杂的这种跨领域的这种关联的问题的推理。"
      },
      {
        "index": 65,
        "start": 710.07,
        "end": 716.93,
        "text": "因为它其实本质上还是一个向量检索技术嘛，它并没有太多的利用这个模型的一个推理能力。"
      },
      {
        "index": 66,
        "start": 725.59,
        "end": 741.335,
        "text": "模型微调呢，这是我们第一卷的方案，还是想重点去抓的一个，就是说我们希望通过我们的一些知识的沉淀，能把这个微调的这个模型给训练出来，然后来真正产生这种专业化的价值。"
      },
      {
        "index": 67,
        "start": 745.85,
        "end": 762.17,
        "text": "蒸馏这一块其实是DeepSeek带火的，我们这其实主要是成本方面的一个优势，就如果你把一个大模型通用大模型的能力，有个80%、90%的能够蒸馏到这个小模型，然后让你的部署成本，那就可以大规模的一个降低了。"
      },
      {
        "index": 68,
        "start": 762.39,
        "end": 767.425,
        "text": "你部署成本降低了，那你应用的數量啊、场景啊，自然就可以极大地扩展了。"
      },
      {
        "index": 69,
        "start": 768.96,
        "end": 782.335,
        "text": "MCP的话，应该就我觉得它更多的是帮助大模型来融入整个现有的我们的一些专业的领域能力也好，工具能力也好，把它形成一个整体的方案，所以其实这是一种融合性的技术。"
      },
      {
        "index": 70,
        "start": 783.19,
        "end": 793.175,
        "text": "在第三块我们的方案这边呢，我其实画了一个回环，但这个因为时间比较少了，所以就不展开聊了，刚刚其实已经讲过了。"
      },
      {
        "index": 71,
        "start": 795.18,
        "end": 829.07,
        "text": "基于上面那些技术的优势，我们就整体就大概做了一个多模型的一个架构方案的构想。其实我们希望就是说，整个通用大模型它只是在上面一层，我们可以叫路由解析层，它依托一些输入，你可以对简单问题或者结合RAG库，你可以把一些相对比较简单的或者解答类的问题，把它做一些输出。但是如果更深层次的一些通用的调优的这种任务，我们还是希望它能路由到我们后端的这些领域模型来。"
      },
      {
        "index": 72,
        "start": 829.55,
        "end": 838.685,
        "text": "根据不同的领域模型，来做专业的事情。当然这个其实只是一个示例，实践的目前我们其实还只调优了一个OS的一个领域模型。"
      },
      {
        "index": 73,
        "start": 840.44,
        "end": 853.1,
        "text": "最终方案呢，我们也放了一张图，左边呢是我们想做的一个叫AITune的一个智能的调优系统，它大概分三层，一个上层就是基于这个Copilot其实做的。"
      },
      {
        "index": 74,
        "start": 853.1,
        "end": 866.02,
        "text": "就我们跟华为在联创，就通过它一方面就是说，做一个基准测试跟一个性能采集，然后有了性能采集之后，你的性能指标数据就可以收集给到中间这个Copilot的服务端。"
      },
      {
        "index": 75,
        "start": 866.02,
        "end": 879.31,
        "text": "由它来做一个负载感知，还有参数的一些汇总、瓶颈的分析。但是最终呢，你会汇总这些参数之后，还是得要传到大模型这边，由大模型来生成它的专业的这个参数方案。"
      },
      {
        "index": 76,
        "start": 879.81,
        "end": 893.81,
        "text": "当然这一块我也还是把那个RAG库的这一块也放上来了，因为这一块还是它模型的一个能力，但我们真正核心的其实还是希望大模型能跟小模型形成一个联动，由领域的小模型来输出一个调优的策略。"
      },
      {
        "index": 77,
        "start": 894.49,
        "end": 908.586,
        "text": "右边是我们画的我们自己的一个核心交易系统简图，就除了刚刚那个Tuner Agent和跟我们这个模型层做交互之外，它本身我们也还有一个应用的一个运维的监控平台，来实现整个一个运行的监控跟应用的部署。"
      },
      {
        "index": 78,
        "start": 908.586,
        "end": 928.735,
        "text": "当然后续呢，我们还是希望这个监控平台能跟我们的模型能做更多的一个交互，例如你把你的运行信息能输出到这边，那引擎层这边如果收到这些信息之后，就除了做调优，你还可以做问题诊断、各种系统的调度之类的，这是远期的一个场景。"
      },
      {
        "index": 79,
        "start": 958.85,
        "end": 979.39,
        "text": "这个是我们规划的一个RAG库的一个资产库吧，资产库列表吧，反正就包括一般就是核心系统的一些运维的或者说技术类的资产，然后另外就是数据库的，还有鲲鹏的计算类的，还有MQ啊，包括一些其他中间件，就Redis、JDK，后面这一块肯定应该还是会继续拓展。"
      },
      {
        "index": 80,
        "start": 980.83,
        "end": 1003.315,
        "text": "这个是属于组织赋能上面的吧，就我们目前这个其实还是有1.0版本的输出，目前已经把它赋能到我们的研发团队，就恒生电子那边，然后让他们就是说在研发阶段呢，就参与这个调优跟评测，交给我们交付的时候就交付整个调优资产库，就这一块。"
      },
      {
        "index": 81,
        "start": 1006.46,
        "end": 1015.04,
        "text": "这个就是我们近期做的一些调优的一个效果了，这个是个接入网关的，在开箱调优的场景下，大概提升13.6%的样子。"
      },
      {
        "index": 82,
        "start": 1015.9,
        "end": 1018.586,
        "text": "主要起作用的参数其实就是那些。"
      },
      {
        "index": 83,
        "start": 1020.586,
        "end": 1036.41,
        "text": "这个是最近我们调的，也是相对来说看效果还可以的，就是我们期权的系统的调优。当然这里面其实除了就是操作系统层的一些调优啊，也还有就是JDK跟那个数据库的。"
      },
      {
        "index": 84,
        "start": 1036.65,
        "end": 1042.81,
        "text": "整体来说效果还可以，就特别是跟那个基线，就是我们不调优跟调优，它的提升还是比较明显的。"
      },
      {
        "index": 85,
        "start": 1043.47,
        "end": 1062.355,
        "text": "跟X86其实我们也做了一版对比，当然这个涉及到那个硬件的性能它不完全一致，就对得起，所以数据还是仅供参考。而且也看到了，哪怕是这样，下面还是有蛮多接口，它的性能还是不及X86的，只能说我们通过调优是可以尽可能的弥补这些差距。"
      },
      {
        "index": 86,
        "start": 1065.72,
        "end": 1084.02,
        "text": "分享最后呢，其实还是想跟大家同步一下，就是我们的一些下一阶段的一些研究计划，也欢迎大家一起来共建。就一方面我们是希望就是把我们公司专有领域调优模型做进一步的输出，然后使平台它的那个方案能够输出得更专业、精准。"
      },
      {
        "index": 87,
        "start": 1084.62,
        "end": 1096.73,
        "text": "同时呢，也希望这种高频度的使用这个intelligence，能够跟华为团队一起联创，把整个平台的产品易用性做起来，然后能深度赋能研发团队。"
      },
      {
        "index": 88,
        "start": 1096.83,
        "end": 1105.87,
        "text": "第三块其实也是一个呼吁，就是希望看看国内同行有没有对这块感兴趣，我们希望就是持续探索一下持续在线学习这个方向。"
      },
      {
        "index": 89,
        "start": 1106.15,
        "end": 1129.485,
        "text": "它整个方向我觉得它在通用大模型的落地方面应该是一个战略性的一个可行性点，如果这个点不解决的话，通用大模型你要真正做商用落地，你始终没办法解决那些幻觉问题，因为你模型能力没办法持续地适应你落地场景去持续地强化，那你始终就是一个离线训练的一种模式。"
      },
      {
        "index": 90,
        "start": 1130.98,
        "end": 1152.32,
        "text": "第四块是，我觉得还是可以有比较大的落地价值，然后后续呢应该是也可以可实现性比较高的，就就是现在我们企业有大量的数据嘛，但是企业呢，你如果要去堆卡，特别是中小企业来说，毕竟它单卡那么贵，你不可能堆很多。"
      },
      {
        "index": 91,
        "start": 1152.5,
        "end": 1157.12,
        "text": "但你如果要作模型的训练，资源消耗也挺大的。"
      },
      {
        "index": 92,
        "start": 1157.26,
        "end": 1212.76,
        "text": "所以我觉得最终可能比较理想的状态下，你企业应该是主要就负责推理这一侧的人算力资源的积累，你训练这类的资源积累，应该还是依托远端的这种算力平台或者云平台。但是你要能达成这种愿景，你一定要解决你企业那个知识的信息安全的问题。所以我们就跟华为的光猫AI团队，也在探讨这一块的方案，就是说看是不是说它知识库，我们做一些脱敏，当然这个具体技术方案其实也还只是一个意向性想法，就例如可能做了向量化，然后做一些脱敏之后，再远端会有一个专有的算力池给到企业这边，然后企业就在基于这个专有算力池来做训练，训练完之后，你再把这个模型传回给你公司本地，这样就确保你整个数据看上去是没有泄露的。"
      },
      {
        "index": 93,
        "start": 1213.08,
        "end": 1218.04,
        "text": "当然这个是其实还是个非常宽，初级跟那个开放性的一个构想。"
      },
      {
        "index": 94,
        "start": 1218.28,
        "end": 1223.155,
        "text": "只是说我们觉得它应该是后续有比较大的商业运行价值。"
      },
      {
        "index": 95,
        "start": 1224.9,
        "end": 1238.82,
        "text": "这张图如果跟我比较熟的同学应该看过好多次了，因为我每一次分享都会把它放到最后面。就因为整个信创替代确实做得很艰难，然后也有很很多年了，然后差距确实也在不断地缩小。"
      },
      {
        "index": 96,
        "start": 1238.86,
        "end": 1246.68,
        "text": "但是毕竟国外的平台它积累了几十年嘛，所以你一下子要要赶上他们，其实我觉得也没那么快。"
      },
      {
        "index": 97,
        "start": 1247.2,
        "end": 1264.915,
        "text": "所以这种情况下只能就是说大家就是说一起来做，然后步骤尽可能地保持一致，就因为你大家都来用，你那些可能的坑啊，或者场景啊方面，你就能使产品能得到更多的锤炼，那就能更快地加速它的一个成熟化。"
      },
      {
        "index": 98,
        "start": 1268.89,
        "end": 1273.505,
        "text": "行，我的分享就到这里，时间好像也超了一些，感谢大家。"
      },
      {
        "index": 99,
        "start": 1274.52,
        "end": 1276.5,
        "text": "黄老师请留步，请允许我，"
      },
      {
        "index": 100,
        "start": 1276.5,
        "end": 1282.66,
        "text": "我看到你刚才那个问题，我特别想，那个，可能你上面的那页的第三个问题，4.1。"
      },
      {
        "index": 101,
        "start": 1282.66,
        "end": 1289.92,
        "text": "老师能帮我回放一下吗？那个，就是或者没关系，也可以，耽误一分钟时间。"
      },
      {
        "index": 102,
        "start": 1290.14,
        "end": 1300.86,
        "text": "就是您刚才提到的第三个点，就是说那个在线去调优，持续在线去学习的方案的可行性。"
      },
      {
        "index": 103,
        "start": 1301.26,
        "end": 1326.65,
        "text": "这里面其实我们花一两分钟时间很想请教一下，就是说这个问题它本质上来讲的话，它其实又在于就是你的数据或者环境，它第一个调优会带来一些底座的问题，第二个呢就是说可能会对你的系统里面可能会有一定的这个底噪，就是你必须要运行这个在线的能力的时候，其实这个地方在一些探索的时候，我们是一个可接受的方案吗？就是这个问题可能想请问一下。"
      },
      {
        "index": 104,
        "start": 1326.85,
        "end": 1332.27,
        "text": "对，其实我觉得业界目前也有一些在往这方面走的。"
      },
      {
        "index": 105,
        "start": 1332.47,
        "end": 1338.8,
        "text": "我觉得初步可以预想的呢，就是说是第一步走增量学习的一个路线。"
      },
      {
        "index": 106,
        "start": 1339.36,
        "end": 1346.46,
        "text": "所以增量学习其实，它本质上还是一种离线学习模式，就是离线的训练是训练，推理是推理。"
      },
      {
        "index": 107,
        "start": 1346.96,
        "end": 1351.32,
        "text": "但它它可以做到就是说，你可能频度上会比较加快。"
      },
      {
        "index": 108,
        "start": 1351.62,
        "end": 1361.66,
        "text": "就例如我用我们这个调优的这个这个例子来说，我觉得也还可以，就是说你例如你持续地采集线上的这些生产数据。"
      },
      {
        "index": 109,
        "start": 1362.02,
        "end": 1369.71,
        "text": "那你采集，例如你持续采集一天，你肯定有一定量的积累，哪怕一天的量如果不够，我采集一周，你的量也是可以的。"
      },
      {
        "index": 110,
        "start": 1370.05,
        "end": 1379.99,
        "text": "然后在你晚上的时候，例如就是非生产时间，你就可以切换这个角色，来做那个，我们叫微调也好，叫预训练也好。"
      },
      {
        "index": 111,
        "start": 1380.23,
        "end": 1386.99,
        "text": "然后把这个事情做完之后，因为你模型我们目前说我们想调的还是小模型嘛，你时间整体应该可控。"
      },
      {
        "index": 112,
        "start": 1387.07,
        "end": 1391.31,
        "text": "可控之后，再把这个能力更新，更新之后你第二天就可以继续用了。"
      },
      {
        "index": 113,
        "start": 1391.97,
        "end": 1404.5,
        "text": "但其实但后续呢，我觉得可能在这个基础上应该把平台的一个能力自动化之后，这个应该效率应该可以转得越来越快，就越来越顺畅，就不需要人工来介入太多。"
      },
      {
        "index": 114,
        "start": 1405.24,
        "end": 1413.0,
        "text": "当然也还有一个，好像是武汉那边有个家厂商，他给的一个思路，那个我觉得成本有点高。"
      },
      {
        "index": 115,
        "start": 1413.12,
        "end": 1431.33,
        "text": "他其实就生产，他是会布两个，布两个卡，其实就是布两个模型，一个是用来线上在线的推理，另外一个呢，就是来做后那个持续的这个学习，等这个学习的"
      },
      {
        "index": 116,
        "start": 1431.33,
        "end": 1439.586,
        "text": "或者叫微调，微调之后能力具备了，再替换那个线上的模型。当然这个我觉得它的算力的耗损耗，你至少就是两倍了。"
      },
      {
        "index": 117,
        "start": 1439.586,
        "end": 1441.586,
        "text": "远期来说我觉得可能不一定具备太强的这种可落地性。"
      },
      {
        "index": 118,
        "start": 1441.586,
        "end": 1442.086,
        "text": "就这么多。"
      },
      {
        "index": 119,
        "start": 1442.086,
        "end": 1442.586,
        "text": "好。"
      },
      {
        "index": 120,
        "start": 1442.586,
        "end": 1443.086,
        "text": "非常感谢。"
      },
      {
        "index": 121,
        "start": 1443.086,
        "end": 1443.586,
        "text": "黄老师。"
      },
      {
        "index": 122,
        "start": 1443.586,
        "end": 1446.435,
        "text": "请就坐。谢谢。再次欢迎。"
      },
      {
        "index": 123,
        "start": 1449.35,
        "end": 1454.79,
        "text": "好，那个耽误了一点时间，我觉得这个问题可能都是大家希望看到的一个这个探讨的一个问题。"
      },
      {
        "index": 124,
        "start": 1455.03,
        "end": 1494.9,
        "text": "那我们非常感谢黄老师给我们带来的那个精彩分享，其实黄老师从这个贝叶斯的调优跟那个模型的调优，以及RAG的方案跟那个微调的方案呢，给我们做了一个详细的阐述，并且结合MCP Server或者领域的，刚才我也看到了一个OS领域大模型这个视角，就是说对我们操作系统相关的这个13000多个参数的一个调优，做了一些相关的这个那个，不管是從效率上还是这个这个成果上面都能得到一定的提升，然后可以看到后面这个也规划了很多的相关的工作，也带来一些性能还有一些高低的那个问题，可能还有很多问题要去解决。"
      },
      {
        "index": 125,
        "start": 1495.06,
        "end": 1500.68,
        "text": "我们也会欢迎后面一起的讨论，怎么能更好的去解决这类似的问题，好，谢谢。"
      }
    ],
    "duration": 1501.16,
    "chunk_label": "part_02/chunk_00"
  },
  "output": {
    "video": "output/ai_session/part_02/chunk_00/01_cut_chunk/artifacts/chunk_high.mp4",
    "slides": [
      {
        "id": "slide_001",
        "timestamp": "00:00:00,000",
        "second_offset": 0.0,
        "end_second": 23.0,
        "title": "沙上聚塔：基于LLM的核心系统软件栈智能调优探索 Speaker: 黄俊 (招商证券核心系统架构师)",
        "kind": "slide",
        "notes": ""
      },
      {
        "id": "slide_002",
        "timestamp": "00:00:23,500",
        "second_offset": 23.5,
        "end_second": 113.0,
        "title": "自我介绍 Content: 黄俊，招商证券核心系统架构师，openEuler社区AI联合工作组成员，年度云原生MVP。",
        "kind": "slide",
        "notes": ""
      },
      {
        "id": "slide_003",
        "timestamp": "00:01:53,500",
        "second_offset": 113.5,
        "end_second": 151.0,
        "title": "目录 Content: 01 全面架构升级的痛点与挑战",
        "kind": "slide",
        "notes": ""
      },
      {
        "id": "slide_004",
        "timestamp": "00:02:31,500",
        "second_offset": 151.5,
        "end_second": 282.0,
        "title": "1.1 核心系统全面改造背景下，系统运行不确定性大幅增加 Content: 基础软硬件（CPU、网络、存储、操作系统、JDK、数据库）替换时面临的挑战。",
        "kind": "slide",
        "notes": ""
      },
      {
        "id": "slide_005",
        "timestamp": "00:04:42,500",
        "second_offset": 282.5,
        "end_second": 341.0,
        "title": "1.2 全面架构升级背景下研发资源空洞问题 Content: 传统研发运维分工的断点，基础软件差距（慢+快+性价比）。",
        "kind": "slide",
        "notes": ""
      },
      {
        "id": "slide_006",
        "timestamp": "00:05:41,500",
        "second_offset": 341.5,
        "end_second": 410.0,
        "title": "1.3 大模型技术方兴未艾，但现阶段幻觉问题不能盲目挂载业务 Content: 模型幻觉——隐蔽的不确定性炸弹。",
        "kind": "slide",
        "notes": ""
      },
      {
        "id": "slide_007",
        "timestamp": "00:06:50,500",
        "second_offset": 410.5,
        "end_second": 421.0,
        "title": "目录 Content: 02 大模型技术发展带来的新机遇",
        "kind": "slide",
        "notes": ""
      },
      {
        "id": "slide_008",
        "timestamp": "00:07:01,500",
        "second_offset": 421.5,
        "end_second": 519.0,
        "title": "2.1 基于贝叶斯模型的参数调优技术 Content: 收集特征 -> 选择调优参数 -> 训练代理模型 -> 生成推荐参数配置 -> 运行负载获取反馈。",
        "kind": "slide",
        "notes": ""
      },
      {
        "id": "slide_009",
        "timestamp": "00:08:39,500",
        "second_offset": 519.5,
        "end_second": 658.0,
        "title": "2.2 LLM综合智能调优方案相较贝叶斯调优的优势 Content: 对比负载感知维度、参数识别范围、调优效率、可解释性。",
        "kind": "slide",
        "notes": ""
      },
      {
        "id": "slide_010",
        "timestamp": "00:10:58,500",
        "second_offset": 658.5,
        "end_second": 724.0,
        "title": "2.3 RAG技术优劣势分析 Content: 技术优势（成本低、私有数据、可解释） vs 技术劣势（推理能力弱、上下文限制、检索精度）。",
        "kind": "slide",
        "notes": ""
      },
      {
        "id": "slide_011",
        "timestamp": "00:12:04,500",
        "second_offset": 724.5,
        "end_second": 783.0,
        "title": "2.4 模型微调技术架构模型微调生命力 Content: 提升领域适应性，加速模型迭代（Adapter, Prefix Tuning, LoRA等）。",
        "kind": "slide",
        "notes": ""
      },
      {
        "id": "slide_012",
        "timestamp": "00:13:03,500",
        "second_offset": 783.5,
        "end_second": 839.0,
        "title": "2.5 模型蒸馏技术在中小模型部署运用探索 Content: 降低部署成本，提升应用灵活性（Teacher Model -> Student Model）。",
        "kind": "slide",
        "notes": ""
      },
      {
        "id": "slide_013",
        "timestamp": "00:14:00,500",
        "second_offset": 840.5,
        "end_second": 895.0,
        "title": "2.6 博采众长，MCP技术带来的创新落地可能性 Content: 技术融合器，MCP架构（MCP Clients, MCP Server）。",
        "kind": "slide",
        "notes": ""
      },
      {
        "id": "slide_014",
        "timestamp": "00:14:55,500",
        "second_offset": 895.5,
        "end_second": 902.0,
        "title": "目录 Content: 03 软件栈智能调优方案与创新点",
        "kind": "slide",
        "notes": ""
      },
      {
        "id": "slide_015",
        "timestamp": "00:15:02,500",
        "second_offset": 902.5,
        "end_second": 913.0,
        "title": "3.1 智能调优自验证闭环解决大模型不确定性影响 Content: 智能调优自动验证闭环流程图。",
        "kind": "slide",
        "notes": ""
      },
      {
        "id": "slide_016",
        "timestamp": "00:15:13,500",
        "second_offset": 913.5,
        "end_second": 933.0,
        "title": "3.2 基于通用大模型的多级架构方案构想 Content: 通用大模型 -> 上下文理解与路由 -> 领域模型/Agent。",
        "kind": "slide",
        "notes": ""
      },
      {
        "id": "slide_017",
        "timestamp": "00:15:33,500",
        "second_offset": 933.5,
        "end_second": 958.0,
        "title": "3.4 核心交通运维平台SEE集成 openEuler intelligence Content: 集成后效果展示，平台具备较精准专业的性能问题诊断能力。",
        "kind": "slide",
        "notes": ""
      },
      {
        "id": "slide_018",
        "timestamp": "00:15:58,500",
        "second_offset": 958.5,
        "end_second": 979.0,
        "title": "3.5 RAG原始知识库展示 Content: 核心系统运维知识库、OceanBase资产列表等。",
        "kind": "slide",
        "notes": ""
      },
      {
        "id": "slide_019",
        "timestamp": "00:16:19,500",
        "second_offset": 979.5,
        "end_second": 1004.0,
        "title": "3.6 智能调优方案初步实验验证数据赋能 Content: 已在恒生电子相关方案中验证，具备较精准专业的性能问题诊断能力。",
        "kind": "slide",
        "notes": ""
      },
      {
        "id": "slide_020",
        "timestamp": "00:16:44,500",
        "second_offset": 1004.5,
        "end_second": 1020.0,
        "title": "3.7 IAR网关接入开源调优效果 Content: copilot调优对比，吞吐量提升13.6%。",
        "kind": "slide",
        "notes": ""
      },
      {
        "id": "slide_021",
        "timestamp": "00:17:00,500",
        "second_offset": 1020.5,
        "end_second": 1063.0,
        "title": "3.8 期权原子系统调优效果对比数据 Content: 调优前后吞吐量对比数据展示。",
        "kind": "slide",
        "notes": ""
      },
      {
        "id": "slide_022",
        "timestamp": "00:17:43,500",
        "second_offset": 1063.5,
        "end_second": 1067.0,
        "title": "目录 Content: 04 创新技术生态建议",
        "kind": "slide",
        "notes": ""
      },
      {
        "id": "slide_023",
        "timestamp": "00:17:47,500",
        "second_offset": 1067.5,
        "end_second": 1130.0,
        "title": "4.1 后续计划 Content: 完成公司专有领域模型微调，完善平台产品易用性，探索持续在线学习方案等。",
        "kind": "slide",
        "notes": ""
      },
      {
        "id": "slide_024",
        "timestamp": "00:18:50,500",
        "second_offset": 1130.5,
        "end_second": 1268.0,
        "title": "4.2 生态共建：独行快，众行远 Content: 呼吁行业共建，解决数据安全与模型训练的矛盾。",
        "kind": "slide",
        "notes": ""
      },
      {
        "id": "slide_025",
        "timestamp": "00:21:08,500",
        "second_offset": 1268.5,
        "end_second": 1280.0,
        "title": "感谢聆听！ Content: CMS 招商证券",
        "kind": "slide",
        "notes": ""
      },
      {
        "id": "slide_026",
        "timestamp": "00:21:20,500",
        "second_offset": 1280.5,
        "end_second": 1290.0,
        "title": "AI分论坛 Content: 开放原子开源基金会 | openEuler",
        "kind": "slide",
        "notes": ""
      }
    ],
    "srt_path": "output/ai_session/part_02/chunk_00/06_slide_timeline/artifacts/slide_timeline.srt"
  },
  "artifacts": [
    "output/ai_session/part_02/chunk_00/06_slide_timeline/artifacts/slide_timeline.srt"
  ],
  "metadata": {
    "slides": 26,
    "rounds": 1,
    "llm_video": "output/ai_session/part_02/chunk_00/02_downscale/artifacts/chunk_low.mp4"
  },
  "trace_id": "2b71ca79-2920-4844-b5bf-e3a3cc65121a",
  "duration_ms": 276300,
  "started_at": "2025-12-15T22:55:25.131856",
  "completed_at": "2025-12-15T15:00:01.434660",
  "step_config": {
    "model": "gemini-3-pro-preview",
    "temperature": 0.2,
    "prompt_file": "/Users/lichuan/Codes/TalkDistill/config/prompts/slide_timeline.md"
  },
  "dependencies": [
    "subtitle_align"
  ]
}