{
  "address": "ai_session/part_11/chunk_00/09_apply_crop/slide_008",
  "status": "completed",
  "input": {
    "image_path": "output/ai_session/part_11/chunk_00/07_capture_frame/slide_008/artifacts/slide_008.png",
    "crop_region": {
      "x": 303,
      "y": 162,
      "width": 1616,
      "height": 767
    }
  },
  "output": "output/ai_session/part_11/chunk_00/09_apply_crop/slide_008/artifacts/slide_008.png",
  "artifacts": [
    "output/ai_session/part_11/chunk_00/09_apply_crop/slide_008/artifacts/slide_008.png"
  ],
  "metadata": {
    "source": "output/ai_session/part_11/chunk_00/07_capture_frame/slide_008/artifacts/slide_008.png",
    "applied": true,
    "crop_region": {
      "x": 303,
      "y": 162,
      "width": 1616,
      "height": 767
    },
    "size": {
      "width": 1616,
      "height": 767
    }
  },
  "trace_id": null,
  "duration_ms": 116,
  "started_at": "2025-12-16T01:36:02.932670",
  "completed_at": "2025-12-15T17:36:03.049970",
  "step_config": {},
  "dependencies": [
    "capture_frame",
    "crop_decision"
  ]
}