{
  "address": "ai_session/part_03/chunk_00/07_capture_frame/slide_017",
  "status": "completed",
  "input": {
    "video": "output/ai_session/part_03/chunk_00/01_cut_chunk/artifacts/chunk_high.mp4",
    "timestamp": "00:14:23.800",
    "frame_id": "slide_017",
    "output_ext": ".png"
  },
  "output": "output/ai_session/part_03/chunk_00/07_capture_frame/slide_017/artifacts/slide_017.png",
  "artifacts": [
    "output/ai_session/part_03/chunk_00/07_capture_frame/slide_017/artifacts/slide_017.png"
  ],
  "metadata": {
    "timestamp": "00:14:23.800",
    "frame_id": "slide_017",
    "ffmpeg": "/opt/homebrew/bin/ffmpeg"
  },
  "trace_id": null,
  "duration_ms": 2817,
  "started_at": "2025-12-15T23:19:15.560933",
  "completed_at": "2025-12-15T15:19:18.379886",
  "step_config": {},
  "dependencies": [
    "slide_timeline"
  ]
}