{
  "address": "ai_session/part_02/chunk_00/09_apply_crop/slide_015",
  "status": "completed",
  "input": {
    "image_path": "output/ai_session/part_02/chunk_00/07_capture_frame/slide_015/artifacts/slide_015.png",
    "crop_region": {
      "x": 543,
      "y": 172,
      "width": 1376,
      "height": 907
    }
  },
  "output": "output/ai_session/part_02/chunk_00/09_apply_crop/slide_015/artifacts/slide_015.png",
  "artifacts": [
    "output/ai_session/part_02/chunk_00/09_apply_crop/slide_015/artifacts/slide_015.png"
  ],
  "metadata": {
    "source": "output/ai_session/part_02/chunk_00/07_capture_frame/slide_015/artifacts/slide_015.png",
    "applied": true,
    "crop_region": {
      "x": 543,
      "y": 172,
      "width": 1376,
      "height": 907
    },
    "size": {
      "width": 1376,
      "height": 907
    }
  },
  "trace_id": null,
  "duration_ms": 266,
  "started_at": "2025-12-15T23:02:57.630014",
  "completed_at": "2025-12-15T15:02:57.897765",
  "step_config": {},
  "dependencies": [
    "capture_frame",
    "crop_decision"
  ]
}