{
  "id": "sec_1",
  "index": 0,
  "title": "演讲开场",
  "time_range": "00:00:05,475 - 00:00:45,910",
  "script": "好，谢谢主持人的介绍。\n我在这儿也是感谢华为给我们邀请，我们今天介绍这个项目，实际上是跟openEuler合作很长时间了。\n我们23年开始就已经在这讲过一次，24年，今天很荣幸再讲一次。\n是我们一直演进，跟openEuler一个长期的合作项目。\nopenEuler的软件海、任雨欣给我们做了很多贡献。\n所以今天我们把最新的进展跟各位老师、各位同行分享一下。\n我们今天讲的是人工智能端到端的复杂攻击检测技术。",
  "summary": "演讲者首先感谢主持人和华为的邀请，并提及该项目是与 openEuler 长期合作的成果，之前已分享过。接着，他特别感谢了 openEuler 团队成员的贡献。最后，引出本次演讲的主题：人工智能端到端的复杂攻击检测技术。"
}