{
  "address": "ScienceEducationInnovation/part_03/chunk_00/10_slide_dedupe/slide_001",
  "status": "completed",
  "input": {
    "collage": "output/ScienceEducationInnovation/part_03/chunk_00/10_slide_dedupe/slide_001/artifacts/slides_collage.png",
    "chunk_label": "part_03/chunk_00"
  },
  "output": [
    {
      "keep_index": 0,
      "duplicates": [
        1
      ],
      "reason": "这两张截图展示的是相同的会场全景画面，仅在拍摄角度或时间点上有极微小差异，不包含具体的幻灯片内容变化。/ These two screenshots show the same wide shot of the venue with only minimal differences in angle or timing, and no change in slide content.  ",
      "keep_reason": ""
    },
    {
      "keep_index": 3,
      "duplicates": [
        4
      ],
      "reason": "这两张截图展示的是相同的幻灯片标题页。/ These two screenshots show the same slide title page.  ",
      "keep_reason": ""
    },
    {
      "keep_index": 5,
      "duplicates": [
        6
      ],
      "reason": "这两张截图展示的是相同的“背景介绍”幻灯片页面。/ These two screenshots show the same 'Background Introduction' slide page.  ",
      "keep_reason": ""
    },
    {
      "keep_index": 29,
      "duplicates": [
        30,
        31
      ],
      "reason": "这三张截图展示的是相同的“其他工作”幻灯片页面，讲者的动作变化不影响幻灯片内容的判定。/ These three screenshots show the same 'Other Work' slide page; the speaker's movement does not affect the determination of duplicate slide content.  ",
      "keep_reason": ""
    }
  ],
  "artifacts": [
    "output/ScienceEducationInnovation/part_03/chunk_00/10_slide_dedupe/slide_001/artifacts/slides_collage.png"
  ],
  "metadata": {
    "group_count": 4
  },
  "trace_id": "9699963b-8ec3-436c-a1d6-3ad5336b36cc",
  "duration_ms": 294915,
  "started_at": "2025-12-19T01:08:01.246011",
  "completed_at": "2025-12-18T17:12:56.163764",
  "step_config": {
    "model": "gemini-3-flash-preview",
    "temperature": 0.1,
    "prompt_file": "/Users/lichuan/Codes/TalkDistill/config/prompts/slide_dedupe.md",
    "schema_file": "/Users/lichuan/Codes/TalkDistill/config/schemas/slide_dedupe.json"
  },
  "dependencies": [
    "apply_crop"
  ]
}