{
  "address": "ai_session/part_11/chunk_00/07_capture_frame/slide_008",
  "status": "completed",
  "input": {
    "video": "output/ai_session/part_11/chunk_00/01_cut_chunk/artifacts/chunk_high.mp4",
    "timestamp": "00:06:49.960",
    "frame_id": "slide_008",
    "output_ext": ".png"
  },
  "output": "output/ai_session/part_11/chunk_00/07_capture_frame/slide_008/artifacts/slide_008.png",
  "artifacts": [
    "output/ai_session/part_11/chunk_00/07_capture_frame/slide_008/artifacts/slide_008.png"
  ],
  "metadata": {
    "timestamp": "00:06:49.960",
    "frame_id": "slide_008",
    "ffmpeg": "/opt/homebrew/bin/ffmpeg"
  },
  "trace_id": null,
  "duration_ms": 940,
  "started_at": "2025-12-16T01:34:13.736700",
  "completed_at": "2025-12-15T17:34:14.678003",
  "step_config": {},
  "dependencies": [
    "slide_timeline"
  ]
}