{
  "address": "ai_session/part_09/chunk_00/09_apply_crop/slide_011",
  "status": "completed",
  "input": {
    "image_path": "output/ai_session/part_09/chunk_00/07_capture_frame/slide_011/artifacts/slide_011.png",
    "crop_region": {
      "x": 615,
      "y": 182,
      "width": 1232,
      "height": 857
    }
  },
  "output": "output/ai_session/part_09/chunk_00/09_apply_crop/slide_011/artifacts/slide_011.png",
  "artifacts": [
    "output/ai_session/part_09/chunk_00/09_apply_crop/slide_011/artifacts/slide_011.png"
  ],
  "metadata": {
    "source": "output/ai_session/part_09/chunk_00/07_capture_frame/slide_011/artifacts/slide_011.png",
    "applied": true,
    "crop_region": {
      "x": 615,
      "y": 182,
      "width": 1232,
      "height": 857
    },
    "size": {
      "width": 1232,
      "height": 857
    }
  },
  "trace_id": null,
  "duration_ms": 153,
  "started_at": "2025-12-16T01:06:51.504818",
  "completed_at": "2025-12-15T17:06:51.659294",
  "step_config": {},
  "dependencies": [
    "capture_frame",
    "crop_decision"
  ]
}