{
  "address": "ai_session/part_04/chunk_00/09_apply_crop/slide_003",
  "status": "completed",
  "input": {
    "image_path": "output/ai_session/part_04/chunk_00/07_capture_frame/slide_003/artifacts/slide_003.png",
    "crop_region": {
      "x": 410,
      "y": 110,
      "width": 869,
      "height": 609
    }
  },
  "output": "output/ai_session/part_04/chunk_00/09_apply_crop/slide_003/artifacts/slide_003.png",
  "artifacts": [
    "output/ai_session/part_04/chunk_00/09_apply_crop/slide_003/artifacts/slide_003.png"
  ],
  "metadata": {
    "source": "output/ai_session/part_04/chunk_00/07_capture_frame/slide_003/artifacts/slide_003.png",
    "applied": true,
    "crop_region": {
      "x": 410,
      "y": 110,
      "width": 869,
      "height": 609
    },
    "size": {
      "width": 869,
      "height": 609
    }
  },
  "trace_id": null,
  "duration_ms": 144,
  "started_at": "2025-12-15T17:52:40.833551",
  "completed_at": "2025-12-15T09:52:40.990575",
  "step_config": {},
  "dependencies": [
    "capture_frame",
    "crop_decision"
  ]
}