{
  "address": "ai_session/part_07/chunk_00/02_downscale",
  "status": "completed",
  "input": {
    "source": "output/ai_session/part_07/chunk_00/01_cut_chunk/artifacts/chunk_high.mp4",
    "duration": 1097.29,
    "original_fps": 24.999911229471817,
    "output_name": "chunk_low.mp4"
  },
  "output": {
    "path": "output/ai_session/part_07/chunk_00/02_downscale/artifacts/chunk_low.mp4",
    "duration": 1097.29,
    "original_fps": 24.999911229471817,
    "target_fps": 3
  },
  "artifacts": [
    "output/ai_session/part_07/chunk_00/02_downscale/artifacts/chunk_low.mp4"
  ],
  "metadata": {
    "ffmpeg": "/opt/homebrew/bin/ffmpeg",
    "target_size_mb": 20.0,
    "original_fps": 24.999911229471817,
    "target_fps": 3,
    "rate_control": "crf",
    "crf": 28,
    "min_video_bitrate": 80000,
    "audio_bitrate": 32000,
    "scale_height": 0,
    "prefer_hwaccel": false,
    "size_bytes": 14048239
  },
  "trace_id": null,
  "duration_ms": 44238,
  "started_at": "2025-12-15T23:53:57.118160",
  "completed_at": "2025-12-15T15:54:41.357938",
  "step_config": {},
  "dependencies": [
    "cut_chunk"
  ]
}