{
  "address": "ai_session/part_02/chunk_00/09_apply_crop/slide_018",
  "status": "completed",
  "input": {
    "image_path": "output/ai_session/part_02/chunk_00/07_capture_frame/slide_018/artifacts/slide_018.png",
    "crop_region": {
      "x": 556,
      "y": 162,
      "width": 1305,
      "height": 831
    }
  },
  "output": "output/ai_session/part_02/chunk_00/09_apply_crop/slide_018/artifacts/slide_018.png",
  "artifacts": [
    "output/ai_session/part_02/chunk_00/09_apply_crop/slide_018/artifacts/slide_018.png"
  ],
  "metadata": {
    "source": "output/ai_session/part_02/chunk_00/07_capture_frame/slide_018/artifacts/slide_018.png",
    "applied": true,
    "crop_region": {
      "x": 556,
      "y": 162,
      "width": 1305,
      "height": 831
    },
    "size": {
      "width": 1305,
      "height": 831
    }
  },
  "trace_id": null,
  "duration_ms": 247,
  "started_at": "2025-12-15T23:02:57.630618",
  "completed_at": "2025-12-15T15:02:57.879303",
  "step_config": {},
  "dependencies": [
    "capture_frame",
    "crop_decision"
  ]
}