{
  "address": "ScienceEducationInnovation/part_02/chunk_00/07_capture_frame/slide_021",
  "status": "completed",
  "input": {
    "video": "output/ScienceEducationInnovation/part_02/chunk_00/01_cut_chunk/artifacts/chunk_high.mp4",
    "timestamp": "00:11:35.380",
    "frame_id": "slide_021",
    "output_ext": ".png"
  },
  "output": "output/ScienceEducationInnovation/part_02/chunk_00/07_capture_frame/slide_021/artifacts/slide_021.png",
  "artifacts": [
    "output/ScienceEducationInnovation/part_02/chunk_00/07_capture_frame/slide_021/artifacts/slide_021.png"
  ],
  "metadata": {
    "timestamp": "00:11:35.380",
    "frame_id": "slide_021",
    "ffmpeg": "/opt/homebrew/bin/ffmpeg"
  },
  "trace_id": null,
  "duration_ms": 2646,
  "started_at": "2025-12-17T10:50:27.899789",
  "completed_at": "2025-12-17T02:50:30.547724",
  "step_config": {},
  "dependencies": [
    "slide_timeline"
  ]
}