{
  "graph_data": {
    "nodes": [
      {
        "id": "p1",
        "label": "背景与动机",
        "category": "Pillar",
        "references": {
          "section_ids": [
            "sec_2"
          ],
          "material_ids": [
            "chunk_00/slide_004"
          ],
          "highlight": {
            "primary_material_id": "chunk_00/slide_004",
            "primary_time_ts": "00:00:33,790",
            "primary_time_ms": 33790
          }
        },
        "parent": null,
        "summary": "介绍宝德公司概况，以及其与openEuler合作以拓展大模型推理市场和满足内部IT诉求的双重动机。"
      },
      {
        "id": "d1_1",
        "label": "宝德公司概况",
        "category": "Concept",
        "references": {
          "section_ids": [
            "sec_2"
          ],
          "material_ids": [
            "chunk_00/slide_004"
          ],
          "highlight": {
            "primary_material_id": "chunk_00/slide_004",
            "primary_time_ts": "00:00:33,790",
            "primary_time_ms": 33790
          }
        },
        "parent": "p1",
        "summary": "宝德计算是中国领先的服务器制造商，从最早的Intel服务器，到2019年成为华为鲲鹏、昇腾服务器的首批合作伙伴。"
      },
      {
        "id": "d1_2",
        "label": "双重合作动机",
        "category": "Concept",
        "references": {
          "section_ids": [
            "sec_2"
          ],
          "material_ids": [
            "chunk_00/slide_004"
          ],
          "highlight": {
            "primary_material_id": "chunk_00/slide_004",
            "primary_time_ts": "00:00:54,000",
            "primary_time_ms": 54000
          }
        },
        "parent": "p1",
        "summary": "宝德与openEuler合作主要基于两大动机：一是看好并计划拓展大模型推理市场；二是解决自身作为传统制造企业在数字化转型中的内部IT诉求。"
      },
      {
        "id": "p2",
        "label": "挑战与选型原则",
        "category": "Pillar",
        "references": {
          "section_ids": [
            "sec_3"
          ],
          "material_ids": [
            "chunk_00/slide_005"
          ],
          "highlight": {
            "primary_material_id": "chunk_00/slide_005",
            "primary_time_ts": "00:01:25,910",
            "primary_time_ms": 85910
          }
        },
        "parent": null,
        "summary": "分析中小型单位在部署大模型时普遍面临的算力、成本和技术门槛三大挑战，并基于此提出技术选型需遵循先进性、高性价比和易用性三大原则。"
      },
      {
        "id": "d2_1",
        "label": "部署大模型的三大挑战",
        "category": "Problem",
        "references": {
          "section_ids": [
            "sec_3"
          ],
          "material_ids": [
            "chunk_00/slide_005"
          ],
          "highlight": {
            "primary_material_id": "chunk_00/slide_005",
            "primary_time_ts": "00:01:30,000",
            "primary_time_ms": 90000
          }
        },
        "parent": "p2",
        "summary": "中小型单位部署大模型面临三大核心挑战：算力需求（基础投入）、成本控制（预算有限）和技术门槛（人员能力与经验局限）。"
      },
      {
        "id": "d2_2",
        "label": "技术选型三大原则",
        "category": "Concept",
        "references": {
          "section_ids": [
            "sec_3"
          ],
          "material_ids": [
            "chunk_00/slide_005"
          ],
          "highlight": {
            "primary_material_id": "chunk_00/slide_005",
            "primary_time_ts": "00:02:08,000",
            "primary_time_ms": 128000
          }
        },
        "parent": "p2",
        "summary": "为应对挑战，技术选型应遵循三大原则：技术先进性（足够好）、高性价比（成本可控）和系统易用性（易于部署维护）。"
      },
      {
        "id": "p3",
        "label": "解决方案：“宝智灵”一体机",
        "category": "Pillar",
        "references": {
          "section_ids": [
            "sec_4",
            "sec_6"
          ],
          "material_ids": [
            "chunk_00/slide_006",
            "chunk_00/slide_007"
          ],
          "highlight": {
            "primary_material_id": "chunk_00/slide_006",
            "primary_time_ts": "00:02:41,500",
            "primary_time_ms": 161500
          }
        },
        "parent": null,
        "summary": "宝德联合欧拉推出“宝智灵”RAG一体机，通过软硬件深度协同优化，为追求极致性价比的中小客户提供在成本与性能之间达到最佳平衡的推理解决方案。"
      },
      {
        "id": "d3_1",
        "label": "极致性价比",
        "category": "Result",
        "references": {
          "section_ids": [
            "sec_4",
            "sec_6"
          ],
          "material_ids": [
            "chunk_00/slide_007"
          ],
          "highlight": {
            "primary_material_id": "chunk_00/slide_007",
            "primary_time_ts": "00:04:40,000",
            "primary_time_ms": 280000
          }
        },
        "parent": "p3",
        "summary": "通过采用10张昇腾310 Duo卡的硬件方案并进行深度优化，将平台成本从百万级大幅降低至30万级别，实现近10倍的成本节约。"
      },
      {
        "id": "d3_2",
        "label": "优化的推理性能",
        "category": "Result",
        "references": {
          "section_ids": [
            "sec_4"
          ],
          "material_ids": [
            "chunk_00/slide_006"
          ],
          "highlight": {
            "primary_material_id": "chunk_00/slide_006",
            "primary_time_ts": "00:03:45,000",
            "primary_time_ms": 225000
          }
        },
        "parent": "p3",
        "summary": "在保证成本大幅降低的同时，性能依然保持在较高水平。在几十路并发（如8路、32路）的典型推理场景下，性能可与昂贵的910B平台相当。"
      },
      {
        "id": "d3_3",
        "label": "技术实现路径",
        "category": "Technology",
        "references": {
          "section_ids": [
            "sec_4"
          ],
          "material_ids": [
            "chunk_00/slide_007"
          ],
          "highlight": {
            "primary_material_id": "chunk_00/slide_007",
            "primary_time_ts": "00:05:08,000",
            "primary_time_ms": 308000
          }
        },
        "parent": "p3",
        "summary": "方案的成功得益于多项系统级优化技术，包括软硬件协同调优、异构并行融合、组合量化策略和AI辅助敏捷开发，实现了在经济平台上达到足够好的性能。"
      },
      {
        "id": "p4",
        "label": "技术深耕与路线图",
        "category": "Pillar",
        "references": {
          "section_ids": [
            "sec_5",
            "sec_4"
          ],
          "material_ids": [
            "chunk_00/slide_008"
          ],
          "highlight": {
            "primary_material_id": "chunk_00/slide_008",
            "primary_time_ts": "00:05:23,500",
            "primary_time_ms": 323500
          }
        },
        "parent": null,
        "summary": "展示了近期的技术成果，如通过LMCache优化时延，并规划了后续集成新技术、适配新硬件以及推出多模态产品的清晰发展路线。"
      },
      {
        "id": "d4_1",
        "label": "近期成果：LMCache优化",
        "category": "Result",
        "references": {
          "section_ids": [
            "sec_5"
          ],
          "material_ids": [
            "chunk_00/slide_008"
          ],
          "highlight": {
            "primary_material_id": "chunk_00/slide_008",
            "primary_time_ts": "00:05:25,920",
            "primary_time_ms": 325920
          }
        },
        "parent": "p4",
        "summary": "近期测试结果表明，在自有硬件平台上应用LMCache技术，可将多轮交互时延显著降低20%至30%。"
      },
      {
        "id": "d4_2",
        "label": "后续发展路线图",
        "category": "Concept",
        "references": {
          "section_ids": [
            "sec_5"
          ],
          "material_ids": [
            "chunk_00/slide_008"
          ],
          "highlight": {
            "primary_material_id": "chunk_00/slide_008",
            "primary_time_ts": "00:05:43,000",
            "primary_time_ms": 343000
          }
        },
        "parent": "p4",
        "summary": "后续将集成expert和DeepInsight技术，并计划在明年Q1适配新款350P芯片，最终推出多模态产品方案，为客户提供更完善的服务。"
      }
    ],
    "edges": [
      {
        "source": "p1",
        "target": "p2",
        "relation_type": "sequential",
        "label": "引出问题"
      },
      {
        "source": "p2",
        "target": "p3",
        "relation_type": "causal",
        "label": "催生方案"
      },
      {
        "source": "p3",
        "target": "p4",
        "relation_type": "sequential",
        "label": "展望未来"
      },
      {
        "source": "d1_1",
        "target": "d1_2",
        "relation_type": "compositional",
        "label": "共同构成背景"
      },
      {
        "source": "d2_1",
        "target": "d2_2",
        "relation_type": "causal",
        "label": "指导选型"
      },
      {
        "source": "d3_1",
        "target": "d3_2",
        "relation_type": "parallel",
        "label": "并列优势"
      },
      {
        "source": "d3_3",
        "target": "d3_1",
        "relation_type": "causal",
        "label": "实现"
      },
      {
        "source": "d3_3",
        "target": "d3_2",
        "relation_type": "causal",
        "label": "实现"
      },
      {
        "source": "d4_1",
        "target": "d4_2",
        "relation_type": "sequential",
        "label": "后续规划"
      }
    ]
  },
  "sections": [
    {
      "id": "sec_1",
      "index": 0,
      "title": "开场与演讲主题介绍",
      "time_range": "00:00:00,000 - 00:00:32,740",
      "summary": "主持人介绍演讲嘉宾——宝德计算机的销售总监金龙先生。金龙先生将分享宝德基于intelligence boom的推理优化及智能应用实践，并汇报与欧拉合作的实践与思考。",
      "refined_script": "# 宝德基于 intelligence boom 的推理优化及智能应用实践分享\n\n本次分享将介绍宝德计算机在以下两个方面的实践与思考：\n\n*   **推理优化与智能应用**：基于 intelligence boom 的实践分享。\n*   **与 openEuler 的合作**：相关的实践与思考。",
      "original_script": "有请宝德计算机系统股份有限公司解决方案销售总监金龙先生，给我们带来《宝德基于intelligence boom推理优化及智能应用的实践分享》。大家欢迎。各位好，我是来自宝德计算机的金龙。今天很荣幸给各位汇报一下我们与欧拉合作的一些实践，以及我们在这方面的一些思考。",
      "start_ms": 0,
      "end_ms": 32740,
      "material_ids": [
        "chunk_00/slide_001",
        "chunk_00/slide_002",
        "chunk_00/slide_003"
      ],
      "summary_hint": "主持人介绍演讲嘉宾金龙，金龙简要介绍本次分享的主题：宝德基于intelligence boom的推理优化及智能应用实践。",
      "lead_text": "有请宝德计算机系统股份有限公司解决方案销售总监金龙先生，",
      "tail_text": "今天很荣幸给各位汇报一下我们与欧拉合作的一些实践，以及我们在这方面的一些思考。",
      "text_span": {
        "start": 0,
        "end": 4
      }
    },
    {
      "id": "sec_2",
      "index": 1,
      "title": "宝德公司概况与合作动机",
      "time_range": "00:00:33,790 - 00:01:25,265",
      "summary": "讲者首先介绍了宝德公司的概况，作为国内最早的Intel服务器厂家，后续也成为了华为鲲鹏和昇腾服务器的首批合作者。基于对大模型推理市场的看好，以及解决自身作为传统制造企业内部IT诉求的双重动机，宝德决定与欧拉展开合作。",
      "refined_script": "## 宝德公司概况与合作动机\n\n### 1. 公司背景\n\n宝德计算（Powerleader）是中国领先的服务器制造商之一，其发展历程中的关键节点包括：\n\n- **Intel 服务器**: 国内最早从事 Intel 服务器研发与生产的厂商之一。\n- **华为鲲鹏服务器**: 2019 年成为首批华为鲲鹏服务器的合作伙伴。\n- **华为昇腾服务器**: 在鲲鹏合作之后，进一步拓展合作，成为昇腾服务器的合作伙伴。\n\n### 2. 与 openEuler 的合作动机\n\n宝德决定与 openEuler 社区展开合作，主要基于以下双重动机：\n\n1.  **拓展大模型推理市场**\n    - 公司看好大模型推理市场的未来潜力，并计划在该领域进行市场拓展。与 openEuler 的合作是实现这一战略目标的关键一步。\n\n2.  **满足内部 IT 诉求**\n    - 作为一家传统的制造型企业，宝德在自身的数字化转型和内部 IT 系统推广过程中面临诸多挑战。\n    - 引入 openEuler 旨在解决这些内部 IT 诉求，提升运营效率。\n\n### 3. 结论\n\n综合外部市场机遇与内部转型需求，宝德决定全面拥抱 openEuler 生态，通过深度合作共同推动业务发展。",
      "original_script": "首先讲一下宝德。宝德本身是在国内最早做Intel服务器的厂家。\n2019年我们也是第一批做华为鲲鹏服务器的厂家，后来我们又做了昇腾。这是宝德的概况。\n我在公司除了负责公司解决方案以外，我还有一个身份，就是我现在也在管公司的IT部。\n所以，我们为什么跟欧拉合作呢？第一，我们看好推理市场。\n大模型推理市场，我们在这方面研究，觉得要去拓展市场。\n第二，作为IT来讲，我们自己公司内部有很多重要的诉求。\n宝德本身是一个传统的制造型企业，我们在内部推广的过程中也碰到了很多问题。\n所以在这方面跟欧拉交流完之后，我们决定拥抱欧拉，跟它展开合作。",
      "start_ms": 33790,
      "end_ms": 85265,
      "material_ids": [
        "chunk_00/slide_004"
      ],
      "summary_hint": "讲者介绍了宝德公司的发展历程，并阐述了与欧拉合作的两大动机：看好大模型推理市场以及满足公司内部的IT诉求。",
      "lead_text": "首先讲一下宝德。宝德本身是在国内最早做Intel服务器的厂家。",
      "tail_text": "所以在这方面跟欧拉交流完之后，我们决定拥抱欧拉，跟它展开合作。",
      "text_span": {
        "start": 5,
        "end": 12
      }
    },
    {
      "id": "sec_3",
      "index": 2,
      "title": "中小型单位部署大模型面临的挑战",
      "time_range": "00:01:25,910 - 00:02:41,010",
      "summary": "以宝德自身为例，中小型单位在部署大模型时普遍面临算力需求、成本控制和技术门槛三大挑战。因此，在技术选型时，会重点考量技术的先进性、性价比以及系统的易用性，确保方案能够成功落地并持续运行。",
      "refined_script": "### 中小型单位部署大模型面临的挑战与选型策略\n\n对于中小型单位而言，在内部推行和部署大模型技术时，通常会遇到以下三大核心挑战：\n\n#### 1. 算力需求\n大模型的部署对计算资源有一定要求。虽然标准可能不如顶级科技公司严苛，但算力门槛依然不低，是必须考量的基础投入。\n\n#### 2. 成本控制\n与大型企业相比，中小型单位的 IT 预算相对有限。因此，在技术投入上必须严格控制成本，追求高性价比的解决方案。\n\n#### 3. 技术门槛\n企业内部的技术团队在人员数量、专业能力及相关项目经验方面可能存在局限。如果一个系统过于复杂，对技术人员的要求过高，其部署和长期维护的可持续性将面临巨大考验，尤其是在制造型企业中，落地难度会非常大。\n\n### 技术选型核心原则\n\n基于上述挑战，为了确保大模型方案能够成功落地并持续运行，技术选型应遵循以下三大原则：\n\n1.  **技术先进性**：选择的方案必须技术过硬，能够有效支撑业务需求。\n2.  **高性价比**：方案的总体拥有成本（TCO）必须合理，不能超出预算限制。\n3.  **系统易用性**：方案必须易于部署、使用和维护，降低对技术团队的技能依赖，避免因技术复杂性导致项目停滞。",
      "original_script": "对于现在的宝德而言，虽然我们年销售额可能在几十到上百亿，但我们的员工大概在1300多个人。\n实际上我们内部在推这块也碰到很多问题。\n简单说，第一，在算力需求这块，不算苛刻，但要求也不低。\n第二，在IT投入这块，跟华为是没法比的。实际上对成本我们是有比较高的要求的。\n我们还是要讲一些性价比。\n第三，在投入这块，我相信像类似于宝德这样的很多IT投入都是一样的。\n无论从人员、能力、经验这块，都是有限的。\n如果一个系统太复杂，其实对我们部署来讲，可持续性是有很大问题的。\n简单归纳三点，就是从我们选择上就这三点。\n第一，我们如果选型一个东西，第一要足够好，这是讲技术先进性。\n第二，要有性价比，成本不能太高。\n第三，要好用。\n如果这个事情太复杂，对技术人员的要求太高，实际上在一个制造型企业落地时会碰到非常多的困难，走不下去的。",
      "start_ms": 85910,
      "end_ms": 161010,
      "material_ids": [
        "chunk_00/slide_005"
      ],
      "summary_hint": "以宝德自身为例，分析了中小型单位在部署大模型时普遍面临的算力需求、成本控制和技术门槛三大挑战。",
      "lead_text": "对于现在的宝德而言，虽然我们年销售额可能在几十到上百亿，但我们的员工大概在1300多个人。",
      "tail_text": "如果这个事情太复杂，对技术人员的要求太高，实际上在一个制造型企业落地时会碰到非常多的困难，走不下去的。",
      "text_span": {
        "start": 13,
        "end": 25
      }
    },
    {
      "id": "sec_4",
      "index": 3,
      "title": "推出“宝智灵”RAG一体机，实现成本与性能的最佳平衡",
      "time_range": "00:02:41,010 - 00:05:25,840",
      "summary": "宝德联合欧拉推出“宝智灵”RAG一体机，专为追求极致性价比的中小客户设计。该方案通过软硬件深度协同优化，将硬件平台成本从百万级大幅降低至30万级别，同时在几十路并发的推理场景下实现了足够好的性能，达成了成本与性能的最佳平衡。",
      "refined_script": "# 推出“宝智灵”RAG一体机：实现成本与性能的最佳平衡\n\n宝德联合欧拉，正式推出专为推理领域打造的解决方案品牌——“宝智灵”RAG一体机。该方案旨在直面成本与性能的挑战，通过系统级的深度优化，为追求极致性价比的中小型客户提供理想的解决方案。\n\n## 产品定位与目标场景\n\n- **目标客户**：追求高性价比的中小型企业。\n- **核心场景**：推理（Inference）任务，尤其适用于几十路并发的场景（如8路、32路），而非追求与训练集群相当的超高并发负载。\n\n## 核心方案与硬件配置\n\n“宝智灵”一体机采用软硬件深度耦合的纵向整合策略，打破了传统的软硬件解耦模式，以实现整体系统的最佳平衡。\n\n- **硬件平台**：4U机箱\n- **计算卡**：搭载 10 张昇腾310 Duo卡\n\n## 关键优势\n\n### 1. 极致的成本效益\n\n通过软硬件协同优化，方案将硬件平台成本从百万级大幅降低至30万级别，实现了显著的成本节约。\n\n| 方案对比 | 硬件配置示例 | 平台成本 | \n| :--- | :--- | :--- |\n| **传统多模态方案** | 3 x 910B 服务器 | 约 300 万级别 |\n| **“宝智灵”RAG一体机** | 1 x 4U服务器 (10 x 昇腾310 Duo) | 约 30 万级别 |\n\n### 2. 优化的推理性能\n\n在保证成本大幅降低的同时，性能依然保持在较高水平。在8路及32路并发推理场景下，其数据处理量可达到与910B平台相当的水平，在目标场景下实现了“足够好的性能”。\n\n### 3. 一体化便捷交付\n\n- **预装交付**：提供预装完整软件栈的一体机，实现开箱即用。\n- **经过测试**：所有内置软件均在实验室经过严格测试，确保方案的稳定可靠。\n- **简化运维**：为客户提供简单、高效的运维与交付体验。\n\n## 技术实现路径\n\n该方案的成功得益于多项系统级优化技术，包括：\n\n- **软硬件协同调优**\n- **异构并行融合**\n- **组合量化策略**\n- **AI辅助敏捷开发**\n\n通过这些手段，在相对经济的硬件平台上实现了性能的飞跃，达成了成本与性能的最佳平衡。",
      "original_script": "就是这个。\n所以，我们跟欧拉交流完之后，我们觉得欧拉的选择更符合我们。\n因为在这之前，其实我们像跟国内其他几个厂家，我们其实都交流过，我们自己内部也搭了系统，也在实践。\n但是我们也碰到了很多问题。\n今天我们在这里跟欧拉一直推出我们叫“宝智灵”的RAG一体机，这个会作为宝德后续在我们推理领域的一个解决方案品牌一直往前在走。\n那么跟欧拉在这做完之后，我们是整个基于我们的一个4U、一机十卡的机器，这个卡是昇腾310 Duo。\n可以把我们整个硬件的成本降到30万级别。\n第二，我们是可以整个预装，预装完之后把整个一套软件全部直接预装，给客户一体机进行交付。\n然后，我们现在所有的软件在我们的实验室都是经过测试过的。\n我们对它的定位是什么？就是我们定位是追求中小型的客户，完了之后有一定并发量，几十路，不会要求高并发。\n我们不跟训练去比高并发。\n我们在8路、32路情况下，实际上是跟910B基本上在并发的数据量上可以达到一个相当的水平，但是我们的硬件成本就做到大幅降低。\n主要追求是这个东西。\n我们追求极致的性价比，在针对我们这种几十路并发下，我们的性能足够好，成本足够低。\n然后我们运维、交付足够简单。\n这个是我们整个方案在追求的目标。\n所以在这里的话，我们直面成本和性能的挑战，从整个系统的角度，某种程度上我们打破过去的软硬件解耦，我们想纵向去进行耦合，去实现整体系统性能的最佳平衡。\n我还记得当时我们跟欧拉第一次交流的时候，欧拉在给我们演示的时候，是用三台910B，大家可以估算出来，这个是在300万级别的做多模态。\n但是通过几个月工作下来，我们今天是用的一台机器、十张310 Duo的卡，整个硬件平台降到了30万级别。\n这个进步是非常大的。\n在这里面，通过我们的软硬件协同调优，通过异构并行融合，通过组合量化策略，通过AI辅助敏捷开发等多种手段。\n可以看到这几个月我们进步非常快，整个完了之后，我们在一个相对来说，一个相对廉价的平台上，达到了一个足够好的性能，做了这件事情。",
      "start_ms": 161010,
      "end_ms": 325840,
      "material_ids": [
        "chunk_00/slide_006",
        "chunk_00/slide_007"
      ],
      "summary_hint": "为应对挑战，宝德联合openEuler推出“宝智灵”RAG一体机。通过软硬件系统维度的持续挖潜，实现了成本与性能的最佳平衡。",
      "notes": "讲者通过具体案例，展示了方案如何将成本从百万级降低到十万级，实现了显著的性价比提升。",
      "lead_text": "就是这个。",
      "tail_text": "可以看到这几个月我们进步非常快，整个完了之后，我们在一个相对来说，一个相对廉价的平台上，达到了一个足够好的性能，做了这件事情。",
      "text_span": {
        "start": 26,
        "end": 47
      }
    },
    {
      "id": "sec_5",
      "index": 4,
      "title": "全栈技术深耕与发展路线图",
      "time_range": "00:05:25,920 - 00:06:26,740",
      "summary": "近期，通过在硬件平台上测试LMCache，团队已成功将多轮交互时延降低了20%至30%。后续计划将集成expert和DeepInsight，并结合明年Q1的新芯片推出多模态产品方案，以提供更完善的客户服务。",
      "refined_script": "# 全栈技术深耕与发展路线图\n\n## 1. 近期成果：LMCache 性能测试\n\n我们在自有硬件平台上完成了对 LMCache 的性能测试。测试结果表明，在多轮交互场景下，LMCache 能够显著优化系统性能。\n\n- **关键指标：** 交互时延\n- **优化效果：** 降低 20% 至 30%\n\n## 2. 后续规划与路线图\n\n基于当前的测试成果，我们制定了清晰的后续发展路线图，旨在将技术优势转化为完整的客户解决方案。\n\n### 2.1 平台能力增强\n- **技术集成：** 计划将 `expert` 及 `DeepInsight` 集成并验证到现有平台中。\n- **方案打包：** 将上述技术栈整合，打包成一套完整的解决方案提供给客户。\n\n### 2.2 硬件适配与生态合作\n- **深化合作：** 加强与欧拉（Euler）的战略合作。\n- **新芯片适配：** 计划于明年 Q1，在新款 350P 芯片发布后，第一时间与欧拉共同完成适配工作。\n\n### 2.3 多模态产品发布\n- **产品规划：** 在完成新硬件适配后，将结合 `DeepInsight` 的能力，推出多模态产品及解决方案。\n- **目标：** 为客户提供更全面、更优质的服务。",
      "original_script": "最近，其实我们把LMCache在我们的硬件平台上已经做了一些测试，测完之后，其实对多轮交互情况下，对我们的时延降低20%到30%，效果非常明显。\n后续的话，我们还会把expert，包括后面这个DeepInsight到我们平台上去验证。\n整个一套，我们会作为打包成一个完整的方案，给客户进行提供。\n所以这块的话，我们整个经过我们这几个月实验下来之后，我们从我们自己推理来讲，我们觉得第一个，我们选择欧拉这条路是对的。\n第二个，我们整个团队的选择的方向没什么问题，后续的话我们会加强这个跟欧拉的合作，包括到明年Q1，新的350P的芯片出来之后，我们也会跟欧拉一起第一时间去做适配。\n完了之后，结合我们的DeepInsight能力，我们会在推出我们的多模态的一些产品和方案，完了之后更好地去给客户提供一些服务。",
      "start_ms": 325920,
      "end_ms": 386740,
      "material_ids": [
        "chunk_00/slide_008"
      ],
      "summary_hint": "讲者分享了近期的技术进展，如通过LMCache将多轮交互时延降低20%-30%，并介绍了后续集成expert和DeepInsight等技术的规划。",
      "notes": "规划的首句与上一段的尾句重复，根据语义将本段起点对齐到下一句字幕（ID: 49）的开头。",
      "lead_text": "可以看到这几个月我们进步非常快，整个完了之后，我们在一个相对来说，一个相对廉价的平台上，达到了一个足够好的性能，做了这件事情。",
      "tail_text": "完了之后，结合我们的DeepInsight能力，我们会在推出我们的多模态的一些产品和方案，完了之后更好地去给客户提供一些服务。",
      "text_span": {
        "start": 47,
        "end": 53
      }
    },
    {
      "id": "sec_6",
      "index": 5,
      "title": "总结与致谢",
      "time_range": "00:06:27,080 - 00:07:17,000",
      "summary": "讲者首先总结了与欧拉在推理方案上的合作情况并致谢。随后，主持人回顾并高度评价了“宝智灵”RAG一体机方案，强调其结合社区 intelligence boom 后，在成本上实现了从百万级到十万级的显著降低，是一个很好的案例。",
      "refined_script": "### 方案总结：与欧拉社区合作的推理解决方案\n\n本次介绍了与欧拉（Euler）社区在推理领域的合作方案，核心产品为“宝智灵”RAG一体机。\n\n#### “宝智灵”RAG一体机\n这是一款集高性能、低成本、易用性于一体的推理解决方案。\n\n#### 核心成果：显著降低成本\n该方案通过与社区的 \"intelligence boom\" 相结合，实现了显著的成本优化，成为一个典型的成功案例。\n\n- **成本变化**：推理解决方案的成本从 **百万级** 降低至 **十万级**。\n- **降幅**：带来了近 **十倍** 的成本下降。",
      "original_script": "这个是我们今天想给各位领导汇报的就是我们在跟欧拉合作这块，在推理这块的方案情况，大致情况就这样。\n好，感谢，谢谢。\n谢谢。\n好，那个非常感谢金老师给我们带来的这个“宝智灵”RAG一体机的这个解决方案，极具高性、低成本、易使用的这个推理解决方案。\n我们可以看到刚才跟社区的intelligence boom结合之后，它从一个推理的解决方案从百万级降低到十万级的这样一个水平，将近带来十来倍的一个成本的下降，是一个很好的这个案例啊。\n好。",
      "start_ms": 387080,
      "end_ms": 437000,
      "material_ids": [
        "chunk_00/slide_009",
        "chunk_00/slide_010"
      ],
      "summary_hint": "讲者总结了与欧拉在推理方案上的合作情况并致谢，主持人对演讲内容进行了回顾和高度评价。",
      "notes": "主持人再次强调了该方案在成本效益上的显著成果，将推理解决方案从百万级降低到十万级。",
      "lead_text": "这个是我们今天想给各位领导汇报的就是我们在跟欧拉合作这块，在推理这块的方案情况，大致情况就这样。",
      "tail_text": "好。",
      "text_span": {
        "start": 55,
        "end": 60
      }
    }
  ]
}