{
  "address": "day1_main/part_07/final/02_merge_subtitles",
  "status": "completed",
  "input": {
    "part_start": 3410.78,
    "part_duration": 861.3899999999999,
    "chunk_indices": [
      0
    ],
    "pre_ctx_seconds": 20.0,
    "post_ctx_seconds": 20.0,
    "head_guard_seconds": 15.0,
    "tail_guard_seconds": 10.0,
    "output_name": "part_subtitles_aligned.srt",
    "debug_prefix": "boundary"
  },
  "output": [
    {
      "index": 1,
      "start": 3.74,
      "end": 10.52,
      "text": "将openEuler社区深度协同，以超节点技术重构算力基础设施，让每份算力精准匹配业务需求。"
    },
    {
      "index": 2,
      "start": 10.52,
      "end": 25.76,
      "text": "接下来，让我们有请百度智能云混合云部总经理杜海先生带来《AI算力的极限挑战：百度Linux支持超大规模集群基础设施建设实践》的主题演讲。"
    },
    {
      "index": 3,
      "start": 26.08,
      "end": 27.675,
      "text": "大家掌声有请。"
    },
    {
      "index": 4,
      "start": 49.33,
      "end": 60.355,
      "text": "各位嘉宾，大家好，非常高兴来到openEuler操作系统大会，和大家分享关于百度智能云在操作系统和智算领域的一些实践和探索。"
    },
    {
      "index": 5,
      "start": 61.06,
      "end": 72.12,
      "text": "百度智能云混合云历经十年耕耘，已为金融、制造、汽车、政务等千行百业提供了各类的解决方案和产品的支撑。"
    },
    {
      "index": 6,
      "start": 72.98,
      "end": 76.895,
      "text": "非常感谢客户的信任，也始终是我们前行的动力。"
    },
    {
      "index": 7,
      "start": 77.58,
      "end": 87.94,
      "text": "随着人工智能技术的飞速发展，作为AI基础设施的服务提供者，百度混合云产品也遇到了新机遇和新的挑战。"
    },
    {
      "index": 8,
      "start": 88.62,
      "end": 99.26,
      "text": "这也带来了我今天想与大家分享的主题：AI算力的极限挑战：BaiduLinux支持超大规模集群基础设施建设实践。"
    },
    {
      "index": 9,
      "start": 103.08,
      "end": 111.38,
      "text": "当下在国家大力引导智算中心高质量发展的战略背景下，我国的智算算力实现了跨越式的增长。"
    },
    {
      "index": 10,
      "start": 112.0,
      "end": 122.465,
      "text": "从百卡、千卡，再到当前万卡的集群规模，可以说超大规模智算集群将会成为下一代AI技术的基础。"
    },
    {
      "index": 11,
      "start": 123.38,
      "end": 131.365,
      "text": "作为国内AI领域的先行者，百度深度参与了这一进程，成功打造了多个大规模智算集群。"
    },
    {
      "index": 12,
      "start": 132.09,
      "end": 140.805,
      "text": "特别是今年4月，我们正式点亮了全国产化算力的3.2万卡的超大规模的智算集群。"
    },
    {
      "index": 13,
      "start": 141.56,
      "end": 151.345,
      "text": "这也是我们整个国产化从芯片到云底座、到操作系统、到框架，完整技术栈的集中体现。"
    },
    {
      "index": 14,
      "start": 152.34,
      "end": 158.82,
      "text": "首先，这个集群采用了自主的算力，实现了核心技术的自主创新。"
    },
    {
      "index": 15,
      "start": 159.68,
      "end": 173.715,
      "text": "此外，集群的整体算力规模达到了万P以上，并且能够做到万卡的有效训练时间以及能效都做到了国内和国际的领先水平。"
    },
    {
      "index": 16,
      "start": 174.5,
      "end": 185.335,
      "text": "同时在建成后，集群到目前都维持了稳定的运行状态，拿到了唯一的万卡规模智算集群服务稳定性的五星级认证。"
    },
    {
      "index": 17,
      "start": 187.48,
      "end": 199.685,
      "text": "结合实际经验，我们今年以混合云为基础，升级了超万卡智算集群的产品方案，把智算的核心技术与混合云的安全与扩展能力进行了融合。"
    },
    {
      "index": 18,
      "start": 200.55,
      "end": 212.1,
      "text": "提供从机房建设、云平台部署到算力调度与智能运维的全栈产品和服务体系，可以覆盖建设与使用的全生命周期。"
    },
    {
      "index": 19,
      "start": 213.56,
      "end": 217.63,
      "text": "构建大规模智算集群，离不开底层技术的支撑。"
    },
    {
      "index": 20,
      "start": 218.43,
      "end": 233.805,
      "text": "在整个超大集群架构当中，云底座层的基础就是我们的智能化操作系统BaiduLinux CloudOS，它也为整个集群提供稳定、高效的运行环境。"
    },
    {
      "index": 21,
      "start": 235.1,
      "end": 243.32,
      "text": "当前智算领域进入高速发展的关键阶段，也带来了技术架构的升级与解决方案的持续迭代。"
    },
    {
      "index": 22,
      "start": 243.88,
      "end": 255.64,
      "text": "接下来，我要分享一下在这个背景下，我们在架构、效能以及安全方面做的相关革新，以及我们的解决思路。"
    },
    {
      "index": 23,
      "start": 257.35,
      "end": 262.645,
      "text": "首先是算力规模的扩大，直接带来了算力架构的革新。"
    },
    {
      "index": 24,
      "start": 263.43,
      "end": 273.075,
      "text": "在整个Scale-out的方向上，集群规模迅速扩大，对组网、路由和负载均衡都提出了新的要求。"
    },
    {
      "index": 25,
      "start": 273.97,
      "end": 288.695,
      "text": "为突破单元区电力与空间的限制，我们也推出了跨园区的RDMA长传方案，可以实现150公里的无损传输，并将大模型训练的损耗控制在3%以内。"
    },
    {
      "index": 26,
      "start": 289.59,
      "end": 302.465,
      "text": "同时面对超大规模组网的挑战，我们采用路由聚合与多平面组网等技术，构建了支持10万卡规模的高性能、高可靠智算集群架构。"
    },
    {
      "index": 27,
      "start": 303.98,
      "end": 315.32,
      "text": "在Scale-up的方向上，超节点产品通过高速互联技术将多台服务器内的加速卡做紧密耦合，形成统一的高性能算力单元。"
    },
    {
      "index": 28,
      "start": 316.0,
      "end": 321.745,
      "text": "这一革新从根本上解决了单机算力不足和跨机通信的瓶颈问题。"
    },
    {
      "index": 29,
      "start": 322.65,
      "end": 327.265,
      "text": "业内围绕算力密度这一目标有不少的方案推出。"
    },
    {
      "index": 30,
      "start": 328.3,
      "end": 339.42,
      "text": "比如，我们今年也陆续发布了多款超节点产品，包括昨天在百度世界大会上发布的百度天池超节点产品，"
    },
    {
      "index": 31,
      "start": 340.1,
      "end": 348.245,
      "text": "大幅提升了卡间的互联带宽和性能，甚至单个超节点产品也能完成万亿参数的模型训练。"
    },
    {
      "index": 32,
      "start": 349.26,
      "end": 356.985,
      "text": "这些不同规格的超节点产品可以为不同规模和目标的用户提供合适的“算力单元”。"
    },
    {
      "index": 33,
      "start": 357.89,
      "end": 366.33,
      "text": "对于超节点整个高密度的算力集群而言，算力的高度集成化离不开操作系统的支撑。"
    },
    {
      "index": 34,
      "start": 367.17,
      "end": 388.315,
      "text": "openEuler和BaiduLinux CloudOS，我们共同协作，通过统一内存管理、异构调度框架等技术，智能分配计算任务到CPU或者是XPU，实现数据的零拷贝流动，真正将硬件集群转化为一台统一高效的超级计算机。"
    },
    {
      "index": 35,
      "start": 389.36,
      "end": 392.54,
      "text": "超节点的另一个核心技术是高速互联。"
    },
    {
      "index": 36,
      "start": 393.2,
      "end": 405.434,
      "text": "在这个方向，业内也在积极突破，比如华为也推出了“灵虬”方案，也看到正式的开源作为整个业内的通用能力。"
    },
    {
      "index": 37,
      "start": 406.09,
      "end": 421.885,
      "text": "百度也基于开放兼容的理念，推出了自研互联通信协议XPU-Link，可以兼容主流的Scale-up的通信标准，同时也携手生态伙伴共同推动国产AI的算力发展。"
    },
    {
      "index": 38,
      "start": 423.74,
      "end": 434.68,
      "text": "当前在智算领域，我们观察到一个明显的趋势，行业的焦点正从如何把基础设施建好，全面转向如何把算力用好。"
    },
    {
      "index": 39,
      "start": 435.38,
      "end": 441.56,
      "text": "今天我想从两个关键维度来分享一下，算力如何进行高效的释放。"
    },
    {
      "index": 40,
      "start": 442.24,
      "end": 447.36,
      "text": "第一，全链路优化是整个算力效能释放的基础。"
    },
    {
      "index": 41,
      "start": 448.08,
      "end": 465.135,
      "text": "AI训练和推理是紧密关联的系统级任务，任何单点的优化都很难保障效能的全局最优，因此必须要进行从模型到框架、到操作系统、再到芯片层的全链路协同优化。"
    },
    {
      "index": 42,
      "start": 466.18,
      "end": 469.185,
      "text": "我们也是做了三个层面的深度协同。"
    },
    {
      "index": 43,
      "start": 469.9,
      "end": 485.175,
      "text": "在基础设施层，BaiduLinux CloudOS通过异构算力协同技术，把单机推理性能提升了一倍以上，并且通过可编程的缓存技术，显著降低了模型的加载延迟。"
    },
    {
      "index": 44,
      "start": 486.79,
      "end": 497.705,
      "text": "在资源管理层，我们基于云原生底座和智能调度优化，实现了毫秒级的操作响应，并能在分钟级完成上百个任务的调度。"
    },
    {
      "index": 45,
      "start": 498.89,
      "end": 508.225,
      "text": "在AI任务层，通过模型结构、训练策略和推理引擎的协同优化，全面提升了单卡吞吐和整体的性能。"
    },
    {
      "index": 46,
      "start": 509.73,
      "end": 514.05,
      "text": "第二，高效运维是保障算力持续输出的关键。"
    },
    {
      "index": 47,
      "start": 514.77,
      "end": 523.75,
      "text": "随着模型参数突破万亿，集群规模迈向万卡，系统的复杂度和故障率大幅提升。"
    },
    {
      "index": 48,
      "start": 524.35,
      "end": 535.115,
      "text": "我们也面临多个挑战：第一是故障复现成本高；第二是性能问题定位困难；第三是异构工具协同复杂。"
    },
    {
      "index": 49,
      "start": 535.93,
      "end": 547.43,
      "text": "为此，我们和openEuler联合打造了一站式的运维平台，通过整合全栈监控工具，实现跨层数据的统一采集和智能分析。"
    },
    {
      "index": 50,
      "start": 548.43,
      "end": 560.045,
      "text": "平台能够自动定位95%以上的慢节点问题，并将性能问题定位和定位到快速的故障发生节点。"
    },
    {
      "index": 51,
      "start": 561.19,
      "end": 576.895,
      "text": "并且通过全局的可视化界面，把运维团队能够提供的工具链和能够提供的自动化运维工具和故障节点和故障根因进行快速关联，实现自动化运维。"
    },
    {
      "index": 52,
      "start": 577.96,
      "end": 588.455,
      "text": "总的来说，通过以上两点全链路优化和智能运维的双轮驱动，可以把算力资源高效、可靠地转化为AI生产力。"
    },
    {
      "index": 53,
      "start": 590.17,
      "end": 600.13,
      "text": "当我们基本解决算力建得好和用得好的问题，下一个要跨越的问题就是安全，也就是解决如何能用得安心的问题。"
    },
    {
      "index": 54,
      "start": 600.79,
      "end": 607.515,
      "text": "保障模型与数据在运行时的安全，成为释放算力潜能的核心命题。"
    },
    {
      "index": 55,
      "start": 608.66,
      "end": 620.78,
      "text": "当前，尽管数据在存储和传输中已经进行了加密保护，但在实际计算中还是以明文形态存储在内存，存在严重的安全隐患。"
    },
    {
      "index": 56,
      "start": 621.62,
      "end": 624.805,
      "text": "机密计算是破解这一问题的关键技术。"
    },
    {
      "index": 57,
      "start": 626.02,
      "end": 637.545,
      "text": "为此，通过BaiduLinux CloudOS和openEuler的深度融合，我们打造了高安全、高易用、低开销的异构机密计算的解决方案。"
    },
    {
      "index": 58,
      "start": 638.68,
      "end": 648.635,
      "text": "通过硬件级的隔离与内存加密的技术，实现了数据在计算状态的全周期、全生命周期安全可信。"
    },
    {
      "index": 59,
      "start": 649.5,
      "end": 657.065,
      "text": "另外，方案原生支持机密虚拟机，兼容现有生态，显著降低了迁移成本。"
    },
    {
      "index": 60,
      "start": 658.01,
      "end": 668.165,
      "text": "我们还创新的使用了机密直通技术，实现机密虚拟机可以直接访问加速卡，告别数据中转，保障了使用性能。"
    },
    {
      "index": 61,
      "start": 669.89,
      "end": 672.75,
      "text": "那么回到百度和openEuler的合作。"
    },
    {
      "index": 62,
      "start": 673.35,
      "end": 720.05,
      "text": "实际上从2021年起，百度就与openEuler社区展开了密切的合作。"
    },
    {
      "index": 63,
      "start": 680.67,
      "end": 696.87,
      "text": "我们共同发布并持续演进了BaiduLinux智能云操作系统，随后又将其升级为现在的智能原生底座操作系统，全面支撑百度的千帆大模型平台和百舸异构计算平台。"
    },
    {
      "index": 64,
      "start": 697.53,
      "end": 702.095,
      "text": "到目前已在内外多场景部署的规模超过2万套。"
    },
    {
      "index": 65,
      "start": 703.45,
      "end": 708.335,
      "text": "百度也同时作为用户委员会的委员，持续参与社区共建。"
    },
    {
      "index": 66,
      "start": 709.58,
      "end": 724.18,
      "text": "作为我们和openEuler重要的合作成果，BaiduLinux CloudOS在智算集群架构中处于重要的位置，承担我们整个智算体系当中承上启下的重要作用。"
    },
    {
      "index": 67,
      "start": 724.9,
      "end": 736.34,
      "text": "这也是我们跟openEuler深度协同，充分借助其在生态、运维与创新方面的优势，经过一年多的联合创新，共同打造的新一代操作系统。"
    },
    {
      "index": 68,
      "start": 737.83,
      "end": 751.725,
      "text": "集成了openEuler全栈观测与协同分析的能力，并且引入了基于机密计算的大模型运行时安全机制，提升智算场景下的运维效率和安全水平。"
    },
    {
      "index": 69,
      "start": 752.82,
      "end": 757.2,
      "text": "面向未来，百度也将持续与开源社区合作。"
    },
    {
      "index": 70,
      "start": 757.8,
      "end": 771.19,
      "text": "我们将基于BaiduLinux CloudOS在全场景的实践，提炼共性需求，与社区开展联合创新，共同推动操作系统技术在更多行业落地。"
    },
    {
      "index": 71,
      "start": 772.0,
      "end": 776.79,
      "text": "在社区共建上，未来我们也将重点投入在三个方向。"
    },
    {
      "index": 72,
      "start": 777.61,
      "end": 787.245,
      "text": "第一，联合发布业内首个Arm CCA机密计算解决方案，并推动该技术从通用计算走向智能计算。"
    },
    {
      "index": 73,
      "start": 788.3,
      "end": 794.685,
      "text": "第二，作为异构融合产学研联盟首批成员，和社区共建软件标准。"
    },
    {
      "index": 74,
      "start": 795.98,
      "end": 803.855,
      "text": "第三，积极参加AI工作组，打造智能化平台，助力企业进行智能化转型。"
    },
    {
      "index": 75,
      "start": 805.9,
      "end": 821.065,
      "text": "在技术联创方面，我们也将聚焦三个领域：第一，面向超节点，攻关内存池化、设备池化、通信加速等核心技术，打造超节点原生的操作系统。"
    },
    {
      "index": 76,
      "start": 822.12,
      "end": 829.984,
      "text": "第二，在系统智能化方面，打造操作系统领域的旗舰产品，提升系统部署和运维效率。"
    },
    {
      "index": 77,
      "start": 830.98,
      "end": 840.0,
      "text": "第三，在机密计算领域，推进机密计算从虚拟机向容器演进，构建全栈安全方案。"
    },
    {
      "index": 78,
      "start": 841.4,
      "end": 844.065,
      "text": "最后，再次感谢openEuler的邀请。"
    },
    {
      "index": 79,
      "start": 844.98,
      "end": 854.14,
      "text": "智能生成无限可能，也欢迎大家进一步来了解百度智能云，了解我们的智算原生混合云产品。谢谢大家。"
    },
    {
      "index": 80,
      "start": 854.8,
      "end": 859.425,
      "text": "谢谢，非常感谢杜海先生给我们带来精彩的分享，请您回席就座。"
    },
    {
      "index": 81,
      "start": 859.425,
      "end": 860.99,
      "text": "谢谢。"
    }
  ],
  "artifacts": [
    "output/day1_main/part_07/final/02_merge_subtitles/artifacts/part_subtitles_aligned.srt"
  ],
  "metadata": {
    "chunks": 1,
    "boundaries": 0,
    "line_count": 81,
    "mode": "single_chunk"
  },
  "trace_id": null,
  "duration_ms": 12,
  "started_at": "2025-12-17T19:50:53.081242",
  "completed_at": "2025-12-17T11:50:53.096704",
  "step_config": {},
  "dependencies": []
}