{
  "address": "ai_session/part_01/chunk_00/09_apply_crop/slide_003",
  "status": "completed",
  "input": {
    "image_path": "output/ai_session/part_01/chunk_00/07_capture_frame/slide_003/artifacts/slide_003.png",
    "crop_region": {
      "x": 796,
      "y": 149,
      "width": 1123,
      "height": 930
    }
  },
  "output": "output/ai_session/part_01/chunk_00/09_apply_crop/slide_003/artifacts/slide_003.png",
  "artifacts": [
    "output/ai_session/part_01/chunk_00/09_apply_crop/slide_003/artifacts/slide_003.png"
  ],
  "metadata": {
    "source": "output/ai_session/part_01/chunk_00/07_capture_frame/slide_003/artifacts/slide_003.png",
    "applied": true,
    "crop_region": {
      "x": 796,
      "y": 149,
      "width": 1123,
      "height": 930
    },
    "size": {
      "width": 1123,
      "height": 930
    }
  },
  "trace_id": null,
  "duration_ms": 146,
  "started_at": "2025-12-15T22:21:11.734917",
  "completed_at": "2025-12-15T14:21:11.917407",
  "step_config": {},
  "dependencies": [
    "capture_frame",
    "crop_decision"
  ]
}