{
  "address": "ScienceEducationInnovation/part_03/final/07_script_refine/7",
  "status": "completed",
  "input": {
    "narrative": {
      "id": "sec_008",
      "index": 7,
      "title": "原型系统SysArmor与未来展望展示开源原型系统SysArmor及相关研究成果，并对未来社区建设、数据共享及应用扩展进行展望。",
      "time_range": "00:16:58,040 - 00:20:25,000",
      "script": "相比 Sysdig 或 Linux Audit 等主流工具，开销降低了一个数量级。\n我们实现了一个原型系统 SysArmor，并已在 openEuler 社区开源。\n它可以实现端到端的攻击检测，并支持通过大模型询问攻击详情。\n此外，我们还有其他相关工作，如针对 Wasm 的符号执行工具 WASEM、二进制模糊测试工具 SPfuzz 等。\n未来工作方面，我们计划在 openEuler 社区持续迭代 SysArmor 系统。\n并希望以合适的方式（如隐私保护系统）公开数据集，支持社区算法迭代。\n我们也欢迎各位老师和同学参与建设。系统安全是目前非常热门的研究方向。\n最后，我们正尝试将核心算法扩展到大模型安全和金融反欺诈等更广泛的领域。\n以上就是我们的工作。再次感谢华为和 openEuler 的支持。谢谢大家。\n感谢李老师的专业分享。接下来是提问环节，现场的朋友如有疑问请举手示意。\n如果没有，再次感谢李老师带来的精彩分享。谢谢。\n[掌声]",
      "summary": ""
    }
  },
  "output": {
    "section_id": "sec_008",
    "index": 7,
    "title": "原型系统SysArmor与未来展望展示开源原型系统SysArmor及相关研究成果，并对未来社区建设、数据共享及应用扩展进行展望。",
    "time_range": "00:16:58,040 - 00:20:25,000",
    "refined_script": "# SysArmor：开源系统安全原型及其演进路线\n\n## 1. 系统概述与核心优势\n\n**SysArmor** 是一个已在 **openEuler** 社区开源的系统安全原型，旨在提供高效、智能的端到端攻击检测能力。\n\n### 1.1 性能表现\n与行业主流工具（如 Sysdig、Linux Audit）相比，SysArmor 在资源开销上实现了显著优化，其**开销降低了一个数量级**，更适用于对性能敏感的生产环境。\n\n### 1.2 核心功能\n- **端到端检测**：覆盖从威胁感知到响应的完整攻击链路。\n- **大模型集成**：支持通过大语言模型（LLM）进行交互式查询，用户可直接询问攻击详情，降低了安全分析的门槛。\n\n---\n\n## 2. 相关研究工具链\n\n除了 SysArmor，团队在系统安全领域还构建了多维度的研究工具：\n\n| 工具名称 | 技术领域 | 功能描述 |\n| :--- | :--- | :--- |\n| **WASEM** | WebAssembly 安全 | 针对 Wasm 的符号执行工具 |\n| **SPfuzz** | 二进制安全 | 专为二进制文件设计的模糊测试（Fuzzing）工具 |\n\n---\n\n## 3. 未来演进与社区规划\n\n### 3.1 社区迭代与数据共享\n- **持续迭代**：依托 openEuler 社区，对 SysArmor 系统进行长期的功能优化与版本更新。\n- **数据集公开**：计划通过隐私保护系统等合规方式公开研究数据集，旨在支持社区算法的共同迭代与验证。\n\n### 3.2 跨领域应用扩展\n团队正致力于将 SysArmor 的核心算法迁移并扩展至更多高价值领域：\n- **大模型安全**：探索针对 LLM 基础设施的安全防护。\n- **金融反欺诈**：利用底层系统行为分析提升金融业务的风险防控能力。\n\n---\n\n## 4. 结语\n系统安全作为当前学术界与工业界的热点方向，具有广阔的研究前景。我们诚邀各位专家与同学加入 openEuler 社区参与建设。本研究得到了华为及 openEuler 社区的大力支持。",
    "summary": "",
    "original_script": "相比 Sysdig 或 Linux Audit 等主流工具，开销降低了一个数量级。\n我们实现了一个原型系统 SysArmor，并已在 openEuler 社区开源。\n它可以实现端到端的攻击检测，并支持通过大模型询问攻击详情。\n此外，我们还有其他相关工作，如针对 Wasm 的符号执行工具 WASEM、二进制模糊测试工具 SPfuzz 等。\n未来工作方面，我们计划在 openEuler 社区持续迭代 SysArmor 系统。\n并希望以合适的方式（如隐私保护系统）公开数据集，支持社区算法迭代。\n我们也欢迎各位老师和同学参与建设。系统安全是目前非常热门的研究方向。\n最后，我们正尝试将核心算法扩展到大模型安全和金融反欺诈等更广泛的领域。\n以上就是我们的工作。再次感谢华为和 openEuler 的支持。谢谢大家。\n感谢李老师的专业分享。接下来是提问环节，现场的朋友如有疑问请举手示意。\n如果没有，再次感谢李老师带来的精彩分享。谢谢。\n[掌声]"
  },
  "artifacts": [
    "output/ScienceEducationInnovation/part_03/final/07_script_refine/7/artifacts/section_sec_008_refined.md"
  ],
  "metadata": {
    "refined_length": 895,
    "original_length": 420,
    "summary_length": 0
  },
  "trace_id": "e8e968b7-4799-4cb3-9407-ca60faa4b9d0",
  "duration_ms": 47003,
  "started_at": "2025-12-19T01:26:36.934797",
  "completed_at": "2025-12-18T17:27:23.938885",
  "step_config": {
    "model": "gemini-3-flash-preview",
    "temperature": 0.2,
    "prompt_file": "/Users/lichuan/Codes/TalkDistill/config/prompts/script_refine.md",
    "schema_file": "/Users/lichuan/Codes/TalkDistill/config/schemas/script_refine.json"
  },
  "dependencies": [
    "section_timing"
  ]
}