{
  "address": "ScienceEducationInnovation/part_02/chunk_00/08_crop_decision/slide_040",
  "status": "completed",
  "input": {
    "image_path": "output/ScienceEducationInnovation/part_02/chunk_00/07_capture_frame/slide_040/artifacts/slide_040.png",
    "slide_index": 40,
    "slide_title": "研究工作影响力 在阿里巴巴、快手、NVIDIA、Intel等企业的落地与应用"
  },
  "output": null,
  "artifacts": [
    "output/ScienceEducationInnovation/part_02/chunk_00/07_capture_frame/slide_040/artifacts/slide_040.png"
  ],
  "metadata": {
    "needs_crop": false,
    "reason": "MANUAL_NO_CROP",
    "manual_override": true
  },
  "trace_id": null,
  "duration_ms": 0,
  "started_at": "2025-12-18T16:37:52.032969",
  "completed_at": "2025-12-18T16:37:52.032969",
  "step_config": {
    "manual_override": true
  },
  "dependencies": [
    "capture_frame"
  ]
}