{
  "id": "sec_004",
  "index": 3,
  "title": "平台技术架构",
  "time_range": "00:02:35,390 - 00:05:26,825",
  "script": "这是我们平台的一个框架图。\n它自下而上体现了数据流转与价值提炼的过程。\n最底层是我们的采集。作为一个操作系统厂商，我们关于系统监控已经有了非常成熟的解决方案，也覆盖了很多应用场景。\n无论是硬件、系统、JVM容器，还是应用或动环系统，我们都有覆盖。\n对于数据这一块，覆盖也非常全面，包括系统、服务、进程、分区、网络等。总之，所有系统级和应用级的数据都有非常全面的监控。\n在监控这块，对于运维来说，监控数据的准确性非常重要。\n另外，监控对性能的开销要求非常小，所以我们在这块也做了大量工作进行优化。\n在其上，我们有一个系统运行、系统行为和资产告警的模型。\n我们对整个监控数据进行了抽象，抽象成这三个模型。\n然后根据抽象数据和采集数据，进行系统告警、行为告警和智能告警，并结合根因分析智能体，进行实时的告警分析。\n在其上，我们的平台提供了一些开箱即用的工具，比如基线核查、系统巡检、\n智能对话、调优自愈、漏洞扫描与修复等运维工具。\n最上面是我们必不可少的前端界面，这里就不详细介绍了。\n为了保证平台本身的可靠性和高性能，我们也设计了高可用的网络架构。\n通过多区域部署、负载均衡和冗余链路，保障监控数据的采集与控制指令的下发，\n为上层的智能应用打下坚实的网络基础。\n我们平台现在已支持接入国网的光明大模型、南网的大问头模型，以及市面上常见的千问、DeepSeek等主流模型。",
  "summary": "该平台技术架构自下而上地展示了数据流转与价值提炼的过程，从全面、低开销的底层数据采集，到模型抽象与实时告警分析，再到上层的开箱即用运维工具。平台通过高可用网络架构保障系统可靠性，并已支持接入国网光明、南网大问头及千问等多种主流大模型。"
}