{
  "address": "ai_session/part_00/chunk_00/09_apply_crop/slide_008",
  "status": "completed",
  "input": {
    "image_path": "output/ai_session/part_00/chunk_00/07_capture_frame/slide_008/artifacts/slide_008.png",
    "crop_region": {
      "x": 921,
      "y": 183,
      "width": 998,
      "height": 756
    }
  },
  "output": "output/ai_session/part_00/chunk_00/09_apply_crop/slide_008/artifacts/slide_008.png",
  "artifacts": [
    "output/ai_session/part_00/chunk_00/09_apply_crop/slide_008/artifacts/slide_008.png"
  ],
  "metadata": {
    "source": "output/ai_session/part_00/chunk_00/07_capture_frame/slide_008/artifacts/slide_008.png",
    "applied": true,
    "crop_region": {
      "x": 921,
      "y": 183,
      "width": 998,
      "height": 756
    },
    "size": {
      "width": 998,
      "height": 756
    }
  },
  "trace_id": null,
  "duration_ms": 533,
  "started_at": "2025-12-15T21:22:58.818113",
  "completed_at": "2025-12-15T13:22:59.354244",
  "step_config": {},
  "dependencies": [
    "capture_frame",
    "crop_decision"
  ]
}