{
  "address": "ai_session/part_00/final/10_part_digest",
  "status": "completed",
  "input": {
    "part_index": 0,
    "part_start_s": 0.49,
    "part_duration_s": 1201.869,
    "sections": [
      {
        "id": "sec_1",
        "index": 0,
        "title": "论坛开场与嘉宾介绍",
        "time_range": "00:00:00,500 - 00:02:03,000",
        "summary": "主持人杜海田为 openEuler Summit 2025 AI分论坛开场。他简要回顾了 openEuler 发展的三个阶段，并重点介绍了当前在 AI 领域的布局、理念及 SIG 组协同成果。最后，他隆重介绍并邀请第一位演讲嘉宾——来自深信服科技的孙政华先生上台分享。",
        "start_ms": 500,
        "end_ms": 123000,
        "material_ids": [
          "chunk_00/slide_001",
          "chunk_00/slide_002"
        ]
      },
      {
        "id": "sec_2",
        "index": 1,
        "title": "AI Agent时代背景与OS维护挑战",
        "time_range": "00:02:22,500 - 00:08:43,659",
        "summary": "在AI Agent的应用元年背景下，讲者指出了操作系统（OS）维护面临的四大核心挑战。这些挑战包括：需要耗费大量人力的补丁合入（Patch Merging）与集成测试；设备日常巡检与运维中存在大量无效和重复的Bug上报；以及对专家经验依赖极高、自动化程度低的内核崩溃（Vmcore）分析。",
        "start_ms": 142500,
        "end_ms": 523659,
        "material_ids": [
          "chunk_00/slide_003",
          "chunk_00/slide_004"
        ]
      },
      {
        "id": "sec_3",
        "index": 2,
        "title": "实践案例一：补丁合并（Patch Merging）",
        "time_range": "00:08:43,660 - 00:15:35,359",
        "summary": "本节以补丁合并（Patch Merging）为例，介绍了如何通过自然语言输入，让 AI Agent 自动完成内核代码的差异分析、生成报告并等待人工确认。其内部实现基于一个由大模型驱动的工作流，该工作流会自动编排补丁分析、代码整理等多个 Agent，以处理代码合并与冲突解决。该实践将原先耗时数周的分析工作缩短至一到两个小时，分析准确率达到90%以上，极大地提升了效率。",
        "start_ms": 523660,
        "end_ms": 935359,
        "material_ids": [
          "chunk_00/slide_005",
          "chunk_00/slide_006",
          "chunk_00/slide_007"
        ]
      },
      {
        "id": "sec_4",
        "index": 3,
        "title": "实践案例二与三：集成测试及Vmcore分析",
        "time_range": "00:15:35,359 - 00:16:59,885",
        "summary": "本节介绍了两个实践案例。在集成测试中，通过 Agent 实现了基于 commit 信息的用例自动生产、执行与入库，未来将增强对代码上下文的理解。在 Vmcore 分析中，集成了多个 Agent 进行堆栈遍历、寄存器解析和死锁分析等智能检测，并由研判 Agent 综合结果给出原因和解决方案，强调人机协同。",
        "start_ms": 935359,
        "end_ms": 1019885,
        "material_ids": [
          "chunk_00/slide_008",
          "chunk_00/slide_009"
        ]
      },
      {
        "id": "sec_5",
        "index": 4,
        "title": "技术架构与团队组建原则",
        "time_range": "00:17:01,000 - 00:19:04,959",
        "summary": "该项目的技术架构依托于 openEuler intelligence，分为交互控制、智能分析和执行引擎三层，以保障交互便利性与代码安全。在团队组建与开发原则上，项目初期不追求完全自动化，而是强调人机协同，目标是先打通完整流程，再优化关键Agent的效率。为此，团队引入了监督Agent角色，以自动校准和加强执行结果，从而逐步减少人工介入。",
        "start_ms": 1021000,
        "end_ms": 1144959,
        "material_ids": [
          "chunk_00/slide_010",
          "chunk_00/slide_011",
          "chunk_00/slide_012"
        ]
      },
      {
        "id": "sec_6",
        "index": 5,
        "title": "演讲总结与致谢",
        "time_range": "00:19:15,000 - 00:20:01,210",
        "summary": "主持人总结了孙老师团队的分享，其团队利用 MCP 方式在补丁合并与自动化测试上取得了显著成果。其中，补丁覆盖效率从周级提升到小时级，准确率也从75%提升至93%，为未来的 OS 运维提供了重要思路。",
        "start_ms": 1155000,
        "end_ms": 1201210,
        "material_ids": [
          "chunk_00/slide_013",
          "chunk_00/slide_014"
        ]
      }
    ],
    "materials": [
      {
        "id": "chunk_00/slide_001",
        "type": "slide",
        "title": "AI分论坛 开场背景页",
        "start_ms": 500,
        "end_ms": 120500,
        "best_capture_ms": null
      },
      {
        "id": "chunk_00/slide_002",
        "type": "slide",
        "title": "基于openEuler intelligence 组建一支OS开发团队 演讲标题页",
        "start_ms": 121500,
        "end_ms": 140000,
        "best_capture_ms": null
      },
      {
        "id": "chunk_00/slide_003",
        "type": "slide",
        "title": "基于openEuler intelligence 组建一支OS开发团队 演讲标题页（画面闪烁后恢复）",
        "start_ms": 142500,
        "end_ms": 217500,
        "best_capture_ms": null
      },
      {
        "id": "chunk_00/slide_004",
        "type": "slide",
        "title": "OS Lifecycle workjob OS生命周期中的主要工作任务",
        "start_ms": 219000,
        "end_ms": 523000,
        "best_capture_ms": null
      },
      {
        "id": "chunk_00/slide_005",
        "type": "slide",
        "title": "用户旅程：基于MCP Servers实现人机协同 展示用户与Agent交互的流程图",
        "start_ms": 525000,
        "end_ms": 665000,
        "best_capture_ms": null
      },
      {
        "id": "chunk_00/slide_006",
        "type": "slide",
        "title": "Patch Merging - 技术实现 (白盒视角) 补丁合并的技术实现流程图",
        "start_ms": 667000,
        "end_ms": 855500,
        "best_capture_ms": null
      },
      {
        "id": "chunk_00/slide_007",
        "type": "slide",
        "title": "Patch Merging - 落地效果 补丁合并的落地效果柱状图",
        "start_ms": 857000,
        "end_ms": 934000,
        "best_capture_ms": null
      },
      {
        "id": "chunk_00/slide_008",
        "type": "slide",
        "title": "Integration Test/Bugfix 集成测试与Bug修复流程",
        "start_ms": 936000,
        "end_ms": 970500,
        "best_capture_ms": null
      },
      {
        "id": "chunk_00/slide_009",
        "type": "slide",
        "title": "Vmcore Analysis Vmcore分析流程",
        "start_ms": 972000,
        "end_ms": 1019500,
        "best_capture_ms": null
      },
      {
        "id": "chunk_00/slide_010",
        "type": "slide",
        "title": "技术架构：分层解耦驱动智能高效协同 分层技术架构图",
        "start_ms": 1021000,
        "end_ms": 1059500,
        "best_capture_ms": null
      },
      {
        "id": "chunk_00/slide_011",
        "type": "slide",
        "title": "组建一支专业的OS开发团队 展示Agent与团队角色的对应关系表",
        "start_ms": 1061000,
        "end_ms": 1111500,
        "best_capture_ms": null
      },
      {
        "id": "chunk_00/slide_012",
        "type": "slide",
        "title": "组建一支专业的OS开发团队 (Supervisor Agent) 强调Supervisor Agent的角色",
        "start_ms": 1113000,
        "end_ms": 1142500,
        "best_capture_ms": null
      },
      {
        "id": "chunk_00/slide_013",
        "type": "slide",
        "title": "谢谢 演讲结束页",
        "start_ms": 1144000,
        "end_ms": 1151500,
        "best_capture_ms": null
      },
      {
        "id": "chunk_00/slide_014",
        "type": "slide",
        "title": "AI分论坛 论坛背景页",
        "start_ms": 1153000,
        "end_ms": 1201869,
        "best_capture_ms": null
      }
    ],
    "graph": {
      "nodes": [
        {
          "id": "p1",
          "label": "OS维护核心挑战",
          "category": "Pillar",
          "references": {
            "section_ids": [
              "sec_2"
            ],
            "material_ids": [
              "chunk_00/slide_004"
            ],
            "highlight": {
              "primary_material_id": "chunk_00/slide_004",
              "primary_time_ts": "00:03:39,000",
              "primary_time_ms": 219000
            }
          },
          "parent": null,
          "summary": "在AI Agent时代，传统的操作系统（OS）维护面临四大核心挑战：补丁合入、集成测试、日常运维和内核崩溃分析。这些任务人力成本高、自动化程度低，且高度依赖专家经验，是引入AI Agent进行优化的主要动因。"
        },
        {
          "id": "p2",
          "label": "AI Agent实践案例",
          "category": "Pillar",
          "references": {
            "section_ids": [
              "sec_3",
              "sec_4"
            ],
            "material_ids": [
              "chunk_00/slide_005",
              "chunk_00/slide_006",
              "chunk_00/slide_007",
              "chunk_00/slide_008",
              "chunk_00/slide_009"
            ],
            "highlight": {
              "primary_material_id": "chunk_00/slide_005",
              "primary_time_ts": "00:08:45,000",
              "primary_time_ms": 525000
            }
          },
          "parent": null,
          "summary": "针对OS维护挑战，团队利用AI Agent技术构建了自动化解决方案。重点展示了补丁合并（Patch Merging）、集成测试和Vmcore分析三个场景的实践，通过人机协同显著提升了开发与运维效率。"
        },
        {
          "id": "p3",
          "label": "技术架构与原则",
          "category": "Pillar",
          "references": {
            "section_ids": [
              "sec_5"
            ],
            "material_ids": [
              "chunk_00/slide_010",
              "chunk_00/slide_011",
              "chunk_00/slide_012"
            ],
            "highlight": {
              "primary_material_id": "chunk_00/slide_010",
              "primary_time_ts": "00:17:01,000",
              "primary_time_ms": 1021000
            }
          },
          "parent": null,
          "summary": "分享了实践背后的技术支撑和团队开发方法论。技术上依托openEuler intelligence的分层架构，保障了交互便利与代码安全。原则上强调“人机协同”和“先打通再优化”，并引入监督Agent逐步减少人工介入。"
        },
        {
          "id": "d1_1",
          "label": "挑战一：补丁合入",
          "category": "Problem",
          "references": {
            "section_ids": [
              "sec_2"
            ],
            "material_ids": [
              "chunk_00/slide_004"
            ],
            "highlight": {
              "primary_material_id": "chunk_00/slide_004",
              "primary_time_ts": "00:04:33,000",
              "primary_time_ms": 273000
            }
          },
          "parent": "p1",
          "summary": "OS团队需频繁从社区同步成千上万的补丁，分析耗时巨大（千条补丁需80-100+小时），且有超过10%的补丁存在代码冲突，需要资深工程师人工解决，人力成本高昂。"
        },
        {
          "id": "d1_2",
          "label": "挑战二：集成测试",
          "category": "Problem",
          "references": {
            "section_ids": [
              "sec_2"
            ],
            "material_ids": [
              "chunk_00/slide_004"
            ],
            "highlight": {
              "primary_material_id": "chunk_00/slide_004",
              "primary_time_ts": "00:05:48,000",
              "primary_time_ms": 348000
            }
          },
          "parent": "p1",
          "summary": "补丁合入后需进行大规模集成测试，该过程高度依赖专家的系统测试经验，但即便投入大量资源，测试覆盖效果也有限，发现新问题的概率微乎其微。"
        },
        {
          "id": "d1_3",
          "label": "挑战三：日常巡检与运维",
          "category": "Problem",
          "references": {
            "section_ids": [
              "sec_2"
            ],
            "material_ids": [
              "chunk_00/slide_004"
            ],
            "highlight": {
              "primary_material_id": "chunk_00/slide_004",
              "primary_time_ts": "00:06:30,000",
              "primary_time_ms": 390000
            }
          },
          "parent": "p1",
          "summary": "维护上百套自动化设备时，日常巡检工作产生大量低效环节：超过15%的Bug报告无效，30%以上的问题重复上报，运维人员几乎100%在进行重复劳动。"
        },
        {
          "id": "d1_4",
          "label": "挑战四：Vmcore分析",
          "category": "Problem",
          "references": {
            "section_ids": [
              "sec_2"
            ],
            "material_ids": [
              "chunk_00/slide_004"
            ],
            "highlight": {
              "primary_material_id": "chunk_00/slide_004",
              "primary_time_ts": "00:07:50,000",
              "primary_time_ms": 470000
            }
          },
          "parent": "p1",
          "summary": "Vmcore分析是OS维护中最艰巨的任务，技术门槛极高，需资深内核专家介入，问题定位和修复周期长，且过程几乎完全依赖人工经验，自动化程度极低。"
        },
        {
          "id": "d2_1",
          "label": "实践一：自动化补丁合并",
          "category": "Technology",
          "references": {
            "section_ids": [
              "sec_3"
            ],
            "material_ids": [
              "chunk_00/slide_005",
              "chunk_00/slide_006"
            ],
            "highlight": {
              "primary_material_id": "chunk_00/slide_006",
              "primary_time_ts": "00:11:07,000",
              "primary_time_ms": 667000
            }
          },
          "parent": "p2",
          "summary": "通过AI Agent实现补丁合并自动化。用户通过自然语言下达指令，Agent自动完成代码差异分析、生成报告、合并代码及处理冲突。核心是基于大模型的工作流，可自动编排补丁分析、代码整理等多个Agent协同工作。"
        },
        {
          "id": "d2_2",
          "label": "实践二：自动化集成测试",
          "category": "Technology",
          "references": {
            "section_ids": [
              "sec_4"
            ],
            "material_ids": [
              "chunk_00/slide_008"
            ],
            "highlight": {
              "primary_material_id": "chunk_00/slide_008",
              "primary_time_ts": "00:15:36,000",
              "primary_time_ms": 936000
            }
          },
          "parent": "p2",
          "summary": "通过工作流集成多个Agent，实现测试自动化。用例生产Agent基于commit信息生成用例，用例执行Agent负责执行，用例入库Agent进行归档，替代了传统的人工编写自动化用例工作。"
        },
        {
          "id": "d2_3",
          "label": "实践三：智能化Vmcore分析",
          "category": "Technology",
          "references": {
            "section_ids": [
              "sec_4"
            ],
            "material_ids": [
              "chunk_00/slide_009"
            ],
            "highlight": {
              "primary_material_id": "chunk_00/slide_009",
              "primary_time_ts": "00:16:12,000",
              "primary_time_ms": 972000
            }
          },
          "parent": "p2",
          "summary": "在Vmcore分析工具中集成多个专用Agent，进行堆栈遍历、寄存器解析、死锁分析等智能检测。由一个“研判Agent”综合所有结果，给出故障原因和解决方案建议，实现高效的人机协同诊断。"
        },
        {
          "id": "d2_4",
          "label": "关键成果：效率与准确率",
          "category": "Result",
          "references": {
            "section_ids": [
              "sec_3",
              "sec_6"
            ],
            "material_ids": [
              "chunk_00/slide_007"
            ],
            "highlight": {
              "primary_material_id": "chunk_00/slide_007",
              "primary_time_ts": "00:14:17,000",
              "primary_time_ms": 857000
            }
          },
          "parent": "p2",
          "summary": "自动化补丁合并实践取得了显著成效：分析准确率通过多模型综合稳定在90%以上；开发人员的实际投入时间从数周缩短至1-2小时，实现了数量级的效率提升。"
        },
        {
          "id": "d3_1",
          "label": "三层技术架构",
          "category": "Concept",
          "references": {
            "section_ids": [
              "sec_5"
            ],
            "material_ids": [
              "chunk_00/slide_010"
            ],
            "highlight": {
              "primary_material_id": "chunk_00/slide_010",
              "primary_time_ts": "00:17:01,000",
              "primary_time_ms": 1021000
            }
          },
          "parent": "p3",
          "summary": "整体技术架构依托openEuler intelligence，分为三层：1. 交互控制层（集成于VS Code）；2. 智能分析层（调用内网大模型API，保障代码安全）；3. 执行引擎层（负责Agent调度与MCP服务）。"
        },
        {
          "id": "d3_2",
          "label": "原则一：人机协同，先打通再优化",
          "category": "Concept",
          "references": {
            "section_ids": [
              "sec_5"
            ],
            "material_ids": [
              "chunk_00/slide_011"
            ],
            "highlight": {
              "primary_material_id": "chunk_00/slide_011",
              "primary_time_ts": "00:17:41,000",
              "primary_time_ms": 1061000
            }
          },
          "parent": "p3",
          "summary": "项目初期的核心原则是不追求完全自动化，而是先利用Agent打通完整工作流程，允许人工介入。在流程跑通后，再针对性地优化关键Agent的效率和准确率。"
        },
        {
          "id": "d3_3",
          "label": "原则二：引入监督Agent",
          "category": "Concept",
          "references": {
            "section_ids": [
              "sec_5"
            ],
            "material_ids": [
              "chunk_00/slide_012"
            ],
            "highlight": {
              "primary_material_id": "chunk_00/slide_012",
              "primary_time_ts": "00:18:33,000",
              "primary_time_ms": 1113000
            }
          },
          "parent": "p3",
          "summary": "为逐步减少人工干预，项目中引入了“监督Agent”角色。它负责自动校准和加强“执行Agent”的产出结果，通过综合多模型评估等方式提升整体自动化水平和准确性。"
        }
      ],
      "edges": [
        {
          "source": "p1",
          "target": "p2",
          "relation_type": "sequential",
          "label": "引出"
        },
        {
          "source": "p2",
          "target": "p3",
          "relation_type": "compositional",
          "label": "基于"
        },
        {
          "source": "d1_1",
          "target": "d1_2",
          "relation_type": "parallel",
          "label": "并列挑战"
        },
        {
          "source": "d1_2",
          "target": "d1_3",
          "relation_type": "parallel",
          "label": "并列挑战"
        },
        {
          "source": "d1_3",
          "target": "d1_4",
          "relation_type": "parallel",
          "label": "并列挑战"
        },
        {
          "source": "d1_1",
          "target": "d2_1",
          "relation_type": "causal",
          "label": "解决"
        },
        {
          "source": "d1_2",
          "target": "d2_2",
          "relation_type": "causal",
          "label": "解决"
        },
        {
          "source": "d1_4",
          "target": "d2_3",
          "relation_type": "causal",
          "label": "解决"
        },
        {
          "source": "d2_1",
          "target": "d2_4",
          "relation_type": "causal",
          "label": "产出"
        },
        {
          "source": "d2_1",
          "target": "d2_2",
          "relation_type": "parallel",
          "label": "并列实践"
        },
        {
          "source": "d2_2",
          "target": "d2_3",
          "relation_type": "parallel",
          "label": "并列实践"
        },
        {
          "source": "d3_1",
          "target": "d2_1",
          "relation_type": "compositional",
          "label": "支撑"
        },
        {
          "source": "d3_1",
          "target": "d2_2",
          "relation_type": "compositional",
          "label": "支撑"
        },
        {
          "source": "d3_1",
          "target": "d2_3",
          "relation_type": "compositional",
          "label": "支撑"
        },
        {
          "source": "d3_2",
          "target": "d3_3",
          "relation_type": "sequential",
          "label": "具体实现"
        }
      ]
    }
  },
  "output": {
    "part_index": 0,
    "title": "基于AI Agent的操作系统开发与运维自动化实践",
    "type_tag": "行业案例分享",
    "tech_tags": [
      "AI Agent",
      "MCP",
      "openEuler intelligence",
      "Patch Merging",
      "Vmcore Analysis",
      "LLM",
      "Workflow",
      "VS Code"
    ],
    "domain_tags": [
      "操作系统",
      "智能运维",
      "软件工程",
      "开源社区"
    ],
    "summary": "本次分享探讨了在AI Agent时代，如何利用openEuler intelligence应对操作系统维护中的补丁合入、集成测试及Vmcore分析等挑战。通过引入MCP协议与多Agent协同工作流，团队实现了补丁合并从周级到小时级的效率飞跃，准确率提升至93%。演讲还详细介绍了包含交互控制、智能分析与执行引擎的三层技术架构，并强调了“人机协同”与“监督Agent”在逐步实现自动化过程中的关键作用。",
    "highlights": [
      "OS维护面临补丁合入、集成测试、Vmcore分析三大挑战",
      "基于openEuler intelligence构建三层技术架构",
      "AI Agent助力补丁合并耗时从周级缩短至小时级",
      "多模型综合分析使补丁处理准确率提升至93%",
      "集成测试实现基于commit信息的用例自动生产与执行",
      "Vmcore分析集成多Agent协同进行智能化故障诊断",
      "引入监督Agent机制实现人机协同与结果自动校准"
    ]
  },
  "artifacts": [
    "output/ai_session/part_00/final/10_part_digest/artifacts/part_digest.json"
  ],
  "metadata": {
    "part_index": 0,
    "title": "基于AI Agent的操作系统开发与运维自动化实践",
    "type_tag": "行业案例分享",
    "tech_tags": 8,
    "domain_tags": 4
  },
  "trace_id": "4e27af4b-ef90-434d-81cb-4959381ad7c4",
  "duration_ms": 23458,
  "started_at": "2025-12-16T12:48:50.737740",
  "completed_at": "2025-12-16T04:49:14.198007",
  "step_config": {
    "model": "gemini-3-pro-preview",
    "temperature": 0.2,
    "prompt_file": "/Users/lichuan/Codes/TalkDistill/config/prompts/part_digest.md",
    "schema_file": "/Users/lichuan/Codes/TalkDistill/config/schemas/part_digest.json"
  },
  "dependencies": [
    "graph_gen"
  ]
}