{
  "address": "day2_main/part_05/chunk_00/09_apply_crop/slide_002",
  "status": "completed",
  "input": {
    "image_path": "output/day2_main/part_05/chunk_00/07_capture_frame/slide_002/artifacts/slide_002.png",
    "crop_region": {
      "x": 323,
      "y": 0,
      "width": 1596,
      "height": 1080
    }
  },
  "output": "output/day2_main/part_05/chunk_00/09_apply_crop/slide_002/artifacts/slide_002.png",
  "artifacts": [
    "output/day2_main/part_05/chunk_00/09_apply_crop/slide_002/artifacts/slide_002.png"
  ],
  "metadata": {
    "source": "output/day2_main/part_05/chunk_00/07_capture_frame/slide_002/artifacts/slide_002.png",
    "applied": true,
    "crop_region": {
      "x": 323,
      "y": 0,
      "width": 1596,
      "height": 1080
    },
    "size": {
      "width": 1596,
      "height": 1080
    }
  },
  "trace_id": null,
  "duration_ms": 175,
  "started_at": "2025-12-17T21:35:09.861915",
  "completed_at": "2025-12-17T13:35:10.038257",
  "step_config": {},
  "dependencies": [
    "capture_frame",
    "crop_decision"
  ]
}