{
  "address": "ai_session/part_02/chunk_00/07_capture_frame/slide_023",
  "status": "completed",
  "input": {
    "video": "output/ai_session/part_02/chunk_00/01_cut_chunk/artifacts/chunk_high.mp4",
    "timestamp": "00:18:00.000",
    "frame_id": "slide_023",
    "output_ext": ".png"
  },
  "output": "output/ai_session/part_02/chunk_00/07_capture_frame/slide_023/artifacts/slide_023.png",
  "artifacts": [
    "output/ai_session/part_02/chunk_00/07_capture_frame/slide_023/artifacts/slide_023.png"
  ],
  "metadata": {
    "timestamp": "00:18:00.000",
    "frame_id": "slide_023",
    "ffmpeg": "/opt/homebrew/bin/ffmpeg"
  },
  "trace_id": null,
  "duration_ms": 4856,
  "started_at": "2025-12-15T23:00:01.448735",
  "completed_at": "2025-12-15T15:00:06.306215",
  "step_config": {},
  "dependencies": [
    "slide_timeline"
  ]
}