{
  "id": "sec_7",
  "index": 6,
  "title": "总结",
  "time_range": "00:16:28,000 - 00:18:17,290",
  "script": "在视频演示中，我们向智能体描述需要一个高可用的集群，然后它会推荐一套配置方案，并将其应用到中间件上。",
  "summary": "本节对中间件智能体进行总结，回顾了其定义、功能与核心价值。如演示所示，用户仅需描述“高可用集群”等需求，智能体便能自动推荐配置并完成应用，这体现了它在简化复杂运维、提升效率方面的巨大价值。"
}