{
  "id": "sec_7",
  "index": 6,
  "title": "致谢与结束",
  "time_range": "00:10:16,780 - 00:10:52,774",
  "script": "非常感谢吴老师的精彩分享。\n我们可以看到，天翼云基于CVE构建了一个智能体，帮助优化CVE漏洞修复的操作体验，\n为企业带来了降本增效的效果，非常感谢。\n为企业带来了降本增效的效果，非常感谢。\n今天的AI分论坛到此结束。\n16点15分，我们将继续启动SIG组的会议，\n感兴趣的各位可以继续参加。\n谢谢大家，我们中场休息一会。",
  "summary": "主持人感谢吴老师的分享，并总结了天翼云基于CVE构建智能体为企业降本增效的价值。随后，主持人宣布AI分论坛结束，并预告了接下来的SIG组会议与中场休息。"
}