{
  "address": "ScienceEducationInnovation/part_03/chunk_00/08_crop_decision/slide_026",
  "status": "completed",
  "input": {
    "image_path": "output/ScienceEducationInnovation/part_03/chunk_00/07_capture_frame/slide_026/artifacts/slide_026.png",
    "slide_index": 26,
    "slide_title": "性能损耗：实验效果 性能开销在3%以内，优于竞品10倍"
  },
  "output": null,
  "artifacts": [
    "output/ScienceEducationInnovation/part_03/chunk_00/07_capture_frame/slide_026/artifacts/slide_026.png"
  ],
  "metadata": {
    "needs_crop": false,
    "reason": "MANUAL_NO_CROP",
    "manual_override": true
  },
  "trace_id": null,
  "duration_ms": 0,
  "started_at": "2025-12-18T17:08:07.095258+00:00",
  "completed_at": "2025-12-18T17:08:07.095258+00:00",
  "step_config": {
    "manual_override": true
  },
  "dependencies": [
    "capture_frame"
  ]
}