{
  "address": "day2_main/part_05/final/03_part_cut",
  "status": "completed",
  "input": {
    "video": "/Users/lichuan/Codes/TalkDistill/day2_main.mp4",
    "start": 3645.93,
    "duration": 934.1100000000001,
    "output_name": "part_high.mp4"
  },
  "output": {
    "path": "output/day2_main/part_05/final/03_part_cut/artifacts/part_high.mp4",
    "start": 3645.93,
    "duration": 934.1100000000001
  },
  "artifacts": [
    "output/day2_main/part_05/final/03_part_cut/artifacts/part_high.mp4"
  ],
  "metadata": {
    "ffmpeg": "/opt/homebrew/bin/ffmpeg",
    "start": 3645.93,
    "duration": 934.1100000000001,
    "size_bytes": 541502719
  },
  "trace_id": null,
  "duration_ms": 781,
  "started_at": "2025-12-17T21:35:26.173560",
  "completed_at": "2025-12-17T13:35:26.955672",
  "step_config": {},
  "dependencies": []
}