{
  "part_index": 4,
  "title": "异构融合 AI Infra 的资源管理与可靠性保障",
  "type_tag": "AI 基础设施系统软件",
  "tech_tags": [
    "AI Infra",
    "异构计算",
    "资源调度",
    "MoE 架构",
    "GPU Combo",
    "Expert Kit",
    "GraphRAG",
    "Checkpoint 优化",
    "失效恢复",
    "Crater 系统",
    "多租户集群"
  ],
  "domain_tags": [
    "云计算",
    "大模型推理",
    "分布式训练",
    "系统可靠性",
    "智算中心"
  ],
  "summary": "本章节深入探讨了大模型时代超异构计算面临的挑战，重点分析了算力利用率低与系统稳定性差等核心痛点。通过引入“云 OS”设计理念，提出了一系列异构融合优化方案：包括针对多作业混部的图匹配调度算法、面向 LLM 推理的 GPU Combo 资源套餐，以及以 Expert 为中心的 MoE 推理系统。此外，还展示了基于 GraphRAG 的异常检测与快速失效恢复技术，并最终通过 Crater 平台实现了大规模异构集群的智能管理与落地应用。",
  "highlights": [
    "提出异构融合运行时调度，通过多作业混部显著缩短任务完成时间",
    "创新 GPU Combo 资源套餐，针对推理 Prefill 与 Decode 阶段实现动态配比",
    "构建 Expert Kit 系统，利用 CPU 与 XPU 互补特性优化 MoE 模型推理",
    "应用 GraphRAG 技术实现分钟级异常检测与根因分析，提升训练稳定性",
    "研发 Device Proxy 与 Flexible CCL 技术，实现通信链路的快速失效恢复",
    "落地 Crater 智能调度平台，支持多租户异构集群的全链路监控与管理"
  ]
}