{
  "address": "ai_session/part_05/chunk_00/07_capture_frame/slide_007",
  "status": "completed",
  "input": {
    "video": "output/ai_session/part_05/chunk_00/02_downscale/artifacts/chunk_low.mp4",
    "timestamp": "00:11:58.400",
    "frame_id": "slide_007",
    "output_ext": ".png"
  },
  "output": "output/ai_session/part_05/chunk_00/07_capture_frame/slide_007/artifacts/slide_007.png",
  "artifacts": [
    "output/ai_session/part_05/chunk_00/07_capture_frame/slide_007/artifacts/slide_007.png"
  ],
  "metadata": {
    "timestamp": "00:11:58.400",
    "frame_id": "slide_007",
    "ffmpeg": "/opt/homebrew/bin/ffmpeg"
  },
  "trace_id": null,
  "duration_ms": 968,
  "started_at": "2025-12-15T18:06:24.798490",
  "completed_at": "2025-12-15T10:06:25.773895",
  "step_config": {},
  "dependencies": [
    "slide_timeline"
  ]
}