{
  "id": "sec_008",
  "index": 7,
  "title": "总结与致谢",
  "time_range": "00:11:26,250 - 00:12:01,580",
  "script": "谢谢大家，我的分享完毕。\n非常感谢钟老师带来的分享。\n其实我们可以看到，凝思的AI智能运维平台将eBPF与RAG技术结合，大小模型结合，给我们带来了从被动故障分析到主动运维方式的改变，\n给我们带来了一个感知、决策到优化的运维自治体系新体验。这可以看到AI带来的显性价值，非常感谢。",
  "summary": "讲者结束分享后，主持人进行了总结。他强调，凝思的AI智能运维平台通过结合eBPF、RAG及大小模型，实现了从被动故障分析到主动运维的转变，构建了感知、决策、优化的运维自治新体验。"
}