{
  "id": "sec_2",
  "index": 1,
  "title": "背景介绍：APT攻击检测的挑战",
  "time_range": "00:00:46,675 - 00:02:58,995",
  "script": "我们的背景是要防御现在这种很复杂的APT攻击。\nAPT攻击，就是说我们现在的安全环境跟大概20年前相比，已经变化很大了。\n20年前可能是一些比较业余的选手，大家很分散，做一些很有趣的攻击。",
  "summary": "本节内容介绍了研究背景，即防御当前复杂的APT攻击。与20年前相比，现在的网络安全环境已发生巨大变化，攻击者不再是分散的业余选手。"
}