{
  "part_index": 2,
  "title": "信创背景下基于LLM的核心系统全栈智能调优实践",
  "type_tag": "智能运维实践",
  "tech_tags": [
    "LLM",
    "RAG",
    "模型微调",
    "模型蒸馏",
    "贝叶斯优化",
    "MCP",
    "openEuler",
    "AITune",
    "全栈调优"
  ],
  "domain_tags": [
    "金融科技",
    "信创",
    "AIOps",
    "核心系统",
    "DevOps"
  ],
  "summary": "针对信创背景下基础软硬件差距与运维职责断点带来的挑战，分享了招商证券利用大模型进行核心系统全栈智能调优的实践。方案对比了传统贝叶斯优化，提出了基于RAG、模型微调与多模型协作（MCP）的智能架构，通过“通用大模型路由+领域小模型决策”机制解决幻觉问题。实测显示接入网关吞吐量提升13.6%，有效弥补了性能差距，并提出了“云端训练+本地推理”的生态共建构想。",
  "highlights": [
    "分析信创替代中软硬件性能差距与研发运维分工断点的双重挑战",
    "对比贝叶斯优化，阐述LLM在负载感知与参数自动识别上的优势",
    "提出基于RAG与MCP的多模型协作架构，实现通用与领域模型互补",
    "构建涵盖OS、数据库及中间件的全栈调优资产库以赋能研发",
    "实测接入网关吞吐量提升13.6%，验证了智能调优的落地效果",
    "探讨云端训练与企业端推理结合模式，平衡成本与数据安全"
  ]
}