{
  "address": "ScienceEducationInnovation/part_03/chunk_00/08_crop_decision/slide_025",
  "status": "completed",
  "input": {
    "image_path": "output/ScienceEducationInnovation/part_03/chunk_00/07_capture_frame/slide_025/artifacts/slide_025.png",
    "slide_index": 25,
    "slide_title": "硬件部署：关键思路 以DPU为主导，利用DPU快速读取内存能力，主动从主机拉取日志"
  },
  "output": null,
  "artifacts": [
    "output/ScienceEducationInnovation/part_03/chunk_00/07_capture_frame/slide_025/artifacts/slide_025.png"
  ],
  "metadata": {
    "needs_crop": false,
    "reason": "MANUAL_NO_CROP",
    "manual_override": true
  },
  "trace_id": null,
  "duration_ms": 0,
  "started_at": "2025-12-18T17:08:07.095258+00:00",
  "completed_at": "2025-12-18T17:08:07.095258+00:00",
  "step_config": {
    "manual_override": true
  },
  "dependencies": [
    "capture_frame"
  ]
}