{
  "address": "ScienceEducationInnovation/part_03/chunk_00/07_capture_frame/slide_011",
  "status": "completed",
  "input": {
    "video": "output/ScienceEducationInnovation/part_03/chunk_00/01_cut_chunk/artifacts/chunk_high.mp4",
    "timestamp": "00:07:30.540",
    "frame_id": "slide_011",
    "output_ext": ".png"
  },
  "output": "output/ScienceEducationInnovation/part_03/chunk_00/07_capture_frame/slide_011/artifacts/slide_011.png",
  "artifacts": [
    "output/ScienceEducationInnovation/part_03/chunk_00/07_capture_frame/slide_011/artifacts/slide_011.png"
  ],
  "metadata": {
    "timestamp": "00:07:30.540",
    "frame_id": "slide_011",
    "ffmpeg": "/opt/homebrew/bin/ffmpeg"
  },
  "trace_id": null,
  "duration_ms": 1034,
  "started_at": "2025-12-19T01:07:58.331426",
  "completed_at": "2025-12-18T17:07:59.366462",
  "step_config": {},
  "dependencies": [
    "slide_timeline"
  ]
}