{
  "address": "ScienceEducationInnovation/part_02/chunk_00/07_capture_frame/slide_040",
  "status": "completed",
  "input": {
    "video": "output/ScienceEducationInnovation/part_02/chunk_00/01_cut_chunk/artifacts/chunk_high.mp4",
    "timestamp": "00:20:03.780",
    "frame_id": "slide_040",
    "output_ext": ".png"
  },
  "output": "output/ScienceEducationInnovation/part_02/chunk_00/07_capture_frame/slide_040/artifacts/slide_040.png",
  "artifacts": [
    "output/ScienceEducationInnovation/part_02/chunk_00/07_capture_frame/slide_040/artifacts/slide_040.png"
  ],
  "metadata": {
    "timestamp": "00:20:03.780",
    "frame_id": "slide_040",
    "ffmpeg": "/opt/homebrew/bin/ffmpeg"
  },
  "trace_id": null,
  "duration_ms": 4374,
  "started_at": "2025-12-17T10:50:27.902342",
  "completed_at": "2025-12-17T02:50:32.277621",
  "step_config": {},
  "dependencies": [
    "slide_timeline"
  ]
}