{
  "address": "ai_session/part_00/chunk_00/07_capture_frame/slide_014",
  "status": "completed",
  "input": {
    "video": "output/ai_session/part_00/chunk_00/01_cut_chunk/artifacts/chunk_high.mp4",
    "timestamp": "00:19:22.774",
    "frame_id": "slide_014",
    "output_ext": ".png"
  },
  "output": "output/ai_session/part_00/chunk_00/07_capture_frame/slide_014/artifacts/slide_014.png",
  "artifacts": [
    "output/ai_session/part_00/chunk_00/07_capture_frame/slide_014/artifacts/slide_014.png"
  ],
  "metadata": {
    "timestamp": "00:19:22.774",
    "frame_id": "slide_014",
    "ffmpeg": "/opt/homebrew/bin/ffmpeg"
  },
  "trace_id": null,
  "duration_ms": 15499,
  "started_at": "2025-12-15T21:21:14.769974",
  "completed_at": "2025-12-15T13:21:30.273636",
  "step_config": {},
  "dependencies": [
    "slide_timeline"
  ]
}