{
  "id": "sec_1",
  "index": 0,
  "title": "开场与自我介绍",
  "time_range": "00:00:00,870 - 00:01:52,205",
  "script": "下面有请招商证券股份有限公司核心系统架构师黄俊先生，为我们带来《沙上聚塔：基于LLM的核心系统软件栈智能调优探索》。大家欢迎。\n大家好，我是来自招商证券的黄俊。这次我给大家带来的分享，是想基于大模型技术，在我们一些核心系统，也就是国产化替代，即信创领域，做一些性能差距的补齐探索。\n首先，照例还是来一个自我介绍。我在招商证券目前共职，担任核心系统架构师，也兼任公司的DevOps效能教练。主要技术标签列了五个：一是有幸参与开放原子开源基金会openEuler社区AI联合工作组，成为其中一员。二是过去三年，有幸在创原会当选年度云原生MVP。创原会是全球云原生计算基金会、华为和信通院组织的云原生技术交流组织。如果大家有兴趣也可以参加。在软件栈方面，我一开始是做前端开发出身，做过安卓、iOS、H5，后来也从事过.NET、Java后台开发。在DevOps方面，拥有十多年的带队经验，对过去的瀑布式模型，以及现在的Scrum敏捷双速团队，都有实践经验。最后，我是公司的内部培训认证讲师，也曾受邀担任TWT企业IT社区特邀技术主持。",
  "summary": "主持人介绍讲者黄俊及其分享主题《沙上聚塔：基于LLM的核心系统软件栈智能调优探索》。随后，黄俊进行自我介绍，阐述了本次分享的目标，即探索如何利用大模型技术在信创领域的核心系统中弥补性能差距。他详细介绍了自己的职业背景，包括在招商证券担任核心系统架构师、参与 openEuler 社区、荣获云原生MVP以及在全栈开发和DevOps方面的丰富经验。"
}