{
  "address": "ScienceEducationInnovation/part_04/chunk_00/07_capture_frame/slide_021",
  "status": "completed",
  "input": {
    "video": "output/ScienceEducationInnovation/part_04/chunk_00/01_cut_chunk/artifacts/chunk_high.mp4",
    "timestamp": "00:17:07.100",
    "frame_id": "slide_021",
    "output_ext": ".png"
  },
  "output": "output/ScienceEducationInnovation/part_04/chunk_00/07_capture_frame/slide_021/artifacts/slide_021.png",
  "artifacts": [
    "output/ScienceEducationInnovation/part_04/chunk_00/07_capture_frame/slide_021/artifacts/slide_021.png"
  ],
  "metadata": {
    "timestamp": "00:17:07.100",
    "frame_id": "slide_021",
    "ffmpeg": "/opt/homebrew/bin/ffmpeg"
  },
  "trace_id": null,
  "duration_ms": 2168,
  "started_at": "2025-12-21T23:17:27.056091",
  "completed_at": "2025-12-21T15:17:29.226954",
  "step_config": {},
  "dependencies": [
    "slide_timeline"
  ]
}