{
  "address": "ai_session/part_08/chunk_00/09_apply_crop/slide_005",
  "status": "completed",
  "input": {
    "image_path": "output/ai_session/part_08/chunk_00/07_capture_frame/slide_005/artifacts/slide_005.png",
    "crop_region": {
      "x": 541,
      "y": 151,
      "width": 1378,
      "height": 837
    }
  },
  "output": "output/ai_session/part_08/chunk_00/09_apply_crop/slide_005/artifacts/slide_005.png",
  "artifacts": [
    "output/ai_session/part_08/chunk_00/09_apply_crop/slide_005/artifacts/slide_005.png"
  ],
  "metadata": {
    "source": "output/ai_session/part_08/chunk_00/07_capture_frame/slide_005/artifacts/slide_005.png",
    "applied": true,
    "crop_region": {
      "x": 541,
      "y": 151,
      "width": 1378,
      "height": 837
    },
    "size": {
      "width": 1378,
      "height": 837
    }
  },
  "trace_id": null,
  "duration_ms": 95,
  "started_at": "2025-12-16T00:48:23.673655",
  "completed_at": "2025-12-15T16:48:23.772047",
  "step_config": {},
  "dependencies": [
    "capture_frame",
    "crop_decision"
  ]
}