{
  "address": "day2_main/part_05/chunk_00/09_apply_crop/slide_012",
  "status": "completed",
  "input": {
    "image_path": "output/day2_main/part_05/chunk_00/07_capture_frame/slide_012/artifacts/slide_012.png",
    "crop_region": {
      "x": 639,
      "y": 135,
      "width": 1280,
      "height": 945
    }
  },
  "output": "output/day2_main/part_05/chunk_00/09_apply_crop/slide_012/artifacts/slide_012.png",
  "artifacts": [
    "output/day2_main/part_05/chunk_00/09_apply_crop/slide_012/artifacts/slide_012.png"
  ],
  "metadata": {
    "source": "output/day2_main/part_05/chunk_00/07_capture_frame/slide_012/artifacts/slide_012.png",
    "applied": true,
    "crop_region": {
      "x": 639,
      "y": 135,
      "width": 1280,
      "height": 945
    },
    "size": {
      "width": 1280,
      "height": 945
    }
  },
  "trace_id": null,
  "duration_ms": 99,
  "started_at": "2025-12-17T21:35:09.864813",
  "completed_at": "2025-12-17T13:35:09.966109",
  "step_config": {},
  "dependencies": [
    "capture_frame",
    "crop_decision"
  ]
}