{
  "address": "ai_session/part_02/chunk_00/09_apply_crop/slide_020",
  "status": "completed",
  "input": {
    "image_path": "output/ai_session/part_02/chunk_00/07_capture_frame/slide_020/artifacts/slide_020.png",
    "crop_region": {
      "x": 620,
      "y": 189,
      "width": 1299,
      "height": 847
    }
  },
  "output": "output/ai_session/part_02/chunk_00/09_apply_crop/slide_020/artifacts/slide_020.png",
  "artifacts": [
    "output/ai_session/part_02/chunk_00/09_apply_crop/slide_020/artifacts/slide_020.png"
  ],
  "metadata": {
    "source": "output/ai_session/part_02/chunk_00/07_capture_frame/slide_020/artifacts/slide_020.png",
    "applied": true,
    "crop_region": {
      "x": 620,
      "y": 189,
      "width": 1299,
      "height": 847
    },
    "size": {
      "width": 1299,
      "height": 847
    }
  },
  "trace_id": null,
  "duration_ms": 292,
  "started_at": "2025-12-15T23:02:57.630995",
  "completed_at": "2025-12-15T15:02:57.924906",
  "step_config": {},
  "dependencies": [
    "capture_frame",
    "crop_decision"
  ]
}