{
  "address": "ScienceEducationInnovation/part_04/final/07_script_refine/3",
  "status": "completed",
  "input": {
    "narrative": {
      "id": "sec_004",
      "index": 3,
      "title": "探索方向 1：异构融合运行时调度与多作业混部优化",
      "time_range": "00:07:33,090 - 00:10:59,915",
      "script": "探索方向一：异构融合运行时调度与配置优化。我们观测到，不同模型在不同异构卡上执行时性能差异巨大。当多个作业在同一组算力上混部时，执行表现呈现非对称性。此外，在异构环境下部署 Serving 时，满足相同 QoS 的成本也各不相同。\n当 GPU/NPU 负载较高时，CPU 侧仍有大量空闲算力。如何实现 CPU 与 NPU 的互补，是异构融合的关键。我们围绕算力运行时调度与合理配置策略展开了研究。\n工作 1：异构感知的多作业封装与混部。在训练场景下，除了考虑异构性，还需关注互联网场景下的潮汐现象。所有作业需在截止时间（Deadline）内完成。我们将执行时间与异构性共同建模，通过作业组视角实现组内并行交错执行。\n我们利用图匹配算法解决多作业调度问题，相关系统已在快手千卡集群中进行实验。结果显示，作业完成率提升了 44.7%，JCT（作业周转时间）缩短了近两倍。",
      "summary": ""
    }
  },
  "output": {
    "section_id": "sec_004",
    "index": 3,
    "title": "探索方向 1：异构融合运行时调度与多作业混部优化",
    "time_range": "00:07:33,090 - 00:10:59,915",
    "refined_script": "# 探索方向 1：异构融合运行时调度与多作业混部优化\n\n## 1. 背景与核心痛点\n在异构计算环境下，算力资源的利用与作业调度面临以下三大挑战：\n- **性能非对称性**：不同模型在不同异构硬件（如 GPU、NPU）上的执行表现存在显著差异，导致多作业混部时性能难以预测。\n- **成本效益差异**：在满足相同服务质量（QoS）的前提下，不同异构芯片的部署成本各异，缺乏统一的优化度量。\n- **资源利用失衡**：当 GPU/NPU 处于高负载状态时，CPU 侧往往存在大量空闲算力，异构资源间的互补性未得到充分挖掘。\n\n## 2. 核心研究目标\n通过**算力运行时调度**与**合理配置策略**，实现 CPU 与 NPU 的深度融合与互补，提升大规模异构集群的整体吞吐与资源利用率。\n\n## 3. 关键技术方案：异构感知的多作业封装与混部\n针对训练场景，提出了一种结合时间维度（潮汐现象）与空间维度（异构性）的联合调度模型。\n\n### 3.1 建模与策略\n- **多维建模**：将作业的执行时间（Execution Time）与硬件异构性共同纳入建模范畴。\n- **作业组视角（Job Grouping）**：打破单一作业调度的局限，从作业组维度进行资源分配，实现组内作业的并行交错执行。\n- **约束管理**：引入截止时间（Deadline）约束，确保所有作业在互联网业务场景的潮汐波动下仍能按时完成。\n\n### 3.2 算法实现\n- **图匹配算法**：利用图匹配算法解决复杂的多作业调度优化问题，寻找作业与异构算力节点之间的最优映射关系。\n\n## 4. 落地实践与效果评估\n该系统已在快手千卡级集群中完成实验验证，具体性能提升如下：\n\n| 指标 | 优化效果 |\n| :--- | :--- |\n| **作业完成率** | 提升 **44.7%** |\n| **JCT (作业周转时间)** | 缩短近 **2 倍** |\n| **资源协同** | 有效实现了 CPU 与 NPU 的算力互补 |",
    "summary": "",
    "original_script": "探索方向一：异构融合运行时调度与配置优化。我们观测到，不同模型在不同异构卡上执行时性能差异巨大。当多个作业在同一组算力上混部时，执行表现呈现非对称性。此外，在异构环境下部署 Serving 时，满足相同 QoS 的成本也各不相同。\n当 GPU/NPU 负载较高时，CPU 侧仍有大量空闲算力。如何实现 CPU 与 NPU 的互补，是异构融合的关键。我们围绕算力运行时调度与合理配置策略展开了研究。\n工作 1：异构感知的多作业封装与混部。在训练场景下，除了考虑异构性，还需关注互联网场景下的潮汐现象。所有作业需在截止时间（Deadline）内完成。我们将执行时间与异构性共同建模，通过作业组视角实现组内并行交错执行。\n我们利用图匹配算法解决多作业调度问题，相关系统已在快手千卡集群中进行实验。结果显示，作业完成率提升了 44.7%，JCT（作业周转时间）缩短了近两倍。"
  },
  "artifacts": [
    "output/ScienceEducationInnovation/part_04/final/07_script_refine/3/artifacts/section_sec_004_refined.md"
  ],
  "metadata": {
    "refined_length": 852,
    "original_length": 383,
    "summary_length": 0
  },
  "trace_id": "6524455b-1bb3-46db-9fe5-79f44737e9e0",
  "duration_ms": 22246,
  "started_at": "2025-12-21T23:41:16.036760",
  "completed_at": "2025-12-21T15:41:38.284138",
  "step_config": {
    "model": "gemini-3-flash-preview",
    "temperature": 0.2,
    "prompt_file": "/Users/lichuan/Codes/TalkDistill/config/prompts/script_refine.md",
    "schema_file": "/Users/lichuan/Codes/TalkDistill/config/schemas/script_refine.json"
  },
  "dependencies": [
    "section_timing"
  ]
}