{
  "address": "ai_session/part_06/chunk_00/07_capture_frame/slide_007",
  "status": "completed",
  "input": {
    "video": "output/ai_session/part_06/chunk_00/01_cut_chunk/artifacts/chunk_high.mp4",
    "timestamp": "00:04:59.500",
    "frame_id": "slide_007",
    "output_ext": ".png"
  },
  "output": "output/ai_session/part_06/chunk_00/07_capture_frame/slide_007/artifacts/slide_007.png",
  "artifacts": [
    "output/ai_session/part_06/chunk_00/07_capture_frame/slide_007/artifacts/slide_007.png"
  ],
  "metadata": {
    "timestamp": "00:04:59.500",
    "frame_id": "slide_007",
    "ffmpeg": "/opt/homebrew/bin/ffmpeg"
  },
  "trace_id": null,
  "duration_ms": 791,
  "started_at": "2025-12-15T23:47:35.539321",
  "completed_at": "2025-12-15T15:47:36.331238",
  "step_config": {},
  "dependencies": [
    "slide_timeline"
  ]
}