{
  "address": "ai_session/part_08/final/02_merge_subtitles",
  "status": "completed",
  "input": {
    "part_start": 7745.1,
    "part_duration": 1002.4799999999996,
    "chunk_indices": [
      0
    ],
    "pre_ctx_seconds": 20.0,
    "post_ctx_seconds": 20.0,
    "head_guard_seconds": 15.0,
    "tail_guard_seconds": 10.0,
    "output_name": "part_subtitles_aligned.srt",
    "debug_prefix": "boundary"
  },
  "output": [
    {
      "index": 1,
      "start": 0.0,
      "end": 6.83,
      "text": "下面有请华为技术有限公司AI通信专家韩远坤先生，"
    },
    {
      "index": 2,
      "start": 7.01,
      "end": 12.49,
      "text": "为我们带来《昇腾亲和的通信加速库CAM关键技术和生态介绍》。"
    },
    {
      "index": 3,
      "start": 13.03,
      "end": 13.685,
      "text": "大家欢迎。"
    },
    {
      "index": 4,
      "start": 23.54,
      "end": 26.16,
      "text": "大家好，我是华为公司的韩远坤。"
    },
    {
      "index": 5,
      "start": 26.7,
      "end": 29.44,
      "text": "现在负责AI通信这一块。"
    },
    {
      "index": 6,
      "start": 29.8,
      "end": 36.895,
      "text": "下面我分享一下昇腾亲和的通信加速库CAM的关键技术和生态介绍。"
    },
    {
      "index": 7,
      "start": 39.77,
      "end": 41.75,
      "text": "今天主要分三个部分。"
    },
    {
      "index": 8,
      "start": 41.81,
      "end": 46.59,
      "text": "第一部分是AI通信技术的趋势演进和通信诉求。"
    },
    {
      "index": 9,
      "start": 47.31,
      "end": 52.61,
      "text": "第二部分是灵雀通信软件UMDK的总体架构介绍。"
    },
    {
      "index": 10,
      "start": 52.73,
      "end": 59.235,
      "text": "最后一部分是昇腾亲和的通信加速库CAM的关键技术介绍。"
    },
    {
      "index": 11,
      "start": 60.74,
      "end": 67.38,
      "text": "我们可以看到，AI通信技术与AI负载强相关，"
    },
    {
      "index": 12,
      "start": 67.74,
      "end": 70.84,
      "text": "并随着AI负载的变化而变化。"
    },
    {
      "index": 13,
      "start": 71.02,
      "end": 79.02,
      "text": "从趋势中可以看到，以文本为主的LLM场景，正在向多模态以及Agent场景演进。"
    },
    {
      "index": 14,
      "start": 79.56,
      "end": 84.32,
      "text": "同时，模型也在不断地优化和更新当中。"
    },
    {
      "index": 15,
      "start": 84.54,
      "end": 91.955,
      "text": "这两者会导致流量负载的变化，对底层通信提出不同的挑战。"
    },
    {
      "index": 16,
      "start": 92.97,
      "end": 95.97,
      "text": "例如，超低时延推理场景。"
    },
    {
      "index": 17,
      "start": 96.39,
      "end": 99.87,
      "text": "原本的TPOT是50毫秒。"
    },
    {
      "index": 18,
      "start": 100.29,
      "end": 107.63,
      "text": "现在以豆包、Kimi为主的国内模型，已经下探到10毫秒级别，"
    },
    {
      "index": 19,
      "start": 107.95,
      "end": 112.25,
      "text": "甚至国外的模型会到5毫秒以下。"
    },
    {
      "index": 20,
      "start": 112.73,
      "end": 117.45,
      "text": "同时，随着AI Agent以及多模态的发展，"
    },
    {
      "index": 21,
      "start": 117.69,
      "end": 126.66,
      "text": "AI业务的负载呈现出高度多样化和动态化的特性。"
    },
    {
      "index": 22,
      "start": 127.12,
      "end": 129.359,
      "text": "超长序列已成为常态。"
    },
    {
      "index": 23,
      "start": 129.919,
      "end": 134.085,
      "text": "序列长度甚至达到兆级别。"
    },
    {
      "index": 24,
      "start": 134.87,
      "end": 142.35,
      "text": "针对这些变化，我们看一下AI通信是如何演进的。"
    },
    {
      "index": 25,
      "start": 143.31,
      "end": 146.83,
      "text": "参数量较小时，我们以单机通信为主。"
    },
    {
      "index": 26,
      "start": 146.99,
      "end": 154.25,
      "text": "模型变大后，会产生不同的并行策略，如TP、DP、EP。"
    },
    {
      "index": 27,
      "start": 154.53,
      "end": 157.55,
      "text": "这时以多机的集合通信为主。"
    },
    {
      "index": 28,
      "start": 158.01,
      "end": 168.93,
      "text": "在PD分离的场景下，P和D节点之间要传输KV Cache，这时就产生了P2P通信。"
    },
    {
      "index": 29,
      "start": 169.43,
      "end": 175.57,
      "text": "在AFD场景，Decode的Attention和FFN之间进一步分离，"
    },
    {
      "index": 30,
      "start": 175.95,
      "end": 184.155,
      "text": "产生了M2N这种通信范式，这还是一种比较固定的关系。"
    },
    {
      "index": 31,
      "start": 185.16,
      "end": 191.34,
      "text": "我们认为，未来AI系统会是一个全分离的系统，"
    },
    {
      "index": 32,
      "start": 191.7,
      "end": 195.76,
      "text": "它必须具备弹性、异步这样一种特征。"
    },
    {
      "index": 33,
      "start": 195.94,
      "end": 203.505,
      "text": "对于通信而言，也是这种异步、任意的点对点通信，即M2N的通信范式。"
    },
    {
      "index": 34,
      "start": 204.78,
      "end": 211.98,
      "text": "南向的变化，从Server形态到超异构形态。"
    },
    {
      "index": 35,
      "start": 212.22,
      "end": 222.62,
      "text": "超异构又有ED Mesh、2D Mesh等，这种变化对通信也有不同的诉求。"
    },
    {
      "index": 36,
      "start": 222.92,
      "end": 233.665,
      "text": "我们结合来看，从南向的基础设施变化到北向的AI负载变化，总结出对通信的三种不同诉求。"
    },
    {
      "index": 37,
      "start": 234.52,
      "end": 244.82,
      "text": "首先是高性能方面，要基于内存语义做极致的性能优化，应对超低时延的推理场景。"
    },
    {
      "index": 38,
      "start": 245.12,
      "end": 249.2,
      "text": "同时要做计算与通信的深度融合。"
    },
    {
      "index": 39,
      "start": 249.68,
      "end": 260.38,
      "text": "针对超异构大规模互联的场景，要做拓扑亲和的通信，将超异构的大带宽优势发挥出来。"
    },
    {
      "index": 40,
      "start": 260.58,
      "end": 272.445,
      "text": "在生态与应用性上，我们强调开箱即用，让vLLM、SGLang等主流社区可以无缝使用我们的通信加速库。"
    },
    {
      "index": 41,
      "start": 275.31,
      "end": 284.43,
      "text": "UMDK是灵雀的高性能通信基础底座，基于URMA统一内存语义来构建。"
    },
    {
      "index": 42,
      "start": 284.43,
      "end": 291.79,
      "text": "南向能够屏蔽不同硬件的差异，构建智算、通算场景下的互联底座。"
    },
    {
      "index": 43,
      "start": 292.29,
      "end": 298.319,
      "text": "面向智算场景，我们构建了超异构通信加速库CAM。"
    },
    {
      "index": 44,
      "start": 298.319,
      "end": 310.04,
      "text": "它能基于内存语义通信，突破大EP通信的低时延，并做细粒度流水并行，实现计算和通信的掩盖。"
    },
    {
      "index": 45,
      "start": 310.46,
      "end": 324.445,
      "text": "在生态上，UMDK支持DeepEP、Mooncake等主流社区接口，能让AI框架在不修改代码的情况下，无缝使用灵雀超异构通信加速的能力。"
    },
    {
      "index": 46,
      "start": 326.71,
      "end": 336.29,
      "text": "通信加速库CAM的定位是做昇腾亲和的通信加速库，构建不同场景的通信加速能力。"
    },
    {
      "index": 47,
      "start": 336.49,
      "end": 345.57,
      "text": "包括MoE场景下的大EP通信库、大通算融合加速库、M2N场景以及KV Cache传输的加速库。"
    },
    {
      "index": 48,
      "start": 345.99,
      "end": 355.31,
      "text": "对于大EP通信库，我们提供了Prefill和Decode阶段的MoE通信算子，包括Dispatch和Combine。"
    },
    {
      "index": 49,
      "start": 356.05,
      "end": 358.115,
      "text": "同时支持不同的代际。"
    },
    {
      "index": 50,
      "start": 359.06,
      "end": 366.939,
      "text": "虽然我们针对MoE通信做了极致的性能优化，但通信和计算仍是串行的。"
    },
    {
      "index": 51,
      "start": 367.1,
      "end": 380.76,
      "text": "所以我们做了MoE大融合加速库FusedDeepMoE，通过Token的动态分组和细粒度流水并行，实现计算和通信的掩盖。"
    },
    {
      "index": 52,
      "start": 381.919,
      "end": 386.98,
      "text": "M2N场景下，通信库需具备弹性可靠的通信能力。"
    },
    {
      "index": 53,
      "start": 386.98,
      "end": 392.34,
      "text": "同时我们也在探索异步的M2N通信范式。"
    },
    {
      "index": 54,
      "start": 392.7,
      "end": 402.585,
      "text": "在KV Cache传输场景下，我们通过自动聚合技术，提升PD分离下KV Cache的传输加速。"
    },
    {
      "index": 55,
      "start": 404.98,
      "end": 410.3,
      "text": "我们看一下在大EP通信库下做了哪些技术手段的优化。"
    },
    {
      "index": 56,
      "start": 410.32,
      "end": 416.02,
      "text": "可以看到，MoE通信占比将近30%，包括Dispatch和Combine。"
    },
    {
      "index": 57,
      "start": 417.09,
      "end": 425.77,
      "text": "通信时延主要包括传输时延和静态时延，即静态下发的控制面开销和算子启动开销。"
    },
    {
      "index": 58,
      "start": 426.07,
      "end": 438.31,
      "text": "我们以Dispatch算子为例进行打点，分析各流程的时延，可以看到主要包含三部分时延。"
    },
    {
      "index": 59,
      "start": 438.31,
      "end": 444.79,
      "text": "一是通信数据准备。因为Dispatch阶段要把Token分发到不同专家，"
    },
    {
      "index": 60,
      "start": 445.11,
      "end": 457.4,
      "text": "而昇腾NPU是多核的，多核并行分发Token时，如果都发给同一专家，为避免冲突，需要计算地址偏移。"
    },
    {
      "index": 61,
      "start": 457.56,
      "end": 461.96,
      "text": "计算时Scalar能力较弱，计算时间长。"
    },
    {
      "index": 62,
      "start": 462.02,
      "end": 472.725,
      "text": "所以我们的优化措施是让它以Vector方式计算，从而加速数据准备过程。"
    },
    {
      "index": 63,
      "start": 473.82,
      "end": 485.599,
      "text": "二是传输数据时间较长，主要是带宽利用率低，原因是网络冲突或端口负载不均。"
    },
    {
      "index": 64,
      "start": 485.599,
      "end": 493.72,
      "text": "我们通过通信时序编排，让共享专家Token通信时，从2/6打1变成8打1，"
    },
    {
      "index": 65,
      "start": 494.02,
      "end": 495.86,
      "text": "减少网络冲突。"
    },
    {
      "index": 66,
      "start": 496.3,
      "end": 508.27,
      "text": "同时通过地址偏移计算，让哈希分布更均匀，散列在不同NPU端口上，使负载更均衡。"
    },
    {
      "index": 67,
      "start": 508.79,
      "end": 515.63,
      "text": "最后是同步耗时较长。通信有同步等待过程，"
    },
    {
      "index": 68,
      "start": 515.97,
      "end": 521.359,
      "text": "特别是在大EP通信下，各卡间需做一次全量同步。"
    },
    {
      "index": 69,
      "start": 521.359,
      "end": 536.045,
      "text": "这里的优化技术包括EPLB负载均衡，以及构建大通算融合算子，进一步融合通信和计算，降低同步的影响。"
    },
    {
      "index": 70,
      "start": 538.1,
      "end": 542.24,
      "text": "我们如何做大EP的通算融合加速库呢？"
    },
    {
      "index": 71,
      "start": 545.3,
      "end": 553.679,
      "text": "可以看到，通信和计算是串行执行的，所以通信耗时没有被掩盖。"
    },
    {
      "index": 72,
      "start": 556.92,
      "end": 564.32,
      "text": "另外，在做Cube矩阵运算时，Vector算子是串行执行的，算力有浪费。"
    },
    {
      "index": 73,
      "start": 564.32,
      "end": 572.89,
      "text": "而且MoE层算子个数多，下发次数多，Kernel Launch耗时也较长。"
    },
    {
      "index": 74,
      "start": 573.45,
      "end": 588.27,
      "text": "我们的思路是，将Decode中的整个MoE层融合成一个大算子，通过细粒度流水并行，实现通信与计算的掩盖。"
    },
    {
      "index": 75,
      "start": 588.69,
      "end": 595.25,
      "text": "融合的范围包括红框内。"
    },
    {
      "index": 76,
      "start": 595.45,
      "end": 611.35,
      "text": "从Dispatch开始，到两次GEMM计算（一次升维、一次降维），再到Combine，整个阶段融合成一个大算子。"
    },
    {
      "index": 77,
      "start": 611.65,
      "end": 617.085,
      "text": "如何实现呢？包含两部分的深度融合。"
    },
    {
      "index": 78,
      "start": 618.08,
      "end": 622.12,
      "text": "首先是Dispatch和第一个GEMM的融合。"
    },
    {
      "index": 79,
      "start": 622.38,
      "end": 634.92,
      "text": "我们可以对Token进行动态分组，收到一组Token就做一组的计算，同时接收下一组Token，实现流水线作业。"
    },
    {
      "index": 80,
      "start": 635.44,
      "end": 641.52,
      "text": "第二部分是第二个GEMM与Combine的深度融合。"
    },
    {
      "index": 81,
      "start": 641.52,
      "end": 658.26,
      "text": "即计算出一部分Token，就可以对这部分Token进行通信和聚合（Combine），同时计算第二组Token，实现计算与通信的流水线掩盖。"
    },
    {
      "index": 82,
      "start": 658.76,
      "end": 667.215,
      "text": "当前这个能力已接入SGLang社区，同时也在和vLLM社区合作。"
    },
    {
      "index": 83,
      "start": 669.83,
      "end": 674.17,
      "text": "这个场景是AFD分离场景的M2N通信加速。"
    },
    {
      "index": 84,
      "start": 674.41,
      "end": 679.57,
      "text": "前面讲过，大家都说Decode是访存bound的。"
    },
    {
      "index": 85,
      "start": 679.57,
      "end": 690.85,
      "text": "那究竟是哪里bound呢？主要是在Attention阶段，它要读取Prefill阶段产生的KV Cache。"
    },
    {
      "index": 86,
      "start": 691.19,
      "end": 702.319,
      "text": "实际上，由于FFN阶段的BS较小，其算力利用率较低。"
    },
    {
      "index": 87,
      "start": 702.319,
      "end": 711.145,
      "text": "这时我们能否加大FFN阶段的BS？因为加大BS就能提升整个系统的吞吐。"
    },
    {
      "index": 88,
      "start": 711.76,
      "end": 718.56,
      "text": "所以这就是AFD的核心思想：将Attention与FFN分离，"
    },
    {
      "index": 89,
      "start": 718.959,
      "end": 733.7,
      "text": "让它们可以独立组batch。这样FFN就可以组一个较大的batch，从而提升整个系统的吞吐。"
    },
    {
      "index": 90,
      "start": 734.02,
      "end": 746.25,
      "text": "但是，A和F分离后，产生了额外的M2N通信，即Attention和FFN之间。"
    },
    {
      "index": 91,
      "start": 748.03,
      "end": 754.77,
      "text": "这时，AI框架上就需要做多batch流水，将通信掩盖掉。"
    },
    {
      "index": 92,
      "start": 755.05,
      "end": 761.19,
      "text": "在该场景下，我们也构建了自己的M2N通信加速库。"
    },
    {
      "index": 93,
      "start": 761.19,
      "end": 768.079,
      "text": "首先，通过NPU直驱通信，减少控制面的时间开销。"
    },
    {
      "index": 94,
      "start": 768.079,
      "end": 780.67,
      "text": "NPU直驱是指在NPU侧发起AI集合通信，而非从CPU侧发起，这样可以减少控制面开销。"
    },
    {
      "index": 95,
      "start": 780.79,
      "end": 791.24,
      "text": "同时，做通信融合与编排调度，将A2F及F2A通信与本地计算融合，消除冗余通信。同时，A和F分离要求整个系统是弹性的。"
    },
    {
      "index": 96,
      "start": 791.599,
      "end": 803.58,
      "text": "Attention和FFN节点各有其弹性机制。这时通信库也需具备弹性能力。"
    },
    {
      "index": 97,
      "start": 803.76,
      "end": 817.895,
      "text": "随意增减节点，通信域都能弹性地进行通信，而无需销毁整个通信域，后者是无法接受的。"
    },
    {
      "index": 98,
      "start": 819.43,
      "end": 828.57,
      "text": "最后介绍一下PD分离场景。在PD分离下，KV Cache的传输是重要环节。"
    },
    {
      "index": 99,
      "start": 829.09,
      "end": 837.35,
      "text": "通过我们构建的推理传输加速库MIXL，相比现有能力可提升30%。"
    },
    {
      "index": 100,
      "start": 837.35,
      "end": 848.61,
      "text": "MIXL是一个中间件，南向屏蔽不同传输通道，北向对接不同AI服务平台及框架。"
    },
    {
      "index": 101,
      "start": 848.61,
      "end": 853.74,
      "text": "我们通过两种技术实现。一是分片消息聚合。"
    },
    {
      "index": 102,
      "start": 854.2,
      "end": 872.0,
      "text": "通过对多层KV Cache数据进行聚合（这里有不同聚合策略），再一起传输数据，提升带宽，从而提升系统吞吐。"
    },
    {
      "index": 103,
      "start": 872.22,
      "end": 874.48,
      "text": "二是异构多径聚合。"
    },
    {
      "index": 104,
      "start": 874.62,
      "end": 887.87,
      "text": "昇腾架构中，RoCE网卡嵌入NPU侧，NPU侧能看到多种传输通道，包括UB和RoCE。"
    },
    {
      "index": 105,
      "start": 888.29,
      "end": 893.79,
      "text": "当前我们只使用单一类型的传输通道。"
    },
    {
      "index": 106,
      "start": 894.29,
      "end": 903.33,
      "text": "通过多径聚合技术，我们可以使用多个传输通道，包括其他空闲卡的通道。"
    },
    {
      "index": 107,
      "start": 903.51,
      "end": 910.625,
      "text": "基于这种多路径传输，提升整体传输效率。"
    },
    {
      "index": 108,
      "start": 911.97,
      "end": 913.97,
      "text": "以上是我的分享，谢谢大家。"
    },
    {
      "index": 109,
      "start": 914.25,
      "end": 916.93,
      "text": "更多信息可以访问openEuler社区。"
    },
    {
      "index": 110,
      "start": 917.17,
      "end": 926.49,
      "text": "如果大家对UMDK的技术希望有更多了解，也可以加入我们的微信群。"
    },
    {
      "index": 111,
      "start": 926.67,
      "end": 929.31,
      "text": "好，谢谢大家。"
    },
    {
      "index": 112,
      "start": 933.06,
      "end": 934.94,
      "text": "好，感谢韩老师带来的分享。"
    },
    {
      "index": 113,
      "start": 934.94,
      "end": 947.94,
      "text": "做过推理的人应该很清楚，随着大EP方案的出现，原来对计算的要求很高。"
    },
    {
      "index": 114,
      "start": 948.0,
      "end": 953.0,
      "text": "后来通信的开销越来越大。所以刚才韩老师给我们带来了，"
    },
    {
      "index": 115,
      "start": 953.0,
      "end": 974.57,
      "text": "包括异构多平面的传输，将点对点通信变为M2N的多对多通信，通过多通道叠加，同时在计算和通信时做掩盖来提升性能。"
    },
    {
      "index": 116,
      "start": 974.57,
      "end": 991.85,
      "text": "这种基础通信库能帮助我们实现reduce、all-gather、all-to-all等通信语义，加速这部分的能力，这是一个非常好的情况。"
    },
    {
      "index": 117,
      "start": 991.91,
      "end": 1002.22,
      "text": "后面也希望跟这个SIG组，结合之前刘宇振老师交流的能力，可能会变成一个更有性价比的推理方案。好，谢谢。"
    }
  ],
  "artifacts": [
    "output/ai_session/part_08/final/02_merge_subtitles/artifacts/part_subtitles_aligned.srt"
  ],
  "metadata": {
    "chunks": 1,
    "boundaries": 0,
    "line_count": 117,
    "mode": "single_chunk"
  },
  "trace_id": null,
  "duration_ms": 10,
  "started_at": "2025-12-16T00:48:46.111373",
  "completed_at": "2025-12-15T16:48:46.124027",
  "step_config": {},
  "dependencies": []
}