{
  "address": "ScienceEducationInnovation/part_04/final/07_script_refine/6",
  "status": "completed",
  "input": {
    "narrative": {
      "id": "sec_007",
      "index": 6,
      "title": "探索方向 2：AI 基础设施稳定性、异常检测与根因分析",
      "time_range": "00:15:17,720 - 00:18:11,460",
      "script": "探索方向二：AI 基础设施稳定性与可靠性。大模型训练中失效频发，恢复成本极高。我们建立了从追踪、故障隔离到 Checkpoint 读写及运行时恢复的完整链路。在网络层，针对 NCCL 通信实现失效后的及时恢复，并动态剔除故障节点。\n我们定义了 AI 环境下的五大类、十余种失效类型。工作 1 重点研究分布式训练与推理中的 Straggler（掉队者）检测与根因分析。\n通过跨节点数据收集与聚合，利用统计手段定位 Straggler。我们还引入图学习与 RAG 技术进行根因分析，相关系统已集成至快手平台，将诊断耗时从半小时缩短至分钟级，效率提升数十倍。",
      "summary": ""
    }
  },
  "output": {
    "section_id": "sec_007",
    "index": 6,
    "title": "探索方向 2：AI 基础设施稳定性、异常检测与根因分析",
    "time_range": "00:15:17,720 - 00:18:11,460",
    "refined_script": "# 探索方向 2：AI 基础设施稳定性、异常检测与根因分析\n\n## 1. 背景与挑战\n在大规模 AI 模型训练过程中，系统失效（Failure）具有**高频发性**与**极高恢复成本**的特点。如何降低故障对算力资源的损耗，实现快速检测与自动化恢复，是提升 AI 基础设施效能的关键。\n\n## 2. 稳定性保障全链路架构\n针对 AI 训练任务，构建了从底层监控到运行时恢复的闭环链路：\n\n- **全链路追踪与隔离**：实时监控系统状态，实现故障节点的快速定位与物理隔离。\n- **高效 Checkpoint 机制**：优化读写性能，缩短状态保存与加载的耗时。\n- **网络层容错（NCCL 优化）**：针对分布式通信库 NCCL 进行深度定制，实现通信失效后的及时恢复，并支持动态剔除故障节点以维持训练连续性。\n\n## 3. 核心技术：Straggler（掉队者）检测与根因分析\n\n### 3.1 失效类型定义\n系统定义了 AI 环境下特有的 **5 大类、10 余种**失效类型，为精准治理提供标准分类。\n\n### 3.2 掉队者检测方案\n针对分布式训练与推理中常见的 Straggler 问题，采用以下技术路径：\n- **数据采集**：跨节点收集多维度的运行指标。\n- **聚合分析**：通过数据聚合与统计学手段，识别执行进度显著滞后的节点。\n\n### 3.3 智能化根因分析 (RCA)\n引入前沿 AI 技术提升诊断深度：\n- **图学习 (Graph Learning)**：建模节点间的依赖关系，追踪异常传播路径。\n- **RAG (检索增强生成)**：结合历史故障知识库，辅助生成根因解释与修复建议。\n\n## 4. 落地效果与价值\n相关技术方案已正式集成至**快手 AI 平台**，取得了显著的效率提升：\n\n| 指标 | 优化前 | 优化后 | 提升幅度 |\n| :--- | :--- | :--- | :--- |\n| **诊断耗时** | ~30 分钟 | 分钟级 | 数十倍效率提升 |\n| **系统稳定性** | 故障恢复慢，人工干预多 | 自动化隔离与恢复 | 显著降低恢复成本 |",
    "summary": "",
    "original_script": "探索方向二：AI 基础设施稳定性与可靠性。大模型训练中失效频发，恢复成本极高。我们建立了从追踪、故障隔离到 Checkpoint 读写及运行时恢复的完整链路。在网络层，针对 NCCL 通信实现失效后的及时恢复，并动态剔除故障节点。\n我们定义了 AI 环境下的五大类、十余种失效类型。工作 1 重点研究分布式训练与推理中的 Straggler（掉队者）检测与根因分析。\n通过跨节点数据收集与聚合，利用统计手段定位 Straggler。我们还引入图学习与 RAG 技术进行根因分析，相关系统已集成至快手平台，将诊断耗时从半小时缩短至分钟级，效率提升数十倍。"
  },
  "artifacts": [
    "output/ScienceEducationInnovation/part_04/final/07_script_refine/6/artifacts/section_sec_007_refined.md"
  ],
  "metadata": {
    "refined_length": 903,
    "original_length": 276,
    "summary_length": 0
  },
  "trace_id": "7fc23794-c8b6-4582-b0c7-99df0844f86d",
  "duration_ms": 26975,
  "started_at": "2025-12-21T23:41:16.037289",
  "completed_at": "2025-12-21T15:41:43.013407",
  "step_config": {
    "model": "gemini-3-flash-preview",
    "temperature": 0.2,
    "prompt_file": "/Users/lichuan/Codes/TalkDistill/config/prompts/script_refine.md",
    "schema_file": "/Users/lichuan/Codes/TalkDistill/config/schemas/script_refine.json"
  },
  "dependencies": [
    "section_timing"
  ]
}