{
  "address": "ScienceEducationInnovation/part_03/chunk_00/07_capture_frame/slide_003",
  "status": "completed",
  "input": {
    "video": "output/ScienceEducationInnovation/part_03/chunk_00/01_cut_chunk/artifacts/chunk_high.mp4",
    "timestamp": "00:00:58.660",
    "frame_id": "slide_003",
    "output_ext": ".png"
  },
  "output": "output/ScienceEducationInnovation/part_03/chunk_00/07_capture_frame/slide_003/artifacts/slide_003.png",
  "artifacts": [
    "output/ScienceEducationInnovation/part_03/chunk_00/07_capture_frame/slide_003/artifacts/slide_003.png"
  ],
  "metadata": {
    "timestamp": "00:00:58.660",
    "frame_id": "slide_003",
    "ffmpeg": "/opt/homebrew/bin/ffmpeg"
  },
  "trace_id": null,
  "duration_ms": 435,
  "started_at": "2025-12-19T01:07:58.327733",
  "completed_at": "2025-12-18T17:07:58.764170",
  "step_config": {},
  "dependencies": [
    "slide_timeline"
  ]
}