{
  "address": "ScienceEducationInnovation/part_02/final/07_script_refine/3",
  "status": "completed",
  "input": {
    "narrative": {
      "id": "sec_004",
      "index": 3,
      "title": "GPU层参数存储：Fleche查询融合针对GPU片上内存软硬交互开销大的问题，提出自识别Kernel融合方法，减少零碎小Kernel产生的开销。针对GPU片上内存软硬交互开销大的问题，提出自识别Kernel融合方法，减少零碎小Kernel产生的开销。",
      "time_range": "00:08:30,180 - 00:11:51,235",
      "script": "首先是 GPU 层的工作 Fleche，解决软硬交互开销大的问题。\n开销大的本质原因是产生了大量零碎的小 Kernel。一个模型可能有几百个嵌入表，对应产生几百个小 Kernel；如果有几千个特征，则会产生几千个小 Kernel。\n海量小 Kernel 并非新问题。传统深度学习编译器（如 TVM、XLA）会通过 Kernel Fusion（内核融合）来缓解。\n但我们发现，传统编译器并不适合缓存查询的 Kernel 融合。\n因为它们适合处理输入输出形状固定的张量（如 AlexNet），而推荐模型中的张量形状是非常动态的。\n例如，不同用户观看视频的数量不同，拼接成 Batch 后长度不一。这对 TVM 等编译器非常不友好，不利于融合。\n我们工作的核心观察是：虽然有很多小 Kernel，但它们大多来自同一个缓存查询函数，只是参数不同。\n因此，我们可以发射一个巨大的单体 Kernel，内部包含足够多的线程。\n让这些线程自识别并处理原来多个小 Kernel 的任务，实现查询融合。\n为此，我们提出了“三阶段自识别 Kernel 融合方法”。\n核心思想是发射一个大 Kernel，同时记录原小 Kernel 线程数的前缀和数组。大 Kernel 内部的每个线程通过二分查找识别其归属关系，再进行缓存查询。\n我们还利用原属于网卡的特性，让 CPU 实现 Load/Store 直接拷贝显存，优化了 CPU 到 GPU 的小块数据拷贝性能。\n性能评估显示，与现有系统相比，Fleche 的延迟不随 Kernel 个数增加而线性上升，基本保持稳定。\n小结一下，针对 GPU 片上内存软硬交互开销大的问题，我们的核心思想是查询融合。",
      "summary": ""
    }
  },
  "output": {
    "section_id": "sec_004",
    "index": 3,
    "title": "GPU层参数存储：Fleche查询融合针对GPU片上内存软硬交互开销大的问题，提出自识别Kernel融合方法，减少零碎小Kernel产生的开销。针对GPU片上内存软硬交互开销大的问题，提出自识别Kernel融合方法，减少零碎小Kernel产生的开销。",
    "time_range": "00:08:30,180 - 00:11:51,235",
    "refined_script": "# Fleche: 针对 GPU 参数存储的自识别查询融合技术\n\n## 1. 背景与挑战\n在推荐系统等深度学习场景中，GPU 层参数存储面临严重的**软硬交互开销**问题。其核心矛盾在于：\n\n*   **内核碎片化**：模型通常包含数百个嵌入表（Embedding Tables）和数千个特征，导致系统生成海量零碎的小 Kernel。\n*   **传统编译器的局限性**：\n    *   **TVM/XLA 的局限**：传统深度学习编译器擅长处理输入输出形状固定的张量（如 AlexNet）。\n    *   **动态性挑战**：推荐模型中的张量形状具有高度动态性（例如不同用户观看视频数量不一，Batch 拼接后长度不等），导致传统 Kernel Fusion 难以奏效。\n\n## 2. 核心设计理念：查询融合 (Query Fusion)\nFleche 的核心观察是：**虽然小 Kernel 数量众多，但其执行的逻辑大多源自同一个缓存查询函数，仅参数不同。**\n\n基于此，Fleche 放弃了为每个任务发射独立 Kernel 的做法，转而采用**单体大 Kernel** 的策略：\n*   **发射机制**：发射一个包含足够多线程的巨大单体 Kernel。\n*   **自识别处理**：让大 Kernel 内部的线程自动识别并领取原属于多个小 Kernel 的任务。\n\n## 3. 关键技术实现\n\n### 3.1 三阶段自识别 Kernel 融合方法\n为了实现高效的任务分发与执行，Fleche 引入了以下机制：\n1.  **前缀和记录**：在 CPU 端记录所有原小 Kernel 所需线程数的前缀和数组（Prefix Sum Array）。\n2.  **二分查找定位**：大 Kernel 启动后，内部的每个线程通过对前缀和数组进行**二分查找**，快速识别自己归属于哪一个原始查询任务。\n3.  **执行查询**：识别归属关系后，线程直接执行对应的缓存查询逻辑。\n\n### 3.2 CPU-GPU 数据拷贝优化\n针对小块数据从 CPU 到 GPU 的拷贝瓶颈，Fleche 借鉴了网卡（NIC）的特性：\n*   **Load/Store 直接拷贝**：利用 CPU 的 Load/Store 指令直接操作显存，优化了零碎数据的传输性能，进一步降低了软硬交互延迟。\n\n## 4. 性能表现\n实验数据表明，Fleche 成功解决了延迟随任务数线性增长的问题：\n*   **延迟稳定性**：随着 Kernel 个数（特征数量）的增加，Fleche 的处理延迟基本保持稳定，不再随 Kernel 数量线性上升。\n*   **系统收益**：有效缓解了 GPU 片上内存软硬交互的开销，提升了整体查询效率。",
    "summary": "",
    "original_script": "首先是 GPU 层的工作 Fleche，解决软硬交互开销大的问题。\n开销大的本质原因是产生了大量零碎的小 Kernel。一个模型可能有几百个嵌入表，对应产生几百个小 Kernel；如果有几千个特征，则会产生几千个小 Kernel。\n海量小 Kernel 并非新问题。传统深度学习编译器（如 TVM、XLA）会通过 Kernel Fusion（内核融合）来缓解。\n但我们发现，传统编译器并不适合缓存查询的 Kernel 融合。\n因为它们适合处理输入输出形状固定的张量（如 AlexNet），而推荐模型中的张量形状是非常动态的。\n例如，不同用户观看视频的数量不同，拼接成 Batch 后长度不一。这对 TVM 等编译器非常不友好，不利于融合。\n我们工作的核心观察是：虽然有很多小 Kernel，但它们大多来自同一个缓存查询函数，只是参数不同。\n因此，我们可以发射一个巨大的单体 Kernel，内部包含足够多的线程。\n让这些线程自识别并处理原来多个小 Kernel 的任务，实现查询融合。\n为此，我们提出了“三阶段自识别 Kernel 融合方法”。\n核心思想是发射一个大 Kernel，同时记录原小 Kernel 线程数的前缀和数组。大 Kernel 内部的每个线程通过二分查找识别其归属关系，再进行缓存查询。\n我们还利用原属于网卡的特性，让 CPU 实现 Load/Store 直接拷贝显存，优化了 CPU 到 GPU 的小块数据拷贝性能。\n性能评估显示，与现有系统相比，Fleche 的延迟不随 Kernel 个数增加而线性上升，基本保持稳定。\n小结一下，针对 GPU 片上内存软硬交互开销大的问题，我们的核心思想是查询融合。"
  },
  "artifacts": [
    "output/ScienceEducationInnovation/part_02/final/07_script_refine/3/artifacts/section_sec_004_refined.md"
  ],
  "metadata": {
    "refined_length": 1154,
    "original_length": 712,
    "summary_length": 0
  },
  "trace_id": "ead23711-e242-4b0f-b996-c20502596d8f",
  "duration_ms": 30482,
  "started_at": "2025-12-19T00:56:09.942416",
  "completed_at": "2025-12-18T16:56:40.426154",
  "step_config": {
    "model": "gemini-3-flash-preview",
    "temperature": 0.2,
    "prompt_file": "/Users/lichuan/Codes/TalkDistill/config/prompts/script_refine.md",
    "schema_file": "/Users/lichuan/Codes/TalkDistill/config/schemas/script_refine.json"
  },
  "dependencies": [
    "section_timing"
  ]
}