{
  "id": "sec_4",
  "index": 3,
  "title": "软件栈智能调优方案与创新点",
  "time_range": "00:15:58,850 - 00:17:42,355",
  "script": "这个是我们规划的一个RAG库的一个资产库吧，资产库列表吧，反正就包括一般就是核心系统的一些运维的或者说技术类的资产，然后另外就是数据库的，还有鲲鹏的计算类的，还有MQ啊，包括一些其他中间件，就Redis、JDK，后面这一块肯定应该还是会继续拓展。\n这个是属于组织赋能上面的吧，就我们目前这个其实还是有1.0版本的输出，目前已经把它赋能到我们的研发团队，就恒生电子那边，然后让他们就是说在研发阶段呢，就参与这个调优跟评测，交给我们交付的时候就交付整个调优资产库，就这一块。\n这个就是我们近期做的一些调优的一个效果了，这个是个接入网关的，在开箱调优的场景下，大概提升13.6%的样子。\n主要起作用的参数其实就是那些。\n这个是最近我们调的，也是相对来说看效果还可以的，就是我们期权的系统的调优。当然这里面其实除了就是操作系统层的一些调优啊，也还有就是JDK跟那个数据库的。\n整体来说效果还可以，就特别是跟那个基线，就是我们不调优跟调优，它的提升还是比较明显的。\n跟X86其实我们也做了一版对比，当然这个涉及到那个硬件的性能它不完全一致，就对得起，所以数据还是仅供参考。而且也看到了，哪怕是这样，下面还是有蛮多接口，它的性能还是不及X86的，只能说我们通过调优是可以尽可能的弥补这些差距。",
  "summary": "该方案规划了一个基于RAG的资产库，涵盖操作系统、数据库、MQ、Redis、JDK等核心技术资产，旨在赋能研发团队在早期阶段介入调优。初步实践展示了显著效果，例如接入网关性能提升13.6%，期权系统相比基线也有明显改善。尽管通过调优可以弥补与X86平台的性能差距，但部分接口仍有待提升。"
}