{
  "address": "ai_session/part_09/chunk_00/07_capture_frame/slide_013",
  "status": "completed",
  "input": {
    "video": "output/ai_session/part_09/chunk_00/01_cut_chunk/artifacts/chunk_high.mp4",
    "timestamp": "00:16:19.600",
    "frame_id": "slide_013",
    "output_ext": ".png"
  },
  "output": "output/ai_session/part_09/chunk_00/07_capture_frame/slide_013/artifacts/slide_013.png",
  "artifacts": [
    "output/ai_session/part_09/chunk_00/07_capture_frame/slide_013/artifacts/slide_013.png"
  ],
  "metadata": {
    "timestamp": "00:16:19.600",
    "frame_id": "slide_013",
    "ffmpeg": "/opt/homebrew/bin/ffmpeg"
  },
  "trace_id": null,
  "duration_ms": 1166,
  "started_at": "2025-12-16T01:03:37.763670",
  "completed_at": "2025-12-15T17:03:38.930981",
  "step_config": {},
  "dependencies": [
    "slide_timeline"
  ]
}