{
  "address": "ai_session/part_02/chunk_00/09_apply_crop/slide_004",
  "status": "completed",
  "input": {
    "image_path": "output/ai_session/part_02/chunk_00/07_capture_frame/slide_004/artifacts/slide_004.png",
    "crop_region": {
      "x": 537,
      "y": 183,
      "width": 1382,
      "height": 896
    }
  },
  "output": "output/ai_session/part_02/chunk_00/09_apply_crop/slide_004/artifacts/slide_004.png",
  "artifacts": [
    "output/ai_session/part_02/chunk_00/09_apply_crop/slide_004/artifacts/slide_004.png"
  ],
  "metadata": {
    "source": "output/ai_session/part_02/chunk_00/07_capture_frame/slide_004/artifacts/slide_004.png",
    "applied": true,
    "crop_region": {
      "x": 537,
      "y": 183,
      "width": 1382,
      "height": 896
    },
    "size": {
      "width": 1382,
      "height": 896
    }
  },
  "trace_id": null,
  "duration_ms": 184,
  "started_at": "2025-12-15T23:02:57.627504",
  "completed_at": "2025-12-15T15:02:57.815863",
  "step_config": {},
  "dependencies": [
    "capture_frame",
    "crop_decision"
  ]
}