{
  "address": "ai_session/part_05/chunk_00/09_apply_crop/slide_008",
  "status": "completed",
  "input": {
    "image_path": "output/ai_session/part_05/chunk_00/07_capture_frame/slide_008/artifacts/slide_008.png",
    "crop_region": {
      "x": 199,
      "y": 102,
      "width": 1026,
      "height": 463
    }
  },
  "output": "output/ai_session/part_05/chunk_00/09_apply_crop/slide_008/artifacts/slide_008.png",
  "artifacts": [
    "output/ai_session/part_05/chunk_00/09_apply_crop/slide_008/artifacts/slide_008.png"
  ],
  "metadata": {
    "source": "output/ai_session/part_05/chunk_00/07_capture_frame/slide_008/artifacts/slide_008.png",
    "applied": true,
    "crop_region": {
      "x": 199,
      "y": 102,
      "width": 1026,
      "height": 463
    },
    "size": {
      "width": 1026,
      "height": 463
    }
  },
  "trace_id": null,
  "duration_ms": 56,
  "started_at": "2025-12-15T18:13:40.454920",
  "completed_at": "2025-12-15T10:13:40.520361",
  "step_config": {},
  "dependencies": [
    "capture_frame",
    "crop_decision"
  ]
}