{
  "address": "ai_session/part_01/final/01_merge_slides",
  "status": "completed",
  "input": {
    "part_start": 1202.359,
    "part_duration": 826.4010000000001,
    "chunk_indices": [
      0
    ],
    "neighbor_slides": 2,
    "output_name": "materials.json"
  },
  "output": [
    {
      "id": "chunk_00/slide_001",
      "type": "slide",
      "start_ms": 500,
      "end_ms": 8000,
      "title": "AI分论坛 主视觉背景页",
      "description": "",
      "asset_name": null,
      "source": null,
      "best_capture_ms": null,
      "crop_region": null,
      "text_span": null,
      "attributes": {
        "chunk": 0,
        "slide_id": "slide_001",
        "slide_index": 1,
        "offset_ms": 0
      },
      "kept": true,
      "duplicate_of": null,
      "duplicates": [],
      "notes": ""
    },
    {
      "id": "chunk_00/slide_002",
      "type": "slide",
      "start_ms": 9500,
      "end_ms": 71000,
      "title": "破局“医疗孤岛” 基于openEuler的新一代CDSS智能引擎实践 演讲标题页，演讲者：冯炎",
      "description": "",
      "asset_name": null,
      "source": null,
      "best_capture_ms": null,
      "crop_region": null,
      "text_span": null,
      "attributes": {
        "chunk": 0,
        "slide_id": "slide_002",
        "slide_index": 2,
        "offset_ms": 0
      },
      "kept": true,
      "duplicate_of": null,
      "duplicates": [],
      "notes": ""
    },
    {
      "id": "chunk_00/slide_003",
      "type": "slide",
      "start_ms": 72500,
      "end_ms": 112500,
      "title": "目录 01 困局, 02 破局, 03 实践, 04 实践",
      "description": "",
      "asset_name": null,
      "source": null,
      "best_capture_ms": null,
      "crop_region": null,
      "text_span": null,
      "attributes": {
        "chunk": 0,
        "slide_id": "slide_003",
        "slide_index": 3,
        "offset_ms": 0
      },
      "kept": true,
      "duplicate_of": null,
      "duplicates": [],
      "notes": ""
    },
    {
      "id": "chunk_00/slide_004",
      "type": "slide",
      "start_ms": 114500,
      "end_ms": 249000,
      "title": "困局：“医疗孤岛”，对临床决策的桎梏 数据之困、算法之困、协同之困、算力之困",
      "description": "",
      "asset_name": null,
      "source": null,
      "best_capture_ms": null,
      "crop_region": null,
      "text_span": null,
      "attributes": {
        "chunk": 0,
        "slide_id": "slide_004",
        "slide_index": 4,
        "offset_ms": 0
      },
      "kept": true,
      "duplicate_of": null,
      "duplicates": [],
      "notes": ""
    },
    {
      "id": "chunk_00/slide_005",
      "type": "slide",
      "start_ms": 251000,
      "end_ms": 310500,
      "title": "破局：新一代CDSS智能引擎构想 (功能模块图) 展示His、CDSS、NLP等模块的关系",
      "description": "",
      "asset_name": null,
      "source": null,
      "best_capture_ms": null,
      "crop_region": null,
      "text_span": null,
      "attributes": {
        "chunk": 0,
        "slide_id": "slide_005",
        "slide_index": 5,
        "offset_ms": 0
      },
      "kept": true,
      "duplicate_of": null,
      "duplicates": [],
      "notes": ""
    },
    {
      "id": "chunk_00/slide_006",
      "type": "slide",
      "start_ms": 313000,
      "end_ms": 420500,
      "title": "破局：新一代CDSS智能引擎构想 (系统架构图) 展示应用层、openEuler Intelligence基础、HM IntelliCore等层级",
      "description": "",
      "asset_name": null,
      "source": null,
      "best_capture_ms": null,
      "crop_region": null,
      "text_span": null,
      "attributes": {
        "chunk": 0,
        "slide_id": "slide_006",
        "slide_index": 6,
        "offset_ms": 0
      },
      "kept": true,
      "duplicate_of": null,
      "duplicates": [],
      "notes": ""
    },
    {
      "id": "chunk_00/slide_007",
      "type": "slide",
      "start_ms": 423000,
      "end_ms": 562500,
      "title": "实践：openEuler intelligence 知识库核心架构 展示web、nginx、backend、知识库、向量化等技术架构",
      "description": "",
      "asset_name": null,
      "source": null,
      "best_capture_ms": null,
      "crop_region": null,
      "text_span": null,
      "attributes": {
        "chunk": 0,
        "slide_id": "slide_007",
        "slide_index": 7,
        "offset_ms": 0
      },
      "kept": true,
      "duplicate_of": null,
      "duplicates": [],
      "notes": ""
    },
    {
      "id": "chunk_00/slide_008",
      "type": "slide",
      "start_ms": 565000,
      "end_ms": 656500,
      "title": "实践：基于openEuler intelligence 案例落地效果 CDSS一体机落地效果，包含医学循证问答、文献分析等界面",
      "description": "",
      "asset_name": null,
      "source": null,
      "best_capture_ms": null,
      "crop_region": null,
      "text_span": null,
      "attributes": {
        "chunk": 0,
        "slide_id": "slide_008",
        "slide_index": 8,
        "offset_ms": 0
      },
      "kept": true,
      "duplicate_of": null,
      "duplicates": [],
      "notes": ""
    },
    {
      "id": "chunk_00/slide_009",
      "type": "slide",
      "start_ms": 659000,
      "end_ms": 762500,
      "title": "实践：HM intelliCore 决策引擎核心架构 展示USER、Foundation Platform Service、HM IntelliCore等架构",
      "description": "",
      "asset_name": null,
      "source": null,
      "best_capture_ms": null,
      "crop_region": null,
      "text_span": null,
      "attributes": {
        "chunk": 0,
        "slide_id": "slide_009",
        "slide_index": 9,
        "offset_ms": 0
      },
      "kept": true,
      "duplicate_of": null,
      "duplicates": [],
      "notes": ""
    },
    {
      "id": "chunk_00/slide_010",
      "type": "slide",
      "start_ms": 765000,
      "end_ms": 790500,
      "title": "实践：HM intelliCore 决策引擎案例落地效果 包含智能推荐、国标改造等界面截图",
      "description": "",
      "asset_name": null,
      "source": null,
      "best_capture_ms": null,
      "crop_region": null,
      "text_span": null,
      "attributes": {
        "chunk": 0,
        "slide_id": "slide_010",
        "slide_index": 10,
        "offset_ms": 0
      },
      "kept": true,
      "duplicate_of": null,
      "duplicates": [],
      "notes": ""
    },
    {
      "id": "chunk_00/slide_011",
      "type": "slide",
      "start_ms": 792500,
      "end_ms": 800000,
      "title": "谢谢 结束页",
      "description": "",
      "asset_name": null,
      "source": null,
      "best_capture_ms": null,
      "crop_region": null,
      "text_span": null,
      "attributes": {
        "chunk": 0,
        "slide_id": "slide_011",
        "slide_index": 11,
        "offset_ms": 0
      },
      "kept": true,
      "duplicate_of": null,
      "duplicates": [],
      "notes": ""
    }
  ],
  "artifacts": [
    "output/ai_session/part_01/final/01_merge_slides/artifacts/materials.json"
  ],
  "metadata": {
    "chunks": 1,
    "materials_total": 11,
    "materials_kept": 11,
    "boundary_dedupe_pairs": 0
  },
  "trace_id": null,
  "duration_ms": 12,
  "started_at": "2025-12-15T22:38:00.203899",
  "completed_at": "2025-12-15T14:38:00.219747",
  "step_config": {},
  "dependencies": []
}