{
  "address": "ai_session/part_08/chunk_00/09_apply_crop/slide_003",
  "status": "completed",
  "input": {
    "image_path": "output/ai_session/part_08/chunk_00/07_capture_frame/slide_003/artifacts/slide_003.png",
    "crop_region": {
      "x": 639,
      "y": 174,
      "width": 1280,
      "height": 905
    }
  },
  "output": "output/ai_session/part_08/chunk_00/09_apply_crop/slide_003/artifacts/slide_003.png",
  "artifacts": [
    "output/ai_session/part_08/chunk_00/09_apply_crop/slide_003/artifacts/slide_003.png"
  ],
  "metadata": {
    "source": "output/ai_session/part_08/chunk_00/07_capture_frame/slide_003/artifacts/slide_003.png",
    "applied": true,
    "crop_region": {
      "x": 639,
      "y": 174,
      "width": 1280,
      "height": 905
    },
    "size": {
      "width": 1280,
      "height": 905
    }
  },
  "trace_id": null,
  "duration_ms": 67,
  "started_at": "2025-12-16T00:48:23.673266",
  "completed_at": "2025-12-15T16:48:23.741992",
  "step_config": {},
  "dependencies": [
    "capture_frame",
    "crop_decision"
  ]
}