{
  "address": "ScienceEducationInnovation/part_02/chunk_00/07_capture_frame/slide_039",
  "status": "completed",
  "input": {
    "video": "output/ScienceEducationInnovation/part_02/chunk_00/01_cut_chunk/artifacts/chunk_high.mp4",
    "timestamp": "00:19:48.980",
    "frame_id": "slide_039",
    "output_ext": ".png"
  },
  "output": "output/ScienceEducationInnovation/part_02/chunk_00/07_capture_frame/slide_039/artifacts/slide_039.png",
  "artifacts": [
    "output/ScienceEducationInnovation/part_02/chunk_00/07_capture_frame/slide_039/artifacts/slide_039.png"
  ],
  "metadata": {
    "timestamp": "00:19:48.980",
    "frame_id": "slide_039",
    "ffmpeg": "/opt/homebrew/bin/ffmpeg"
  },
  "trace_id": null,
  "duration_ms": 4239,
  "started_at": "2025-12-17T10:50:27.902333",
  "completed_at": "2025-12-17T02:50:32.143474",
  "step_config": {},
  "dependencies": [
    "slide_timeline"
  ]
}