{
  "address": "ScienceEducationInnovation/part_04/chunk_00/03_srt_slice",
  "status": "completed",
  "input": {
    "global_srt": "output/ScienceEducationInnovation/part_-01/chunk_-01/00_global_funasr/artifacts/global.srt",
    "start_ms": 4601250.0,
    "end_ms": 5894660.0,
    "output_name": "chunk_baseline.srt"
  },
  "output": [
    {
      "index": 1,
      "start": 0,
      "end": 5.04,
      "text": "端到端的攻击检测技术呢为人工智能系统筑牢了安全防线，"
    },
    {
      "index": 2,
      "start": 5.38,
      "end": 8.14,
      "text": "也为相关的领域的研究提供了重要参考。"
    },
    {
      "index": 3,
      "start": 8.84,
      "end": 9.4,
      "text": "接下来，"
    },
    {
      "index": 4,
      "start": 9.54,
      "end": 19.82,
      "text": "我们将有请出北京航空航天大学的杨任宇老师带来异构融合的 AI info 系统软件资源管理与可靠性保障的分享。"
    },
    {
      "index": 5,
      "start": 20.3,
      "end": 25.02,
      "text": "AI info 系统的资源管理与可靠性是开源生态建设的核心议题。"
    },
    {
      "index": 6,
      "start": 25.08,
      "end": 27.325,
      "text": "让我们掌声欢迎杨老师欢迎。"
    },
    {
      "index": 7,
      "start": 33.32,
      "end": 33.56,
      "text": "嗯，"
    },
    {
      "index": 8,
      "start": 34.12,
      "end": 34.28,
      "text": "好，"
    },
    {
      "index": 9,
      "start": 34.28,
      "end": 34.74,
      "text": "各位老师，"
    },
    {
      "index": 10,
      "start": 34.74,
      "end": 35.1,
      "text": "各位同学，"
    },
    {
      "index": 11,
      "start": 35.1,
      "end": 35.76,
      "text": "大家下午好。"
    },
    {
      "index": 12,
      "start": 36.08,
      "end": 36.26,
      "text": "呃，"
    },
    {
      "index": 13,
      "start": 36.26,
      "end": 41.32,
      "text": "今天呢啊也是啊也是很荣幸来代表我们的那个团队来和大家去分享一下啊，"
    },
    {
      "index": 14,
      "start": 41.32,
      "end": 45.38,
      "text": "那么在这个大规模的的的 AI 的的基础设施的环境之下，"
    },
    {
      "index": 15,
      "start": 45.38,
      "end": 45.56,
      "text": "啊，"
    },
    {
      "index": 16,
      "start": 45.56,
      "end": 47.36,
      "text": "从这个系统软件的一个视角，"
    },
    {
      "index": 17,
      "start": 47.36,
      "end": 52.645,
      "text": "那么去该怎么样去做这个资源的管理和这个和和稳定性以及可靠性的一个保障。"
    },
    {
      "index": 18,
      "start": 55.62,
      "end": 55.78,
      "text": "好，"
    },
    {
      "index": 19,
      "start": 55.78,
      "end": 58.82,
      "text": "那么首先呢大家都这个非常呃就很清楚啊，"
    },
    {
      "index": 20,
      "start": 58.82,
      "end": 61.9,
      "text": "我们就在在云计算啊这个发展了十几年啊，"
    },
    {
      "index": 21,
      "start": 61.9,
      "end": 65.16,
      "text": "这个很多的应用啊都是生在云上而长在云上。"
    },
    {
      "index": 22,
      "start": 65.18,
      "end": 69.44,
      "text": "那么做 AI 做智能的服务和应用的话呢呃也不例外啊，"
    },
    {
      "index": 23,
      "start": 69.44,
      "end": 70.86,
      "text": "那么就是所有的事情的话呢，"
    },
    {
      "index": 24,
      "start": 70.86,
      "end": 74.3,
      "text": "我们都是在一个云平台或者在在基础设施的环境之下，"
    },
    {
      "index": 25,
      "start": 74.3,
      "end": 76.28,
      "text": "那么去这个去开发啊，"
    },
    {
      "index": 26,
      "start": 76.46,
      "end": 77.68,
      "text": "到执行到运维。"
    },
    {
      "index": 27,
      "start": 78.04,
      "end": 80.98,
      "text": "那么当 AI 进入到了一个大模型的时代啊，"
    },
    {
      "index": 28,
      "start": 80.98,
      "end": 82.7,
      "text": "那么从这个单模态到多模态，"
    },
    {
      "index": 29,
      "start": 82.7,
      "end": 84.62,
      "text": "我们可以完成很强的这种功能，"
    },
    {
      "index": 30,
      "start": 85.37,
      "end": 87.05,
      "text": "对模型的训练和推理呢，"
    },
    {
      "index": 31,
      "start": 87.05,
      "end": 89.17,
      "text": "对于算力的需求那么也是非常巨大的。"
    },
    {
      "index": 32,
      "start": 89.31,
      "end": 92.07,
      "text": "那么尤其呢在近年来做推理啊，"
    },
    {
      "index": 33,
      "start": 92.07,
      "end": 93.77,
      "text": "那么实际对这个算力的需求，"
    },
    {
      "index": 34,
      "start": 93.77,
      "end": 98.73,
      "text": "从之前啊这个相对啊就是在啊资源比较受限的的环境之下啊，"
    },
    {
      "index": 35,
      "start": 98.73,
      "end": 106.795,
      "text": "那么去可以去进行到现在呢对这个算力其实是这个持续呃就是会持续的啊这个这个去去去去增大这样的需求。"
    },
    {
      "index": 36,
      "start": 107.69,
      "end": 109.39,
      "text": "那么在这个架构方面的话呢，"
    },
    {
      "index": 37,
      "start": 109.39,
      "end": 111.97,
      "text": "我们说在这个在主流的相关的框架。"
    },
    {
      "index": 38,
      "start": 112.03,
      "end": 113.95,
      "text": "那么无论是做这个单元处理，"
    },
    {
      "index": 39,
      "start": 113.95,
      "end": 115.99,
      "text": "那么还是呢做这个做多模态，"
    },
    {
      "index": 40,
      "start": 115.99,
      "end": 117.17,
      "text": "做视觉做做。"
    },
    {
      "index": 41,
      "start": 117.17,
      "end": 119.21,
      "text": "刚才谢老师所讲的做这个推荐啊，"
    },
    {
      "index": 42,
      "start": 119.37,
      "end": 121.37,
      "text": "那么从这个架构上面的话呢，"
    },
    {
      "index": 43,
      "start": 121.39,
      "end": 123.45,
      "text": "那么都已经啊像这个 MOE 啊，"
    },
    {
      "index": 44,
      "start": 123.45,
      "end": 129.21,
      "text": "像这个混合的专家系统呢去做了呃呃去做了呃相关的一个切换和演进。"
    },
    {
      "index": 45,
      "start": 129.57,
      "end": 131.21,
      "text": "那么呢在这个 MOE 里边啊，"
    },
    {
      "index": 46,
      "start": 131.21,
      "end": 133.29,
      "text": "我们说通过呢稀疏的激活啊，"
    },
    {
      "index": 47,
      "start": 133.39,
      "end": 138.12,
      "text": "那么可以啊再通过这个做做 top k 的一些呃激活和选择啊，"
    },
    {
      "index": 48,
      "start": 138.12,
      "end": 140.32,
      "text": "那么来呢保持推理的效率。"
    },
    {
      "index": 49,
      "start": 140.32,
      "end": 145.639,
      "text": "那么在同时呢去保证这个在整个做大做大模型的服务的的能力啊，"
    },
    {
      "index": 50,
      "start": 145.639,
      "end": 148.76,
      "text": "那么所以就是用 MOE 呢是一个很很典型的这样一个场景。"
    },
    {
      "index": 51,
      "start": 149.16,
      "end": 152.88,
      "text": "那么除了在大元呃在大元领呃领域啊，"
    },
    {
      "index": 52,
      "start": 152.88,
      "end": 154.0,
      "text": "用 MOE 啊，"
    },
    {
      "index": 53,
      "start": 154.3,
      "end": 158.74,
      "text": "那么呢就是呃用这个呃那么就是从呃用大元模型啊，"
    },
    {
      "index": 54,
      "start": 158.74,
      "end": 162.56,
      "text": "那么也可以啊对这个做做更多的的数据处理啊，"
    },
    {
      "index": 55,
      "start": 162.7,
      "end": 164.38,
      "text": "那么在互联网的场景之下啊，"
    },
    {
      "index": 56,
      "start": 164.38,
      "end": 166.16,
      "text": "给我们做这个做搜广推，"
    },
    {
      "index": 57,
      "start": 166.24,
      "end": 173.27,
      "text": "那么也已经成为了啊用用这个用大于呃用用大模型啊去提供呃情绪价值之外啊，"
    },
    {
      "index": 58,
      "start": 173.27,
      "end": 178.15,
      "text": "那么去提供一些更从商业上面呢去实现一个商业的价值和商业的闭环。"
    },
    {
      "index": 59,
      "start": 178.51,
      "end": 178.65,
      "text": "啊，"
    },
    {
      "index": 60,
      "start": 178.65,
      "end": 182.11,
      "text": "所以呢我们说从这个稀疏的场景和稠密的场景的话呢，"
    },
    {
      "index": 61,
      "start": 182.13,
      "end": 184.67,
      "text": "那么都对我们啊算力去该怎么去设计啊，"
    },
    {
      "index": 62,
      "start": 184.67,
      "end": 187.25,
      "text": "去从从这个软件层啊去该怎么去设计。"
    },
    {
      "index": 63,
      "start": 187.25,
      "end": 188.87,
      "text": "那么提出了呃比较多的需求。"
    },
    {
      "index": 64,
      "start": 189.13,
      "end": 189.37,
      "text": "好，"
    },
    {
      "index": 65,
      "start": 189.71,
      "end": 193.29,
      "text": "所以呢呃在后边啊在我们的的系统的工作里边的话呢，"
    },
    {
      "index": 66,
      "start": 193.29,
      "end": 198.1,
      "text": "我们也会围绕着啊像这个火焰专业系统和这个生成式的模型啊来不及。"
    },
    {
      "index": 67,
      "start": 198.1,
      "end": 198.965,
      "text": "那我去展开。"
    },
    {
      "index": 68,
      "start": 199.66,
      "end": 202.56,
      "text": "那从硬件啊来去看的话呢，"
    },
    {
      "index": 69,
      "start": 202.56,
      "end": 205.4,
      "text": "我们说 AI 那么也进入了一个超易购的这样一个时代啊，"
    },
    {
      "index": 70,
      "start": 205.4,
      "end": 211.86,
      "text": "那么呃去为了满足啊这些啊更混呃混合多样的的的这种啊智能需求。"
    },
    {
      "index": 71,
      "start": 211.9,
      "end": 212.06,
      "text": "啊，"
    },
    {
      "index": 72,
      "start": 212.06,
      "end": 214.32,
      "text": "我们说在这个在整个的基础设施里边啊，"
    },
    {
      "index": 73,
      "start": 214.32,
      "end": 217.0,
      "text": "我们需要呢去这个去去管理啊，"
    },
    {
      "index": 74,
      "start": 217.0,
      "end": 219.7,
      "text": "从这个底层啊做这个资源的管理，"
    },
    {
      "index": 75,
      "start": 219.9,
      "end": 220.6,
      "text": "到上层呢，"
    },
    {
      "index": 76,
      "start": 220.6,
      "end": 223.78,
      "text": "从这个编程的的 API 啊到编译的框架。"
    },
    {
      "index": 77,
      "start": 223.84,
      "end": 227.02,
      "text": "那么再到整个的啊系统的这个这个做工，"
    },
    {
      "index": 78,
      "start": 227.02,
      "end": 227.18,
      "text": "呃，"
    },
    {
      "index": 79,
      "start": 227.18,
      "end": 229.0,
      "text": "从工具链和软件站的这样一个视角，"
    },
    {
      "index": 80,
      "start": 229.0,
      "end": 231.15,
      "text": "我们都需要对易购的环境啊，"
    },
    {
      "index": 81,
      "start": 231.15,
      "end": 233.31,
      "text": "对易购啊的的的这些算力，"
    },
    {
      "index": 82,
      "start": 233.33,
      "end": 234.49,
      "text": "那么去感知去利用。"
    },
    {
      "index": 83,
      "start": 234.49,
      "end": 234.69,
      "text": "啊，"
    },
    {
      "index": 84,
      "start": 234.69,
      "end": 238.07,
      "text": "所以呢我们说在这个在整个的 AI 的生态里面的话呢，"
    },
    {
      "index": 85,
      "start": 238.09,
      "end": 239.25,
      "text": "这些超易购的环境，"
    },
    {
      "index": 86,
      "start": 239.25,
      "end": 241.285,
      "text": "那么是需要我们去重点去考虑的问题。"
    },
    {
      "index": 87,
      "start": 242.98,
      "end": 243.1,
      "text": "啊，"
    },
    {
      "index": 88,
      "start": 243.1,
      "end": 246.64,
      "text": "那么在这个在这个在这样的一个环境之下啊，"
    },
    {
      "index": 89,
      "start": 246.64,
      "end": 249.26,
      "text": "我们说做做这个 AI 的基础设施的建设呢，"
    },
    {
      "index": 90,
      "start": 249.34,
      "end": 251.22,
      "text": "那么也已经是如火如荼了。"
    },
    {
      "index": 91,
      "start": 251.22,
      "end": 251.46,
      "text": "啊，"
    },
    {
      "index": 92,
      "start": 251.66,
      "end": 253.86,
      "text": "那么据这个这个二零二五年啊，"
    },
    {
      "index": 93,
      "start": 253.86,
      "end": 255.22,
      "text": "第一季度我们就可以看到啊，"
    },
    {
      "index": 94,
      "start": 255.22,
      "end": 256.84,
      "text": "那么这个在全国的范围之内啊，"
    },
    {
      "index": 95,
      "start": 256.84,
      "end": 261.04,
      "text": "已经超过了这个有一百呃有一百六十五个呃呃计算中心。"
    },
    {
      "index": 96,
      "start": 261.12,
      "end": 263.52,
      "text": "在在这个在再去做建设啊，"
    },
    {
      "index": 97,
      "start": 263.52,
      "end": 265.0,
      "text": "千卡集群和万卡集群的话呢，"
    },
    {
      "index": 98,
      "start": 265.0,
      "end": 266.265,
      "text": "我们已经成为了一个标配。"
    },
    {
      "index": 99,
      "start": 267.02,
      "end": 267.2,
      "text": "好，"
    },
    {
      "index": 100,
      "start": 267.2,
      "end": 270.22,
      "text": "但是呢我们说从这个利用率是这个上面来看啊，"
    },
    {
      "index": 101,
      "start": 270.22,
      "end": 271.44,
      "text": "做了很多的新基建。"
    },
    {
      "index": 102,
      "start": 271.68,
      "end": 273.42,
      "text": "但是从算力的资源利用率啊，"
    },
    {
      "index": 103,
      "start": 273.42,
      "end": 274.48,
      "text": "那么其还是比较低啊，"
    },
    {
      "index": 104,
      "start": 274.54,
      "end": 276.58,
      "text": "呃从这百分之十到百分之十五啊，"
    },
    {
      "index": 105,
      "start": 276.72,
      "end": 280.12,
      "text": "那么呢就更需要啊我们去啊从这个软件层面啊，"
    },
    {
      "index": 106,
      "start": 280.12,
      "end": 282.52,
      "text": "从系统从系统软件的这样一个角度的话呢，"
    },
    {
      "index": 107,
      "start": 282.52,
      "end": 283.78,
      "text": "对算力啊更合理，"
    },
    {
      "index": 108,
      "start": 283.78,
      "end": 285.4,
      "text": "更高效的去管理和调度。"
    },
    {
      "index": 109,
      "start": 285.86,
      "end": 291.19,
      "text": "那么我们按照做操作系统的这样呃的的这样一个思路啊，"
    },
    {
      "index": 110,
      "start": 291.19,
      "end": 292.43,
      "text": "我们做传统的操作系统，"
    },
    {
      "index": 111,
      "start": 292.69,
      "end": 294.89,
      "text": "再到呢我们做云里边做云 OS 啊，"
    },
    {
      "index": 112,
      "start": 294.89,
      "end": 298.25,
      "text": "我们都希望的话呢去向下啊去这个管理啊，"
    },
    {
      "index": 113,
      "start": 298.39,
      "end": 301.05,
      "text": "呃就说呃啊各种各类啊的资源。"
    },
    {
      "index": 114,
      "start": 301.05,
      "end": 304.45,
      "text": "那么呢向上的话呢去为这个为为软件层啊，"
    },
    {
      "index": 115,
      "start": 304.49,
      "end": 306.77,
      "text": "为这个软件 app 和这个服务的话，"
    },
    {
      "index": 116,
      "start": 306.77,
      "end": 309.81,
      "text": "那我们去提供相关的啊编程的接口啊，"
    },
    {
      "index": 117,
      "start": 309.81,
      "end": 311.67,
      "text": "那么来去屏蔽掉底层啊，"
    },
    {
      "index": 118,
      "start": 311.69,
      "end": 312.43,
      "text": "很复杂啊，"
    },
    {
      "index": 119,
      "start": 312.45,
      "end": 313.81,
      "text": "很异构的的这种环境。"
    },
    {
      "index": 120,
      "start": 313.81,
      "end": 314.05,
      "text": "啊，"
    },
    {
      "index": 121,
      "start": 314.35,
      "end": 316.33,
      "text": "所以呢我们说在 AI 的时代啊，"
    },
    {
      "index": 122,
      "start": 316.33,
      "end": 319.92,
      "text": "我们就希望啊啊有一个呃有有基础设施的这一层啊，"
    },
    {
      "index": 123,
      "start": 319.92,
      "end": 322.0,
      "text": "那么可以去向下的那么去管理啊，"
    },
    {
      "index": 124,
      "start": 322.34,
      "end": 322.96,
      "text": "去管理，"
    },
    {
      "index": 125,
      "start": 322.96,
      "end": 323.8,
      "text": "去调度啊，"
    },
    {
      "index": 126,
      "start": 323.8,
      "end": 325.279,
      "text": "去池化相关的这种资源。"
    },
    {
      "index": 127,
      "start": 325.279,
      "end": 327.36,
      "text": "那么呢去对上啊，"
    },
    {
      "index": 128,
      "start": 327.36,
      "end": 329.42,
      "text": "那么去啊那么像去做这个训练，"
    },
    {
      "index": 129,
      "start": 329.46,
      "end": 331.72,
      "text": "我们从这个从离线批处理的一个视角，"
    },
    {
      "index": 130,
      "start": 331.86,
      "end": 334.26,
      "text": "那么以及呢从这个在线的一个视角啊，"
    },
    {
      "index": 131,
      "start": 334.26,
      "end": 337.3,
      "text": "那么去啊让这个 LM 的的 serving 啊，"
    },
    {
      "index": 132,
      "start": 337.3,
      "end": 339.64,
      "text": "那么可以去这个去更可可以去更高效啊，"
    },
    {
      "index": 133,
      "start": 339.64,
      "end": 344.3,
      "text": "那么来去满足呢用户啊很多样化的对性能对成本的这样的需求啊，"
    },
    {
      "index": 134,
      "start": 344.3,
      "end": 347.36,
      "text": "我们希望呢吞吐啊那么可以啊是比较高的啊，"
    },
    {
      "index": 135,
      "start": 347.36,
      "end": 349.1,
      "text": "那么推理的一个时延啊，"
    },
    {
      "index": 136,
      "start": 349.1,
      "end": 350.475,
      "text": "那么可以去去得到保障。"
    },
    {
      "index": 137,
      "start": 351.54,
      "end": 351.7,
      "text": "啊，"
    },
    {
      "index": 138,
      "start": 351.7,
      "end": 355.84,
      "text": "所以呢我们说从这个从从框架层也以及呢在 runtime 的时候啊，"
    },
    {
      "index": 139,
      "start": 355.84,
      "end": 358.16,
      "text": "我们都发现啊我们需要呢去做很多事情。"
    },
    {
      "index": 140,
      "start": 358.46,
      "end": 362.0,
      "text": "是因为呢我们嗯发现啊从整个的的资源用率啊，"
    },
    {
      "index": 141,
      "start": 362.26,
      "end": 363.4,
      "text": "它相对来讲比较低啊，"
    },
    {
      "index": 142,
      "start": 363.4,
      "end": 364.6,
      "text": "对服务质量的保障，"
    },
    {
      "index": 143,
      "start": 364.62,
      "end": 365.5,
      "text": "那么还是比较困难。"
    },
    {
      "index": 144,
      "start": 365.78,
      "end": 368.24,
      "text": "那么呢我们说从这个失效啊，"
    },
    {
      "index": 145,
      "start": 368.24,
      "end": 372.4,
      "text": "从这个 failure 的的发生的呃的一个成本和概率呢，"
    },
    {
      "index": 146,
      "start": 372.4,
      "end": 373.4,
      "text": "那么还是比较高的。"
    },
    {
      "index": 147,
      "start": 373.48,
      "end": 374.96,
      "text": "那么对于这样一个大型的环境，"
    },
    {
      "index": 148,
      "start": 374.96,
      "end": 378.68,
      "text": "那么那么去该怎么样去做做做可观测性啊和这个追踪啊，"
    },
    {
      "index": 149,
      "start": 378.68,
      "end": 380.2,
      "text": "那么依然是我们需要去解决的问题。"
    },
    {
      "index": 150,
      "start": 380.2,
      "end": 383.21,
      "text": "那么当这个系统变得很大的时候啊，"
    },
    {
      "index": 151,
      "start": 383.21,
      "end": 387.57,
      "text": "我们说这个这个呃呃所有的啊这个恢复慢啊，"
    },
    {
      "index": 152,
      "start": 387.57,
      "end": 389.73,
      "text": "损失大的这样的的现象啊，"
    },
    {
      "index": 153,
      "start": 389.73,
      "end": 391.69,
      "text": "那么会进一步的啊所所加剧啊，"
    },
    {
      "index": 154,
      "start": 391.69,
      "end": 396.19,
      "text": "所以呢我们希望的话呢可以从啊从这个 full lerance 的这样一个视角啊，"
    },
    {
      "index": 155,
      "start": 396.27,
      "end": 398.87,
      "text": "那么可以去比较及时的啊那么去检测啊，"
    },
    {
      "index": 156,
      "start": 398.87,
      "end": 399.77,
      "text": "去精准去定位，"
    },
    {
      "index": 157,
      "start": 399.95,
      "end": 400.99,
      "text": "可以呢更加全面，"
    },
    {
      "index": 158,
      "start": 400.99,
      "end": 402.77,
      "text": "更加及时的去这个去诊断啊，"
    },
    {
      "index": 159,
      "start": 402.77,
      "end": 405.81,
      "text": "那么当出现了对应呃的的 failure 之后啊，"
    },
    {
      "index": 160,
      "start": 405.81,
      "end": 410.015,
      "text": "我们希望呢就是说可以去更快速的啊去做相关的失效的一个恢复。"
    },
    {
      "index": 161,
      "start": 411.02,
      "end": 412.82,
      "text": "所以呢我们从整体的一个思路上边，"
    },
    {
      "index": 162,
      "start": 412.86,
      "end": 414.66,
      "text": "我们就希望呢对易购的的源源，"
    },
    {
      "index": 163,
      "start": 414.66,
      "end": 417.52,
      "text": "那么们可以呢更更合理啊更一致的去这个抽象。"
    },
    {
      "index": 164,
      "start": 417.8,
      "end": 419.84,
      "text": "那么呢在在运行时啊，"
    },
    {
      "index": 165,
      "start": 419.84,
      "end": 421.6,
      "text": "那么对对对对算力，"
    },
    {
      "index": 166,
      "start": 421.6,
      "end": 423.16,
      "text": "那么尤其是对对国产卡啊，"
    },
    {
      "index": 167,
      "start": 423.16,
      "end": 425.3,
      "text": "那么可以去更高效的去这个适配和优化。"
    },
    {
      "index": 168,
      "start": 425.52,
      "end": 427.6,
      "text": "那么同时呢从这个从调度啊，"
    },
    {
      "index": 169,
      "start": 427.6,
      "end": 430.14,
      "text": "从这个训练和推理的这样一个视角的话呢，"
    },
    {
      "index": 170,
      "start": 430.14,
      "end": 434.38,
      "text": "把这个呃把这个算力去该怎么去去这个去去管理和调度的话，"
    },
    {
      "index": 171,
      "start": 434.38,
      "end": 438.56,
      "text": "那那么去这个去进行相关的这种呃的的的改进啊，"
    },
    {
      "index": 172,
      "start": 438.6,
      "end": 442.13,
      "text": "那么来去支撑一个再多租户环境之下多模型。"
    },
    {
      "index": 173,
      "start": 442.13,
      "end": 445.23,
      "text": "那么可以呃去去更高效的做这个训练和推理。"
    },
    {
      "index": 174,
      "start": 445.49,
      "end": 448.21,
      "text": "那从这个容错啊从可观性的一个视角啊，"
    },
    {
      "index": 175,
      "start": 448.21,
      "end": 450.05,
      "text": "我们希望把这些软硬件的状态啊，"
    },
    {
      "index": 176,
      "start": 450.05,
      "end": 452.055,
      "text": "那么可以呢更好的去观测和追踪。"
    },
    {
      "index": 177,
      "start": 453.09,
      "end": 453.23,
      "text": "好。"
    },
    {
      "index": 178,
      "start": 453.23,
      "end": 455.09,
      "text": "所以呢我们在第在第一个方向的话呢，"
    },
    {
      "index": 179,
      "start": 455.09,
      "end": 456.27,
      "text": "我们就去探索一下啊，"
    },
    {
      "index": 180,
      "start": 456.27,
      "end": 458.43,
      "text": "那么在异构啊的的场景之下，"
    },
    {
      "index": 181,
      "start": 458.49,
      "end": 459.85,
      "text": "我们需要去做什么事情啊，"
    },
    {
      "index": 182,
      "start": 460.05,
      "end": 461.83,
      "text": "那在异构的一个环境之下呢，"
    },
    {
      "index": 183,
      "start": 461.83,
      "end": 463.63,
      "text": "我们可以去观测到很多的现象啊。"
    },
    {
      "index": 184,
      "start": 463.63,
      "end": 463.75,
      "text": "好，"
    },
    {
      "index": 185,
      "start": 463.75,
      "end": 465.85,
      "text": "比如说呢我们把不同的模型啊，"
    },
    {
      "index": 186,
      "start": 465.85,
      "end": 467.45,
      "text": "那么在不同的卡上去执行的时候，"
    },
    {
      "index": 187,
      "start": 467.45,
      "end": 469.43,
      "text": "我们发现它的性能的差异还是非常大的。"
    },
    {
      "index": 188,
      "start": 469.61,
      "end": 469.85,
      "text": "啊，"
    },
    {
      "index": 189,
      "start": 469.85,
      "end": 471.35,
      "text": "那么当去做这些混布啊，"
    },
    {
      "index": 190,
      "start": 471.35,
      "end": 473.85,
      "text": "当两个当多个的的这种作业啊，"
    },
    {
      "index": 191,
      "start": 473.85,
      "end": 477.07,
      "text": "那么在同一组呃的算力上面去执行的时候，"
    },
    {
      "index": 192,
      "start": 477.07,
      "end": 478.43,
      "text": "那么从这个从执行啊，"
    },
    {
      "index": 193,
      "start": 478.43,
      "end": 480.39,
      "text": "它是它是它是这个非对称的。"
    },
    {
      "index": 194,
      "start": 480.61,
      "end": 483.38,
      "text": "那么呢当我们去做这个 serving 时候啊，"
    },
    {
      "index": 195,
      "start": 483.38,
      "end": 487.42,
      "text": "我们就是说这个当呃就是去在在异构的环境之下去部署啊，"
    },
    {
      "index": 196,
      "start": 487.42,
      "end": 490.06,
      "text": "那么成本的差异啊在不同的卡上边的话呢，"
    },
    {
      "index": 197,
      "start": 490.26,
      "end": 492.78,
      "text": "当去满足同样的服务质量的时候啊，"
    },
    {
      "index": 198,
      "start": 492.78,
      "end": 493.78,
      "text": "成本是不一样的。"
    },
    {
      "index": 199,
      "start": 493.98,
      "end": 494.96,
      "text": "那么再进一步的话呢，"
    },
    {
      "index": 200,
      "start": 494.96,
      "end": 498.56,
      "text": "我们说这个当当一个呃我们说在呃去观测到啊，"
    },
    {
      "index": 201,
      "start": 498.56,
      "end": 500.3,
      "text": "那么在整个的算力环境之下啊，"
    },
    {
      "index": 202,
      "start": 500.3,
      "end": 503.4,
      "text": "那么当这个当当 GPU 和 NPU 啊是比较狠的时候啊，"
    },
    {
      "index": 203,
      "start": 503.4,
      "end": 504.46,
      "text": "那么 CPU 测的话呢，"
    },
    {
      "index": 204,
      "start": 504.46,
      "end": 507.24,
      "text": "其实还有很多啊比较空闲的的的这种算力。"
    },
    {
      "index": 205,
      "start": 507.44,
      "end": 510.6,
      "text": "那么该怎么样啊去把这个 CPUNPU 啊去互补，"
    },
    {
      "index": 206,
      "start": 510.66,
      "end": 514.19,
      "text": "那么也是啊我们去做异构融合的一个重要的的点啊，"
    },
    {
      "index": 207,
      "start": 514.33,
      "end": 516.27,
      "text": "所以呢我们就围绕着这个算力啊，"
    },
    {
      "index": 208,
      "start": 516.27,
      "end": 518.23,
      "text": "就该怎么去在 run time 的时候去调度啊，"
    },
    {
      "index": 209,
      "start": 518.23,
      "end": 520.31,
      "text": "那该怎么样去配置合理的策略啊，"
    },
    {
      "index": 210,
      "start": 520.31,
      "end": 521.75,
      "text": "那么去展开相关的这种研究。"
    },
    {
      "index": 211,
      "start": 522.05,
      "end": 527.89,
      "text": "那么他最终我们就是希望呢可以把这些啊和易购的算力的话呢，"
    },
    {
      "index": 212,
      "start": 527.89,
      "end": 529.95,
      "text": "那么去这个去去物尽其用啊，"
    },
    {
      "index": 213,
      "start": 529.95,
      "end": 533.73,
      "text": "那么去这个更合理的啊感去这个去这个去感知啊，"
    },
    {
      "index": 214,
      "start": 533.75,
      "end": 536.01,
      "text": "那么呃性能的差异和敏感性啊，"
    },
    {
      "index": 215,
      "start": 536.07,
      "end": 537.07,
      "text": "从这个成本啊，"
    },
    {
      "index": 216,
      "start": 537.07,
      "end": 538.57,
      "text": "从性价比的这样一个视角呢，"
    },
    {
      "index": 217,
      "start": 538.77,
      "end": 540.61,
      "text": "那去考虑啊算力该怎么去调度。"
    },
    {
      "index": 218,
      "start": 540.77,
      "end": 543.57,
      "text": "那么呢对于这些 CPU 和和 NPU 啊，"
    },
    {
      "index": 219,
      "start": 543.57,
      "end": 549.31,
      "text": "以及啊啊就是说我们我们通呃去可以通过啊更灵活更弹性的的这种 off loading 啊，"
    },
    {
      "index": 220,
      "start": 549.31,
      "end": 551.71,
      "text": "那么可以去做相关的的置换和切换。"
    },
    {
      "index": 221,
      "start": 551.71,
      "end": 551.95,
      "text": "啊，"
    },
    {
      "index": 222,
      "start": 553.28,
      "end": 555.24,
      "text": "所以呢在第一在第一个事情里面的话呢，"
    },
    {
      "index": 223,
      "start": 555.24,
      "end": 556.56,
      "text": "我们就是在训练的时候啊，"
    },
    {
      "index": 224,
      "start": 556.56,
      "end": 559.04,
      "text": "我们做了一些和 colocation 比较相关的事情。"
    },
    {
      "index": 225,
      "start": 559.04,
      "end": 562.04,
      "text": "那么呃当我们做这个多作业啊去调的时候啊，"
    },
    {
      "index": 226,
      "start": 562.04,
      "end": 565.14,
      "text": "那么除了去这个考虑相关的的异构性之外啊，"
    },
    {
      "index": 227,
      "start": 565.14,
      "end": 569.94,
      "text": "我们那么也也去也再去呃也去去观测到啊那么互联联网的景景之啊，"
    },
    {
      "index": 228,
      "start": 569.94,
      "end": 573.22,
      "text": "那么很呃有很明显的的这种潮汐的这种现象啊，"
    },
    {
      "index": 229,
      "start": 573.22,
      "end": 579.16,
      "text": "那么就是说呢当啊就是所有的作业啊那么的那么就是说他都需要啊在截止时间之内啊，"
    },
    {
      "index": 230,
      "start": 579.16,
      "end": 581.42,
      "text": "或者在算例的使用期之内啊所完成。"
    },
    {
      "index": 231,
      "start": 581.5,
      "end": 581.68,
      "text": "啊，"
    },
    {
      "index": 232,
      "start": 581.68,
      "end": 588.15,
      "text": "所以我们也去把啊把这个把执行的时间啊和异构性呢去去加以去共同的的的考虑啊，"
    },
    {
      "index": 233,
      "start": 588.15,
      "end": 589.89,
      "text": "那么再去做 colocation 的时候的话呢，"
    },
    {
      "index": 234,
      "start": 589.89,
      "end": 592.77,
      "text": "我们希望啊那么就是从机制上边的话呢，"
    },
    {
      "index": 235,
      "start": 592.77,
      "end": 595.47,
      "text": "让多作业啊可以去这个并发去交错的去执行。"
    },
    {
      "index": 236,
      "start": 595.75,
      "end": 598.83,
      "text": "那么呢再去做这个从策略层面上边做调度的时候啊，"
    },
    {
      "index": 237,
      "start": 598.83,
      "end": 602.95,
      "text": "我们希望把节制时间和异构呢去感知的啊更彻底一些啊，"
    },
    {
      "index": 238,
      "start": 602.95,
      "end": 605.91,
      "text": "让这些从作从作业组的一个的一个视角啊，"
    },
    {
      "index": 239,
      "start": 605.91,
      "end": 611.49,
      "text": "那么可以呢在在组内啊可以去并行去交错的在一组的算力的资源上边呢更高效去执行。"
    },
    {
      "index": 240,
      "start": 611.75,
      "end": 614.2,
      "text": "那么呢在不同的队组的之间啊，"
    },
    {
      "index": 241,
      "start": 614.2,
      "end": 617.295,
      "text": "我们可以按照我们所编排和调度的的一个顺序去执行。"
    },
    {
      "index": 242,
      "start": 617.94,
      "end": 618.1,
      "text": "好，"
    },
    {
      "index": 243,
      "start": 618.1,
      "end": 619.48,
      "text": "所以呢就是说在这里边的话呢，"
    },
    {
      "index": 244,
      "start": 619.48,
      "end": 620.72,
      "text": "我们的一个重点啊，"
    },
    {
      "index": 245,
      "start": 620.86,
      "end": 623.96,
      "text": "我们就是要去啊把这些 colocation 啊的时候啊，"
    },
    {
      "index": 246,
      "start": 624.14,
      "end": 626.36,
      "text": "性能啊在在在在 run time 的时候，"
    },
    {
      "index": 247,
      "start": 626.36,
      "end": 627.9,
      "text": "性能是是怎么去干扰的啊，"
    },
    {
      "index": 248,
      "start": 627.9,
      "end": 630.9,
      "text": "去把这些异呃和异步呃的执行的特点。"
    },
    {
      "index": 249,
      "start": 630.9,
      "end": 631.92,
      "text": "那我们去考虑进来。"
    },
    {
      "index": 250,
      "start": 632.02,
      "end": 633.32,
      "text": "那么在在同时的话呢，"
    },
    {
      "index": 251,
      "start": 633.36,
      "end": 635.6,
      "text": "我们用一些呃图匹配的算法啊，"
    },
    {
      "index": 252,
      "start": 635.6,
      "end": 637.16,
      "text": "那么去解决这个多作业啊，"
    },
    {
      "index": 253,
      "start": 637.16,
      "end": 638.24,
      "text": "去调度的这样一个问题。"
    },
    {
      "index": 254,
      "start": 638.24,
      "end": 639.56,
      "text": "那么相关的系统的话呢，"
    },
    {
      "index": 255,
      "start": 639.56,
      "end": 641.18,
      "text": "我们也是啊在这个快手的话呢，"
    },
    {
      "index": 256,
      "start": 641.18,
      "end": 644.16,
      "text": "在在在这个在签卡的的集群里边的话呢，"
    },
    {
      "index": 257,
      "start": 644.16,
      "end": 645.86,
      "text": "那么去做了相关的实验啊。"
    },
    {
      "index": 258,
      "start": 645.86,
      "end": 650.19,
      "text": "那么可以从这个从截日时间我们有有一个百分之四十四的一个提升啊。"
    },
    {
      "index": 259,
      "start": 650.55,
      "end": 651.09,
      "text": "呃呃，"
    },
    {
      "index": 260,
      "start": 651.09,
      "end": 652.49,
      "text": "就是从完成率上面的话呢，"
    },
    {
      "index": 261,
      "start": 652.49,
      "end": 654.47,
      "text": "是有一个是有一个百分之四十四的一个提升啊，"
    },
    {
      "index": 262,
      "start": 654.47,
      "end": 656.11,
      "text": "那对这个对对对对，"
    },
    {
      "index": 263,
      "start": 656.11,
      "end": 656.79,
      "text": "GCT 啊，"
    },
    {
      "index": 264,
      "start": 656.79,
      "end": 659.915,
      "text": "那么可以去缩短这个呃这个这个小两倍啊。"
    },
    {
      "index": 265,
      "start": 661.0,
      "end": 662.24,
      "text": "那么在第二方面的话呢，"
    },
    {
      "index": 266,
      "start": 662.24,
      "end": 663.3,
      "text": "在推理的时候啊，"
    },
    {
      "index": 267,
      "start": 663.3,
      "end": 665.28,
      "text": "那么在在推理的的衬之下啊，"
    },
    {
      "index": 268,
      "start": 665.28,
      "end": 666.06,
      "text": "大家都知道啊，"
    },
    {
      "index": 269,
      "start": 666.06,
      "end": 668.34,
      "text": "做这个做这个 prefile 和 decode 啊，"
    },
    {
      "index": 270,
      "start": 668.34,
      "end": 670.74,
      "text": "那么从这个作为这个作为算力的需求，"
    },
    {
      "index": 271,
      "start": 670.86,
      "end": 673.2,
      "text": "那么和这个它执行的的 pattern 啊，"
    },
    {
      "index": 272,
      "start": 673.2,
      "end": 674.64,
      "text": "那么就是是差别比较大的。"
    },
    {
      "index": 273,
      "start": 674.64,
      "end": 674.82,
      "text": "啊，"
    },
    {
      "index": 274,
      "start": 674.82,
      "end": 676.16,
      "text": "比如说我们做这个 prefile 的时候，"
    },
    {
      "index": 275,
      "start": 676.16,
      "end": 677.94,
      "text": "我们需要更紧密啊，"
    },
    {
      "index": 276,
      "start": 677.94,
      "end": 679.8,
      "text": "更密切更高的的这种算力。"
    },
    {
      "index": 277,
      "start": 679.8,
      "end": 679.92,
      "text": "啊，"
    },
    {
      "index": 278,
      "start": 679.92,
      "end": 681.18,
      "text": "那么做做扣的时候呢，"
    },
    {
      "index": 279,
      "start": 681.18,
      "end": 685.36,
      "text": "那么那么它其实是仿存的呃的的的的密集的一个时期啊，"
    },
    {
      "index": 280,
      "start": 685.36,
      "end": 689.52,
      "text": "我们希望的话呢去针对这样的呃呃就是说他们很具体的一个特点啊，"
    },
    {
      "index": 281,
      "start": 689.52,
      "end": 691.59,
      "text": "那么分阶段的啊去考虑啊，"
    },
    {
      "index": 282,
      "start": 691.59,
      "end": 692.89,
      "text": "在这个做部署的时候，"
    },
    {
      "index": 283,
      "start": 692.89,
      "end": 695.41,
      "text": "我们考虑到呃这个从算力啊，"
    },
    {
      "index": 284,
      "start": 695.41,
      "end": 697.19,
      "text": "从成本啊效率的一个视角啊，"
    },
    {
      "index": 285,
      "start": 697.19,
      "end": 698.869,
      "text": "从性价比的一个角度那么去考虑。"
    },
    {
      "index": 286,
      "start": 699.01,
      "end": 704.09,
      "text": "那么呢可以更高效的啊把这个 prefile 和 decode 啊那么去该怎么去配比啊，"
    },
    {
      "index": 287,
      "start": 704.09,
      "end": 707.13,
      "text": "来去满足这个呃 KV cash 的一些读写啊，"
    },
    {
      "index": 288,
      "start": 707.13,
      "end": 708.79,
      "text": "这些生产和消费的需求，"
    },
    {
      "index": 289,
      "start": 708.95,
      "end": 710.87,
      "text": "以及呢把这个具体的配置实力啊，"
    },
    {
      "index": 290,
      "start": 710.87,
      "end": 713.57,
      "text": "该怎么样在异构的的的叉 PU 上边。"
    },
    {
      "index": 291,
      "start": 713.57,
      "end": 715.25,
      "text": "那么去这个去这个映射啊，"
    },
    {
      "index": 292,
      "start": 715.25,
      "end": 717.81,
      "text": "我们去去去从这两个问题那么去去解决啊，"
    },
    {
      "index": 293,
      "start": 718.05,
      "end": 719.17,
      "text": "所以呢在这里边的话呢，"
    },
    {
      "index": 294,
      "start": 719.17,
      "end": 720.51,
      "text": "我们最核心的的想法啊，"
    },
    {
      "index": 295,
      "start": 720.51,
      "end": 723.7,
      "text": "我们就是以这个以以这个以 GPU 啊，"
    },
    {
      "index": 296,
      "start": 723.7,
      "end": 724.38,
      "text": "congo 啊，"
    },
    {
      "index": 297,
      "start": 724.4,
      "end": 726.2,
      "text": "以套餐的这种形式的话呢，"
    },
    {
      "index": 298,
      "start": 726.3,
      "end": 730.56,
      "text": "来去啊去满足一些啊给定的 PD 的的一个配比啊，"
    },
    {
      "index": 299,
      "start": 730.56,
      "end": 734.16,
      "text": "那那么呢再去啊在就是说从这个量化的一个视角，"
    },
    {
      "index": 300,
      "start": 734.16,
      "end": 737.88,
      "text": "我们去精确的啊去分析分析不同的 PD 的配比啊，"
    },
    {
      "index": 301,
      "start": 737.88,
      "end": 741.56,
      "text": "具体是该怎么样去部署它的啊在那么在这个原生的环境之下，"
    },
    {
      "index": 302,
      "start": 741.74,
      "end": 743.92,
      "text": "它的 cost 啊它它到底是多少啊，"
    },
    {
      "index": 303,
      "start": 743.92,
      "end": 746.18,
      "text": "那么他再进一步的话呢，"
    },
    {
      "index": 304,
      "start": 746.18,
      "end": 748.82,
      "text": "我们说在这个当这个 p 当 PD 实例，"
    },
    {
      "index": 305,
      "start": 748.82,
      "end": 753.06,
      "text": "在这个 NPU 和和和和 GPU 上面去部署好之后啊，"
    },
    {
      "index": 306,
      "start": 753.06,
      "end": 756.98,
      "text": "那么去该怎么样啊去更加动态的去响应对应的一个请求啊。"
    },
    {
      "index": 307,
      "start": 756.98,
      "end": 760.56,
      "text": "那么当请当请求啊所动态的啊到来之后啊，"
    },
    {
      "index": 308,
      "start": 760.56,
      "end": 765.78,
      "text": "那么我呃我们就是说是该怎么在 combo 之间和 combo 呃之内啊去做相关的一个部署，"
    },
    {
      "index": 309,
      "start": 765.78,
      "end": 769.12,
      "text": "来去呢满足啊实时的一个复制量的这样一个需求啊。"
    },
    {
      "index": 310,
      "start": 771.23,
      "end": 771.37,
      "text": "好，"
    },
    {
      "index": 311,
      "start": 771.37,
      "end": 773.93,
      "text": "所以呢就是说呃通过相关的啊，"
    },
    {
      "index": 312,
      "start": 773.93,
      "end": 776.19,
      "text": "就我们做这些配比和套餐的分析啊，"
    },
    {
      "index": 313,
      "start": 776.19,
      "end": 778.51,
      "text": "我们就是从这个大模型做推理的时候，"
    },
    {
      "index": 314,
      "start": 778.53,
      "end": 781.25,
      "text": "从下比的话呢可以提高百分之二十五到百分之三十八。"
    },
    {
      "index": 315,
      "start": 781.49,
      "end": 781.69,
      "text": "啊，"
    },
    {
      "index": 316,
      "start": 781.69,
      "end": 783.81,
      "text": "那么在各类的食盐上面的话呢，"
    },
    {
      "index": 317,
      "start": 783.91,
      "end": 785.63,
      "text": "那么和这个搜塔啊去比的话，"
    },
    {
      "index": 318,
      "start": 785.63,
      "end": 787.985,
      "text": "那么也有这个啊不同程度的一个提升。"
    },
    {
      "index": 319,
      "start": 789.49,
      "end": 789.65,
      "text": "好，"
    },
    {
      "index": 320,
      "start": 789.65,
      "end": 790.85,
      "text": "那么在第三块儿的话呢，"
    },
    {
      "index": 321,
      "start": 790.85,
      "end": 793.61,
      "text": "我们就是围绕着啊在 MOE 的场景之下啊，"
    },
    {
      "index": 322,
      "start": 793.61,
      "end": 795.15,
      "text": "我们以 expert 为核心啊，"
    },
    {
      "index": 323,
      "start": 795.15,
      "end": 798.27,
      "text": "我们看一看就是在一些资源比较受限的的情况之下啊，"
    },
    {
      "index": 324,
      "start": 798.27,
      "end": 801.45,
      "text": "当我们碰到了一些啊算力强的时候啊，"
    },
    {
      "index": 325,
      "start": 801.45,
      "end": 806.19,
      "text": "我们该怎么样在有限的呃的算力的环境之下啊，"
    },
    {
      "index": 326,
      "start": 806.27,
      "end": 809.43,
      "text": "那么去可以去支持啊做大模型的这些训和推理。"
    },
    {
      "index": 327,
      "start": 809.43,
      "end": 809.67,
      "text": "啊，"
    },
    {
      "index": 328,
      "start": 809.67,
      "end": 810.93,
      "text": "那么在这块儿的话呢，"
    },
    {
      "index": 329,
      "start": 810.93,
      "end": 815.67,
      "text": "我们就啊去这个去延续了我们之前在这个 supercomputer 二零二二年的的一个工作啊，"
    },
    {
      "index": 330,
      "start": 815.67,
      "end": 818.69,
      "text": "我们就希望呢让这些啊让 CPU 和叉 PU 啊，"
    },
    {
      "index": 331,
      "start": 818.69,
      "end": 821.32,
      "text": "那么可以那更充分的去互补啊。"
    },
    {
      "index": 332,
      "start": 821.32,
      "end": 824.08,
      "text": "那么那么就说在 MOE 的的景景下的话呢，"
    },
    {
      "index": 333,
      "start": 824.08,
      "end": 827.86,
      "text": "刚才我们就呃呃也做了一些具体的的一个实践啊，"
    },
    {
      "index": 334,
      "start": 827.86,
      "end": 829.6,
      "text": "比如我们在这个 VRM 上边的话呢，"
    },
    {
      "index": 335,
      "start": 829.6,
      "end": 832.62,
      "text": "那么也实现了这个呃做 CPU 的 offloading 啊，"
    },
    {
      "index": 336,
      "start": 832.62,
      "end": 835.3,
      "text": "我们可以去去针对于啊在 MOE 场景之下，"
    },
    {
      "index": 337,
      "start": 835.3,
      "end": 835.54,
      "text": "呃，"
    },
    {
      "index": 338,
      "start": 835.68,
      "end": 836.88,
      "text": "就是说做 expert 啊，"
    },
    {
      "index": 339,
      "start": 836.88,
      "end": 839.14,
      "text": "那么就是它有这些冷热的这种区别啊，"
    },
    {
      "index": 340,
      "start": 839.26,
      "end": 840.98,
      "text": "我们可以呢做 MOE 啊，"
    },
    {
      "index": 341,
      "start": 840.98,
      "end": 842.54,
      "text": "做这个稀疏的激活啊。"
    },
    {
      "index": 342,
      "start": 842.6,
      "end": 842.84,
      "text": "好，"
    },
    {
      "index": 343,
      "start": 843.28,
      "end": 845.52,
      "text": "比如说我们可以对一些冷热的 expert 的话呢，"
    },
    {
      "index": 344,
      "start": 845.52,
      "end": 849.065,
      "text": "那在在不同的的这个的设备上边啊那么去部署。"
    },
    {
      "index": 345,
      "start": 849.25,
      "end": 851.45,
      "text": "那么那么也可以在这个 runtime 的时候啊，"
    },
    {
      "index": 346,
      "start": 851.45,
      "end": 855.41,
      "text": "对这个 CPU 和叉 PU 呢去做一些协同的的调度啊，"
    },
    {
      "index": 347,
      "start": 855.41,
      "end": 857.79,
      "text": "那么来去动态的去决定一下啊，"
    },
    {
      "index": 348,
      "start": 857.79,
      "end": 861.33,
      "text": "那么就是说这个呃去该怎么样去做做 off loading 啊，"
    },
    {
      "index": 349,
      "start": 861.57,
      "end": 864.21,
      "text": "那么再进一步的啊从可扩展性的的一个视角啊，"
    },
    {
      "index": 350,
      "start": 864.21,
      "end": 868.19,
      "text": "我们再进一步的话呢啊把这些啊再次做这个 MOE 的时候，"
    },
    {
      "index": 351,
      "start": 868.19,
      "end": 872.09,
      "text": "把这个 attention 和 expert 啊那么去去进一步的去解耦啊去分离。"
    },
    {
      "index": 352,
      "start": 872.37,
      "end": 875.45,
      "text": "所以呢我们就希望呢可以更充分的啊去利用起来，"
    },
    {
      "index": 353,
      "start": 875.45,
      "end": 878.63,
      "text": "在整个的算力的话的的的环的环境之下啊，"
    },
    {
      "index": 354,
      "start": 878.63,
      "end": 884.16,
      "text": "那么去该怎么怎样去更高效的啊把这些啊和异构的算力和存储啊去利用起来啊，"
    },
    {
      "index": 355,
      "start": 884.16,
      "end": 884.28,
      "text": "好，"
    },
    {
      "index": 356,
      "start": 884.28,
      "end": 885.9,
      "text": "所以就是说在对应的项目里边的话，"
    },
    {
      "index": 357,
      "start": 885.9,
      "end": 889.16,
      "text": "我们也是得到了这个华为和北航的联合实验室啊，"
    },
    {
      "index": 358,
      "start": 889.16,
      "end": 891.9,
      "text": "那么有两期项目的的的一个支持啊。"
    },
    {
      "index": 359,
      "start": 891.9,
      "end": 895.48,
      "text": "那么再通过一些啊嗯从这个从从软件定义的一个视角啊，"
    },
    {
      "index": 360,
      "start": 895.62,
      "end": 899.3,
      "text": "那么可以把在前面我们所讲的啊做调度的一些策略的话呢，"
    },
    {
      "index": 361,
      "start": 899.3,
      "end": 900.72,
      "text": "去更灵活的去定制啊，"
    },
    {
      "index": 362,
      "start": 900.72,
      "end": 903.72,
      "text": "那么可以呢在集群在机架的范围之内的话呢，"
    },
    {
      "index": 363,
      "start": 903.72,
      "end": 910.61,
      "text": "那可以去做一个更高效的以 exx vert 为中心的这样一个呃的的的这样一个做做算力的一个分配。"
    },
    {
      "index": 364,
      "start": 910.73,
      "end": 911.65,
      "text": "那么再同时的话呢，"
    },
    {
      "index": 365,
      "start": 911.65,
      "end": 913.19,
      "text": "对请求啊可以的话呢，"
    },
    {
      "index": 366,
      "start": 913.19,
      "end": 913.71,
      "text": "更高效、"
    },
    {
      "index": 367,
      "start": 913.73,
      "end": 915.665,
      "text": "更灵活的去这个适配和分配。"
    },
    {
      "index": 368,
      "start": 917.54,
      "end": 917.72,
      "text": "好，"
    },
    {
      "index": 369,
      "start": 917.72,
      "end": 918.9,
      "text": "那么在第二个方向的话呢，"
    },
    {
      "index": 370,
      "start": 919.08,
      "end": 920.34,
      "text": "我我们来去看一看啊，"
    },
    {
      "index": 371,
      "start": 920.34,
      "end": 922.64,
      "text": "那么在这个在在在集群里边啊，"
    },
    {
      "index": 372,
      "start": 923.0,
      "end": 924.14,
      "text": "呃就是从可靠性啊，"
    },
    {
      "index": 373,
      "start": 924.14,
      "end": 925.26,
      "text": "从稳定性的一个视角，"
    },
    {
      "index": 374,
      "start": 925.26,
      "end": 926.28,
      "text": "那么去该怎么去分析。"
    },
    {
      "index": 375,
      "start": 926.54,
      "end": 927.52,
      "text": "那我们都知道啊，"
    },
    {
      "index": 376,
      "start": 927.52,
      "end": 930.04,
      "text": "那么在做这个做大模型的训练的时候啊，"
    },
    {
      "index": 377,
      "start": 930.18,
      "end": 933.28,
      "text": "呃就是说你如果是出现了相关的这种 failure 啊，"
    },
    {
      "index": 378,
      "start": 933.28,
      "end": 935.62,
      "text": "从这个恢复时间和成本啊是非常的高的。"
    },
    {
      "index": 379,
      "start": 935.82,
      "end": 937.58,
      "text": "所以呢从整体的思路上边的话呢，"
    },
    {
      "index": 380,
      "start": 937.72,
      "end": 939.5,
      "text": "他们就就从这个从追踪啊，"
    },
    {
      "index": 381,
      "start": 939.5,
      "end": 940.94,
      "text": "从这个从故障的隔离，"
    },
    {
      "index": 382,
      "start": 941.22,
      "end": 943.14,
      "text": "再到呢用这个 check point 啊，"
    },
    {
      "index": 383,
      "start": 943.14,
      "end": 944.4,
      "text": "那么从这个读写，"
    },
    {
      "index": 384,
      "start": 944.8,
      "end": 946.9,
      "text": "然后的话再在 run time 的时候啊，"
    },
    {
      "index": 385,
      "start": 946.9,
      "end": 949.33,
      "text": "那么就说去该怎么用这个 check point 去恢复，"
    },
    {
      "index": 386,
      "start": 949.51,
      "end": 953.47,
      "text": "以及呢再去从这个网络层啊做这个做结合通信的时候，"
    },
    {
      "index": 387,
      "start": 953.47,
      "end": 957.05,
      "text": "去该怎么样把这些啊把这些啊通信的链啊，"
    },
    {
      "index": 388,
      "start": 957.05,
      "end": 959.89,
      "text": "那么去去做一些啊及时的这种恢复啊，"
    },
    {
      "index": 389,
      "start": 959.89,
      "end": 962.41,
      "text": "那么把一些啊有问题的节点啊，"
    },
    {
      "index": 390,
      "start": 962.41,
      "end": 964.47,
      "text": "那么去这个去去去去摘除掉啊，"
    },
    {
      "index": 391,
      "start": 964.47,
      "end": 965.23,
      "text": "那好好。"
    },
    {
      "index": 392,
      "start": 965.55,
      "end": 967.51,
      "text": "所以就是在这个在结合通信的时候的话呢，"
    },
    {
      "index": 393,
      "start": 967.51,
      "end": 968.99,
      "text": "去做一些局部的一些处理啊，"
    },
    {
      "index": 394,
      "start": 968.99,
      "end": 972.55,
      "text": "那么呢再结合呃我们说具呃很具体的一些场景啊，"
    },
    {
      "index": 395,
      "start": 972.57,
      "end": 974.09,
      "text": "对这个 check point 那么去优化。"
    },
    {
      "index": 396,
      "start": 974.09,
      "end": 976.05,
      "text": "从这个思路上边的话呢，"
    },
    {
      "index": 397,
      "start": 976.05,
      "end": 980.36,
      "text": "我们就希望啊从这个 providing 到 tracking 啊到 detection，"
    },
    {
      "index": 398,
      "start": 980.8,
      "end": 986.34,
      "text": "再到呢我们说去这个去去做去做这个去做这些啊 diagnose 和定位啊，"
    },
    {
      "index": 399,
      "start": 986.52,
      "end": 988.74,
      "text": "再呢我们说去定位到具体啊，"
    },
    {
      "index": 400,
      "start": 988.74,
      "end": 993.32,
      "text": "它是是有什么么问啊啊我们用一些动态的一些配置和基于 check point 啊去做做恢复，"
    },
    {
      "index": 401,
      "start": 993.32,
      "end": 998.0,
      "text": "来去呢实现一个从追踪到恢复的这样一个端到端的的一个事情。"
    },
    {
      "index": 402,
      "start": 998.0,
      "end": 998.24,
      "text": "哦，"
    },
    {
      "index": 403,
      "start": 998.58,
      "end": 1000.12,
      "text": "所所以呢就是说在这里边的话，"
    },
    {
      "index": 404,
      "start": 1000.12,
      "end": 1001.26,
      "text": "我们也去定义了一下啊，"
    },
    {
      "index": 405,
      "start": 1001.26,
      "end": 1003.48,
      "text": "在这个 AI 的环境和和集群里边的话，"
    },
    {
      "index": 406,
      "start": 1003.48,
      "end": 1005.38,
      "text": "我们去啊去规定了一些啊，"
    },
    {
      "index": 407,
      "start": 1005.38,
      "end": 1008.87,
      "text": "就是说呃从这个 failure 啊去这个分类和定义啊，"
    },
    {
      "index": 408,
      "start": 1008.87,
      "end": 1011.55,
      "text": "我们可以找到啊这个有有五大类啊，"
    },
    {
      "index": 409,
      "start": 1011.55,
      "end": 1017.805,
      "text": "具体呢有十几种啊呃这些呃呃呃缺陷和性能的问题。"
    },
    {
      "index": 410,
      "start": 1018.9,
      "end": 1020.22,
      "text": "所以呢就是在这边啊，"
    },
    {
      "index": 411,
      "start": 1020.42,
      "end": 1023.54,
      "text": "那么呃在在第一个的事应里里的的话呢，"
    },
    {
      "index": 412,
      "start": 1023.54,
      "end": 1025.52,
      "text": "我们就就重点的那么来去看一看啊，"
    },
    {
      "index": 413,
      "start": 1025.52,
      "end": 1028.0,
      "text": "那么在一个分布式的训练和推理的环境之下啊，"
    },
    {
      "index": 414,
      "start": 1028.0,
      "end": 1030.28,
      "text": "我们该怎么样找到那些慢的人。"
    },
    {
      "index": 415,
      "start": 1030.28,
      "end": 1030.46,
      "text": "啊，"
    },
    {
      "index": 416,
      "start": 1030.46,
      "end": 1032.54,
      "text": "我们说这个叫叫叫这个 strugglar 啊，"
    },
    {
      "index": 417,
      "start": 1032.54,
      "end": 1035.6,
      "text": "那么在这个在 strugglar 在分布系统里面是很常见的啊，"
    },
    {
      "index": 418,
      "start": 1035.6,
      "end": 1039.3,
      "text": "那么呃呃那么就说去该怎么样去这个去定位啊，"
    },
    {
      "index": 419,
      "start": 1039.3,
      "end": 1046.16,
      "text": "去找到啊就是来去啊就是来拖慢啊整个啊训练和推理啊的任务的人是很关键的。"
    },
    {
      "index": 420,
      "start": 1046.16,
      "end": 1046.34,
      "text": "啊，"
    },
    {
      "index": 421,
      "start": 1046.34,
      "end": 1048.08,
      "text": "所所以就说在这一边的话呢，"
    },
    {
      "index": 422,
      "start": 1048.08,
      "end": 1050.87,
      "text": "呃啊这个时间关系我就呃不再去展开了。"
    },
    {
      "index": 423,
      "start": 1050.87,
      "end": 1051.11,
      "text": "啊，"
    },
    {
      "index": 424,
      "start": 1051.15,
      "end": 1055.11,
      "text": "比如说我们可以用一些啊这个跨节点啊的一些收集和聚合啊，"
    },
    {
      "index": 425,
      "start": 1055.11,
      "end": 1056.47,
      "text": "通过过些些统的手段，"
    },
    {
      "index": 426,
      "start": 1056.51,
      "end": 1060.83,
      "text": "那么去找到那呃对应的的这种 struggle 啊，"
    },
    {
      "index": 427,
      "start": 1060.91,
      "end": 1061.99,
      "text": "那么再进一步的话呢，"
    },
    {
      "index": 428,
      "start": 1061.99,
      "end": 1062.85,
      "text": "我们用这个图啊，"
    },
    {
      "index": 429,
      "start": 1062.85,
      "end": 1065.73,
      "text": "用这个图学习和这个和和 rag 的话呢，"
    },
    {
      "index": 430,
      "start": 1065.81,
      "end": 1068.83,
      "text": "那么在在集群的嗯的范围之内啊，"
    },
    {
      "index": 431,
      "start": 1068.83,
      "end": 1073.35,
      "text": "那么可以去啊去帮我们去做啊相关的呃的的的根因的一个分析啊。"
    },
    {
      "index": 432,
      "start": 1073.35,
      "end": 1075.33,
      "text": "那么就是说在相关的系统里边的话呢，"
    },
    {
      "index": 433,
      "start": 1075.33,
      "end": 1077.03,
      "text": "我们在在快手的系统里边啊，"
    },
    {
      "index": 434,
      "start": 1077.03,
      "end": 1081.6,
      "text": "那么也做了一些相关的的的呃的的的一个集成啊，"
    },
    {
      "index": 435,
      "start": 1081.6,
      "end": 1083.62,
      "text": "所以就是做这个做 diagnose 的时候呢，"
    },
    {
      "index": 436,
      "start": 1083.7,
      "end": 1087.7,
      "text": "我们可以从这个从传统的啊要花这个花半个小时啊，"
    },
    {
      "index": 437,
      "start": 1087.94,
      "end": 1091.46,
      "text": "那么就是说去大概啊可以去去去减小到一个分钟级。"
    },
    {
      "index": 438,
      "start": 1091.46,
      "end": 1091.7,
      "text": "啊，"
    },
    {
      "index": 439,
      "start": 1091.86,
      "end": 1092.96,
      "text": "所以说这个效率的话呢，"
    },
    {
      "index": 440,
      "start": 1092.96,
      "end": 1094.46,
      "text": "有一个数十倍的一个提升。"
    },
    {
      "index": 441,
      "start": 1094.84,
      "end": 1095.9,
      "text": "那么在第二部分的话呢，"
    },
    {
      "index": 442,
      "start": 1095.9,
      "end": 1101.48,
      "text": "我们啊去针对于在呃在大在在大规模呃推荐的场景之下啊，"
    },
    {
      "index": 443,
      "start": 1101.48,
      "end": 1103.34,
      "text": "我们用这个用 chacheck point 去优化啊，"
    },
    {
      "index": 444,
      "start": 1103.34,
      "end": 1106.02,
      "text": "我们希望的话呢去解决啊一些冷热啊，"
    },
    {
      "index": 445,
      "start": 1106.02,
      "end": 1108.18,
      "text": "就是说去这个做 embedding 的时候啊，"
    },
    {
      "index": 446,
      "start": 1108.18,
      "end": 1110.05,
      "text": "那么有冷热的区别啊，"
    },
    {
      "index": 447,
      "start": 1110.05,
      "end": 1112.21,
      "text": "我们可以去实现一个自适应的啊，"
    },
    {
      "index": 448,
      "start": 1112.21,
      "end": 1116.47,
      "text": "做 check point 的一个呃呃策略的的的一个选择啊。"
    },
    {
      "index": 449,
      "start": 1116.75,
      "end": 1118.13,
      "text": "那么呢再进一步的话呢，"
    },
    {
      "index": 450,
      "start": 1118.13,
      "end": 1120.49,
      "text": "我们希望啊做 check point 和这个训练啊，"
    },
    {
      "index": 451,
      "start": 1120.49,
      "end": 1123.05,
      "text": "我我们呢呃从这个 pipeline 的一个视角啊，"
    },
    {
      "index": 452,
      "start": 1123.05,
      "end": 1125.13,
      "text": "那么来去去做相关的的这种编排，"
    },
    {
      "index": 453,
      "start": 1125.35,
      "end": 1131.65,
      "text": "来去呢让 check point 不会去影响啊做正常的的这些训推啊的的的这样一个任务。"
    },
    {
      "index": 454,
      "start": 1132.19,
      "end": 1133.33,
      "text": "那从这个 niko 啊，"
    },
    {
      "index": 455,
      "start": 1133.33,
      "end": 1135.97,
      "text": "从这个数呃从这个从这个网络层的话呢，"
    },
    {
      "index": 456,
      "start": 1135.97,
      "end": 1137.77,
      "text": "我们也是啊那么在 runtime 的时候啊，"
    },
    {
      "index": 457,
      "start": 1137.77,
      "end": 1142.98,
      "text": "我们有呃有实现了一个啊做动态的呃呃重建链的手段啊，"
    },
    {
      "index": 458,
      "start": 1142.98,
      "end": 1145.44,
      "text": "从这个 device 层啊和这个 nico 层的话呢，"
    },
    {
      "index": 459,
      "start": 1145.44,
      "end": 1149.74,
      "text": "那么去做了这个做结构通信的的的的一个修改和改进啊，"
    },
    {
      "index": 460,
      "start": 1149.74,
      "end": 1151.7,
      "text": "那么让这些动态的节点啊，"
    },
    {
      "index": 461,
      "start": 1151.7,
      "end": 1154.2,
      "text": "那么可以去更好的啊那么去加入和退出啊，"
    },
    {
      "index": 462,
      "start": 1154.2,
      "end": 1156.655,
      "text": "来去呢降低相关的的这种 cost。"
    },
    {
      "index": 463,
      "start": 1157.95,
      "end": 1158.13,
      "text": "呃，"
    },
    {
      "index": 464,
      "start": 1158.13,
      "end": 1162.11,
      "text": "那么相关的事情的话呢呃也是呃得到了很多的的项目啊，"
    },
    {
      "index": 465,
      "start": 1162.11,
      "end": 1165.45,
      "text": "我们有几个呃相关的的呃国家级的项目，"
    },
    {
      "index": 466,
      "start": 1165.61,
      "end": 1168.845,
      "text": "那么也是和工业伙伴呢去做了一个呃相关的合作。"
    },
    {
      "index": 467,
      "start": 1169.6,
      "end": 1169.78,
      "text": "呃，"
    },
    {
      "index": 468,
      "start": 1169.78,
      "end": 1173.04,
      "text": "那么这是我们这个在在全层吧在训练和推理层。"
    },
    {
      "index": 469,
      "start": 1173.04,
      "end": 1175.22,
      "text": "那么在这个在这个做异常检测层啊，"
    },
    {
      "index": 470,
      "start": 1175.22,
      "end": 1176.655,
      "text": "我们所发表的一些 paper。"
    },
    {
      "index": 471,
      "start": 1177.87,
      "end": 1178.03,
      "text": "呃，"
    },
    {
      "index": 472,
      "start": 1178.03,
      "end": 1180.73,
      "text": "那么除了我们说从技术的研发方面的话呢，"
    },
    {
      "index": 473,
      "start": 1180.73,
      "end": 1184.67,
      "text": "我们也去啊实现了呃相关的一个呃平台的一个系统啊，"
    },
    {
      "index": 474,
      "start": 1184.67,
      "end": 1187.47,
      "text": "我们叫这个啊叫 quwitter 啊，"
    },
    {
      "index": 475,
      "start": 1187.47,
      "end": 1188.87,
      "text": "我们在在 quwitter 里边的话呢，"
    },
    {
      "index": 476,
      "start": 1189.29,
      "end": 1191.97,
      "text": "那么就是把我们啊这个所做事情啊，"
    },
    {
      "index": 477,
      "start": 1191.97,
      "end": 1194.25,
      "text": "把易构的算力去让怎么去管理啊，"
    },
    {
      "index": 478,
      "start": 1194.25,
      "end": 1198.13,
      "text": "那那那么去该怎么样啊在多租户的场景之下做一些做调度。"
    },
    {
      "index": 479,
      "start": 1198.17,
      "end": 1198.31,
      "text": "啊，"
    },
    {
      "index": 480,
      "start": 1198.31,
      "end": 1200.05,
      "text": "那么可以呢从这个成本上边啊，"
    },
    {
      "index": 481,
      "start": 1200.05,
      "end": 1203.39,
      "text": "那么有一个比较好的的的的一个缓解和节约。"
    },
    {
      "index": 482,
      "start": 1203.69,
      "end": 1204.77,
      "text": "那么在 quwitter 里边的话呢，"
    },
    {
      "index": 483,
      "start": 1204.77,
      "end": 1207.61,
      "text": "我们去支持这个多维的的资源啊数据的管理。"
    },
    {
      "index": 484,
      "start": 1207.61,
      "end": 1210.41,
      "text": "那么呢那么也可以去支持啊呃很多类型，"
    },
    {
      "index": 485,
      "start": 1210.41,
      "end": 1212.81,
      "text": "从深度学习啊到到 deep sik 啊，"
    },
    {
      "index": 486,
      "start": 1212.81,
      "end": 1219.34,
      "text": "做这个做做这个做分布式推理的的的这样的一个呃呃具体的一个实现。"
    },
    {
      "index": 487,
      "start": 1219.92,
      "end": 1222.44,
      "text": "那么就是说对易构的啊算力啊，"
    },
    {
      "index": 488,
      "start": 1222.44,
      "end": 1226.34,
      "text": "我们可以的去这个去简化呃相关的的这种操作。"
    },
    {
      "index": 489,
      "start": 1226.34,
      "end": 1229.62,
      "text": "我们可以呃可以去帮助啊在多种的场景之下啊，"
    },
    {
      "index": 490,
      "start": 1229.62,
      "end": 1231.025,
      "text": "去这个去快速的去落地。"
    },
    {
      "index": 491,
      "start": 1234.2,
      "end": 1234.32,
      "text": "好，"
    },
    {
      "index": 492,
      "start": 1234.32,
      "end": 1242.92,
      "text": "那么最后的话呢啊也是啊来对啊啊相关的呃啊同事和和同学们来表示啊啊相关的感谢啊。"
    },
    {
      "index": 493,
      "start": 1242.92,
      "end": 1245.68,
      "text": "我们是来自啊北航做分拨系统啊，"
    },
    {
      "index": 494,
      "start": 1245.68,
      "end": 1248.94,
      "text": "做这个可靠和智能系统的一个团队啊。"
    },
    {
      "index": 495,
      "start": 1249.54,
      "end": 1251.05,
      "text": "好好，"
    },
    {
      "index": 496,
      "start": 1251.05,
      "end": 1254.425,
      "text": "我看那个时间也也也这个都都都差不多了啊。"
    },
    {
      "index": 497,
      "start": 1255.83,
      "end": 1256.17,
      "text": "好的，"
    },
    {
      "index": 498,
      "start": 1256.17,
      "end": 1257.41,
      "text": "谢谢感谢杨老师。"
    },
    {
      "index": 499,
      "start": 1257.43,
      "end": 1258.83,
      "text": "然后也请您留步好不好？"
    },
    {
      "index": 500,
      "start": 1258.95,
      "end": 1261.79,
      "text": "我们现场有没有朋友要提出问题，"
    },
    {
      "index": 501,
      "start": 1261.79,
      "end": 1263.57,
      "text": "都可以随时的举手示意一下。"
    },
    {
      "index": 502,
      "start": 1263.57,
      "end": 1265.35,
      "text": "我们大家有想问问题的，"
    },
    {
      "index": 503,
      "start": 1265.35,
      "end": 1267.31,
      "text": "可以随时举手示意我们的工作人员，"
    },
    {
      "index": 504,
      "start": 1267.59,
      "end": 1268.205,
      "text": "有吗？"
    },
    {
      "index": 505,
      "start": 1269.53,
      "end": 1269.83,
      "text": "好的，"
    },
    {
      "index": 506,
      "start": 1269.83,
      "end": 1270.13,
      "text": "谢谢，"
    },
    {
      "index": 507,
      "start": 1270.13,
      "end": 1272.19,
      "text": "再一次感谢杨老师我们带来的精彩呈现。"
    },
    {
      "index": 508,
      "start": 1272.19,
      "end": 1275.445,
      "text": "那会后呢也可以跟我们的杨老师多多的去进行交流。"
    },
    {
      "index": 509,
      "start": 1276.27,
      "end": 1278.83,
      "text": "从资源调度到可靠性保障，"
    },
    {
      "index": 510,
      "start": 1279.17,
      "end": 1281.05,
      "text": "杨老师的研究异构融合、"
    },
    {
      "index": 511,
      "start": 1281.19,
      "end": 1284.09,
      "text": "AI infer 系统的发展提供了有力的支撑。"
    },
    {
      "index": 512,
      "start": 1284.37,
      "end": 1286.01,
      "text": "四位老师的学术分享，"
    },
    {
      "index": 513,
      "start": 1286.27,
      "end": 1290.85,
      "text": "涵盖了异构计算大模型存储以及安全检测、"
    },
    {
      "index": 514,
      "start": 1291.03,
      "end": 1293.25,
      "text": "系统保障等多个核心领域。"
    },
    {
      "index": 515,
      "start": 1293.41,
      "end": 1295.69,
      "text": "让我们再一次响起热烈的掌声，"
    }
  ],
  "artifacts": [
    "output/ScienceEducationInnovation/part_04/chunk_00/03_srt_slice/artifacts/chunk_baseline.srt"
  ],
  "metadata": {},
  "trace_id": null,
  "duration_ms": 0,
  "started_at": "2025-12-21T23:09:30.902348",
  "completed_at": "2025-12-21T15:09:30.991375",
  "step_config": {},
  "dependencies": [
    "downscale"
  ]
}