{
  "id": "sec_3",
  "index": 2,
  "title": "拥抱超级节点，构建操作系统新底座",
  "time_range": "00:03:11,000 - 00:07:01,744",
  "script": "所以我们也初步地将openEuler的Intelligence BoooM应用到了我们的软件包自动升级、Bug自动修复以及AI的智能推送等等这些场景。当然我们也是在试点，像软件包自动升级，可能我们现在在社区里尝试对7%左右的软件包进行相关的AI方面的自动化工作，当然这个工作是做了，但是最后确定还是人啊，再审视一下子。那我们谈了很多超级节点，超级节点是一个最近非常热的一个词，我在这里就不赘述超级节点以及相关的这个策略和我们的这个业务逻辑了，因为这个已经基本形成我们产业的共识。我们粗步推算一下，大约能节省2400人天，大约就和10人年。7%的工作量就节省了10个人年。那么想想，如果我们全都自动化，我们节省人力是非常可观的。这还不包括我们这个Bug自动修复，小小范围的试用就节省了1100人天。但是从操作系统的角度来讲，当一个新的硬件体系架构出现的时候，有三个非常重要的特征或挑战我们需要去应对。第一个，就是如何将我们的纷繁复杂的业务算力，能够精确地和超级节点这样非常强大的算力进行精确的匹配。我们的智能推送节省2400人天的工作量。所以这都是非常amazing的这个效果。当然，我还透露一个小小的秘密，就是openEuler Intelligence BoooM本身的一些组件也是被openEuler Intelligence BoooM自己所开发的。其中50%的代码是由BoooM自己来生成的。所以这是一个非常有趣的现象和契合。就是AI确实在改变各个行业、各个领域。第二呢，对于我们现有的存量业务，以传统业务如何能平滑地、能零修改地迁移到我们这个超级节点上。当然最后，我们还是希望基于超级节点的新能力、新接口、新的框架，能够真正开发超级节点的原生应用。当然，对于我们的工程师来讲，这个过多的AI的替代也不一定是个好消息啊。但是生活还要继续，我们对于社区人才的培养还会持续地进行构筑。那在过去的几年，我们还是对人才做了非常多的投资。这个上面有几个框，是我们在这2025年所实现的一些具体的工作。比如说我们举办了很多大赛，有全球有2万多名学生，54个国家和地区参加了相关的大赛。那么与此是对应的呢，我们对于操作系统应该有三个层面的重要的抽象。最最下层是我们的全局资源抽象，内存统一编址、设备池化等等这种原子能力。在此之上呢，我们构建了异构资源融合、大带宽低时延的通信，实现平等互联等等这样的基础能力。当然最有趣的我认为是中间这个框，就是很有趣，就是学术界，我们稍微统计了一下，有33篇基于openEuler的AI方面的论文被很多顶会所采纳，比如说OSDI、SOSP等等，这都是顶会啊。当然再往上就是全局资源视图、兼容性接口和系统接口。这是我们的整体的对操作系统的需求。所以这也是我们和学术界加强合作的一个信号。那么如果再往下分解的话，我们左边这幅图就是在我们真正的操作系统在实现这个超级节点OS的时候所要做的工作。那么我再稍微剧透一下，就是在明天上午，openEuler社区会新建立一个成立一个委员会，同时会新建立一个联盟，都是和学术领域相关的，也欢迎大家明天去见证这个历史时刻。那对应对底座就是我们的池化底座，比如说提供了这种统一编址、内存共享这种能力。当然，实现上其实体现出来就是各种各样的驱动。那在原子能力和驱动之上，我们在内核态也会开发这相关的核心子系统。那核心子系统呢，其实就提供了像这个异构融合内存、存储、这种虚拟化这种相关的基础能力。这是基于我们下层这个驱动所做的内核态的工作。那这个内核态做完以后，再往上就是我们在用户态的一些SDK、一些框架、Framework以及我们的开发平台。总而言之，我们希望和我们的学术界能够形成更强烈的这种连接，真正打通产学研的合作模式。心之所向，素履以往。这个我们描绘的这个蓝图还是很漂亮的，这个目标也是很宏大的。我非常喜欢这个英文的翻译，Where passion leads, every step forward counts. 就是远方是美好的，我们所要做的就是一步一步地靠近它。那它提供了这种全局内存服务、池化资源管理、通信管理等等。当然，未来也可能会出现这种跨节点的超级虚机和容器这种新的形态和模式。谢谢大家。对于我们现在对外提供的接口来讲，除了我们提供兼容性接口以外，能使得我们的传统业务能平滑地迁移，当然我们还是希望越来越多的开发者和厂商能基于新的接口、新的编程范式，能够开发超级节点原生应用，能真正使能这个超大算力、超大内存、超大带宽以及超低时延。谢谢。非常感谢熊伟先生给我们带来精彩的分享，请您回席就座。心之所向，当然我们也做了一些初步的测算和POC，这个结果还是非常激动人心的。比如说对于通算领域，数据库我们就能达到两倍以上的性能提升。对虚拟机的迁移，时延时间减少了一半。对我们的大数据，整个资源利用率提升了40%以上。那在智算领域，推理、训练、运行，大家可以看到，基本上都是好几倍的性能提升。这是非常amazing的这个结果。那么，今年的12月30号，那么openEuler社区会首次发布首个支持超级节点的版本，24.03 LTS SP3。那这个超级节点结构版本呢，除了把这个框架提供出来以后，也可以支持，比如华为在9月份刚发布的这个鲲鹏总线，那它所组成的相关超级节点。当然未来我们也希望能支持更多的这种超级节点厂商的产品，也欢迎大家能贡献相关的代码到社区里。我们也很欣喜地看到，像麒麟软件、统信软件、麒麟信安、凝思、超聚变、润和软件和软通动力等这些企业也会跟随我们的SP3版本发布相关的商业版本。再次感谢我们的伙伴。",
  "summary": "讲者介绍了 openEuler Intelligence BoooM 在软件包升级、Bug 修复等场景的应用，展示了 AI 自动化带来的显著人力节省。面对超级节点带来的挑战，操作系统需要实现算力精确匹配、存量业务平滑迁移和原生应用开发。为此，openEuler 社区将发布首个支持超级节点的版本 24.03 LTS SP3，并持续加强产学研合作，构建从池化底座到用户态框架的完整操作系统新底座。"
}