{
  "part_index": 10,
  "title": "ANNC：加速CPU深度学习推理的AI编译器",
  "type_tag": "AI编译器架构",
  "tech_tags": [
    "ANNC",
    "AI编译器",
    "CPU推理",
    "图算融合",
    "算子生成",
    "数据布局优化",
    "常量折叠",
    "Embedding融合",
    "XLA",
    "PTQ量化",
    "openEuler"
  ],
  "domain_tags": [
    "深度学习",
    "模型推理",
    "搜推系统",
    "计算广告",
    "高性能计算"
  ],
  "summary": "华为工程师郑晨卉介绍了面向CPU的深度学习推理编译器ANNC。针对搜推等稀疏场景，CPU具备低延迟与低成本优势。ANNC架构覆盖框架层与编译层，通过GEMM数据布局优化（Repack）与自适应算子生成技术，消除运行时开销并提升吞吐。实际案例显示，Embedding融合与常量折叠优化使推理性能提升5%-10%。未来将聚焦自动融合与PTQ量化，目前代码已在openEuler社区开源。",
  "highlights": [
    "CPU推理优势：适合搜推稀疏数据场景，具备低延迟与低成本特性",
    "关键技术：GEMM数据布局优化，编译期静态打包消除运行时开销",
    "算子优化：自适应算子生成技术，基于模板快速生成硬件感知代码",
    "落地成效：Embedding层融合提升5%性能，常量折叠降低10%时延",
    "开源共建：ANNC源代码及文档已在openEuler社区正式开源"
  ]
}