{
  "address": "ai_session/part_06/chunk_00/09_apply_crop/slide_002",
  "status": "completed",
  "input": {
    "image_path": "output/ai_session/part_06/chunk_00/07_capture_frame/slide_002/artifacts/slide_002.png",
    "crop_region": {
      "x": 174,
      "y": 119,
      "width": 1383,
      "height": 855
    }
  },
  "output": "output/ai_session/part_06/chunk_00/09_apply_crop/slide_002/artifacts/slide_002.png",
  "artifacts": [
    "output/ai_session/part_06/chunk_00/09_apply_crop/slide_002/artifacts/slide_002.png"
  ],
  "metadata": {
    "source": "output/ai_session/part_06/chunk_00/07_capture_frame/slide_002/artifacts/slide_002.png",
    "applied": true,
    "crop_region": {
      "x": 174,
      "y": 119,
      "width": 1383,
      "height": 855
    },
    "size": {
      "width": 1383,
      "height": 855
    }
  },
  "trace_id": null,
  "duration_ms": 133,
  "started_at": "2025-12-15T23:49:14.308999",
  "completed_at": "2025-12-15T15:49:14.442604",
  "step_config": {},
  "dependencies": [
    "capture_frame",
    "crop_decision"
  ]
}