{
  "graph_data": {
    "nodes": [
      {
        "id": "p1",
        "label": "当前运维面临的挑战",
        "category": "Pillar",
        "references": {
          "section_ids": [
            "sec_002"
          ],
          "material_ids": [
            "chunk_00/slide_003",
            "chunk_00/slide_004"
          ],
          "highlight": {
            "primary_material_id": "chunk_00/slide_004",
            "primary_time_ts": "00:00:38,500",
            "primary_time_ms": 38500
          }
        },
        "parent": null,
        "summary": "在混合云和微服务成为常态的背景下，现代IT运维工作面临复杂性剧增、故障定位困难、安全风险高和人力成本高四大核心挑战。"
      },
      {
        "id": "d1_1",
        "label": "复杂性剧增",
        "category": "Problem",
        "references": {
          "section_ids": [
            "sec_002"
          ],
          "material_ids": [
            "chunk_00/slide_003",
            "chunk_00/slide_004"
          ],
          "highlight": {
            "primary_material_id": "chunk_00/slide_003",
            "primary_time_ts": "00:00:28,500",
            "primary_time_ms": 28500
          }
        },
        "parent": "p1",
        "summary": "由于混合云和微服务架构的普及，运维监控对象的数量呈爆炸式增长，显著提升了管理和维护的复杂度。"
      },
      {
        "id": "d1_2",
        "label": "故障定位困难",
        "category": "Problem",
        "references": {
          "section_ids": [
            "sec_002"
          ],
          "material_ids": [
            "chunk_00/slide_003",
            "chunk_00/slide_004"
          ],
          "highlight": {
            "primary_material_id": "chunk_00/slide_003",
            "primary_time_ts": "00:00:28,500",
            "primary_time_ms": 28500
          }
        },
        "parent": "p1",
        "summary": "运维团队常陷入“救火式”的被动响应，海量告警淹没了分析根因的精力，导致平均修复时间（MTTR）延长。"
      },
      {
        "id": "d1_3",
        "label": "安全风险高",
        "category": "Problem",
        "references": {
          "section_ids": [
            "sec_002"
          ],
          "material_ids": [
            "chunk_00/slide_003",
            "chunk_00/slide_004"
          ],
          "highlight": {
            "primary_material_id": "chunk_00/slide_003",
            "primary_time_ts": "00:00:28,500",
            "primary_time_ms": 28500
          }
        },
        "parent": "p1",
        "summary": "系统持续面临来自软件漏洞和配置偏差等安全威胁，任何疏忽都可能引发严重的安全事件。"
      },
      {
        "id": "d1_4",
        "label": "人力成本高",
        "category": "Problem",
        "references": {
          "section_ids": [
            "sec_002"
          ],
          "material_ids": [
            "chunk_00/slide_004"
          ],
          "highlight": {
            "primary_material_id": "chunk_00/slide_004",
            "primary_time_ts": "00:00:38,500",
            "primary_time_ms": 38500
          }
        },
        "parent": "p1",
        "summary": "运维团队需要7x24小时值守，且精力被大量重复、低价值的告警处理工作消耗，导致人力成本攀升。"
      },
      {
        "id": "p2",
        "label": "凝思智能运维平台解决方案",
        "category": "Pillar",
        "references": {
          "section_ids": [
            "sec_003",
            "sec_004",
            "sec_005"
          ],
          "material_ids": [
            "chunk_00/slide_005",
            "chunk_00/slide_006",
            "chunk_00/slide_007",
            "chunk_00/slide_008",
            "chunk_00/slide_010",
            "chunk_00/slide_011"
          ],
          "highlight": {
            "primary_material_id": "chunk_00/slide_005",
            "primary_time_ts": "00:02:09,500",
            "primary_time_ms": 129500
          }
        },
        "parent": null,
        "summary": "一套基于openEuler intelligence的完整解决方案，通过分层技术架构和创新的双模型协同设计，提供全面监控、智能分析和故障自愈等核心能力。"
      },
      {
        "id": "d2_1",
        "label": "分层技术架构",
        "category": "Concept",
        "references": {
          "section_ids": [
            "sec_004"
          ],
          "material_ids": [
            "chunk_00/slide_006",
            "chunk_00/slide_007"
          ],
          "highlight": {
            "primary_material_id": "chunk_00/slide_006",
            "primary_time_ts": "00:02:36,500",
            "primary_time_ms": 156500
          }
        },
        "parent": "p2",
        "summary": "平台采用自下而上的分层架构，从底层全面的数据采集，到中层的数据模型抽象与实时分析，再到上层开箱即用的运维工具，并由高可用网络架构保障可靠性。"
      },
      {
        "id": "d2_2",
        "label": "核心能力：双模型协同",
        "category": "Technology",
        "references": {
          "section_ids": [
            "sec_005"
          ],
          "material_ids": [
            "chunk_00/slide_008"
          ],
          "highlight": {
            "primary_material_id": "chunk_00/slide_008",
            "primary_time_ts": "00:05:29,500",
            "primary_time_ms": 329500
          }
        },
        "parent": "p2",
        "summary": "平台采用创新的“指挥官+特种部队”模式，由大模型理解用户意图并进行任务规划，由专精小模型高效执行异常检测等具体任务。"
      },
      {
        "id": "d2_3",
        "label": "应用：根因分析智能体",
        "category": "Technology",
        "references": {
          "section_ids": [
            "sec_005"
          ],
          "material_ids": [
            "chunk_00/slide_010"
          ],
          "highlight": {
            "primary_material_id": "chunk_00/slide_010",
            "primary_time_ts": "00:07:19,500",
            "primary_time_ms": 439500
          }
        },
        "parent": "p2",
        "summary": "双模型协同的典型应用。当小模型预测到故障时，将触发大模型介入，启动根因分析智能体进行日志分析、指标关联等深度诊断，最终输出分析报告和解决方案。"
      },
      {
        "id": "d2_4",
        "label": "能力：多厂商大模型集成",
        "category": "Technology",
        "references": {
          "section_ids": [
            "sec_004"
          ],
          "material_ids": [
            "chunk_00/slide_007"
          ],
          "highlight": {
            "primary_material_id": "chunk_00/slide_007",
            "primary_time_ts": "00:05:20,000",
            "primary_time_ms": 320000
          }
        },
        "parent": "p2",
        "summary": "平台具备灵活的大模型接入能力，已支持国网光明、南网大问头等行业模型，以及通义千问、DeepSeek等通用主流模型。"
      },
      {
        "id": "p3",
        "label": "未来展望与核心价值",
        "category": "Pillar",
        "references": {
          "section_ids": [
            "sec_006",
            "sec_007",
            "sec_008"
          ],
          "material_ids": [
            "chunk_00/slide_012",
            "chunk_00/slide_013",
            "chunk_00/slide_015"
          ],
          "highlight": {
            "primary_material_id": "chunk_00/slide_012",
            "primary_time_ts": "00:09:38,500",
            "primary_time_ms": 578500
          }
        },
        "parent": null,
        "summary": "产品的长期目标是构建一个从故障预测到自愈的自治智能运维闭环，并通过知识库沉淀持续优化AI模型，最终实现感知、决策、优化的运维自治新体验。"
      },
      {
        "id": "d3_1",
        "label": "目标：自治的智能运维闭环",
        "category": "Concept",
        "references": {
          "section_ids": [
            "sec_006"
          ],
          "material_ids": [
            "chunk_00/slide_012"
          ],
          "highlight": {
            "primary_material_id": "chunk_00/slide_012",
            "primary_time_ts": "00:09:38,500",
            "primary_time_ms": 578500
          }
        },
        "parent": "p3",
        "summary": "未来规划的核心是形成一个完整的、自治的闭环，覆盖事前预测调优（防患于未然）和事后分析自愈（自动恢复）的全流程。"
      },
      {
        "id": "d3_2",
        "label": "机制：知识库驱动模型优化",
        "category": "Technology",
        "references": {
          "section_ids": [
            "sec_006"
          ],
          "material_ids": [
            "chunk_00/slide_012"
          ],
          "highlight": {
            "primary_material_id": "chunk_00/slide_012",
            "primary_time_ts": "00:10:35,000",
            "primary_time_ms": 635000
          }
        },
        "parent": "p3",
        "summary": "所有运维经验和操作结果都将沉淀到知识库中，形成持续反馈，反向优化AI模型，使整个系统具备自我进化能力，越用越智能。"
      },
      {
        "id": "d3_3",
        "label": "价值：构建运维自治体系",
        "category": "Result",
        "references": {
          "section_ids": [
            "sec_008"
          ],
          "material_ids": [
            "chunk_00/slide_015"
          ],
          "highlight": {
            "primary_material_id": "chunk_00/slide_015",
            "primary_time_ts": "00:11:30,500",
            "primary_time_ms": 690500
          }
        },
        "parent": "p3",
        "summary": "通过整合eBPF、RAG和大小模型技术，平台实现了从被动故障分析到主动运维的转变，构建了“感知-决策-优化”的运维自治新体验。"
      }
    ],
    "edges": [
      {
        "source": "p1",
        "target": "p2",
        "relation_type": "causal",
        "label": "催生解决方案"
      },
      {
        "source": "p2",
        "target": "p3",
        "relation_type": "sequential",
        "label": "引向未来"
      },
      {
        "source": "d1_1",
        "target": "d1_2",
        "relation_type": "parallel",
        "label": "并列挑战"
      },
      {
        "source": "d1_2",
        "target": "d1_3",
        "relation_type": "parallel",
        "label": "并列挑战"
      },
      {
        "source": "d1_3",
        "target": "d1_4",
        "relation_type": "parallel",
        "label": "并列挑战"
      },
      {
        "source": "d2_1",
        "target": "d2_2",
        "relation_type": "compositional",
        "label": "包含"
      },
      {
        "source": "d2_2",
        "target": "d2_3",
        "relation_type": "causal",
        "label": "实现"
      },
      {
        "source": "d2_1",
        "target": "d2_4",
        "relation_type": "compositional",
        "label": "支持"
      },
      {
        "source": "d3_2",
        "target": "d3_1",
        "relation_type": "causal",
        "label": "驱动"
      },
      {
        "source": "d3_1",
        "target": "d3_3",
        "relation_type": "causal",
        "label": "构建"
      }
    ]
  },
  "sections": [
    {
      "id": "sec_001",
      "index": 0,
      "title": "开场与介绍",
      "time_range": "00:00:00,511 - 00:00:26,460",
      "summary": "主持人邀请北京凝思软件股份有限公司的研发经理钟茂恒先生上台分享。钟茂恒进行自我介绍，并引出本次分享的主题：关于公司在AIOps领域的一些思考和实践。",
      "refined_script": "# AI 赋能智能运维平台的思考与实践\n\n## 1. 讲师简介\n\n- **分享人**: 钟茂恒\n- **公司**: 北京凝思软件股份有限公司\n- **职位**: 研发经理，负责智能运维平台的研发\n\n## 2. 分享主题\n\n本次分享将介绍凝思软件在 AIOps 领域的思考与实践。",
      "original_script": "下面有请北京凝思软件股份有限公司的研发经理钟茂恒先生，为我们带来AI赋能智能运维平台的分享，大家欢迎。大家好，我是凝思软件的钟茂恒，负责智能运维平台的研发。今天非常荣幸能在这里，跟大家分享一下我们在AIOps领域的一些思考和实践。",
      "start_ms": 511,
      "end_ms": 26460,
      "material_ids": [
        "chunk_00/slide_001",
        "chunk_00/slide_002"
      ],
      "summary_hint": "主持人开场，讲者钟茂恒进行自我介绍，并引出本次分享的主题：在AIOps领域的一些思考和实践。",
      "notes": "本段包含主持人开场介绍（00:00:00,511 - 00:00:10,605）和演讲者自我介绍。",
      "lead_text": "下面有请北京凝思软件股份有限公司的研发经理钟茂恒先生，",
      "tail_text": "今天非常荣幸能在这里，跟大家分享一下我们在AIOps领域的一些思考和实践。",
      "text_span": {
        "start": 0,
        "end": 4
      }
    },
    {
      "id": "sec_002",
      "index": 1,
      "title": "当前运维面临的挑战",
      "time_range": "00:00:28,520 - 00:02:07,615",
      "summary": "讲者指出，在混合云和微服务成为常态的背景下，运维工作面临着复杂性剧增、故障定位困难、安全风险高和人力成本高四大挑战。这些深刻的痛点催生了对自动化运维解决方案的需求。",
      "refined_script": "## 当前运维面临的挑战\n\n在混合云与微服务架构已成为常态的背景下，现代 IT 运维工作面临着四大核心挑战。\n\n### 1. 复杂性剧增\n\n混合云和微服务架构的广泛采用，导致了运维监控对象的数量呈爆炸式增长，显著提升了管理和维护的复杂度。\n\n### 2. 故障定位困难\n\n运维团队常常陷入“救火式”的被动响应循环。主要体现在：\n- **海量告警**：大量的告警信息会淹没定位真实问题根因所需的精力。\n- **修复时间长**：难以快速识别根本原因，导致平均修复时间（MTTR）显著延长。\n\n### 3. 安全风险高\n\n系统面临持续的安全威胁，主要来源包括：\n- **系统漏洞**：层出不穷的软件漏洞需要及时发现和修复。\n- **配置偏差**：环境中的配置不一致或偏离基线，可能引入风险。\n\n任何一个疏忽都可能引发严重的安全事件。\n\n### 4. 人力成本高\n\n运维团队的负担日益加重，导致人力成本攀升：\n- **7x24小时值守**：需要持续的人力投入以保障系统可用性。\n- **重复性工作**：团队精力被大量重复、低价值的告警处理工作所消耗。\n- **缺乏优化**：团队疲于奔命，难以投入时间进行有价值的体系化优化工作。\n\n### 结论\n\n上述痛点共同催生了市场对自动化运维解决方案的迫切需求，旨在通过技术手段应对挑战、提升效率并降低风险。",
      "original_script": "我们作为一个操作系统厂商，现在对系统架构的变化也是感知非常深切。\n现在，在混合云或微服务已成为一种常态的背景下，\n这种架构给我们的运维工作带来了很大的挑战。\n我相信在座的各位专家都会有非常深刻的体验。\n首先是复杂性剧增。刚才讲到的混合云、微服务架构，导致运维对象数量的爆炸。\n另一个是故障定位非常困难。\n因为我们常常陷入“救火式”运维的循环，海量的告警会淹没我们分析真实问题根因的精力，导致平均修复时间非常长。\n第三点是安全风险高。系统漏洞、配置偏差无处不在，任何一个疏忽都可能引发严重的安全事件。\n第四点是人力成本高。首先需要7×24小时值守，运维团队被重复性、低价值的告警工作所拖累，疲于奔命，难以进行有价值的体系化优化工作。\n正是基于这些深刻的痛点，催生了我们对自动化运维解决方案的需求。",
      "start_ms": 28520,
      "end_ms": 127615,
      "material_ids": [
        "chunk_00/slide_003",
        "chunk_00/slide_004"
      ],
      "summary_hint": "讲者分析了在混合云和微服务架构下，当前运维工作面临的复杂性剧增、故障定位困难、安全风险高等核心挑战。",
      "lead_text": "我们作为一个操作系统厂商，现在对系统架构的变化也是感知非常深切。",
      "tail_text": "正是基于这些深刻的痛点，催生了我们对自动化运维解决方案的需求。",
      "text_span": {
        "start": 5,
        "end": 14
      }
    },
    {
      "id": "sec_003",
      "index": 2,
      "title": "解决方案总览",
      "time_range": "00:02:08,949 - 00:02:34,445",
      "summary": "本节介绍了凝思软件的智能运维平台。该平台基于 openEuler intelligence 的 agent 基座，提供了一套完整的解决方案，其核心能力包括全面监控、主动预警、智能分析、自动化作业以及故障自愈。",
      "refined_script": "# 解决方案总览\n\n凝思软件智能运维平台是基于 openEuler intelligence 的调优 Agent 与诊断 Agent 基座构建的完整解决方案。\n\n平台核心能力包括：\n\n*   **全面监控**\n*   **主动预警**\n*   **智能分析**\n*   **自动化作业**\n*   **故障自愈**",
      "original_script": "凝思软件的智能运维平台，是基于openEuler intelligence的\n调优agent加诊断agent基座。在其上，我们实现了一个方案，包括全面监控、主动预警、智能分析、自动化作业以及故障自愈。\n接下来我详细介绍一下。",
      "start_ms": 128949,
      "end_ms": 154445,
      "material_ids": [
        "chunk_00/slide_005"
      ],
      "summary_hint": "概览性地介绍凝思软件的智能运维平台解决方案，该方案基于openEuler intelligence，旨在实现全面监控、主动预警、智能分析和故障自愈。",
      "lead_text": "凝思软件的智能运维平台，是基于openEuler intelligence的",
      "tail_text": "接下来我详细介绍一下。",
      "text_span": {
        "start": 15,
        "end": 17
      }
    },
    {
      "id": "sec_004",
      "index": 3,
      "title": "平台技术架构",
      "time_range": "00:02:35,390 - 00:05:26,825",
      "summary": "该平台技术架构自下而上地展示了数据流转与价值提炼的过程，从全面、低开销的底层数据采集，到模型抽象与实时告警分析，再到上层的开箱即用运维工具。平台通过高可用网络架构保障系统可靠性，并已支持接入国网光明、南网大问头及千问等多种主流大模型。",
      "refined_script": "# 平台技术架构\n\n平台技术架构自下而上地展示了数据流转与价值提炼的过程，分为数据采集、模型分析和上层应用等多个层次。\n\n## 1. 架构分层\n\n### 1.1. 底层数据采集\n\n基于成熟的操作系统级监控解决方案，实现全面、低开销的数据采集。\n\n- **核心特点**：\n  - **数据准确**：确保监控数据的精确性。\n  - **低性能开销**：经过深度优化，对系统性能影响极小。\n\n- **监控范围**：覆盖硬件、操作系统、JVM 容器、应用程序及动环系统。\n\n- **数据维度**：全面覆盖系统级与应用级数据，包括系统、服务、进程、分区、网络等。\n\n### 1.2. 模型抽象与实时分析\n\n将采集的底层数据抽象为三大核心模型：\n\n- **系统运行模型**\n- **系统行为模型**\n- **资产告警模型**\n\n基于这些模型与原始数据，平台进行实时的告警分析，包括系统告警、行为告警和智能告警，并利用**根因分析（RCA）智能体**进行深度诊断。\n\n### 1.3. 上层运维工具\n\n平台提供一系列开箱即用的运维（O&M）工具，包括：\n\n- 基线核查\n- 系统巡检\n- 智能对话\n- 调优自愈\n- 漏洞扫描与修复\n\n## 2. 高可用网络架构\n\n为保障平台自身的可靠性与高性能，设计了高可用网络架构，其核心机制包括：\n\n- **多区域部署**\n- **负载均衡**\n- **冗余链路**\n\n该架构确保了监控数据的稳定采集与控制指令的可靠下发，为上层智能应用提供坚实的网络基础。\n\n## 3. 大模型集成能力\n\n平台已具备灵活的大模型（LLM）接入能力，目前支持的主流模型包括：\n\n- **电网行业模型**：\n  - 国网：光明大模型\n  - 南网：大问头模型\n- **通用主流模型**：\n  - 阿里通义千问\n  - DeepSeek",
      "original_script": "这是我们平台的一个框架图。\n它自下而上体现了数据流转与价值提炼的过程。\n最底层是我们的采集。作为一个操作系统厂商，我们关于系统监控已经有了非常成熟的解决方案，也覆盖了很多应用场景。\n无论是硬件、系统、JVM容器，还是应用或动环系统，我们都有覆盖。\n对于数据这一块，覆盖也非常全面，包括系统、服务、进程、分区、网络等。总之，所有系统级和应用级的数据都有非常全面的监控。\n在监控这块，对于运维来说，监控数据的准确性非常重要。\n另外，监控对性能的开销要求非常小，所以我们在这块也做了大量工作进行优化。\n在其上，我们有一个系统运行、系统行为和资产告警的模型。\n我们对整个监控数据进行了抽象，抽象成这三个模型。\n然后根据抽象数据和采集数据，进行系统告警、行为告警和智能告警，并结合根因分析智能体，进行实时的告警分析。\n在其上，我们的平台提供了一些开箱即用的工具，比如基线核查、系统巡检、\n智能对话、调优自愈、漏洞扫描与修复等运维工具。\n最上面是我们必不可少的前端界面，这里就不详细介绍了。\n为了保证平台本身的可靠性和高性能，我们也设计了高可用的网络架构。\n通过多区域部署、负载均衡和冗余链路，保障监控数据的采集与控制指令的下发，\n为上层的智能应用打下坚实的网络基础。\n我们平台现在已支持接入国网的光明大模型、南网的大问头模型，以及市面上常见的千问、DeepSeek等主流模型。",
      "start_ms": 155390,
      "end_ms": 326825,
      "material_ids": [
        "chunk_00/slide_006",
        "chunk_00/slide_007"
      ],
      "summary_hint": "详细介绍平台的系统框架和网络架构，强调其全面的数据采集能力、高可用的网络设计，以及对主流大模型的支持。",
      "lead_text": "这是我们平台的一个框架图。",
      "tail_text": "我们平台现在已支持接入国网的光明大模型、南网的大问头模型，以及市面上常见的千问、DeepSeek等主流模型。",
      "text_span": {
        "start": 18,
        "end": 34
      }
    },
    {
      "id": "sec_005",
      "index": 4,
      "title": "核心能力：双模型协同与产品演示",
      "time_range": "00:05:29,400 - 00:09:36,635",
      "summary": "该平台采用创新的双模型协同设计，由大模型担任指挥官理解用户意图，专精小模型则作为特种部队高效执行异常检测等具体任务。以根因分析智能体为例，大模型在小模型预警后介入，通过日志分析、指标关联等步骤推理出故障根因并提供解决方案。最后，通过产品界面预览，展示了机器Top视图、详细指标监控和根因分析报告等核心功能。",
      "refined_script": "## 核心能力：双模型协同与产品演示\n\n### 1. 双模型协同架构\n\n为适应不同客户环境（无论是否部署内网大模型）的运维需求，平台采用了创新的“双模型协同”架构。\n\n#### 设计理念：指挥官与特种部队\n\n该架构将大模型与专精小模型相结合，通过智能体（Agent）进行协同工作，其角色分工如下：\n\n- **大模型 (指挥官):**\n  - **能力:** 具备强大的自然语言理解、生成能力及环境感知能力。\n  - **角色:** 作为智能对话助手，理解运维人员的自然语言指令，进行意图识别与任务规划。\n\n- **专精小模型 (特种部队):**\n  - **能力:** 基于成熟的机器学习算法（如 US-AD, LSTM, 贝叶斯算法等）进行训练，具备速度快、精度高的特点。\n  - **角色:** 高效执行具体的运维场景任务，如异常检测、趋势预测等。\n\n### 2. 应用场景：根因分析智能体\n\n根因分析（RCA）是双模型协同的典型应用场景，其工作流程如下：\n\n1.  **预警触发:** 专精小模型（例如，基于 US-AD 算法的时序故障预测模型）监控机器指标，当发现异常时产生预警。\n2.  **大模型介入:** 预警信号触发大模型介入，并启动根因分析智能体。\n3.  **智能体执行分析:** 根因分析智能体启动一系列分析任务，以推理故障根因或排除误报。具体步骤包括：\n    - 与用户交互，确认问题现象。\n    - 组织子任务进行日志分析、指标关联和拓扑追踪。\n4.  **输出报告:** 分析完成后，若确认为故障，系统将生成包含根本原因和具体优化建议的分析报告。\n\n### 3. 产品界面概览\n\n产品核心功能通过统一界面进行展示，主要包含以下几个区域：\n\n- **机器 Top 视图 (左上角):** 直观展示机器的整体运行状态。\n- **详细指标监控 (右上角):** 实时监控系统、应用、动环等多维度详细指标。\n- **趋势数据 (左下角):** 展示关键指标的历史趋势变化。\n- **根因分析智能体 (右下角):** 在告警产生后，展示由智能体自动生成的故障分析报告和解决方案。",
      "original_script": "我们整个平台也采用了一种新的设计，即双模型协同。\n在运维场景中，我们常会面临一种情况：有些客户在内网环境部署了大模型，而有些客户则没有。\n但他们对运维的需求是同样存在的。因此，我们设计了双模型协同的方案。\n一方面，利用大模型强大的自然语言和生成能力，打造了一个能进行智能对话的AI助手。\n它具备环境感知能力，能理解运维人员的自然语言指令。\n另一方面，我们针对具体的运维场景，如异常检测、趋势预测等，训练了我们专精的小模型。\n这些模型基于成熟的机器学习算法，如US-AD、LSTM或前面专家提到的贝叶斯算法等。\n训练出的小模型速度快、精度高。\n大模型和小模型之间并非孤立，而是通过智能体进行协同工作。\n大模型就像指挥官，能理解意图、规划步骤。\n小模型则像特种部队，能高效地执行或具体分析任务。\n例如，我们的根因分析智能体。\n这是展现双模型协同的一个典型场景。我们有一个时序故障小模型，\n采用US-AD算法预测机器故障。\n当产生预警时，它不一定完全准确，可能存在误报或灵敏度过高的情况。\n那么当产生这种预警的时候呢，就需要大模型的介入。\n当大模型介入之后呢，它就会启动这个根因分析的这么一个智能体，然后这个根因分析这个智能体呢，就会去与用户交互，然后去理解问题的现象，然后它会去组织一系列的那个智能体去进行一个日志分析，还有就是指标关联、拓扑追踪这一系列的這個这个工作，然后一步步地推理出故障的根本原因，或者是排除这到底是不是一个故障，它做这么一个这么一个工作。\n工作完成后，如果确定是故障，那么它会给出了这个具体的优化的一个建议，包括这个故障产生的实际的一个原因。\n这是我们整个产品的预览。\n左上角是对机器的Top视图，直观展示其整体情况。\n右上角是详细指标，包括我刚才提到的系统、应用、动环等数据的监控。\n左下角是趋势性数据的展示。\n右下角是根因分析智能体。它能在告警产生后进行根因分析，生成故障报告和解决方案。",
      "start_ms": 329400,
      "end_ms": 576635,
      "material_ids": [
        "chunk_00/slide_008",
        "chunk_00/slide_009",
        "chunk_00/slide_010",
        "chunk_00/slide_011"
      ],
      "summary_hint": "阐述平台采用的大小模型协同设计，并以“根因分析智能体”为例进行说明。同时，通过产品界面预览，展示了机器Top视图、详细指标监控和根因分析报告等功能。",
      "lead_text": "我们整个平台也采用了一种新的设计，即双模型协同。",
      "tail_text": "右下角是根因分析智能体。它能在告警产生后进行根因分析，生成故障报告和解决方案。",
      "text_span": {
        "start": 35,
        "end": 57
      }
    },
    {
      "id": "sec_006",
      "index": 5,
      "title": "未来展望",
      "time_range": "00:09:38,270 - 00:10:56,030",
      "summary": "产品的未来目标是形成一个完整的、自治的智能运维闭环，实现从故障预测、智能调优到深度分析和故障自愈。所有运维经验将沉淀到知识库中形成持续反馈，反向优化AI模型，让整个系统越用越智能。",
      "refined_script": "## 未来展望：构建自治的智能运维闭环\n\n产品的长期目标是基于现有能力，构建一个完整的、自治的智能运维闭环，实现从问题预防到故障自愈的全流程自动化。\n\n### 闭环的核心环节\n\n该闭环的实现依赖于以下几个核心环节，形成一个从数据采集到智能决策再到持续优化的完整流程：\n\n1.  **数据基础：全链路、高性能的数据采集**\n    作为闭环的起点，系统将进行全链路、高性能的数据采集，为上层智能分析提供坚实基础。\n\n2.  **事前预防：预测与调优**\n    -   **故障预测**：在问题发生前主动识别潜在风险。\n    -   **智能调优**：基于预测结果进行主动优化，防患于未然。\n\n3.  **事后恢复：分析与自愈**\n    -   **深度智能分析**：当故障发生时，平台能自动进行深度根因分析。\n    -   **故障自愈**：基于分析结果，自动执行恢复操作，实现无人干预的故障处理。\n\n### 持续优化的反馈机制\n\n为了让系统具备自我进化的能力，平台内置了持续反馈与优化的机制。\n\n-   **知识沉淀**：闭环中每个环节（如预测、分析、自愈）的执行经验与结果，都将沉淀到统一的运维知识库中。\n-   **模型优化**：知识库将作为核心数据源，持续对AI模型进行反馈和优化。\n-   **智能进化**：通过这种反馈循环，整个智能运维系统将“越用越智能”，不断提升其自动化和智能化水平。\n\n该反馈循环可概括为：\n\n```\n运维实践 -> 知识库沉淀 -> AI模型优化 -> 智能能力增强\n```",
      "original_script": "关于我们产品的未来规划，在现有基础上，我们希望最终达到什么样的效果呢？就是形成一个完整的、自治的智能运维闭环。这个闭环始于全链路、高性能的数据采集。一方面是向前看，进行故障预测和智能调优。在问题发生前，做到防患于未然。另一方面是向后看，当不可避免的故障发生时，平台能进行深度智能分析，并最终推动故障自愈。这是我们的整体目标。这个过程每一步的执行，无论是成功的预测、分析还是自愈操作，其经验和结果都会沉淀到我们的运维知识库中，形成持续的反馈。知识库反过来也会优化我们的AI模型，让整个系统越用越智能。",
      "start_ms": 578270,
      "end_ms": 656030,
      "material_ids": [
        "chunk_00/slide_012"
      ],
      "summary_hint": "规划产品的未来方向，目标是形成一个从故障预测、智能调优到深度分析和故障自愈的完整、自治的智能运维闭环。",
      "lead_text": "关于我们产品的未来规划，在现有基础上，我们希望最终达到什么样的效果呢？",
      "tail_text": "形成持续的反馈。知识库反过来也会优化我们的AI模型，让整个系统越用越智能。",
      "text_span": {
        "start": 58,
        "end": 65
      }
    },
    {
      "id": "sec_007",
      "index": 6,
      "title": "应用场景",
      "time_range": "00:11:05,000 - 00:11:25,025",
      "summary": "我们的智能运维产品已在能源、金融、交通、电信等多个关键领域成功实践。我们期待与更多行业伙伴合作，共同探索智能运维的未来与无限可能。",
      "refined_script": "## 应用场景\n\n我们的智能运维产品已在多个关键领域得到成功应用。\n\n### 已覆盖行业\n\n- 能源\n- 金融\n- 交通\n- 电信\n\n### 未来展望\n\n我们期待与更多行业的合作伙伴共同探索，拓展智能运维的应用边界与可能性。",
      "original_script": "目前，我们的智能运维产品已在能源、金融、交通、电信等领域有了实践。\n我们也期待能与更多行业合作伙伴，共同探索智能运维的无限可能。",
      "start_ms": 665000,
      "end_ms": 685025,
      "material_ids": [
        "chunk_00/slide_013"
      ],
      "summary_hint": "展示产品目前已在能源、金融、交通、电信等领域的实践应用。",
      "lead_text": "目前，我们的智能运维产品已在能源、金融、交通、电信等领域有了实践。",
      "tail_text": "我们也期待能与更多行业合作伙伴，共同探索智能运维的无限可能。",
      "text_span": {
        "start": 66,
        "end": 67
      }
    },
    {
      "id": "sec_008",
      "index": 7,
      "title": "总结与致谢",
      "time_range": "00:11:26,250 - 00:12:01,580",
      "summary": "讲者结束分享后，主持人进行了总结。他强调，凝思的AI智能运维平台通过结合eBPF、RAG及大小模型，实现了从被动故障分析到主动运维的转变，构建了感知、决策、优化的运维自治新体验。",
      "refined_script": "## 总结：凝思 AI 智能运维平台\n\n凝思的 AI 智能运维平台通过整合前沿技术，实现了运维模式的革新，其核心价值体现在以下几个方面：\n\n### 1. 核心技术栈\n\n平台深度整合了多种 AI 与底层技术，主要包括：\n\n- **eBPF**：用于底层数据观测与采集。\n- **RAG (Retrieval-Augmented Generation)**：结合检索与生成能力，提升分析的准确性与深度。\n- **大小模型结合**：兼顾模型的响应速度与分析能力，适应不同运维场景。\n\n### 2. 运维模式的转变\n\n通过上述技术组合，平台推动了运维方式的根本性变革：\n\n- **从被动到主动**：由传统的“事后故障分析”转变为“事前主动运维”，提前预知并规避风险。\n\n### 3. 构建运维自治体系\n\n平台最终构建了一个全新的运维自治体系，实现了以下闭环流程：\n\n- **感知 (Perception)**：通过 eBPF 等技术全面感知系统状态。\n- **决策 (Decision-making)**：利用 AI 模型进行智能分析与决策。\n- **优化 (Optimization)**：根据决策自动或半自动地执行优化操作。",
      "original_script": "谢谢大家，我的分享完毕。\n非常感谢钟老师带来的分享。\n其实我们可以看到，凝思的AI智能运维平台将eBPF与RAG技术结合，大小模型结合，给我们带来了从被动故障分析到主动运维方式的改变，\n给我们带来了一个感知、决策到优化的运维自治体系新体验。这可以看到AI带来的显性价值，非常感谢。",
      "start_ms": 686250,
      "end_ms": 721580,
      "material_ids": [
        "chunk_00/slide_014",
        "chunk_00/slide_015"
      ],
      "summary_hint": "讲者结束分享并致谢，主持人对演讲内容进行总结，强调了平台带来的运维新体验。",
      "notes": "本段包含演讲者致谢（00:11:26,250 - 00:11:27,875）和主持人总结。",
      "lead_text": "谢谢大家，我的分享完毕。",
      "tail_text": "给我们带来了一个感知、决策到优化的运维自治体系新体验。这可以看到AI带来的显性价值，非常感谢。",
      "text_span": {
        "start": 68,
        "end": 71
      }
    }
  ]
}