{
  "id": "sec_3",
  "index": 2,
  "title": "灵雀通信软件UMDK总体架构",
  "time_range": "00:04:35,310 - 00:05:24,445",
  "script": "UMDK是灵雀的高性能通信基础底座，基于URMA统一内存语义来构建。南向能够屏蔽不同硬件的差异，构建智算、通算场景下的互联底座。面向智算场景，我们构建了超异构通信加速库CAM。它能基于内存语义通信，突破大EP通信的低时延，并做细粒度流水并行，实现计算和通信的掩盖。在生态上，UMDK支持DeepEP、Mooncake等主流社区接口，能让AI框架在不修改代码的情况下，无缝使用灵雀超异构通信加速的能力。",
  "summary": "本节介绍了灵雀的高性能通信基础底座UMDK。它基于URMA统一内存语义构建，南向屏蔽硬件差异，并面向智算场景构建了超异构通信加速库CAM，支持DeepEP、Mooncake等主流接口，使AI框架可无缝使用其加速能力。"
}