{
  "address": "day1_main/part_07/chunk_00/07_capture_frame/slide_002",
  "status": "completed",
  "input": {
    "video": "output/day1_main/part_07/chunk_00/01_cut_chunk/artifacts/chunk_high.mp4",
    "timestamp": "00:01:57.500",
    "frame_id": "slide_002",
    "output_ext": ".png"
  },
  "output": "output/day1_main/part_07/chunk_00/07_capture_frame/slide_002/artifacts/slide_002.png",
  "artifacts": [
    "output/day1_main/part_07/chunk_00/07_capture_frame/slide_002/artifacts/slide_002.png"
  ],
  "metadata": {
    "timestamp": "00:01:57.500",
    "frame_id": "slide_002",
    "ffmpeg": "/opt/homebrew/bin/ffmpeg"
  },
  "trace_id": null,
  "duration_ms": 430,
  "started_at": "2025-12-17T19:28:02.258479",
  "completed_at": "2025-12-17T11:28:02.690971",
  "step_config": {},
  "dependencies": [
    "slide_timeline"
  ]
}