{
  "address": "ai_session/part_04/chunk_00/09_apply_crop/slide_009",
  "status": "completed",
  "input": {
    "image_path": "output/ai_session/part_04/chunk_00/07_capture_frame/slide_009/artifacts/slide_009.png",
    "crop_region": {
      "x": 793,
      "y": 0,
      "width": 486,
      "height": 720
    }
  },
  "output": "output/ai_session/part_04/chunk_00/09_apply_crop/slide_009/artifacts/slide_009.png",
  "artifacts": [
    "output/ai_session/part_04/chunk_00/09_apply_crop/slide_009/artifacts/slide_009.png"
  ],
  "metadata": {
    "source": "output/ai_session/part_04/chunk_00/07_capture_frame/slide_009/artifacts/slide_009.png",
    "applied": true,
    "crop_region": {
      "x": 793,
      "y": 0,
      "width": 486,
      "height": 720
    },
    "size": {
      "width": 486,
      "height": 720
    }
  },
  "trace_id": null,
  "duration_ms": 183,
  "started_at": "2025-12-15T17:52:40.835011",
  "completed_at": "2025-12-15T09:52:41.029309",
  "step_config": {},
  "dependencies": [
    "capture_frame",
    "crop_decision"
  ]
}