{
  "address": "ai_session/part_10/chunk_00/09_apply_crop/slide_007",
  "status": "completed",
  "input": {
    "image_path": "output/ai_session/part_10/chunk_00/07_capture_frame/slide_007/artifacts/slide_007.png",
    "crop_region": {
      "x": 647,
      "y": 162,
      "width": 1272,
      "height": 810
    }
  },
  "output": "output/ai_session/part_10/chunk_00/09_apply_crop/slide_007/artifacts/slide_007.png",
  "artifacts": [
    "output/ai_session/part_10/chunk_00/09_apply_crop/slide_007/artifacts/slide_007.png"
  ],
  "metadata": {
    "source": "output/ai_session/part_10/chunk_00/07_capture_frame/slide_007/artifacts/slide_007.png",
    "applied": true,
    "crop_region": {
      "x": 647,
      "y": 162,
      "width": 1272,
      "height": 810
    },
    "size": {
      "width": 1272,
      "height": 810
    }
  },
  "trace_id": null,
  "duration_ms": 92,
  "started_at": "2025-12-16T01:21:34.120379",
  "completed_at": "2025-12-15T17:21:34.213855",
  "step_config": {},
  "dependencies": [
    "capture_frame",
    "crop_decision"
  ]
}