{
  "sections": [
    {
      "id": "sec_1",
      "title": "开场与主题介绍",
      "material_ids": [
        "chunk_00/slide_001",
        "chunk_00/slide_002"
      ],
      "start_ms": 0,
      "end_ms": 32365,
      "summary_hint": "讲者开场，介绍本次分享的主题——东方通中间件智能体。",
      "text_span": {
        "start": 0,
        "end": 3
      },
      "lead_text": "下面有请北京东方通科技股份有限公司的产品经理李进静先生，",
      "tail_text": "为大家分享一款我们公司近几年鼎力制作的智能产品——中间件智能体。"
    },
    {
      "id": "sec_2",
      "title": "演讲目录",
      "material_ids": [
        "chunk_00/slide_003"
      ],
      "start_ms": 33920,
      "end_ms": 50475,
      "summary_hint": "介绍本次分享的整体结构，分为中间件产品介绍和中间件智能体介绍两部分。",
      "text_span": {
        "start": 4,
        "end": 7
      },
      "lead_text": "首先，我这次会通过几部分向大家介绍我们这个中间件智能体。",
      "tail_text": "然后后续我们会去做一些场景的展示。"
    },
    {
      "id": "sec_3",
      "title": "东方通公司与中间件产品介绍",
      "material_ids": [
        "chunk_00/slide_004",
        "chunk_00/slide_005"
      ],
      "start_ms": 51710,
      "end_ms": 187145,
      "summary_hint": "介绍东方通公司的发展历程、技术沉淀，并展示其全面的中间件产品线，为后续介绍智能体做铺垫。",
      "text_span": {
        "start": 8,
        "end": 21
      },
      "lead_text": "东方通是我们国内最早成立的一家中间件企业。",
      "tail_text": "当然这也是我接下来要为大家着重去介绍的我们这款智能体的产品。"
    },
    {
      "id": "sec_4",
      "title": "传统中间件运维的挑战与痛点",
      "material_ids": [
        "chunk_00/slide_006",
        "chunk_00/slide_007"
      ],
      "start_ms": 191360,
      "end_ms": 373830,
      "summary_hint": "分析传统中间件在使用、开发、运维过程中面临的复杂度高、效率低、易用性差等核心痛点。",
      "text_span": {
        "start": 22,
        "end": 37
      },
      "lead_text": "我们大家经常在使用中间件的过程当中，经常会遇到几个难题。第一个就是中间件的复杂度相对于其他的应用软件是比较高的，",
      "tail_text": "无论是应用的开发的问题，还是我们中间件本身的性能配置的问题，这都是非常依赖人工去做。"
    },
    {
      "id": "sec_5",
      "title": "中间件智能体：定义、架构、能力与价值",
      "material_ids": [
        "chunk_00/slide_008",
        "chunk_00/slide_009",
        "chunk_00/slide_010",
        "chunk_00/slide_011"
      ],
      "start_ms": 374070,
      "end_ms": 748000,
      "summary_hint": "详细介绍中间件智能体的定义、系统架构、核心能力（智能规划、配置、检测等）以及其带来的核心价值（降本增效、稳定运行、智慧赋能）。",
      "notes": "规划的尾句与下一节首句重叠，且语义上属于下一节内容。为保证章节的语义完整性，将本节结束点设在引入下一节场景演示的过渡句（字幕64）结尾处。",
      "text_span": {
        "start": 38,
        "end": 65
      },
      "lead_text": "所以基于这几大问题，我们要去解决。随着现在的大模型也是越来越成熟，我们公司自己，在垂直领域自己训练的模型也是越来越聪明，所以说基于这些条件，我们推出了我们现在的这个中间件智能体。",
      "tail_text": "它是基于历史数据和用户的业务场景，为用户推荐一套配置方案。"
    },
    {
      "id": "sec_6",
      "title": "中间件智能体应用场景与演示",
      "material_ids": [
        "chunk_00/slide_012",
        "chunk_00/slide_013",
        "chunk_00/slide_014",
        "chunk_00/slide_015"
      ],
      "start_ms": 750000,
      "end_ms": 986500,
      "summary_hint": "通过视频演示，展示中间件智能体在智能规划、智能配置、智能调优和智能编码等多个实际应用场景中的能力。",
      "notes": "本节首句在规划中与上一节尾句重叠。根据语义，将起始点调整为实际介绍场景的字幕65 '第一个场景是智能规划...'。由于尾句对应的字幕74时间戳异常，结束点依据规划时间估算。",
      "text_span": {
        "start": 65,
        "end": 73
      },
      "lead_text": "它是基于历史数据和用户的业务场景，为用户推荐一套配置方案。",
      "tail_text": "在视频演示中，我们向智能体描述需要一个高可用的集群，然后它会推荐一套配置方案，并将其应用到中间件上。"
    },
    {
      "id": "sec_7",
      "title": "总结",
      "material_ids": [
        "chunk_00/slide_016",
        "chunk_00/slide_017"
      ],
      "start_ms": 988000,
      "end_ms": 1097290,
      "summary_hint": "回顾中间件智能体的定义（它是谁）、功能（能做什么）与核心价值（价值几何），总结本次分享内容。",
      "notes": "由于字幕74时间戳异常且内容与本节无关，无法通过字幕定位起止点。时间戳完全依据规划时间及字幕流的最终时间设定。",
      "text_span": {
        "start": 73,
        "end": 73
      },
      "lead_text": "在视频演示中，我们向智能体描述需要一个高可用的集群，然后它会推荐一套配置方案，并将其应用到中间件上。",
      "tail_text": "在视频演示中，我们向智能体描述需要一个高可用的集群，然后它会推荐一套配置方案，并将其应用到中间件上。"
    }
  ]
}