{
  "address": "ai_session/part_03/chunk_00/09_apply_crop/slide_019",
  "status": "completed",
  "input": {
    "image_path": "output/ai_session/part_03/chunk_00/07_capture_frame/slide_019/artifacts/slide_019.png",
    "crop_region": {
      "x": 284,
      "y": 165,
      "width": 1635,
      "height": 914
    }
  },
  "output": "output/ai_session/part_03/chunk_00/09_apply_crop/slide_019/artifacts/slide_019.png",
  "artifacts": [
    "output/ai_session/part_03/chunk_00/09_apply_crop/slide_019/artifacts/slide_019.png"
  ],
  "metadata": {
    "source": "output/ai_session/part_03/chunk_00/07_capture_frame/slide_019/artifacts/slide_019.png",
    "applied": true,
    "crop_region": {
      "x": 284,
      "y": 165,
      "width": 1635,
      "height": 914
    },
    "size": {
      "width": 1635,
      "height": 914
    }
  },
  "trace_id": null,
  "duration_ms": 470,
  "started_at": "2025-12-15T23:21:59.369322",
  "completed_at": "2025-12-15T15:21:59.841612",
  "step_config": {},
  "dependencies": [
    "capture_frame",
    "crop_decision"
  ]
}