{
  "address": "ai_session/part_06/chunk_00/09_apply_crop/slide_006",
  "status": "completed",
  "input": {
    "image_path": "output/ai_session/part_06/chunk_00/07_capture_frame/slide_006/artifacts/slide_006.png",
    "crop_region": {
      "x": 633,
      "y": 151,
      "width": 1286,
      "height": 928
    }
  },
  "output": "output/ai_session/part_06/chunk_00/09_apply_crop/slide_006/artifacts/slide_006.png",
  "artifacts": [
    "output/ai_session/part_06/chunk_00/09_apply_crop/slide_006/artifacts/slide_006.png"
  ],
  "metadata": {
    "source": "output/ai_session/part_06/chunk_00/07_capture_frame/slide_006/artifacts/slide_006.png",
    "applied": true,
    "crop_region": {
      "x": 633,
      "y": 151,
      "width": 1286,
      "height": 928
    },
    "size": {
      "width": 1286,
      "height": 928
    }
  },
  "trace_id": null,
  "duration_ms": 105,
  "started_at": "2025-12-15T23:49:14.309680",
  "completed_at": "2025-12-15T15:49:14.416601",
  "step_config": {},
  "dependencies": [
    "capture_frame",
    "crop_decision"
  ]
}