{
  "address": "ai_session/part_08/chunk_00/09_apply_crop/slide_011",
  "status": "completed",
  "input": {
    "image_path": "output/ai_session/part_08/chunk_00/07_capture_frame/slide_011/artifacts/slide_011.png",
    "crop_region": {
      "x": 639,
      "y": 0,
      "width": 1280,
      "height": 1080
    }
  },
  "output": "output/ai_session/part_08/chunk_00/09_apply_crop/slide_011/artifacts/slide_011.png",
  "artifacts": [
    "output/ai_session/part_08/chunk_00/09_apply_crop/slide_011/artifacts/slide_011.png"
  ],
  "metadata": {
    "source": "output/ai_session/part_08/chunk_00/07_capture_frame/slide_011/artifacts/slide_011.png",
    "applied": true,
    "crop_region": {
      "x": 639,
      "y": 0,
      "width": 1280,
      "height": 1080
    },
    "size": {
      "width": 1280,
      "height": 1080
    }
  },
  "trace_id": null,
  "duration_ms": 113,
  "started_at": "2025-12-16T00:48:23.674896",
  "completed_at": "2025-12-15T16:48:23.788975",
  "step_config": {},
  "dependencies": [
    "capture_frame",
    "crop_decision"
  ]
}