{
  "address": "ai_session/part_05/chunk_00/07_capture_frame/slide_008",
  "status": "completed",
  "input": {
    "video": "output/ai_session/part_05/chunk_00/02_downscale/artifacts/chunk_low.mp4",
    "timestamp": "00:12:52.600",
    "frame_id": "slide_008",
    "output_ext": ".png"
  },
  "output": "output/ai_session/part_05/chunk_00/07_capture_frame/slide_008/artifacts/slide_008.png",
  "artifacts": [
    "output/ai_session/part_05/chunk_00/07_capture_frame/slide_008/artifacts/slide_008.png"
  ],
  "metadata": {
    "timestamp": "00:12:52.600",
    "frame_id": "slide_008",
    "ffmpeg": "/opt/homebrew/bin/ffmpeg"
  },
  "trace_id": null,
  "duration_ms": 965,
  "started_at": "2025-12-15T18:06:24.798882",
  "completed_at": "2025-12-15T10:06:25.766332",
  "step_config": {},
  "dependencies": [
    "slide_timeline"
  ]
}