{
  "address": "day1_main/part_05/chunk_00/09_apply_crop/slide_008",
  "status": "completed",
  "input": {
    "image_path": "output/day1_main/part_05/chunk_00/07_capture_frame/slide_008/artifacts/slide_008.png",
    "crop_region": null
  },
  "output": "output/day1_main/part_05/chunk_00/09_apply_crop/slide_008/artifacts/slide_008.png",
  "artifacts": [
    "output/day1_main/part_05/chunk_00/09_apply_crop/slide_008/artifacts/slide_008.png"
  ],
  "metadata": {
    "source": "output/day1_main/part_05/chunk_00/07_capture_frame/slide_008/artifacts/slide_008.png",
    "applied": false
  },
  "trace_id": null,
  "duration_ms": 8,
  "started_at": "2025-12-17T19:18:27.641535",
  "completed_at": "2025-12-17T11:18:27.654389",
  "step_config": {},
  "dependencies": [
    "capture_frame",
    "crop_decision"
  ]
}