{
  "address": "ai_session/part_05/chunk_00/09_apply_crop/slide_003",
  "status": "completed",
  "input": {
    "image_path": "output/ai_session/part_05/chunk_00/07_capture_frame/slide_003/artifacts/slide_003.png",
    "crop_region": {
      "x": 435,
      "y": 0,
      "width": 844,
      "height": 720
    }
  },
  "output": "output/ai_session/part_05/chunk_00/09_apply_crop/slide_003/artifacts/slide_003.png",
  "artifacts": [
    "output/ai_session/part_05/chunk_00/09_apply_crop/slide_003/artifacts/slide_003.png"
  ],
  "metadata": {
    "source": "output/ai_session/part_05/chunk_00/07_capture_frame/slide_003/artifacts/slide_003.png",
    "applied": true,
    "crop_region": {
      "x": 435,
      "y": 0,
      "width": 844,
      "height": 720
    },
    "size": {
      "width": 844,
      "height": 720
    }
  },
  "trace_id": null,
  "duration_ms": 55,
  "started_at": "2025-12-15T18:13:40.453770",
  "completed_at": "2025-12-15T10:13:40.511848",
  "step_config": {},
  "dependencies": [
    "capture_frame",
    "crop_decision"
  ]
}