{
  "address": "ai_session/part_02/chunk_00/09_apply_crop/slide_001",
  "status": "completed",
  "input": {
    "image_path": "output/ai_session/part_02/chunk_00/07_capture_frame/slide_001/artifacts/slide_001.png",
    "crop_region": {
      "x": 97,
      "y": 50,
      "width": 1731,
      "height": 880
    }
  },
  "output": "output/ai_session/part_02/chunk_00/09_apply_crop/slide_001/artifacts/slide_001.png",
  "artifacts": [
    "output/ai_session/part_02/chunk_00/09_apply_crop/slide_001/artifacts/slide_001.png"
  ],
  "metadata": {
    "source": "output/ai_session/part_02/chunk_00/07_capture_frame/slide_001/artifacts/slide_001.png",
    "applied": true,
    "crop_region": {
      "x": 97,
      "y": 50,
      "width": 1731,
      "height": 880
    },
    "size": {
      "width": 1731,
      "height": 880
    }
  },
  "trace_id": null,
  "duration_ms": 186,
  "started_at": "2025-12-15T23:02:57.626630",
  "completed_at": "2025-12-15T15:02:57.818126",
  "step_config": {},
  "dependencies": [
    "capture_frame",
    "crop_decision"
  ]
}