{
  "address": "ScienceEducationInnovation/part_04/chunk_00/08_crop_decision/slide_014",
  "status": "completed",
  "input": {
    "image_path": "output/ScienceEducationInnovation/part_04/chunk_00/07_capture_frame/slide_014/artifacts/slide_014.png",
    "slide_index": 14,
    "slide_title": "工作 1：异构感知的多训推作业封装与混部（方案与结果） 展示基于图匹配的作业调度算法及在快手集群的实验结果（JCT 缩短）。"
  },
  "output": null,
  "artifacts": [
    "output/ScienceEducationInnovation/part_04/chunk_00/07_capture_frame/slide_014/artifacts/slide_014.png"
  ],
  "metadata": {
    "needs_crop": false,
    "reason": "MANUAL_NO_CROP",
    "manual_override": true
  },
  "trace_id": null,
  "duration_ms": 0,
  "started_at": "2025-12-21T23:27:05.888513",
  "completed_at": "2025-12-21T15:27:05.906980",
  "step_config": {
    "model": "gemini-3-flash-preview",
    "temperature": 0.1,
    "prompt_file": "/Users/lichuan/Codes/TalkDistill/config/prompts/crop_decision.md",
    "schema_file": "/Users/lichuan/Codes/TalkDistill/config/schemas/crop_decision.json"
  },
  "dependencies": [
    "capture_frame"
  ]
}