{
  "address": "ScienceEducationInnovation/part_02/chunk_00/08_crop_decision/slide_017",
  "status": "completed",
  "input": {
    "image_path": "output/ScienceEducationInnovation/part_02/chunk_00/07_capture_frame/slide_017/artifacts/slide_017.png",
    "slide_index": 17,
    "slide_title": "Fleche - 核心想法：查询融合 小kernel调用来自于同一函数，通过自识别实现融合"
  },
  "output": null,
  "artifacts": [
    "output/ScienceEducationInnovation/part_02/chunk_00/07_capture_frame/slide_017/artifacts/slide_017.png"
  ],
  "metadata": {
    "needs_crop": false,
    "reason": "MANUAL_NO_CROP",
    "manual_override": true
  },
  "trace_id": null,
  "duration_ms": 0,
  "started_at": "2025-12-18T16:37:52.032969",
  "completed_at": "2025-12-18T16:37:52.032969",
  "step_config": {
    "manual_override": true
  },
  "dependencies": [
    "capture_frame"
  ]
}