{
  "address": "day2_main/part_05/chunk_00/09_apply_crop/slide_003",
  "status": "completed",
  "input": {
    "image_path": "output/day2_main/part_05/chunk_00/07_capture_frame/slide_003/artifacts/slide_003.png",
    "crop_region": {
      "x": 471,
      "y": 378,
      "width": 976,
      "height": 308
    }
  },
  "output": "output/day2_main/part_05/chunk_00/09_apply_crop/slide_003/artifacts/slide_003.png",
  "artifacts": [
    "output/day2_main/part_05/chunk_00/09_apply_crop/slide_003/artifacts/slide_003.png"
  ],
  "metadata": {
    "source": "output/day2_main/part_05/chunk_00/07_capture_frame/slide_003/artifacts/slide_003.png",
    "applied": true,
    "crop_region": {
      "x": 471,
      "y": 378,
      "width": 976,
      "height": 308
    },
    "size": {
      "width": 976,
      "height": 308
    }
  },
  "trace_id": null,
  "duration_ms": 117,
  "started_at": "2025-12-17T21:35:09.862148",
  "completed_at": "2025-12-17T13:35:09.982726",
  "step_config": {},
  "dependencies": [
    "capture_frame",
    "crop_decision"
  ]
}