{
  "address": "ai_session/part_05/chunk_00/07_capture_frame/slide_004",
  "status": "completed",
  "input": {
    "video": "output/ai_session/part_05/chunk_00/02_downscale/artifacts/chunk_low.mp4",
    "timestamp": "00:03:24.200",
    "frame_id": "slide_004",
    "output_ext": ".png"
  },
  "output": "output/ai_session/part_05/chunk_00/07_capture_frame/slide_004/artifacts/slide_004.png",
  "artifacts": [
    "output/ai_session/part_05/chunk_00/07_capture_frame/slide_004/artifacts/slide_004.png"
  ],
  "metadata": {
    "timestamp": "00:03:24.200",
    "frame_id": "slide_004",
    "ffmpeg": "/opt/homebrew/bin/ffmpeg"
  },
  "trace_id": null,
  "duration_ms": 573,
  "started_at": "2025-12-15T18:06:24.797339",
  "completed_at": "2025-12-15T10:06:25.372369",
  "step_config": {},
  "dependencies": [
    "slide_timeline"
  ]
}