{
  "part_index": 11,
  "title": "CTyunOS智能安全中心：AI赋能的漏洞全生命周期管理",
  "type_tag": "系统架构与实践",
  "tech_tags": [
    "CTyunOS",
    "AI大模型",
    "DeepSeek",
    "知识图谱",
    "智能体",
    "CVE-ease",
    "openEuler",
    "Vue.js",
    "Flask",
    "PostgreSQL"
  ],
  "domain_tags": [
    "操作系统安全",
    "漏洞管理",
    "云安全",
    "AIOps"
  ],
  "summary": "天翼云推出的 CTyunOS 智能安全中心，是一个融合 AI 大模型的漏洞全生命周期管理平台。该系统基于 openEuler 生态与 CVE-ease 等开源项目构建，采用前后端分离架构，集成 DeepSeek 模型与知识图谱技术。它实现了从多源漏洞感知、智能影响分析、源码级修复建议到自动公告发布的闭环管理。通过 AI 智能体辅助评分、交互式问答及防篡改安全加固，显著提升了操作系统漏洞治理的自动化水平与准确性，相关核心模块已逐步回馈至开源社区。",
  "highlights": [
    "打造漏洞全生命周期闭环，覆盖感知、分析、修复及公告发布全流程",
    "融合 DeepSeek 大模型与知识图谱，实现智能化的漏洞影响评估与源码分析",
    "构建 AI 聊天引擎与辅助评分机制，支持自然语言交互查询与精准定级",
    "集成自动化安全加固功能，内置防篡改校验机制确保护航系统安全",
    "基于开源生态共建，将漏洞感知与加固等核心能力回馈 openEuler 社区"
  ]
}