{
  "address": "ai_session/part_09/final/03_part_cut",
  "status": "completed",
  "input": {
    "video": "/Users/lichuan/Codes/TalkDistill/ai_session.mp4",
    "start": 8747.58,
    "duration": 1067.67,
    "output_name": "part_high.mp4"
  },
  "output": {
    "path": "output/ai_session/part_09/final/03_part_cut/artifacts/part_high.mp4",
    "start": 8747.58,
    "duration": 1067.67
  },
  "artifacts": [
    "output/ai_session/part_09/final/03_part_cut/artifacts/part_high.mp4"
  ],
  "metadata": {
    "ffmpeg": "/opt/homebrew/bin/ffmpeg",
    "start": 8747.58,
    "duration": 1067.67,
    "size_bytes": 554683688
  },
  "trace_id": null,
  "duration_ms": 616,
  "started_at": "2025-12-16T01:07:19.146956",
  "completed_at": "2025-12-15T17:07:19.765342",
  "step_config": {},
  "dependencies": []
}