{
  "address": "ai_session/part_10/chunk_00/09_apply_crop/slide_003",
  "status": "completed",
  "input": {
    "image_path": "output/ai_session/part_10/chunk_00/07_capture_frame/slide_003/artifacts/slide_003.png",
    "crop_region": {
      "x": 648,
      "y": 183,
      "width": 1271,
      "height": 896
    }
  },
  "output": "output/ai_session/part_10/chunk_00/09_apply_crop/slide_003/artifacts/slide_003.png",
  "artifacts": [
    "output/ai_session/part_10/chunk_00/09_apply_crop/slide_003/artifacts/slide_003.png"
  ],
  "metadata": {
    "source": "output/ai_session/part_10/chunk_00/07_capture_frame/slide_003/artifacts/slide_003.png",
    "applied": true,
    "crop_region": {
      "x": 648,
      "y": 183,
      "width": 1271,
      "height": 896
    },
    "size": {
      "width": 1271,
      "height": 896
    }
  },
  "trace_id": null,
  "duration_ms": 91,
  "started_at": "2025-12-16T01:21:34.119937",
  "completed_at": "2025-12-15T17:21:34.213062",
  "step_config": {},
  "dependencies": [
    "capture_frame",
    "crop_decision"
  ]
}