{
  "address": "ai_session/part_10/chunk_00/09_apply_crop/slide_001",
  "status": "completed",
  "input": {
    "image_path": "output/ai_session/part_10/chunk_00/07_capture_frame/slide_001/artifacts/slide_001.png",
    "crop_region": {
      "x": 230,
      "y": 118,
      "width": 1344,
      "height": 831
    }
  },
  "output": "output/ai_session/part_10/chunk_00/09_apply_crop/slide_001/artifacts/slide_001.png",
  "artifacts": [
    "output/ai_session/part_10/chunk_00/09_apply_crop/slide_001/artifacts/slide_001.png"
  ],
  "metadata": {
    "source": "output/ai_session/part_10/chunk_00/07_capture_frame/slide_001/artifacts/slide_001.png",
    "applied": true,
    "crop_region": {
      "x": 230,
      "y": 118,
      "width": 1344,
      "height": 831
    },
    "size": {
      "width": 1344,
      "height": 831
    }
  },
  "trace_id": null,
  "duration_ms": 115,
  "started_at": "2025-12-16T01:21:34.119666",
  "completed_at": "2025-12-15T17:21:34.235633",
  "step_config": {},
  "dependencies": [
    "capture_frame",
    "crop_decision"
  ]
}