{
  "address": "ScienceEducationInnovation/part_03/chunk_00/07_capture_frame/slide_025",
  "status": "completed",
  "input": {
    "video": "output/ScienceEducationInnovation/part_03/chunk_00/01_cut_chunk/artifacts/chunk_high.mp4",
    "timestamp": "00:16:38.600",
    "frame_id": "slide_025",
    "output_ext": ".png"
  },
  "output": "output/ScienceEducationInnovation/part_03/chunk_00/07_capture_frame/slide_025/artifacts/slide_025.png",
  "artifacts": [
    "output/ScienceEducationInnovation/part_03/chunk_00/07_capture_frame/slide_025/artifacts/slide_025.png"
  ],
  "metadata": {
    "timestamp": "00:16:38.600",
    "frame_id": "slide_025",
    "ffmpeg": "/opt/homebrew/bin/ffmpeg"
  },
  "trace_id": null,
  "duration_ms": 2021,
  "started_at": "2025-12-19T01:07:58.337605",
  "completed_at": "2025-12-18T17:08:00.361728",
  "step_config": {},
  "dependencies": [
    "slide_timeline"
  ]
}