{
  "address": "ai_session/part_07/chunk_00/09_apply_crop/slide_007",
  "status": "completed",
  "input": {
    "image_path": "output/ai_session/part_07/chunk_00/07_capture_frame/slide_007/artifacts/slide_007.png",
    "crop_region": {
      "x": 604,
      "y": 199,
      "width": 1315,
      "height": 880
    }
  },
  "output": "output/ai_session/part_07/chunk_00/09_apply_crop/slide_007/artifacts/slide_007.png",
  "artifacts": [
    "output/ai_session/part_07/chunk_00/09_apply_crop/slide_007/artifacts/slide_007.png"
  ],
  "metadata": {
    "source": "output/ai_session/part_07/chunk_00/07_capture_frame/slide_007/artifacts/slide_007.png",
    "applied": true,
    "crop_region": {
      "x": 604,
      "y": 199,
      "width": 1315,
      "height": 880
    },
    "size": {
      "width": 1315,
      "height": 880
    }
  },
  "trace_id": null,
  "duration_ms": 101,
  "started_at": "2025-12-16T00:31:41.596735",
  "completed_at": "2025-12-15T16:31:41.699147",
  "step_config": {},
  "dependencies": [
    "capture_frame",
    "crop_decision"
  ]
}