{
  "address": "ai_session/part_04/chunk_00/07_capture_frame/slide_005",
  "status": "completed",
  "input": {
    "video": "output/ai_session/part_04/chunk_00/02_downscale/artifacts/chunk_low.mp4",
    "timestamp": "00:01:40.560",
    "frame_id": "slide_005",
    "output_ext": ".png"
  },
  "output": "output/ai_session/part_04/chunk_00/07_capture_frame/slide_005/artifacts/slide_005.png",
  "artifacts": [
    "output/ai_session/part_04/chunk_00/07_capture_frame/slide_005/artifacts/slide_005.png"
  ],
  "metadata": {
    "timestamp": "00:01:40.560",
    "frame_id": "slide_005",
    "ffmpeg": "/opt/homebrew/bin/ffmpeg"
  },
  "trace_id": null,
  "duration_ms": 1141,
  "started_at": "2025-12-15T17:51:31.600066",
  "completed_at": "2025-12-15T09:51:32.743141",
  "step_config": {},
  "dependencies": [
    "slide_timeline"
  ]
}