{
  "address": "ai_session/part_07/chunk_00/07_capture_frame/slide_015",
  "status": "completed",
  "input": {
    "video": "output/ai_session/part_07/chunk_00/01_cut_chunk/artifacts/chunk_high.mp4",
    "timestamp": "00:16:04.500",
    "frame_id": "slide_015",
    "output_ext": ".png"
  },
  "output": "output/ai_session/part_07/chunk_00/07_capture_frame/slide_015/artifacts/slide_015.png",
  "artifacts": [
    "output/ai_session/part_07/chunk_00/07_capture_frame/slide_015/artifacts/slide_015.png"
  ],
  "metadata": {
    "timestamp": "00:16:04.500",
    "frame_id": "slide_015",
    "ffmpeg": "/opt/homebrew/bin/ffmpeg"
  },
  "trace_id": null,
  "duration_ms": 1534,
  "started_at": "2025-12-16T00:21:03.381306",
  "completed_at": "2025-12-15T16:21:04.916916",
  "step_config": {},
  "dependencies": [
    "slide_timeline"
  ]
}