{
  "id": "sec_4",
  "index": 3,
  "title": "研究方法与核心思路",
  "time_range": "00:07:02,445 - 00:08:46,455",
  "script": "20年前可能是一些比较业余的选手，大家很分散，做一些很有趣的攻击。所以我们这里边实际上，我们做了一系列的工作，过去三年。我们实际上是，虽然是一个算法的问题，很多时候，但是实际上我们做了很多这个系统、算法和硬件的协同优化。就是面对数量少，第一个我们跟华为有合作。我们这个感谢华为给我们提供了很多这种企业级的数据，我们内部呢能够获得这种真实数据来提高我们算法。另外一个呢，我们在算法上做一些研究，我们用一些无监督的算法去消除对标注的依赖。那么在语义理解上呢，我们实际上也是基于现在这种溯源分析，一套关联的算法，去把这种二义性给它消除掉，把它关联起来。那么在成本上，实际上我们是做了一系列从算法和系统的优化。一个是系统上，我们对这个整个系统的这个数据处理的系统、数据采集的系统进行了一系列的优化，把这个性能、系统性能提上去。另外一个呢，是我们也在算法上，我们借鉴了这种缓存的机制，我们从把这个算法呢从简到强，一层层地过滤，来降低我们这个算法的复杂度。那么下面是我们这一系列发表的论文，这里边很多论文也其实有我们华为同事的名字在上面。那我们这个算法其实核心思路呢，是现在大家采用的一个算法叫溯源分析。就是我们把这个操作系统的日志全部采出来。这里边日志呢就包含了这个操作系统对网络端口的访问、对文件的访问，以及对进程的创建和依赖。然后呢，我们就构成这样一张图。这个图上呢，我们每个点就是一个进程、一个文件或者一个网络端口。边呢就是这个我这些文件和网络进程之间它的数据流动的方向。然后呢，我在这张图上，我会用一些无监督学习的方法，去主动地挖掘这里边有什么异常特征，然后把这个红框覆盖的这个跟攻击有关的部分给它自动地找出来。这是我们核心方法。",
  "summary": "该研究通过系统、算法和硬件的协同优化来解决问题，并与华为合作获取真实企业数据，同时采用无监督算法消除对数据标注的依赖。其核心思路是溯源分析，即采集操作系统日志（包括网络、文件、进程访问）构建数据流动图。最后，利用无监督学习在图上主动挖掘异常特征，从而自动识别出与攻击相关的行为。"
}