{
  "address": "ai_session/part_03/chunk_00/07_capture_frame/slide_019",
  "status": "completed",
  "input": {
    "video": "output/ai_session/part_03/chunk_00/01_cut_chunk/artifacts/chunk_high.mp4",
    "timestamp": "00:15:34.600",
    "frame_id": "slide_019",
    "output_ext": ".png"
  },
  "output": "output/ai_session/part_03/chunk_00/07_capture_frame/slide_019/artifacts/slide_019.png",
  "artifacts": [
    "output/ai_session/part_03/chunk_00/07_capture_frame/slide_019/artifacts/slide_019.png"
  ],
  "metadata": {
    "timestamp": "00:15:34.600",
    "frame_id": "slide_019",
    "ffmpeg": "/opt/homebrew/bin/ffmpeg"
  },
  "trace_id": null,
  "duration_ms": 3123,
  "started_at": "2025-12-15T23:19:15.561579",
  "completed_at": "2025-12-15T15:19:18.688391",
  "step_config": {},
  "dependencies": [
    "slide_timeline"
  ]
}