{
  "address": "ai_session/part_05/final/10_part_digest",
  "status": "completed",
  "input": {
    "part_index": 5,
    "part_start_s": 5057.08,
    "part_duration_s": 869.1499999999996,
    "sections": [
      {
        "id": "sec_1",
        "index": 0,
        "title": "开场与主题介绍",
        "time_range": "00:00:00,000 - 00:00:28,075",
        "summary": "主持人邀请华为技术有限公司的AI工程师李宇振先生上台。讲者李宇振向观众问好，并介绍了本次分享的主题：《通算/智算大模型推理加速协同探索与实践》。",
        "start_ms": 0,
        "end_ms": 28075,
        "material_ids": [
          "chunk_00/slide_001",
          "chunk_00/slide_002"
        ]
      },
      {
        "id": "sec_2",
        "index": 1,
        "title": "业务背景与传统推理痛点",
        "time_range": "00:00:30,590 - 00:02:42,410",
        "summary": "在传统的推理场景中，计算主要集中在GPU上，导致CPU资源闲置，整机利用率低下。该模式存在两大痛点：一是XPU（GPU/NPU）的内存容量瓶颈限制了模型的上下文长度和并发量；二是CPU算力和内存被大量浪费。",
        "start_ms": 30590,
        "end_ms": 162410,
        "material_ids": [
          "chunk_00/slide_003"
        ]
      },
      {
        "id": "sec_3",
        "index": 2,
        "title": "CPU+XPU算力协同方案与PD分离",
        "time_range": "00:02:44,240 - 00:05:56,805",
        "summary": "为利用CPU算力，我们提出了CPU+XPU算力协同方案。该方案的核心是PD分离，即根据大模型推理中Prefill计算密集、Decode内存密集的特点，将Prefill放在XPU，而将部分Decode任务调度至CPU执行。此方案通过异构算力调度和通算推理加速技术，实现了对稠密和MoE模型的推理加速。",
        "start_ms": 164240,
        "end_ms": 356805,
        "material_ids": [
          "chunk_00/slide_004"
        ]
      },
      {
        "id": "sec_4",
        "index": 3,
        "title": "异构算力调度",
        "time_range": "00:06:00,320 - 00:09:12,115",
        "summary": "为平衡大模型推理服务中高并发与低时延的矛盾，我们设计了异构算力调度。通过优化vLLM以支持Prefill-Decode分离，并构建基于实时负载和历史数据预测的动态调度引擎，我们解决了KV Cache传输开销和动态任务分配的挑战。",
        "start_ms": 360320,
        "end_ms": 552115,
        "material_ids": [
          "chunk_00/slide_005"
        ]
      },
      {
        "id": "sec_5",
        "index": 4,
        "title": "通算推理加速关键技术",
        "time_range": "00:09:17,320 - 00:12:37,085",
        "summary": "本节介绍了通算推理加速的三项关键技术：NUMA亲和、多线程并行和算子优化。通过将计算与数据本地化、利用多核并行处理及高级指令集，可显著提升CPU推理速度，并应用于稠密模型和MoE模型等场景。",
        "start_ms": 557320,
        "end_ms": 757085,
        "material_ids": [
          "chunk_00/slide_006",
          "chunk_00/slide_007"
        ]
      },
      {
        "id": "sec_6",
        "index": 5,
        "title": "业务效果展示",
        "time_range": "00:12:42,050 - 00:13:30,565",
        "summary": "在业务效果方面，该推理协同方案展现了显著的性能提升。在实时在线推理场景中，它能有效提升并发量；而在非实时离线批量推理场景下，则能大幅提高总吞吐量。",
        "start_ms": 762050,
        "end_ms": 810565,
        "material_ids": [
          "chunk_00/slide_008"
        ]
      },
      {
        "id": "sec_7",
        "index": 6,
        "title": "总结与未来工作展望",
        "time_range": "00:13:32,940 - 00:14:29,000",
        "summary": "演讲者总结了演讲内容，并展望了未来的工作方向。下一步将重点聚焦于MoE模型，探索其在多机多卡场景下的异构调度、AF分离（Attention和FFN/Expert分离）优化，以及Expert的分布式调度方案。",
        "start_ms": 812940,
        "end_ms": 869000,
        "material_ids": [
          "chunk_00/slide_009",
          "chunk_00/slide_010"
        ]
      }
    ],
    "materials": [
      {
        "id": "chunk_00/slide_001",
        "type": "slide",
        "title": "AI分论坛 主背景画面",
        "start_ms": 1000,
        "end_ms": 13500,
        "best_capture_ms": null
      },
      {
        "id": "chunk_00/slide_002",
        "type": "slide",
        "title": "通算/智算大模型推理加速协同探索与实践 演讲标题页",
        "start_ms": 16000,
        "end_ms": 28000,
        "best_capture_ms": null
      },
      {
        "id": "chunk_00/slide_003",
        "type": "slide",
        "title": "业务背景 传统的推理场景与痛点",
        "start_ms": 31000,
        "end_ms": 162000,
        "best_capture_ms": null
      },
      {
        "id": "chunk_00/slide_004",
        "type": "slide",
        "title": "CPU+XPU算力协同方案 通算推理加速架构图",
        "start_ms": 166000,
        "end_ms": 357000,
        "best_capture_ms": null
      },
      {
        "id": "chunk_00/slide_005",
        "type": "slide",
        "title": "异构算力调度 PD分离与动态调度",
        "start_ms": 361000,
        "end_ms": 554000,
        "best_capture_ms": null
      },
      {
        "id": "chunk_00/slide_006",
        "type": "slide",
        "title": "通算推理加速 技术概览：Numa亲和、多线程并行、算子优化",
        "start_ms": 558000,
        "end_ms": 704000,
        "best_capture_ms": null
      },
      {
        "id": "chunk_00/slide_007",
        "type": "slide",
        "title": "通算推理加速 详细技术：Numa亲和与算子优化实现",
        "start_ms": 708000,
        "end_ms": 760000,
        "best_capture_ms": null
      },
      {
        "id": "chunk_00/slide_008",
        "type": "slide",
        "title": "业务效果 性能提升对比柱状图",
        "start_ms": 763000,
        "end_ms": 811000,
        "best_capture_ms": null
      },
      {
        "id": "chunk_00/slide_009",
        "type": "slide",
        "title": "下一步工作方向 MOE模型与分布式调度",
        "start_ms": 814000,
        "end_ms": 842000,
        "best_capture_ms": null
      },
      {
        "id": "chunk_00/slide_010",
        "type": "slide",
        "title": "AI分论坛 结束画面",
        "start_ms": 845000,
        "end_ms": 868000,
        "best_capture_ms": null
      }
    ],
    "graph": {
      "nodes": [
        {
          "id": "p1",
          "label": "传统推理痛点",
          "category": "Pillar",
          "references": {
            "section_ids": [
              "sec_2"
            ],
            "material_ids": [
              "chunk_00/slide_003"
            ],
            "highlight": {
              "primary_material_id": "chunk_00/slide_003",
              "primary_time_ts": "00:00:31,000",
              "primary_time_ms": 31000
            }
          },
          "parent": null,
          "summary": "传统推理模式将计算集中在GPU，导致CPU资源闲置，并引发两大核心痛点：XPU内存容量瓶颈限制了模型上下文与并发，以及整机资源利用率低下。"
        },
        {
          "id": "d1_1",
          "label": "痛点一：XPU内存瓶颈",
          "category": "Problem",
          "references": {
            "section_ids": [
              "sec_2"
            ],
            "material_ids": [
              "chunk_00/slide_003"
            ],
            "highlight": {
              "primary_material_id": "chunk_00/slide_003",
              "primary_time_ts": "00:01:09,590",
              "primary_time_ms": 69590
            }
          },
          "parent": "p1",
          "summary": "XPU（GPU/NPU）的显存容量（通常16-80GB）有限，直接限制了大模型能处理的上下文长度和并发量，成为性能的关键瓶颈。"
        },
        {
          "id": "d1_2",
          "label": "痛点二：整机利用率低",
          "category": "Problem",
          "references": {
            "section_ids": [
              "sec_2"
            ],
            "material_ids": [
              "chunk_00/slide_003"
            ],
            "highlight": {
              "primary_material_id": "chunk_00/slide_003",
              "primary_time_ts": "00:02:08,410",
              "primary_time_ms": 128410
            }
          },
          "parent": "p1",
          "summary": "在传统的“CPU+XPU”异构服务器中，由于前向计算95%以上的负载都在XPU上，导致CPU的算力和内存被大量闲置和浪费。"
        },
        {
          "id": "p2",
          "label": "CPU+XPU协同方案",
          "category": "Pillar",
          "references": {
            "section_ids": [
              "sec_3",
              "sec_4",
              "sec_5"
            ],
            "material_ids": [
              "chunk_00/slide_004",
              "chunk_00/slide_005",
              "chunk_00/slide_006",
              "chunk_00/slide_007"
            ],
            "highlight": {
              "primary_material_id": "chunk_00/slide_004",
              "primary_time_ts": "00:02:46,000",
              "primary_time_ms": 166000
            }
          },
          "parent": null,
          "summary": "为解决传统推理痛点，提出CPU+XPU算力协同方案。该方案以PD分离为核心，通过异构算力调度和通算推理加速技术，实现对稠密和MoE模型的推理加速。"
        },
        {
          "id": "d2_1",
          "label": "核心概念：PD分离",
          "category": "Concept",
          "references": {
            "section_ids": [
              "sec_3"
            ],
            "material_ids": [
              "chunk_00/slide_004"
            ],
            "highlight": {
              "primary_material_id": "chunk_00/slide_004",
              "primary_time_ts": "00:02:50,240",
              "primary_time_ms": 170240
            }
          },
          "parent": "p2",
          "summary": "PD分离（Prefill-Decode Separation）利用Prefill阶段计算密集、Decode阶段内存密集的特性，将Prefill任务固定在XPU，部分Decode任务卸载至CPU，实现异构算力协同。"
        },
        {
          "id": "d2_2",
          "label": "方案组件：异构算力调度",
          "category": "Technology",
          "references": {
            "section_ids": [
              "sec_3",
              "sec_4"
            ],
            "material_ids": [
              "chunk_00/slide_004",
              "chunk_00/slide_005"
            ],
            "highlight": {
              "primary_material_id": "chunk_00/slide_005",
              "primary_time_ts": "00:06:01,000",
              "primary_time_ms": 361000
            }
          },
          "parent": "p2",
          "summary": "为平衡高并发与低时延，设计了异构算力调度模块。它代理用户请求，进行PD分离，并通过动态调度引擎将任务灵活分配给CPU或XPU。"
        },
        {
          "id": "d2_3",
          "label": "方案组件：通算推理加速",
          "category": "Technology",
          "references": {
            "section_ids": [
              "sec_3",
              "sec_5"
            ],
            "material_ids": [
              "chunk_00/slide_004",
              "chunk_00/slide_006",
              "chunk_00/slide_007"
            ],
            "highlight": {
              "primary_material_id": "chunk_00/slide_006",
              "primary_time_ts": "00:09:18,000",
              "primary_time_ms": 558000
            }
          },
          "parent": "p2",
          "summary": "为提升CPU执行推理任务的性能，集成了一套通算推理加速技术，主要包括NUMA亲和、多线程并行和算子优化，以充分利用现代CPU的架构特性。"
        },
        {
          "id": "d2_3_1",
          "label": "技术一：NUMA亲和",
          "category": "Technology",
          "references": {
            "section_ids": [
              "sec_5"
            ],
            "material_ids": [
              "chunk_00/slide_006",
              "chunk_00/slide_007"
            ],
            "highlight": {
              "primary_material_id": "chunk_00/slide_006",
              "primary_time_ts": "00:09:23,320",
              "primary_time_ms": 563320
            }
          },
          "parent": "d2_3",
          "summary": "通过将模型权重和计算数据拷贝到各NUMA节点进行本地化计算，避免昂贵的跨NUMA节点内存访问开销，从而降低访存延迟。"
        },
        {
          "id": "d2_3_2",
          "label": "技术二：多线程并行",
          "category": "Technology",
          "references": {
            "section_ids": [
              "sec_5"
            ],
            "material_ids": [
              "chunk_00/slide_006"
            ],
            "highlight": {
              "primary_material_id": "chunk_00/slide_006",
              "primary_time_ts": "00:10:20,320",
              "primary_time_ms": 620320
            }
          },
          "parent": "d2_3",
          "summary": "利用现代CPU的多核设计，采用多线程技术对大模型推理中的计算密集型任务（如矩阵计算）进行并行化处理，以充分利用CPU的并行算力。"
        },
        {
          "id": "d2_3_3",
          "label": "技术三：算子优化",
          "category": "Technology",
          "references": {
            "section_ids": [
              "sec_5"
            ],
            "material_ids": [
              "chunk_00/slide_006",
              "chunk_00/slide_007"
            ],
            "highlight": {
              "primary_material_id": "chunk_00/slide_007",
              "primary_time_ts": "00:11:48,000",
              "primary_time_ms": 708000
            }
          },
          "parent": "d2_3",
          "summary": "利用现代CPU架构提供的SIMD指令集（如NEON, I8MM），用单条指令处理多个数据，大幅加速矩阵乘法等关键算子的计算速度。"
        },
        {
          "id": "p3",
          "label": "业务效果与展望",
          "category": "Pillar",
          "references": {
            "section_ids": [
              "sec_6",
              "sec_7"
            ],
            "material_ids": [
              "chunk_00/slide_008",
              "chunk_00/slide_009",
              "chunk_00/slide_010"
            ],
            "highlight": {
              "primary_material_id": "chunk_00/slide_008",
              "primary_time_ts": "00:12:43,000",
              "primary_time_ms": 763000
            }
          },
          "parent": null,
          "summary": "协同方案在业务上取得了显著效果，包括提升实时在线推理的并发量和离线批量推理的总吞吐量。未来工作将聚焦于MoE模型的多机多卡异构调度和分布式优化。"
        },
        {
          "id": "d3_1",
          "label": "业务效果：性能提升",
          "category": "Result",
          "references": {
            "section_ids": [
              "sec_6"
            ],
            "material_ids": [
              "chunk_00/slide_008"
            ],
            "highlight": {
              "primary_material_id": "chunk_00/slide_008",
              "primary_time_ts": "00:12:43,000",
              "primary_time_ms": 763000
            }
          },
          "parent": "p3",
          "summary": "与纯XPU方案相比，协同方案在实时场景下提升了8.8%-12.5%的并发量，在离线场景下提升了7.1%-20.1%的总吞吐量。"
        },
        {
          "id": "d3_2",
          "label": "未来工作：MoE模型优化",
          "category": "Concept",
          "references": {
            "section_ids": [
              "sec_7"
            ],
            "material_ids": [
              "chunk_00/slide_009"
            ],
            "highlight": {
              "primary_material_id": "chunk_00/slide_009",
              "primary_time_ts": "00:13:34,000",
              "primary_time_ms": 814000
            }
          },
          "parent": "p3",
          "summary": "下一步工作将重点聚焦于MoE模型，探索其在多机多卡场景下的异构调度、AF分离（Attention和FFN/Expert分离）优化，以及Expert的分布式调度方案。"
        }
      ],
      "edges": [
        {
          "source": "p1",
          "target": "p2",
          "relation_type": "causal",
          "label": "催生解决方案"
        },
        {
          "source": "p2",
          "target": "p3",
          "relation_type": "sequential",
          "label": "展示成果"
        },
        {
          "source": "d1_1",
          "target": "d1_2",
          "relation_type": "parallel",
          "label": "并列痛点"
        },
        {
          "source": "d2_1",
          "target": "d2_2",
          "relation_type": "causal",
          "label": "是...的基础"
        },
        {
          "source": "d2_2",
          "target": "d2_3",
          "relation_type": "parallel",
          "label": "与...协同"
        },
        {
          "source": "d2_3_1",
          "target": "d2_3_2",
          "relation_type": "parallel",
          "label": "并列技术"
        },
        {
          "source": "d2_3_2",
          "target": "d2_3_3",
          "relation_type": "parallel",
          "label": "并列技术"
        },
        {
          "source": "d3_1",
          "target": "d3_2",
          "relation_type": "sequential",
          "label": "展望未来"
        }
      ]
    }
  },
  "output": {
    "part_index": 5,
    "title": "通算/智算大模型推理加速协同探索与实践",
    "type_tag": "异构推理优化",
    "tech_tags": [
      "CPU+XPU协同",
      "PD分离",
      "异构算力调度",
      "vLLM",
      "KV Cache",
      "NUMA亲和",
      "SIMD指令集",
      "算子优化",
      "MoE模型",
      "多线程并行"
    ],
    "domain_tags": [
      "大模型推理",
      "异构计算",
      "算力优化",
      "人工智能"
    ],
    "summary": "针对传统大模型推理中XPU显存瓶颈与CPU资源浪费的痛点，本分享提出了CPU+XPU异构算力协同方案。该方案核心采用PD分离策略，利用Prefill计算密集与Decode内存密集的特性，将部分Decode任务卸载至CPU。通过构建异构算力调度引擎解决动态负载分配问题，并结合NUMA亲和、多线程并行及SIMD算子优化等技术显著提升CPU推理性能。实测显示，该方案在在线与离线场景下均有效提升了并发量与吞吐量。",
    "highlights": [
      "传统推理模式面临XPU显存瓶颈与CPU算力闲置的双重挑战",
      "提出CPU+XPU协同方案，核心实施Prefill-Decode（PD）分离策略",
      "设计异构算力调度引擎，基于实时负载动态分配任务以平衡时延",
      "利用NUMA亲和、多线程并行及SIMD指令集深度优化CPU推理性能",
      "实测在线推理并发量提升超8%，离线批量推理吞吐量提升显著",
      "未来将聚焦MoE模型的多机多卡异构调度与AF分离技术探索"
    ]
  },
  "artifacts": [
    "output/ai_session/part_05/final/10_part_digest/artifacts/part_digest.json"
  ],
  "metadata": {
    "part_index": 5,
    "title": "通算/智算大模型推理加速协同探索与实践",
    "type_tag": "异构推理优化",
    "tech_tags": 10,
    "domain_tags": 4
  },
  "trace_id": "6f1b4fec-c6e4-45af-9cd4-1e9fc28d7626",
  "duration_ms": 22135,
  "started_at": "2025-12-16T12:50:42.651809",
  "completed_at": "2025-12-16T04:51:04.790537",
  "step_config": {
    "model": "gemini-3-pro-preview",
    "temperature": 0.2,
    "prompt_file": "/Users/lichuan/Codes/TalkDistill/config/prompts/part_digest.md",
    "schema_file": "/Users/lichuan/Codes/TalkDistill/config/schemas/part_digest.json"
  },
  "dependencies": [
    "graph_gen"
  ]
}