{
  "address": "day2_main/part_05/final/04_part_downscale",
  "status": "completed",
  "input": {
    "source": "output/day2_main/part_05/final/03_part_cut/artifacts/part_high.mp4",
    "duration": 934.1100000000001,
    "original_fps": 49.97309368191721,
    "output_name": "part_low.mp4"
  },
  "output": {
    "path": "output/day2_main/part_05/final/04_part_downscale/artifacts/part_low.mp4",
    "duration": 934.1100000000001,
    "original_fps": 49.97309368191721,
    "target_fps": 8
  },
  "artifacts": [
    "output/day2_main/part_05/final/04_part_downscale/artifacts/part_low.mp4"
  ],
  "metadata": {
    "ffmpeg": "/opt/homebrew/bin/ffmpeg",
    "target_size_mb": 25.0,
    "original_fps": 49.97309368191721,
    "target_fps": 8,
    "min_video_bitrate": 80000,
    "audio_bitrate": 32000,
    "scale_height": 720,
    "prefer_hwaccel": false,
    "size_bytes": 18487994
  },
  "trace_id": null,
  "duration_ms": 25914,
  "started_at": "2025-12-17T21:35:26.956371",
  "completed_at": "2025-12-17T13:35:52.873019",
  "step_config": {},
  "dependencies": [
    "part_cut"
  ]
}