{
  "address": "ScienceEducationInnovation/part_02/chunk_00/07_capture_frame/slide_028",
  "status": "completed",
  "input": {
    "video": "output/ScienceEducationInnovation/part_02/chunk_00/01_cut_chunk/artifacts/chunk_high.mp4",
    "timestamp": "00:14:51.980",
    "frame_id": "slide_028",
    "output_ext": ".png"
  },
  "output": "output/ScienceEducationInnovation/part_02/chunk_00/07_capture_frame/slide_028/artifacts/slide_028.png",
  "artifacts": [
    "output/ScienceEducationInnovation/part_02/chunk_00/07_capture_frame/slide_028/artifacts/slide_028.png"
  ],
  "metadata": {
    "timestamp": "00:14:51.980",
    "frame_id": "slide_028",
    "ffmpeg": "/opt/homebrew/bin/ffmpeg"
  },
  "trace_id": null,
  "duration_ms": 3310,
  "started_at": "2025-12-17T10:50:27.902184",
  "completed_at": "2025-12-17T02:50:31.214022",
  "step_config": {},
  "dependencies": [
    "slide_timeline"
  ]
}