{
  "address": "ai_session/part_07/chunk_00/09_apply_crop/slide_001",
  "status": "completed",
  "input": {
    "image_path": "output/ai_session/part_07/chunk_00/07_capture_frame/slide_001/artifacts/slide_001.png",
    "crop_region": {
      "x": 115,
      "y": 100,
      "width": 1690,
      "height": 785
    }
  },
  "output": "output/ai_session/part_07/chunk_00/09_apply_crop/slide_001/artifacts/slide_001.png",
  "artifacts": [
    "output/ai_session/part_07/chunk_00/09_apply_crop/slide_001/artifacts/slide_001.png"
  ],
  "metadata": {
    "source": "output/ai_session/part_07/chunk_00/07_capture_frame/slide_001/artifacts/slide_001.png",
    "applied": true,
    "crop_region": {
      "x": 115,
      "y": 100,
      "width": 1690,
      "height": 785
    },
    "size": {
      "width": 1690,
      "height": 785
    }
  },
  "trace_id": null,
  "duration_ms": 103,
  "started_at": "2025-12-16T00:31:41.596237",
  "completed_at": "2025-12-15T16:31:41.700621",
  "step_config": {},
  "dependencies": [
    "capture_frame",
    "crop_decision"
  ]
}