{
  "address": "ai_session/part_05/chunk_00/09_apply_crop/slide_007",
  "status": "completed",
  "input": {
    "image_path": "output/ai_session/part_05/chunk_00/07_capture_frame/slide_007/artifacts/slide_007.png",
    "crop_region": {
      "x": 195,
      "y": 110,
      "width": 1084,
      "height": 609
    }
  },
  "output": "output/ai_session/part_05/chunk_00/09_apply_crop/slide_007/artifacts/slide_007.png",
  "artifacts": [
    "output/ai_session/part_05/chunk_00/09_apply_crop/slide_007/artifacts/slide_007.png"
  ],
  "metadata": {
    "source": "output/ai_session/part_05/chunk_00/07_capture_frame/slide_007/artifacts/slide_007.png",
    "applied": true,
    "crop_region": {
      "x": 195,
      "y": 110,
      "width": 1084,
      "height": 609
    },
    "size": {
      "width": 1084,
      "height": 609
    }
  },
  "trace_id": null,
  "duration_ms": 80,
  "started_at": "2025-12-15T18:13:40.454714",
  "completed_at": "2025-12-15T10:13:40.536222",
  "step_config": {},
  "dependencies": [
    "capture_frame",
    "crop_decision"
  ]
}