{
  "address": "ai_session/part_05/chunk_00/07_capture_frame/slide_002",
  "status": "completed",
  "input": {
    "video": "output/ai_session/part_05/chunk_00/02_downscale/artifacts/chunk_low.mp4",
    "timestamp": "00:00:18.400",
    "frame_id": "slide_002",
    "output_ext": ".png"
  },
  "output": "output/ai_session/part_05/chunk_00/07_capture_frame/slide_002/artifacts/slide_002.png",
  "artifacts": [
    "output/ai_session/part_05/chunk_00/07_capture_frame/slide_002/artifacts/slide_002.png"
  ],
  "metadata": {
    "timestamp": "00:00:18.400",
    "frame_id": "slide_002",
    "ffmpeg": "/opt/homebrew/bin/ffmpeg"
  },
  "trace_id": null,
  "duration_ms": 399,
  "started_at": "2025-12-15T18:06:24.796386",
  "completed_at": "2025-12-15T10:06:25.197725",
  "step_config": {},
  "dependencies": [
    "slide_timeline"
  ]
}