{
  "address": "ai_session/part_02/final/10_part_digest",
  "status": "completed",
  "input": {
    "part_index": 2,
    "part_start_s": 2028.76,
    "part_duration_s": 1501.16,
    "sections": [
      {
        "id": "sec_1",
        "index": 0,
        "title": "开场与自我介绍",
        "time_range": "00:00:00,870 - 00:01:52,205",
        "summary": "主持人介绍讲者黄俊及其分享主题《沙上聚塔：基于LLM的核心系统软件栈智能调优探索》。随后，黄俊进行自我介绍，阐述了本次分享的目标，即探索如何利用大模型技术在信创领域的核心系统中弥补性能差距。他详细介绍了自己的职业背景，包括在招商证券担任核心系统架构师、参与 openEuler 社区、荣获云原生MVP以及在全栈开发和DevOps方面的丰富经验。",
        "start_ms": 870,
        "end_ms": 112205,
        "material_ids": [
          "chunk_00/slide_001",
          "chunk_00/slide_002"
        ]
      },
      {
        "id": "sec_2",
        "index": 1,
        "title": "全面架构升级的痛点与挑战",
        "time_range": "00:01:54,410 - 00:06:54,970",
        "summary": "本节探讨了国产化替代（信创）过程中面临的挑战。首先，硬件层面差距较大，而软件层面已初步形成开源与商业的闭环。其次，组织架构上开发与运维的分离导致了系统调优职责的缺失。最后，虽然大模型技术为解决调优问题提供了新机遇，但其自身的“幻觉”问题（如逻辑错误和内容重复）也带来了新的不确定性。",
        "start_ms": 114410,
        "end_ms": 414970,
        "material_ids": [
          "chunk_00/slide_003",
          "chunk_00/slide_004",
          "chunk_00/slide_005",
          "chunk_00/slide_006"
        ]
      },
      {
        "id": "sec_3",
        "index": 2,
        "title": "大模型技术发展带来的新机遇",
        "time_range": "00:06:55,270 - 00:15:08,586",
        "summary": "讲者首先对比了传统贝叶斯优化与大模型调优方案，指出大模型在负载感知、参数自动识别和调优效率上具备显著优势。接着，他详细介绍了RAG、模型微调、蒸馏等关键技术，并提出一个多模型协作架构，旨在利用通用大模型路由任务至专业的领域小模型，以实现更高效、智能的全栈系统调优。",
        "start_ms": 415270,
        "end_ms": 908586,
        "material_ids": [
          "chunk_00/slide_007",
          "chunk_00/slide_008",
          "chunk_00/slide_009",
          "chunk_00/slide_010",
          "chunk_00/slide_011",
          "chunk_00/slide_012",
          "chunk_00/slide_013"
        ]
      },
      {
        "id": "sec_4",
        "index": 3,
        "title": "软件栈智能调优方案与创新点",
        "time_range": "00:15:58,850 - 00:17:42,355",
        "summary": "该方案规划了一个基于RAG的资产库，涵盖操作系统、数据库、MQ、Redis、JDK等核心技术资产，旨在赋能研发团队在早期阶段介入调优。初步实践展示了显著效果，例如接入网关性能提升13.6%，期权系统相比基线也有明显改善。尽管通过调优可以弥补与X86平台的性能差距，但部分接口仍有待提升。",
        "start_ms": 958850,
        "end_ms": 1062355,
        "material_ids": [
          "chunk_00/slide_014",
          "chunk_00/slide_015",
          "chunk_00/slide_016",
          "chunk_00/slide_017",
          "chunk_00/slide_018",
          "chunk_00/slide_019",
          "chunk_00/slide_020",
          "chunk_00/slide_021"
        ]
      },
      {
        "id": "sec_5",
        "index": 4,
        "title": "创新技术生态建议与共建",
        "time_range": "00:17:45,720 - 00:21:04,915",
        "summary": "讲者分享了下一阶段的研究计划，包括持续调优专有模型、提升平台易用性，并呼吁同行共建技术生态。他重点探讨了一种云端训练与企业端推理相结合的模式，旨在通过数据脱敏等方式，在保障企业信息安全的同时，解决中小企业模型训练成本高昂的难题。",
        "start_ms": 1065720,
        "end_ms": 1264915,
        "material_ids": [
          "chunk_00/slide_022",
          "chunk_00/slide_023",
          "chunk_00/slide_024"
        ]
      },
      {
        "id": "sec_6",
        "index": 5,
        "title": "问答与结束",
        "time_range": "00:21:08,890 - 00:25:00,680",
        "summary": "讲者结束了本次分享并感谢听众。随后，他主动提出想要回答之前看到的一个具体问题，并请求主持人帮助返回到相关的幻灯片页面，正式进入问答环节。",
        "start_ms": 1268890,
        "end_ms": 1500680,
        "material_ids": [
          "chunk_00/slide_025",
          "chunk_00/slide_026"
        ]
      }
    ],
    "materials": [
      {
        "id": "chunk_00/slide_001",
        "type": "slide",
        "title": "沙上聚塔：基于LLM的核心系统软件栈智能调优探索 Speaker: 黄俊 (招商证券核心系统架构师)",
        "start_ms": 0,
        "end_ms": 23000,
        "best_capture_ms": null
      },
      {
        "id": "chunk_00/slide_002",
        "type": "slide",
        "title": "自我介绍 Content: 黄俊，招商证券核心系统架构师，openEuler社区AI联合工作组成员，年度云原生MVP。",
        "start_ms": 23500,
        "end_ms": 113000,
        "best_capture_ms": null
      },
      {
        "id": "chunk_00/slide_003",
        "type": "slide",
        "title": "目录 Content: 01 全面架构升级的痛点与挑战",
        "start_ms": 113500,
        "end_ms": 151000,
        "best_capture_ms": null
      },
      {
        "id": "chunk_00/slide_004",
        "type": "slide",
        "title": "1.1 核心系统全面改造背景下，系统运行不确定性大幅增加 Content: 基础软硬件（CPU、网络、存储、操作系统、JDK、数据库）替换时面临的挑战。",
        "start_ms": 151500,
        "end_ms": 282000,
        "best_capture_ms": null
      },
      {
        "id": "chunk_00/slide_005",
        "type": "slide",
        "title": "1.2 全面架构升级背景下研发资源空洞问题 Content: 传统研发运维分工的断点，基础软件差距（慢+快+性价比）。",
        "start_ms": 282500,
        "end_ms": 341000,
        "best_capture_ms": null
      },
      {
        "id": "chunk_00/slide_006",
        "type": "slide",
        "title": "1.3 大模型技术方兴未艾，但现阶段幻觉问题不能盲目挂载业务 Content: 模型幻觉——隐蔽的不确定性炸弹。",
        "start_ms": 341500,
        "end_ms": 410000,
        "best_capture_ms": null
      },
      {
        "id": "chunk_00/slide_007",
        "type": "slide",
        "title": "目录 Content: 02 大模型技术发展带来的新机遇",
        "start_ms": 410500,
        "end_ms": 421000,
        "best_capture_ms": null
      },
      {
        "id": "chunk_00/slide_008",
        "type": "slide",
        "title": "2.1 基于贝叶斯模型的参数调优技术 Content: 收集特征 -> 选择调优参数 -> 训练代理模型 -> 生成推荐参数配置 -> 运行负载获取反馈。",
        "start_ms": 421500,
        "end_ms": 519000,
        "best_capture_ms": null
      },
      {
        "id": "chunk_00/slide_009",
        "type": "slide",
        "title": "2.2 LLM综合智能调优方案相较贝叶斯调优的优势 Content: 对比负载感知维度、参数识别范围、调优效率、可解释性。",
        "start_ms": 519500,
        "end_ms": 658000,
        "best_capture_ms": null
      },
      {
        "id": "chunk_00/slide_010",
        "type": "slide",
        "title": "2.3 RAG技术优劣势分析 Content: 技术优势（成本低、私有数据、可解释） vs 技术劣势（推理能力弱、上下文限制、检索精度）。",
        "start_ms": 658500,
        "end_ms": 724000,
        "best_capture_ms": null
      },
      {
        "id": "chunk_00/slide_011",
        "type": "slide",
        "title": "2.4 模型微调技术架构模型微调生命力 Content: 提升领域适应性，加速模型迭代（Adapter, Prefix Tuning, LoRA等）。",
        "start_ms": 724500,
        "end_ms": 783000,
        "best_capture_ms": null
      },
      {
        "id": "chunk_00/slide_012",
        "type": "slide",
        "title": "2.5 模型蒸馏技术在中小模型部署运用探索 Content: 降低部署成本，提升应用灵活性（Teacher Model -> Student Model）。",
        "start_ms": 783500,
        "end_ms": 839000,
        "best_capture_ms": null
      },
      {
        "id": "chunk_00/slide_013",
        "type": "slide",
        "title": "2.6 博采众长，MCP技术带来的创新落地可能性 Content: 技术融合器，MCP架构（MCP Clients, MCP Server）。",
        "start_ms": 840500,
        "end_ms": 895000,
        "best_capture_ms": null
      },
      {
        "id": "chunk_00/slide_014",
        "type": "slide",
        "title": "目录 Content: 03 软件栈智能调优方案与创新点",
        "start_ms": 895500,
        "end_ms": 902000,
        "best_capture_ms": null
      },
      {
        "id": "chunk_00/slide_015",
        "type": "slide",
        "title": "3.1 智能调优自验证闭环解决大模型不确定性影响 Content: 智能调优自动验证闭环流程图。",
        "start_ms": 902500,
        "end_ms": 913000,
        "best_capture_ms": null
      },
      {
        "id": "chunk_00/slide_016",
        "type": "slide",
        "title": "3.2 基于通用大模型的多级架构方案构想 Content: 通用大模型 -> 上下文理解与路由 -> 领域模型/Agent。",
        "start_ms": 913500,
        "end_ms": 933000,
        "best_capture_ms": null
      },
      {
        "id": "chunk_00/slide_017",
        "type": "slide",
        "title": "3.4 核心交通运维平台SEE集成 openEuler intelligence Content: 集成后效果展示，平台具备较精准专业的性能问题诊断能力。",
        "start_ms": 933500,
        "end_ms": 958000,
        "best_capture_ms": null
      },
      {
        "id": "chunk_00/slide_018",
        "type": "slide",
        "title": "3.5 RAG原始知识库展示 Content: 核心系统运维知识库、OceanBase资产列表等。",
        "start_ms": 958500,
        "end_ms": 979000,
        "best_capture_ms": null
      },
      {
        "id": "chunk_00/slide_019",
        "type": "slide",
        "title": "3.6 智能调优方案初步实验验证数据赋能 Content: 已在恒生电子相关方案中验证，具备较精准专业的性能问题诊断能力。",
        "start_ms": 979500,
        "end_ms": 1004000,
        "best_capture_ms": null
      },
      {
        "id": "chunk_00/slide_020",
        "type": "slide",
        "title": "3.7 IAR网关接入开源调优效果 Content: copilot调优对比，吞吐量提升13.6%。",
        "start_ms": 1004500,
        "end_ms": 1020000,
        "best_capture_ms": null
      },
      {
        "id": "chunk_00/slide_021",
        "type": "slide",
        "title": "3.8 期权原子系统调优效果对比数据 Content: 调优前后吞吐量对比数据展示。",
        "start_ms": 1020500,
        "end_ms": 1063000,
        "best_capture_ms": null
      },
      {
        "id": "chunk_00/slide_022",
        "type": "slide",
        "title": "目录 Content: 04 创新技术生态建议",
        "start_ms": 1063500,
        "end_ms": 1067000,
        "best_capture_ms": null
      },
      {
        "id": "chunk_00/slide_023",
        "type": "slide",
        "title": "4.1 后续计划 Content: 完成公司专有领域模型微调，完善平台产品易用性，探索持续在线学习方案等。",
        "start_ms": 1067500,
        "end_ms": 1130000,
        "best_capture_ms": null
      },
      {
        "id": "chunk_00/slide_024",
        "type": "slide",
        "title": "4.2 生态共建：独行快，众行远 Content: 呼吁行业共建，解决数据安全与模型训练的矛盾。",
        "start_ms": 1130500,
        "end_ms": 1268000,
        "best_capture_ms": null
      },
      {
        "id": "chunk_00/slide_025",
        "type": "slide",
        "title": "感谢聆听！ Content: CMS 招商证券",
        "start_ms": 1268500,
        "end_ms": 1280000,
        "best_capture_ms": null
      },
      {
        "id": "chunk_00/slide_026",
        "type": "slide",
        "title": "AI分论坛 Content: 开放原子开源基金会 | openEuler",
        "start_ms": 1280500,
        "end_ms": 1290000,
        "best_capture_ms": null
      }
    ],
    "graph": {
      "nodes": [
        {
          "id": "p1",
          "label": "架构升级的挑战",
          "category": "Pillar",
          "references": {
            "section_ids": [
              "sec_2"
            ],
            "material_ids": [
              "chunk_00/slide_003",
              "chunk_00/slide_004",
              "chunk_00/slide_005",
              "chunk_00/slide_006"
            ],
            "highlight": {
              "primary_material_id": "chunk_00/slide_003",
              "primary_time_ts": "00:01:53,500",
              "primary_time_ms": 113500
            }
          },
          "parent": null,
          "summary": "在国产化替代（信创）背景下，核心系统改造面临三大挑战：基础软硬件差距带来的不确定性、研发与运维分工断点导致的组织资源空洞，以及大模型技术现阶段存在的“幻觉”问题。"
        },
        {
          "id": "d1_1",
          "label": "基础软硬件差距",
          "category": "Problem",
          "references": {
            "section_ids": [
              "sec_2"
            ],
            "material_ids": [
              "chunk_00/slide_004"
            ],
            "highlight": {
              "primary_material_id": "chunk_00/slide_004",
              "primary_time_ts": "00:02:31,500",
              "primary_time_ms": 151500
            }
          },
          "parent": "p1",
          "summary": "硬件层面（CPU、网卡等）与国外差距显著，依赖底层工艺突破。软件层面（操作系统、JDK）差距较小，已初步形成“开源+商业”闭环，但数据库在集中式场景下仍有欠缺。"
        },
        {
          "id": "d1_2",
          "label": "组织架构挑战：调优职责缺失",
          "category": "Problem",
          "references": {
            "section_ids": [
              "sec_2"
            ],
            "material_ids": [
              "chunk_00/slide_005"
            ],
            "highlight": {
              "primary_material_id": "chunk_00/slide_005",
              "primary_time_ts": "00:04:42,500",
              "primary_time_ms": 282500
            }
          },
          "parent": "p1",
          "summary": "传统企业中开发与运维团队职责分离，导致在信创替代过程中，系统性能调优成为一个无人负责的中间地带，阻碍技术从“可用”向“好用”演进。"
        },
        {
          "id": "d1_3",
          "label": "大模型的“幻觉”问题",
          "category": "Problem",
          "references": {
            "section_ids": [
              "sec_2"
            ],
            "material_ids": [
              "chunk_00/slide_006"
            ],
            "highlight": {
              "primary_material_id": "chunk_00/slide_006",
              "primary_time_ts": "00:05:41,500",
              "primary_time_ms": 341500
            }
          },
          "parent": "p1",
          "summary": "大模型作为新技术自身存在不确定性，特别是“幻觉”问题，如逻辑关系谬误和内容重复，对方案的准确性和可靠性构成挑战。"
        },
        {
          "id": "p2",
          "label": "大模型带来的机遇",
          "category": "Pillar",
          "references": {
            "section_ids": [
              "sec_3",
              "sec_2"
            ],
            "material_ids": [
              "chunk_00/slide_007",
              "chunk_00/slide_008",
              "chunk_00/slide_009",
              "chunk_00/slide_010",
              "chunk_00/slide_011",
              "chunk_00/slide_012",
              "chunk_00/slide_013"
            ],
            "highlight": {
              "primary_material_id": "chunk_00/slide_007",
              "primary_time_ts": "00:06:50,500",
              "primary_time_ms": 410500
            }
          },
          "parent": null,
          "summary": "大模型技术为系统调优提供了新机遇。相较于传统贝叶斯优化，LLM在负载感知、参数自动识别和效率上优势显著。其实现依赖RAG、模型微调、蒸馏和MCP等多项关键技术。"
        },
        {
          "id": "d2_1",
          "label": "LLM调优方案优势",
          "category": "Concept",
          "references": {
            "section_ids": [
              "sec_3"
            ],
            "material_ids": [
              "chunk_00/slide_008",
              "chunk_00/slide_009"
            ],
            "highlight": {
              "primary_material_id": "chunk_00/slide_009",
              "primary_time_ts": "00:08:39,500",
              "primary_time_ms": 519500
            }
          },
          "parent": "p2",
          "summary": "与传统的贝叶斯优化方案相比，基于大模型的调优方案在负载感知、参数自动识别、调优范围和调优效率上均表现出显著优势，能够应对全栈环境下海量的参数，并将调优周期从周缩短至天。"
        },
        {
          "id": "d2_2",
          "label": "核心技术: RAG",
          "category": "Technology",
          "references": {
            "section_ids": [
              "sec_3"
            ],
            "material_ids": [
              "chunk_00/slide_010"
            ],
            "highlight": {
              "primary_material_id": "chunk_00/slide_010",
              "primary_time_ts": "00:10:58,500",
              "primary_time_ms": 658500
            }
          },
          "parent": "p2",
          "summary": "检索增强生成（RAG）技术通过外挂知识库解决大模型的幻觉问题，提升回答准确性。其优势在于技术成熟、成本低、保障私有数据安全，但难以处理复杂的跨领域推理。"
        },
        {
          "id": "d2_3",
          "label": "核心技术: 模型微调",
          "category": "Technology",
          "references": {
            "section_ids": [
              "sec_3"
            ],
            "material_ids": [
              "chunk_00/slide_011"
            ],
            "highlight": {
              "primary_material_id": "chunk_00/slide_011",
              "primary_time_ts": "00:12:04,500",
              "primary_time_ms": 724500
            }
          },
          "parent": "p2",
          "summary": "模型微调（Fine-tuning）旨在通过在特定任务数据上训练模型，将专业知识沉淀其中，使其具备特定领域的专业化能力，从而产生真正的业务价值。"
        },
        {
          "id": "d2_4",
          "label": "核心技术: 模型蒸馏",
          "category": "Technology",
          "references": {
            "section_ids": [
              "sec_3"
            ],
            "material_ids": [
              "chunk_00/slide_012"
            ],
            "highlight": {
              "primary_material_id": "chunk_00/slide_012",
              "primary_time_ts": "00:13:03,500",
              "primary_time_ms": 783500
            }
          },
          "parent": "p2",
          "summary": "模型蒸馏（Distillation）通过将通用大模型的能力迁移到更小的模型上，显著降低部署成本，从而极大地扩展模型的应用数量和场景。"
        },
        {
          "id": "d2_5",
          "label": "核心技术: MCP",
          "category": "Technology",
          "references": {
            "section_ids": [
              "sec_3"
            ],
            "material_ids": [
              "chunk_00/slide_013"
            ],
            "highlight": {
              "primary_material_id": "chunk_00/slide_013",
              "primary_time_ts": "00:14:00,500",
              "primary_time_ms": 840500
            }
          },
          "parent": "p2",
          "summary": "多模型协作（MCP）是一种融合性技术，旨在帮助大模型融入现有的专业领域能力和工具集，将它们整合成一个协同工作的整体方案。"
        },
        {
          "id": "p3",
          "label": "智能调优方案与实践",
          "category": "Pillar",
          "references": {
            "section_ids": [
              "sec_3",
              "sec_4"
            ],
            "material_ids": [
              "chunk_00/slide_014",
              "chunk_00/slide_015",
              "chunk_00/slide_016",
              "chunk_00/slide_017",
              "chunk_00/slide_018",
              "chunk_00/slide_019",
              "chunk_00/slide_020",
              "chunk_00/slide_021"
            ],
            "highlight": {
              "primary_material_id": "chunk_00/slide_014",
              "primary_time_ts": "00:14:55,500",
              "primary_time_ms": 895500
            }
          },
          "parent": null,
          "summary": "提出了一个基于多模型协作的智能调优方案。该方案通过构建RAG资产库，并采用“通用大模型路由+领域小模型决策”的架构，赋能研发团队。初步实践在接入网关和期权系统上取得了显著的性能提升。"
        },
        {
          "id": "d3_1",
          "label": "多模型协作架构 (AITune)",
          "category": "Concept",
          "references": {
            "section_ids": [
              "sec_3"
            ],
            "material_ids": [
              "chunk_00/slide_016",
              "chunk_00/slide_017"
            ],
            "highlight": {
              "primary_material_id": "chunk_00/slide_016",
              "primary_time_ts": "00:15:13,500",
              "primary_time_ms": 913500
            }
          },
          "parent": "p3",
          "summary": "构想了一套名为AITune的多模型协作架构。上层由通用大模型负责任务路由和简单问答，下层由多个专业的领域小模型（如OS调优模型）负责执行具体的调优任务，实现优势互补。"
        },
        {
          "id": "d3_2",
          "label": "RAG资产库规划",
          "category": "Concept",
          "references": {
            "section_ids": [
              "sec_4"
            ],
            "material_ids": [
              "chunk_00/slide_018"
            ],
            "highlight": {
              "primary_material_id": "chunk_00/slide_018",
              "primary_time_ts": "00:15:58,500",
              "primary_time_ms": 958500
            }
          },
          "parent": "p3",
          "summary": "规划构建一个基于RAG的资产库，整合操作系统、数据库、中间件等核心技术资产，为智能调优提供知识支持，并赋能研发团队在开发早期介入性能调优。"
        },
        {
          "id": "d3_3",
          "label": "初步调优效果",
          "category": "Result",
          "references": {
            "section_ids": [
              "sec_4"
            ],
            "material_ids": [
              "chunk_00/slide_020",
              "chunk_00/slide_021"
            ],
            "highlight": {
              "primary_material_id": "chunk_00/slide_020",
              "primary_time_ts": "00:16:44,500",
              "primary_time_ms": 1004500
            }
          },
          "parent": "p3",
          "summary": "初步实践展示了显著效果：接入网关性能提升13.6%，期权系统性能相较基线有明显改善。证明通过精细化调优可以有效弥补与X86平台的性能差距。"
        },
        {
          "id": "p4",
          "label": "生态共建与展望",
          "category": "Pillar",
          "references": {
            "section_ids": [
              "sec_5"
            ],
            "material_ids": [
              "chunk_00/slide_022",
              "chunk_00/slide_023",
              "chunk_00/slide_024"
            ],
            "highlight": {
              "primary_material_id": "chunk_00/slide_022",
              "primary_time_ts": "00:17:43,500",
              "primary_time_ms": 1063500
            }
          },
          "parent": null,
          "summary": "展望未来，计划持续优化专有模型、提升平台易用性，并探索持续在线学习。同时，提出“云端训练、本地推理”的创新模式以解决中小企业成本与数据安全问题，并呼吁业界同仁协同合作，共建技术生态。"
        },
        {
          "id": "d4_1",
          "label": "下一阶段研究计划",
          "category": "Concept",
          "references": {
            "section_ids": [
              "sec_5"
            ],
            "material_ids": [
              "chunk_00/slide_023"
            ],
            "highlight": {
              "primary_material_id": "chunk_00/slide_023",
              "primary_time_ts": "00:17:47,500",
              "primary_time_ms": 1067500
            }
          },
          "parent": "p4",
          "summary": "下一阶段计划包括：持续优化专有领域模型、与华为联创提升平台易用性、探索持续在线学习以解决模型幻觉问题，以及探索云端训练与本地推理的混合模式。"
        },
        {
          "id": "d4_2",
          "label": "云端训练与本地推理模式",
          "category": "Concept",
          "references": {
            "section_ids": [
              "sec_5"
            ],
            "material_ids": [
              "chunk_00/slide_024"
            ],
            "highlight": {
              "primary_material_id": "chunk_00/slide_024",
              "primary_time_ts": "00:18:50,500",
              "primary_time_ms": 1130500
            }
          },
          "parent": "p4",
          "summary": "提出一种创新的混合模式，由云端平台负责计算密集的训练任务，企业端负责推理应用。通过数据脱敏、专有算力池等技术，旨在解决中小企业模型训练成本高昂和数据安全之间的矛盾。"
        },
        {
          "id": "d4_3",
          "label": "生态共建呼吁",
          "category": "Concept",
          "references": {
            "section_ids": [
              "sec_5"
            ],
            "material_ids": [
              "chunk_00/slide_024"
            ],
            "highlight": {
              "primary_material_id": "chunk_00/slide_024",
              "primary_time_ts": "00:18:50,500",
              "primary_time_ms": 1130500
            }
          },
          "parent": "p4",
          "summary": "由于国产基础软硬件平台与国外存在差距，呼吁业界同仁协同合作，共同使用和打磨国产化平台，通过广泛应用加速产品成熟，共建繁荣的技术生态。"
        }
      ],
      "edges": [
        {
          "source": "p1",
          "target": "p2",
          "relation_type": "causal",
          "label": "催生机遇"
        },
        {
          "source": "p2",
          "target": "p3",
          "relation_type": "sequential",
          "label": "指导方案设计"
        },
        {
          "source": "p3",
          "target": "p4",
          "relation_type": "sequential",
          "label": "引出未来展望"
        },
        {
          "source": "d1_1",
          "target": "d1_2",
          "relation_type": "parallel",
          "label": "并列挑战"
        },
        {
          "source": "d1_2",
          "target": "d1_3",
          "relation_type": "parallel",
          "label": "并列挑战"
        },
        {
          "source": "d2_2",
          "target": "d2_3",
          "relation_type": "parallel",
          "label": "核心技术"
        },
        {
          "source": "d2_3",
          "target": "d2_4",
          "relation_type": "parallel",
          "label": "核心技术"
        },
        {
          "source": "d2_4",
          "target": "d2_5",
          "relation_type": "parallel",
          "label": "核心技术"
        },
        {
          "source": "d3_1",
          "target": "d3_2",
          "relation_type": "parallel",
          "label": "方案组件"
        },
        {
          "source": "d3_1",
          "target": "d3_3",
          "relation_type": "causal",
          "label": "产出"
        },
        {
          "source": "d4_1",
          "target": "d4_2",
          "relation_type": "parallel",
          "label": "并列计划"
        },
        {
          "source": "d4_2",
          "target": "d4_3",
          "relation_type": "parallel",
          "label": "并列计划"
        }
      ]
    }
  },
  "output": {
    "part_index": 2,
    "title": "信创背景下基于LLM的核心系统全栈智能调优实践",
    "type_tag": "智能运维实践",
    "tech_tags": [
      "LLM",
      "RAG",
      "模型微调",
      "模型蒸馏",
      "贝叶斯优化",
      "MCP",
      "openEuler",
      "AITune",
      "全栈调优"
    ],
    "domain_tags": [
      "金融科技",
      "信创",
      "AIOps",
      "核心系统",
      "DevOps"
    ],
    "summary": "针对信创背景下基础软硬件差距与运维职责断点带来的挑战，分享了招商证券利用大模型进行核心系统全栈智能调优的实践。方案对比了传统贝叶斯优化，提出了基于RAG、模型微调与多模型协作（MCP）的智能架构，通过“通用大模型路由+领域小模型决策”机制解决幻觉问题。实测显示接入网关吞吐量提升13.6%，有效弥补了性能差距，并提出了“云端训练+本地推理”的生态共建构想。",
    "highlights": [
      "分析信创替代中软硬件性能差距与研发运维分工断点的双重挑战",
      "对比贝叶斯优化，阐述LLM在负载感知与参数自动识别上的优势",
      "提出基于RAG与MCP的多模型协作架构，实现通用与领域模型互补",
      "构建涵盖OS、数据库及中间件的全栈调优资产库以赋能研发",
      "实测接入网关吞吐量提升13.6%，验证了智能调优的落地效果",
      "探讨云端训练与企业端推理结合模式，平衡成本与数据安全"
    ]
  },
  "artifacts": [
    "output/ai_session/part_02/final/10_part_digest/artifacts/part_digest.json"
  ],
  "metadata": {
    "part_index": 2,
    "title": "信创背景下基于LLM的核心系统全栈智能调优实践",
    "type_tag": "智能运维实践",
    "tech_tags": 9,
    "domain_tags": 5
  },
  "trace_id": "66fd6ced-d0de-4e50-898b-fd64b2a8b6b4",
  "duration_ms": 24331,
  "started_at": "2025-12-16T12:49:37.252931",
  "completed_at": "2025-12-16T04:50:01.588001",
  "step_config": {
    "model": "gemini-3-pro-preview",
    "temperature": 0.2,
    "prompt_file": "/Users/lichuan/Codes/TalkDistill/config/prompts/part_digest.md",
    "schema_file": "/Users/lichuan/Codes/TalkDistill/config/schemas/part_digest.json"
  },
  "dependencies": [
    "graph_gen"
  ]
}