{
  "address": "ScienceEducationInnovation/part_02/chunk_00/07_capture_frame/slide_030",
  "status": "completed",
  "input": {
    "video": "output/ScienceEducationInnovation/part_02/chunk_00/01_cut_chunk/artifacts/chunk_high.mp4",
    "timestamp": "00:15:15.980",
    "frame_id": "slide_030",
    "output_ext": ".png"
  },
  "output": "output/ScienceEducationInnovation/part_02/chunk_00/07_capture_frame/slide_030/artifacts/slide_030.png",
  "artifacts": [
    "output/ScienceEducationInnovation/part_02/chunk_00/07_capture_frame/slide_030/artifacts/slide_030.png"
  ],
  "metadata": {
    "timestamp": "00:15:15.980",
    "frame_id": "slide_030",
    "ffmpeg": "/opt/homebrew/bin/ffmpeg"
  },
  "trace_id": null,
  "duration_ms": 3489,
  "started_at": "2025-12-17T10:50:27.902233",
  "completed_at": "2025-12-17T02:50:31.393645",
  "step_config": {},
  "dependencies": [
    "slide_timeline"
  ]
}