{
  "address": "ai_session/part_09/chunk_00/07_capture_frame/slide_001",
  "status": "completed",
  "input": {
    "video": "output/ai_session/part_09/chunk_00/01_cut_chunk/artifacts/chunk_high.mp4",
    "timestamp": "00:00:01.900",
    "frame_id": "slide_001",
    "output_ext": ".png"
  },
  "output": "output/ai_session/part_09/chunk_00/07_capture_frame/slide_001/artifacts/slide_001.png",
  "artifacts": [
    "output/ai_session/part_09/chunk_00/07_capture_frame/slide_001/artifacts/slide_001.png"
  ],
  "metadata": {
    "timestamp": "00:00:01.900",
    "frame_id": "slide_001",
    "ffmpeg": "/opt/homebrew/bin/ffmpeg"
  },
  "trace_id": null,
  "duration_ms": 234,
  "started_at": "2025-12-16T01:03:37.761862",
  "completed_at": "2025-12-15T17:03:37.996982",
  "step_config": {},
  "dependencies": [
    "slide_timeline"
  ]
}