{
  "address": "ScienceEducationInnovation/part_02/chunk_00/07_capture_frame/slide_005",
  "status": "completed",
  "input": {
    "video": "output/ScienceEducationInnovation/part_02/chunk_00/01_cut_chunk/artifacts/chunk_high.mp4",
    "timestamp": "00:03:04.980",
    "frame_id": "slide_005",
    "output_ext": ".png"
  },
  "output": "output/ScienceEducationInnovation/part_02/chunk_00/07_capture_frame/slide_005/artifacts/slide_005.png",
  "artifacts": [
    "output/ScienceEducationInnovation/part_02/chunk_00/07_capture_frame/slide_005/artifacts/slide_005.png"
  ],
  "metadata": {
    "timestamp": "00:03:04.980",
    "frame_id": "slide_005",
    "ffmpeg": "/opt/homebrew/bin/ffmpeg"
  },
  "trace_id": null,
  "duration_ms": 1037,
  "started_at": "2025-12-17T10:50:27.899641",
  "completed_at": "2025-12-17T02:50:28.938549",
  "step_config": {},
  "dependencies": [
    "slide_timeline"
  ]
}