{
  "address": "ai_session/part_00/chunk_00/03_srt_slice",
  "status": "completed",
  "input": {
    "global_srt": "output/ai_session/part_-01/chunk_-01/00_global_funasr/artifacts/global.srt",
    "start_ms": 490.0,
    "end_ms": 1202359.0,
    "output_name": "chunk_baseline.srt"
  },
  "output": [
    {
      "index": 1,
      "start": 0,
      "end": 0.24,
      "text": "好，"
    },
    {
      "index": 2,
      "start": 0.5,
      "end": 2.58,
      "text": "那个女士们先生们。"
    },
    {
      "index": 3,
      "start": 2.88,
      "end": 3.12,
      "text": "嗯，"
    },
    {
      "index": 4,
      "start": 3.18,
      "end": 4.08,
      "text": "大家下午好。"
    },
    {
      "index": 5,
      "start": 4.4,
      "end": 15.819999999999999,
      "text": "欢迎大家来到操作系统峰会及二嗯 oppo ono 萨米的二零二五那个 AI 分论坛的现场啊呃论坛我们现在开开始。"
    },
    {
      "index": 6,
      "start": 16.44,
      "end": 16.68,
      "text": "呃，"
    },
    {
      "index": 7,
      "start": 17.34,
      "end": 20.34,
      "text": "然后呢就是请允许我介绍一下我自己啊，"
    },
    {
      "index": 8,
      "start": 20.34,
      "end": 26.28,
      "text": "我是来自于那个 oppo 拉社区的那个江呃 AI 方向的这个 c 个组的蛮泰朗都海，"
    },
    {
      "index": 9,
      "start": 26.28,
      "end": 26.98,
      "text": "我叫杜海田。"
    },
    {
      "index": 10,
      "start": 27.54,
      "end": 30.17,
      "text": "那么呃本次的话，"
    },
    {
      "index": 11,
      "start": 30.17,
      "end": 35.73,
      "text": "我是作为那个出品人以及那个呃呃以及这个主持人哈。"
    },
    {
      "index": 12,
      "start": 35.97,
      "end": 37.53,
      "text": "然后我先给大家介绍一下，"
    },
    {
      "index": 13,
      "start": 37.53,
      "end": 40.09,
      "text": "就是呃谈谈我自己对这块的一个想法法，"
    },
    {
      "index": 14,
      "start": 40.09,
      "end": 42.45,
      "text": "就是其 oppo OO 呢现在开源了六年，"
    },
    {
      "index": 15,
      "start": 42.75,
      "end": 44.31,
      "text": "经历了其实三个阶段吧，"
    },
    {
      "index": 16,
      "start": 44.31,
      "end": 45.57,
      "text": "第一个阶段是多样性，"
    },
    {
      "index": 17,
      "start": 45.99,
      "end": 47.55,
      "text": "第二个阶段呢就是前场景，"
    },
    {
      "index": 18,
      "start": 47.55,
      "end": 49.77,
      "text": "第三个是 AI 的这三个场景啊，"
    },
    {
      "index": 19,
      "start": 49.77,
      "end": 51.73,
      "text": "现在我们第三处处于第三个阶段。"
    },
    {
      "index": 20,
      "start": 52.13,
      "end": 61.0,
      "text": "么么从 oppo 呢二零二三年提出 OSFAI 或以及 AIOS 这个理念以来了一直围绕 AI 的软建站的生态推理，"
    },
    {
      "index": 21,
      "start": 61.0,
      "end": 62.54,
      "text": "加速训练的可用性，"
    },
    {
      "index": 22,
      "start": 62.88,
      "end": 63.96,
      "text": "整机资源利用率、"
    },
    {
      "index": 23,
      "start": 64.12,
      "end": 65.18,
      "text": "智能化呃，"
    },
    {
      "index": 24,
      "start": 65.18,
      "end": 66.84,
      "text": "几个方向构建能力。"
    },
    {
      "index": 25,
      "start": 67.02,
      "end": 69.12,
      "text": "目前已经有四个个组呃，"
    },
    {
      "index": 26,
      "start": 69.2,
      "end": 70.16,
      "text": "sisig AII、"
    },
    {
      "index": 27,
      "start": 70.16,
      "end": 71.14,
      "text": "sik intelligence、"
    },
    {
      "index": 28,
      "start": 71.26,
      "end": 72.04,
      "text": "ence signone，"
    },
    {
      "index": 29,
      "start": 72.36,
      "end": 74.66,
      "text": "还有那个 MCP tools，"
    },
    {
      "index": 30,
      "start": 74.66,
      "end": 76.46,
      "text": "ecosystem 是一个个组，"
    },
    {
      "index": 31,
      "start": 76.46,
      "end": 78.88,
      "text": "同时与个个 sideo station 是一个组以编编器。"
    },
    {
      "index": 32,
      "start": 78.88,
      "end": 81.26,
      "text": "这这个个组呢做好了比较好的协同，"
    },
    {
      "index": 33,
      "start": 81.62,
      "end": 91.55,
      "text": "然后都一起加入了这个这个呃我们也看到了那个今天上午的那个上面的那个呃 siintelligence boom 第第二个版本的来这个工作组里面去。"
    },
    {
      "index": 34,
      "start": 91.97,
      "end": 92.13,
      "text": "嗯，"
    },
    {
      "index": 35,
      "start": 92.13,
      "end": 94.23,
      "text": "我们在关注这个技术发展的同时呢，"
    },
    {
      "index": 36,
      "start": 94.23,
      "end": 96.35,
      "text": "也获得了各行各业的大力的支持啊，"
    },
    {
      "index": 37,
      "start": 96.35,
      "end": 99.19,
      "text": "也嗯也看到了有一些商业落地的一些实践。"
    },
    {
      "index": 38,
      "start": 99.61,
      "end": 99.85,
      "text": "呃，"
    },
    {
      "index": 39,
      "start": 99.87,
      "end": 100.29,
      "text": "在此呢，"
    },
    {
      "index": 40,
      "start": 100.29,
      "end": 105.61,
      "text": "我们就非常感谢关注 oppo RAI 发展的各位开发者及那个伙伴的到来哈。"
    },
    {
      "index": 41,
      "start": 105.97,
      "end": 110.51,
      "text": "下面请我们我们隆重的邀请我们第一个这个演讲嘉宾，"
    },
    {
      "index": 42,
      "start": 110.51,
      "end": 114.63,
      "text": "他是来自于深信服科技有限公司的研发主管。"
    },
    {
      "index": 43,
      "start": 115.29,
      "end": 115.53,
      "text": "呃，"
    },
    {
      "index": 44,
      "start": 115.83,
      "end": 122.5,
      "text": "深深圳华先生给我们带来基于 oppo AI 是组建一支 OS 开发团队的分享，"
    },
    {
      "index": 45,
      "start": 122.52,
      "end": 133.87,
      "text": "大家欢迎翻页翻页器有翻译器，"
    },
    {
      "index": 46,
      "start": 133.87,
      "end": 143.45,
      "text": "有这个是啊 ok 好，"
    },
    {
      "index": 47,
      "start": 143.81,
      "end": 144.39,
      "text": "各位来宾，"
    },
    {
      "index": 48,
      "start": 144.39,
      "end": 144.89,
      "text": "各位老师，"
    },
    {
      "index": 49,
      "start": 144.95,
      "end": 145.71,
      "text": "大家下午好。"
    },
    {
      "index": 50,
      "start": 145.95,
      "end": 149.29,
      "text": "非常荣幸能够有机会到这里跟大家分享一下啊，"
    },
    {
      "index": 51,
      "start": 149.29,
      "end": 155.85,
      "text": "我们团队在操作系统跟 AI 结合这个领域的一些关键的一些实践和一些阶段性的一个成果。"
    },
    {
      "index": 52,
      "start": 156.23,
      "end": 156.47,
      "text": "啊，"
    },
    {
      "index": 53,
      "start": 156.47,
      "end": 159.15,
      "text": "然后呃首先呢其实我们让我们回顾一下，"
    },
    {
      "index": 54,
      "start": 159.15,
      "end": 160.35,
      "text": "就是在二零二四年的时候，"
    },
    {
      "index": 55,
      "start": 160.35,
      "end": 164.01,
      "text": "可以可以称为是 AI 应用在 AA ent 的这个向向应用的。"
    },
    {
      "index": 56,
      "start": 164.01,
      "end": 166.45,
      "text": "如说我年的一个一个开始啊，"
    },
    {
      "index": 57,
      "start": 166.65,
      "end": 168.25,
      "text": "包括 MACP 协议的话，"
    },
    {
      "index": 58,
      "start": 168.25,
      "end": 170.49,
      "text": "其实给我们带来了非常多的一些改变。"
    },
    {
      "index": 59,
      "start": 170.61,
      "end": 174.0,
      "text": "比如说可以将一些多任务复杂性程度比较高的、"
    },
    {
      "index": 60,
      "start": 174.0,
      "end": 177.94,
      "text": "不确定性程度比较高的一些呃长链条的一些处理的任务，"
    },
    {
      "index": 61,
      "start": 178.06,
      "end": 180.76,
      "text": "给它拆解成不同的啊专家角色。"
    },
    {
      "index": 62,
      "start": 180.82,
      "end": 184.42,
      "text": "然后让让他们能够实现人机协同的方式帮我们完成工作。"
    },
    {
      "index": 63,
      "start": 184.78,
      "end": 184.98,
      "text": "啊，"
    },
    {
      "index": 64,
      "start": 184.98,
      "end": 186.22,
      "text": "那么在这个背景之下呢，"
    },
    {
      "index": 65,
      "start": 186.22,
      "end": 189.8,
      "text": "那个 open o en 的这边 intelligence 团队啊与我们做了一些联创啊，"
    },
    {
      "index": 66,
      "start": 189.8,
      "end": 192.1,
      "text": "把我这一一套基础施施啊，"
    },
    {
      "index": 67,
      "start": 192.1,
      "end": 195.46,
      "text": "通过那个集成到我们产品开发的过程当中去，"
    },
    {
      "index": 68,
      "start": 195.46,
      "end": 198.38,
      "text": "然后呢把我们的整个的基础设施完实现了一个打通，"
    },
    {
      "index": 69,
      "start": 198.56,
      "end": 198.8,
      "text": "啊，"
    },
    {
      "index": 70,
      "start": 198.86,
      "end": 201.16,
      "text": "提供了一些 MCP 的一些关键的服务节点，"
    },
    {
      "index": 71,
      "start": 201.42,
      "end": 203.99,
      "text": "以及一些 a 进 ent 的对的方式啊，"
    },
    {
      "index": 72,
      "start": 203.99,
      "end": 208.03,
      "text": "然后让我我们的那个开发的流程的话也比较顺畅的往下去跑。"
    },
    {
      "index": 73,
      "start": 208.03,
      "end": 208.15,
      "text": "啊，"
    },
    {
      "index": 74,
      "start": 208.15,
      "end": 213.735,
      "text": "包括集成到我们公司的自自身的一些那个呃 constrict 类的一些开发开发工具里面去。"
    },
    {
      "index": 75,
      "start": 214.45,
      "end": 216.625,
      "text": "接下来我给大家做一些简单一个介绍啊。"
    },
    {
      "index": 76,
      "start": 217.58,
      "end": 218.92,
      "text": "呃在我们 OS 团队里面的话，"
    },
    {
      "index": 77,
      "start": 218.92,
      "end": 221.96,
      "text": "其实有几个非常大的一个呃命题，"
    },
    {
      "index": 78,
      "start": 222.02,
      "end": 224.54,
      "text": "就是关于操作系统维护的相关的啊。"
    },
    {
      "index": 79,
      "start": 224.54,
      "end": 229.18,
      "text": "首先第一个的话就是我们操作系统的话需要非常大量的跟社区的一个紧密的配合。"
    },
    {
      "index": 80,
      "start": 229.34,
      "end": 229.54,
      "text": "啊，"
    },
    {
      "index": 81,
      "start": 229.54,
      "end": 231.82,
      "text": "其中一个点的话就是我们的 patch margin 啊，"
    },
    {
      "index": 82,
      "start": 231.82,
      "end": 236.06,
      "text": "patch margin 呢就是我们需要呃频繁的从社区合入一些呃补丁，"
    },
    {
      "index": 83,
      "start": 236.34,
      "end": 237.64,
      "text": "或者说是 back gx。"
    },
    {
      "index": 84,
      "start": 237.86,
      "end": 238.06,
      "text": "啊，"
    },
    {
      "index": 85,
      "start": 238.06,
      "end": 240.28,
      "text": "每次的话合入规模的话可能都是千级别，"
    },
    {
      "index": 86,
      "start": 240.28,
      "end": 244.94,
      "text": "或者说是甚至是啊如果说我们非常呃组大批量组建合入的时候，"
    },
    {
      "index": 87,
      "start": 244.94,
      "end": 248.05,
      "text": "都是成千上万的一个补丁分析的一个规啊，"
    },
    {
      "index": 88,
      "start": 248.21,
      "end": 248.99,
      "text": "每次分析的话，"
    },
    {
      "index": 89,
      "start": 248.99,
      "end": 250.11,
      "text": "工程师的一个耗时的话，"
    },
    {
      "index": 90,
      "start": 250.11,
      "end": 254.55,
      "text": "其实每千台补金呢可能会耗时八十家到一百家的一个呃时长。"
    },
    {
      "index": 91,
      "start": 254.55,
      "end": 257.81,
      "text": "也就是呃我们投入一个个资深的工程师，"
    },
    {
      "index": 92,
      "start": 257.81,
      "end": 259.31,
      "text": "资深的内核开发工程师，"
    },
    {
      "index": 93,
      "start": 259.31,
      "end": 261.65,
      "text": "以及对应的啊组件的开发的工程师。"
    },
    {
      "index": 94,
      "start": 261.65,
      "end": 264.61,
      "text": "每个组组它的的析析的工作量的话，"
    },
    {
      "index": 95,
      "start": 264.61,
      "end": 266.31,
      "text": "大概就是两周以上啊，"
    },
    {
      "index": 96,
      "start": 266.31,
      "end": 267.63,
      "text": "这只是单单做分析，"
    },
    {
      "index": 97,
      "start": 267.63,
      "end": 269.67,
      "text": "还没有说说代码的一个合入。"
    },
    {
      "index": 98,
      "start": 269.67,
      "end": 269.91,
      "text": "啊，"
    },
    {
      "index": 99,
      "start": 270.09,
      "end": 271.61,
      "text": "然后在我们合入过程当中的话，"
    },
    {
      "index": 100,
      "start": 271.61,
      "end": 275.29,
      "text": "还会出现非常多的代码的一个冲突的一个一个报错。"
    },
    {
      "index": 101,
      "start": 275.29,
      "end": 275.53,
      "text": "啊，"
    },
    {
      "index": 102,
      "start": 275.65,
      "end": 277.96,
      "text": "那么这个时候呢就需要我们人为的去介入，"
    },
    {
      "index": 103,
      "start": 277.96,
      "end": 280.745,
      "text": "作为一个代码补丁的一个分析合入啊，"
    },
    {
      "index": 104,
      "start": 281.62,
      "end": 284.4,
      "text": "这个方地方的话可能占比在百分之十以上。"
    },
    {
      "index": 105,
      "start": 284.6,
      "end": 284.84,
      "text": "啊，"
    },
    {
      "index": 106,
      "start": 285.04,
      "end": 287.4,
      "text": "最后的话就是还还有一个就是关键的点，"
    },
    {
      "index": 107,
      "start": 287.4,
      "end": 289.6,
      "text": "就是我们给客户提供操作系统的时候，"
    },
    {
      "index": 108,
      "start": 289.62,
      "end": 292.64,
      "text": "还需要为客户承诺一个高危漏洞的一个响应周期。"
    },
    {
      "index": 109,
      "start": 292.78,
      "end": 293.0,
      "text": "啊，"
    },
    {
      "index": 110,
      "start": 293.0,
      "end": 296.42,
      "text": "就是在十四天以内可能要完成中高危漏洞的一个修复啊，"
    },
    {
      "index": 111,
      "start": 296.42,
      "end": 300.55,
      "text": "并且推送到客户端啊啊这是一个典型的一个 patch gine 的一个场景。"
    },
    {
      "index": 112,
      "start": 300.55,
      "end": 301.81,
      "text": "然后第二个场景的话，"
    },
    {
      "index": 113,
      "start": 301.81,
      "end": 304.75,
      "text": "就是我们在合入代码过程中还需要做一些集成测试啊，"
    },
    {
      "index": 114,
      "start": 304.75,
      "end": 305.67,
      "text": "集成测试也是一样的。"
    },
    {
      "index": 115,
      "start": 305.67,
      "end": 308.87,
      "text": "就是我们可能根据社区的一个合入的一个建议啊，"
    },
    {
      "index": 116,
      "start": 308.87,
      "end": 312.11,
      "text": "我们需要去自己自身去做一个分析和测试合入。"
    },
    {
      "index": 117,
      "start": 312.11,
      "end": 312.23,
      "text": "啊，"
    },
    {
      "index": 118,
      "start": 312.23,
      "end": 314.03,
      "text": "第一个的话就是说分析的量级的话，"
    },
    {
      "index": 119,
      "start": 314.25,
      "end": 316.17,
      "text": "跟补丁的规模其实是比较对应的。"
    },
    {
      "index": 120,
      "start": 316.17,
      "end": 316.29,
      "text": "啊，"
    },
    {
      "index": 121,
      "start": 316.29,
      "end": 317.31,
      "text": "那我们可能会做些融合，"
    },
    {
      "index": 122,
      "start": 317.31,
      "end": 318.45,
      "text": "比如说按模块去区分。"
    },
    {
      "index": 123,
      "start": 318.45,
      "end": 320.37,
      "text": "但是其实并没有一个明显的降低，"
    },
    {
      "index": 124,
      "start": 320.37,
      "end": 322.77,
      "text": "也是数千级别的一个一个每次的合入。"
    },
    {
      "index": 125,
      "start": 322.77,
      "end": 323.01,
      "text": "啊，"
    },
    {
      "index": 126,
      "start": 323.15,
      "end": 324.99,
      "text": "第二块的话就是对测试能力的一个要求，"
    },
    {
      "index": 127,
      "start": 324.99,
      "end": 326.93,
      "text": "其实相当于相对来说是比较高的。"
    },
    {
      "index": 128,
      "start": 326.93,
      "end": 328.05,
      "text": "因为我们内核代码的合入，"
    },
    {
      "index": 129,
      "start": 328.05,
      "end": 330.16,
      "text": "或者说一些关键中间件的合入的话，"
    },
    {
      "index": 130,
      "start": 330.16,
      "end": 333.78,
      "text": "它需要对我们的系统测试非常非常非常非常精通啊，"
    },
    {
      "index": 131,
      "start": 333.78,
      "end": 336.46,
      "text": "可能是一个高高呃比较高比较精通。"
    },
    {
      "index": 132,
      "start": 336.46,
      "end": 338.32,
      "text": "这里的一个测试专家啊，"
    },
    {
      "index": 133,
      "start": 338.32,
      "end": 339.3,
      "text": "最终的覆盖效果的话，"
    },
    {
      "index": 134,
      "start": 339.3,
      "end": 343.16,
      "text": "其实啊我们认为我们从我们的实际的产出来认为啊，"
    },
    {
      "index": 135,
      "start": 343.16,
      "end": 344.4,
      "text": "如果社区测不出来这个问题，"
    },
    {
      "index": 136,
      "start": 344.4,
      "end": 345.6,
      "text": "那我们其实自己去测。"
    },
    {
      "index": 137,
      "start": 345.8,
      "end": 349.84,
      "text": "如其实是我们做了非常多的那个 patch marine 之后的一个合入的话，"
    },
    {
      "index": 138,
      "start": 349.88,
      "end": 353.26,
      "text": "它的那个测试效果的话其实也是呃聊胜于无的啊，"
    },
    {
      "index": 139,
      "start": 353.26,
      "end": 355.9,
      "text": "可以认为就是测试的效果并不并不是非常的好啊。"
    },
    {
      "index": 140,
      "start": 356.04,
      "end": 360.59,
      "text": "因为因为呃比较赖赖我们我们那个测试的专家一个能力啊，"
    },
    {
      "index": 141,
      "start": 360.87,
      "end": 365.51,
      "text": "第三个场景的话就是在我们的那个开发运维的一个过程当中啊，"
    },
    {
      "index": 142,
      "start": 365.57,
      "end": 369.79,
      "text": "可能去需要对我们非常多的设备去做一个实时的一个监控啊。"
    },
    {
      "index": 143,
      "start": 369.99,
      "end": 371.53,
      "text": "然后当它出现一些问题的时候呢，"
    },
    {
      "index": 144,
      "start": 371.53,
      "end": 373.03,
      "text": "我们需要把这些问题上，"
    },
    {
      "index": 145,
      "start": 373.03,
      "end": 376.55,
      "text": "我们的缺陷平台或者是那个进行一个 bug 的记录。"
    },
    {
      "index": 146,
      "start": 376.67,
      "end": 376.91,
      "text": "啊，"
    },
    {
      "index": 147,
      "start": 376.91,
      "end": 378.83,
      "text": "那这个地方我们我们内部的话，"
    },
    {
      "index": 148,
      "start": 378.83,
      "end": 381.79,
      "text": "对超系统团队这边维护了上百套的一个自动化的设备，"
    },
    {
      "index": 149,
      "start": 381.79,
      "end": 383.35,
      "text": "包括那个虚拟化部署的，"
    },
    {
      "index": 150,
      "start": 383.35,
      "end": 384.31,
      "text": "物理机部署的，"
    },
    {
      "index": 151,
      "start": 384.31,
      "end": 392.88,
      "text": "以及运行到一些可能小小小呃小规模的一些嵌入式设备啊之类的这里面搭载了一上百套的一个设备上面去。"
    },
    {
      "index": 152,
      "start": 392.88,
      "end": 398.32,
      "text": "那么我们的运维人员每天都需要对这个设备进行一个定期的一个检查和巡检。"
    },
    {
      "index": 153,
      "start": 398.32,
      "end": 399.52,
      "text": "如果说它出现问题的话呢，"
    },
    {
      "index": 154,
      "start": 399.52,
      "end": 400.18,
      "text": "就需要记录，"
    },
    {
      "index": 155,
      "start": 400.18,
      "end": 403.36,
      "text": "然后找开发工程师去做一个分析啊。"
    },
    {
      "index": 156,
      "start": 403.36,
      "end": 405.62,
      "text": "那这里的那个设备数量的话就是上百套。"
    },
    {
      "index": 157,
      "start": 405.62,
      "end": 406.38,
      "text": "然后呢，"
    },
    {
      "index": 158,
      "start": 406.38,
      "end": 407.74,
      "text": "但是出现问题的时候呢，"
    },
    {
      "index": 159,
      "start": 407.74,
      "end": 409.1,
      "text": "那对于这个测试专家来说，"
    },
    {
      "index": 160,
      "start": 409.1,
      "end": 410.36,
      "text": "他或者说这个运维专家来说，"
    },
    {
      "index": 161,
      "start": 410.36,
      "end": 414.0,
      "text": "他需要对这些信息做初步的分析和 bug 的上报。"
    },
    {
      "index": 162,
      "start": 414.12,
      "end": 417.14,
      "text": "这个 bug 上报过程呢就会呃需要很多的信息的记录。"
    },
    {
      "index": 163,
      "start": 417.14,
      "end": 421.47,
      "text": "那其实我们发现在这个他们提交提交的缺陷里面，"
    },
    {
      "index": 164,
      "start": 421.47,
      "end": 424.55,
      "text": "然后我们去回溯它的是否有效的一个情况来看的话，"
    },
    {
      "index": 165,
      "start": 424.55,
      "end": 427.09,
      "text": "可能有百分之十五以上都是无效的 bug，"
    },
    {
      "index": 166,
      "start": 427.13,
      "end": 429.85,
      "text": "或者说是呃信息不全的一些 bug。"
    },
    {
      "index": 167,
      "start": 429.85,
      "end": 430.37,
      "text": "那这样的话，"
    },
    {
      "index": 168,
      "start": 430.37,
      "end": 434.15,
      "text": "对于我们的一个操作系统团队去维护这些 bug 或者修复这些 bug 来说，"
    },
    {
      "index": 169,
      "start": 434.15,
      "end": 435.59,
      "text": "它其实并没有起到正向的作用，"
    },
    {
      "index": 170,
      "start": 435.59,
      "end": 438.95,
      "text": "反而产生了非常多的无效的那个工作量啊，"
    },
    {
      "index": 171,
      "start": 438.95,
      "end": 440.91,
      "text": "然后呢重复问题的占比也是非常非常高的。"
    },
    {
      "index": 172,
      "start": 440.91,
      "end": 442.17,
      "text": "就是因为非常多的设备，"
    },
    {
      "index": 173,
      "start": 442.17,
      "end": 443.67,
      "text": "它可能具备一定的相似性，"
    },
    {
      "index": 174,
      "start": 443.67,
      "end": 445.87,
      "text": "或者说它的很多问题会在不同的设备上面出现。"
    },
    {
      "index": 175,
      "start": 446.03,
      "end": 447.31,
      "text": "那出现这样问题的时候呢，"
    },
    {
      "index": 176,
      "start": 447.31,
      "end": 448.72,
      "text": "我们呃也做了分析，"
    },
    {
      "index": 177,
      "start": 448.72,
      "end": 450.42,
      "text": "大概的话是百分之三十以上的问题，"
    },
    {
      "index": 178,
      "start": 450.42,
      "end": 451.28,
      "text": "都是重复性的。"
    },
    {
      "index": 179,
      "start": 451.3,
      "end": 454.42,
      "text": "也就是不是不是第一次首次提交的一些问题啊，"
    },
    {
      "index": 180,
      "start": 454.42,
      "end": 456.66,
      "text": "这里会消耗非常多的一些工作量啊，"
    },
    {
      "index": 181,
      "start": 456.66,
      "end": 459.1,
      "text": "每天的重复工作的话其实几乎是接近百分之百。"
    },
    {
      "index": 182,
      "start": 459.1,
      "end": 462.28,
      "text": "因为在这个同学就天天就是需要去对设备去做巡检，"
    },
    {
      "index": 183,
      "start": 462.34,
      "end": 464.14,
      "text": "然后呢去做 bug 的上报啊，"
    },
    {
      "index": 184,
      "start": 464.14,
      "end": 465.54,
      "text": "去做技术的分析啊。"
    },
    {
      "index": 185,
      "start": 466.0,
      "end": 471.6,
      "text": "然后最后一个场景的话就是我们对于一些维护内核的同事可能比较比较熟悉的，"
    },
    {
      "index": 186,
      "start": 471.6,
      "end": 473.92,
      "text": "就是对那个微 m call 做一个分析啊，"
    },
    {
      "index": 187,
      "start": 474.04,
      "end": 475.38,
      "text": "就是去查一些内核的 bug，"
    },
    {
      "index": 188,
      "start": 475.38,
      "end": 476.82,
      "text": "还有修复内核的 bug 啊，"
    },
    {
      "index": 189,
      "start": 476.82,
      "end": 478.14,
      "text": "这里要求的话是非常高的。"
    },
    {
      "index": 190,
      "start": 478.14,
      "end": 480.05,
      "text": "就是这个技术人员的要求是非常高的，"
    },
    {
      "index": 191,
      "start": 480.05,
      "end": 482.03,
      "text": "它是一个需要一个自身内核的研发，"
    },
    {
      "index": 192,
      "start": 482.03,
      "end": 484.29,
      "text": "那并且要熟悉各个内核的子系统。"
    },
    {
      "index": 193,
      "start": 484.29,
      "end": 489.61,
      "text": "否则的话就是每个 bug 就需要拉上一整个团队的不同方向的那文件存储啊，"
    },
    {
      "index": 194,
      "start": 489.83,
      "end": 492.99,
      "text": "然后呢 IOR 之类的一些工程师去一起分析啊，"
    },
    {
      "index": 195,
      "start": 493.11,
      "end": 494.75,
      "text": "所以对这个专业性要求是非常高的。"
    },
    {
      "index": 196,
      "start": 494.75,
      "end": 495.73,
      "text": "然后解决了耗时的话，"
    },
    {
      "index": 197,
      "start": 495.73,
      "end": 496.83,
      "text": "其实也是比较高的，"
    },
    {
      "index": 198,
      "start": 496.83,
      "end": 497.59,
      "text": "相对来说比较高的。"
    },
    {
      "index": 199,
      "start": 497.59,
      "end": 500.09,
      "text": "因为因为我们经过大量测试之后，"
    },
    {
      "index": 200,
      "start": 500.09,
      "end": 501.09,
      "text": "发布的一个问题的话，"
    },
    {
      "index": 201,
      "start": 501.09,
      "end": 502.23,
      "text": "它相对来说比较少。"
    },
    {
      "index": 202,
      "start": 502.23,
      "end": 503.71,
      "text": "然后在这个情况下出现的 bug 的话，"
    },
    {
      "index": 203,
      "start": 503.71,
      "end": 505.53,
      "text": "它的概率的话相对还是比较低，"
    },
    {
      "index": 204,
      "start": 505.53,
      "end": 506.99,
      "text": "然后难度交换都会比较高，"
    },
    {
      "index": 205,
      "start": 507.07,
      "end": 509.58,
      "text": "修复的周期的话都会相对正常啊。"
    },
    {
      "index": 206,
      "start": 509.58,
      "end": 510.2,
      "text": "然后呢，"
    },
    {
      "index": 207,
      "start": 510.2,
      "end": 513.1,
      "text": "但这个过程的智能化的占比其实是非常非常低的。"
    },
    {
      "index": 208,
      "start": 513.1,
      "end": 513.22,
      "text": "啊，"
    },
    {
      "index": 209,
      "start": 513.22,
      "end": 515.6,
      "text": "在我们落地之前其实非常非常低的啊，"
    },
    {
      "index": 210,
      "start": 515.6,
      "end": 523.66,
      "text": "可以说纯靠人工的一个经验和现有的一些 GCCVM call 分析的一些一些那个工具啊啊我们怎么解决的呢？"
    },
    {
      "index": 211,
      "start": 523.68,
      "end": 528.3,
      "text": "我们先以第一个 MCP server 呃来落地我们 page mchine 这个为一个例子，"
    },
    {
      "index": 212,
      "start": 528.3,
      "end": 529.62,
      "text": "有一个一一个起点啊，"
    },
    {
      "index": 213,
      "start": 529.62,
      "end": 531.54,
      "text": "做一下呃简单的介绍啊。"
    },
    {
      "index": 214,
      "start": 531.54,
      "end": 533.02,
      "text": "从用户的角度来说的话，"
    },
    {
      "index": 215,
      "start": 533.02,
      "end": 535.78,
      "text": "我们如果说以前在核代码，"
    },
    {
      "index": 216,
      "start": 535.78,
      "end": 537.22,
      "text": "以前以前核代码的旅程的话，"
    },
    {
      "index": 217,
      "start": 537.22,
      "end": 538.96,
      "text": "就是人工的去做大量的分析。"
    },
    {
      "index": 218,
      "start": 538.96,
      "end": 541.18,
      "text": "把每个 patch 都做一个啊详细的分析，"
    },
    {
      "index": 219,
      "start": 541.18,
      "end": 542.84,
      "text": "结合它的 commit 以及代码上下文。"
    },
    {
      "index": 220,
      "start": 543.02,
      "end": 543.2,
      "text": "啊，"
    },
    {
      "index": 221,
      "start": 543.2,
      "end": 544.82,
      "text": "然后呢我们落地这个之后呢，"
    },
    {
      "index": 222,
      "start": 544.82,
      "end": 548.92,
      "text": "大概的旅程的话就是呃通过呃用户以自然语的方式进行输入。"
    },
    {
      "index": 223,
      "start": 548.92,
      "end": 553.55,
      "text": "比如说我需要拉取 linux 主线上面的某个节点的一个代码，"
    },
    {
      "index": 224,
      "start": 553.71,
      "end": 556.97,
      "text": "然后跟我当前的内核出现的代码做一个对比分析。"
    },
    {
      "index": 225,
      "start": 557.09,
      "end": 557.33,
      "text": "啊，"
    },
    {
      "index": 226,
      "start": 557.35,
      "end": 560.39,
      "text": "那那么他们就会去把这两个内核之间的一个差异，"
    },
    {
      "index": 227,
      "start": 560.53,
      "end": 561.47,
      "text": "commit 的一个差异，"
    },
    {
      "index": 228,
      "start": 561.47,
      "end": 564.39,
      "text": "以及 patch 的差异做一个详细的分析之后啊，"
    },
    {
      "index": 229,
      "start": 564.63,
      "end": 566.95,
      "text": "然后他就会输出一个分析报告。"
    },
    {
      "index": 230,
      "start": 567.07,
      "end": 569.17,
      "text": "那 AG 呢呢就会帮我们输出一个分析报告，"
    },
    {
      "index": 231,
      "start": 569.17,
      "end": 572.29,
      "text": "个分析报告呢是可以给到我们人人去做做一个较准啊，"
    },
    {
      "index": 232,
      "start": 572.35,
      "end": 578.21,
      "text": "这这个我们通过为因为我们其实现在并不能完全百分百的相信 AI 分析的一个结果。"
    },
    {
      "index": 233,
      "start": 578.31,
      "end": 580.21,
      "text": "很多时候他可能会出现一些误判啊，"
    },
    {
      "index": 234,
      "start": 580.25,
      "end": 582.14,
      "text": "有的时候我们可能会调用多个 agent。"
    },
    {
      "index": 235,
      "start": 582.2,
      "end": 584.98,
      "text": "那去比如说不同的模型啊对它做一个分析。"
    },
    {
      "index": 236,
      "start": 584.98,
      "end": 588.8,
      "text": "然后我们人工需要对这个结果做一个综合性的一个评价之后，"
    },
    {
      "index": 237,
      "start": 588.96,
      "end": 592.24,
      "text": "然后呢是做出人工确认的一个调整啊，"
    },
    {
      "index": 238,
      "start": 592.24,
      "end": 593.38,
      "text": "我们确认他需要合入，"
    },
    {
      "index": 239,
      "start": 593.38,
      "end": 595.6,
      "text": "或者说确认他对我们的业务产生影响。"
    },
    {
      "index": 240,
      "start": 595.76,
      "end": 599.3,
      "text": "那它是有价值的那我们再做一个呃回写啊，"
    },
    {
      "index": 241,
      "start": 599.3,
      "end": 602.54,
      "text": "把这个结果回写到回写到他给我们的一个报告里面去，"
    },
    {
      "index": 242,
      "start": 602.7,
      "end": 604.7,
      "text": "然后再次把这个报告传递给他啊。"
    },
    {
      "index": 243,
      "start": 604.7,
      "end": 605.0,
      "text": "然后呢，"
    },
    {
      "index": 244,
      "start": 605.0,
      "end": 606.76,
      "text": "他再会调用下一个 agent 呢，"
    },
    {
      "index": 245,
      "start": 606.76,
      "end": 609.48,
      "text": "去帮我们把这个代码的合入进行一个完成。"
    },
    {
      "index": 246,
      "start": 609.48,
      "end": 612.63,
      "text": "或者说是他会对于中间出现一些冲突啊，"
    },
    {
      "index": 247,
      "start": 612.63,
      "end": 615.61,
      "text": "做一些自动的一些分析和做一个代码的合入。"
    },
    {
      "index": 248,
      "start": 616.25,
      "end": 616.49,
      "text": "好，"
    },
    {
      "index": 249,
      "start": 616.65,
      "end": 617.73,
      "text": "那么这样一个过程呢，"
    },
    {
      "index": 250,
      "start": 617.73,
      "end": 621.59,
      "text": "其实就让我们能够能够能够能够释放出来非常多精力了啊，"
    },
    {
      "index": 251,
      "start": 621.63,
      "end": 623.57,
      "text": "比如说我们在输入一条命令，"
    },
    {
      "index": 252,
      "start": 623.57,
      "end": 627.17,
      "text": "就是比如说我要他分析 open 沃拉二四零三 SP 一，"
    },
    {
      "index": 253,
      "start": 627.19,
      "end": 630.75,
      "text": "现在某某某某某 creator 到我们现在内核的一个分析之后，"
    },
    {
      "index": 254,
      "start": 630.83,
      "end": 633.63,
      "text": "那这个这个同事他就可以同时去做别的事情。"
    },
    {
      "index": 255,
      "start": 633.77,
      "end": 638.17,
      "text": "那么等过上可能一晚上或者说是呃一天的时间。"
    },
    {
      "index": 256,
      "start": 638.17,
      "end": 640.15,
      "text": "那我们拿到一个分析报告之后，"
    },
    {
      "index": 257,
      "start": 640.45,
      "end": 645.22,
      "text": "那这个时候人费花到两个小时的时间去把这个代码 merch 做做一下。"
    },
    {
      "index": 258,
      "start": 645.22,
      "end": 645.34,
      "text": "呃，"
    },
    {
      "index": 259,
      "start": 645.34,
      "end": 646.34,
      "text": "代码 patch 做一下，"
    },
    {
      "index": 260,
      "start": 646.4,
      "end": 648.76,
      "text": "详细呃就一下分析报告的一个确认。"
    },
    {
      "index": 261,
      "start": 648.76,
      "end": 651.68,
      "text": "这样的话他的工工就就基本是完成了大部分了啊，"
    },
    {
      "index": 262,
      "start": 651.68,
      "end": 655.16,
      "text": "完成百分之十十啊啊以前呢他可能是每个 patch 分析，"
    },
    {
      "index": 263,
      "start": 655.16,
      "end": 659.66,
      "text": "每个分析每个 page 分析都是耗时两周以上的那现在的话可能一到两个小时的时间，"
    },
    {
      "index": 264,
      "start": 659.7,
      "end": 661.16,
      "text": "实际投入时间一到两个小时，"
    },
    {
      "index": 265,
      "start": 661.16,
      "end": 662.445,
      "text": "那他就能完成这个工作了。"
    },
    {
      "index": 266,
      "start": 666.47,
      "end": 667.99,
      "text": "这个视频是能播放的吗？"
    },
    {
      "index": 267,
      "start": 668.07,
      "end": 672.17,
      "text": "这个地方有一个有个视频啊，"
    },
    {
      "index": 268,
      "start": 672.17,
      "end": 672.69,
      "text": "没关系。"
    },
    {
      "index": 269,
      "start": 672.77,
      "end": 673.93,
      "text": "那其实那个过程的话，"
    },
    {
      "index": 270,
      "start": 673.93,
      "end": 675.35,
      "text": "那也大不概讲过了，"
    },
    {
      "index": 271,
      "start": 675.35,
      "end": 678.94,
      "text": "我们就继续往下啊啊。"
    },
    {
      "index": 272,
      "start": 678.94,
      "end": 681.44,
      "text": "那么基于那个白盒这个视角来看的话，"
    },
    {
      "index": 273,
      "start": 681.44,
      "end": 682.16,
      "text": "给大家介绍一下，"
    },
    {
      "index": 274,
      "start": 682.16,
      "end": 683.96,
      "text": "就是内内部是怎么去实现的。"
    },
    {
      "index": 275,
      "start": 683.96,
      "end": 684.9,
      "text": "这个地方呃，"
    },
    {
      "index": 276,
      "start": 684.9,
      "end": 687.26,
      "text": "就是内部怎么通过 a 计算方式来实现的啊。"
    },
    {
      "index": 277,
      "start": 687.26,
      "end": 688.0,
      "text": "首先第一个的话，"
    },
    {
      "index": 278,
      "start": 688.0,
      "end": 689.72,
      "text": "我们是规划了一个工作流啊，"
    },
    {
      "index": 279,
      "start": 689.72,
      "end": 695.58,
      "text": "这工作流的话就是我们人为来进行补丁分析合入的时候的一个大概的过程啊，"
    },
    {
      "index": 280,
      "start": 695.7,
      "end": 700.7,
      "text": "然后呢这个 workflow 的话就是会会让它就这具备一个那个自动规划的能力啊，"
    },
    {
      "index": 281,
      "start": 700.78,
      "end": 703.94,
      "text": "就是呃也是通过大语言大语言模型来实现的啊，"
    },
    {
      "index": 282,
      "start": 703.94,
      "end": 704.84,
      "text": "大模型来实现的。"
    },
    {
      "index": 283,
      "start": 704.84,
      "end": 706.34,
      "text": "为什么要要这样来方式啊？"
    },
    {
      "index": 284,
      "start": 706.34,
      "end": 708.41,
      "text": "因为我们人工输入的时候都是一些自然语，"
    },
    {
      "index": 285,
      "start": 708.75,
      "end": 710.61,
      "text": "所以需要用到原代模型来实现。"
    },
    {
      "index": 286,
      "start": 710.85,
      "end": 711.23,
      "text": "然后呢，"
    },
    {
      "index": 287,
      "start": 711.23,
      "end": 712.35,
      "text": "这个 workflow 的话呢，"
    },
    {
      "index": 288,
      "start": 712.43,
      "end": 716.63,
      "text": "它的设计的话其实就是它我们会给它输入下面的几个我们不同的 eginent。"
    },
    {
      "index": 289,
      "start": 716.63,
      "end": 719.09,
      "text": "比如说典型的补地分析技能和代码整理的技能，"
    },
    {
      "index": 290,
      "start": 719.09,
      "end": 721.35,
      "text": "会告诉他这些技能是完成什么工作的。"
    },
    {
      "index": 291,
      "start": 721.45,
      "end": 721.91,
      "text": "然后呢，"
    },
    {
      "index": 292,
      "start": 721.91,
      "end": 723.23,
      "text": "它在这个调度过程当中，"
    },
    {
      "index": 293,
      "start": 723.23,
      "end": 724.59,
      "text": "它在这个 workflow 过程当中，"
    },
    {
      "index": 294,
      "start": 724.69,
      "end": 725.73,
      "text": "它会去自动编排。"
    },
    {
      "index": 295,
      "start": 725.73,
      "end": 727.81,
      "text": "比如说它可能要要分批做分析，"
    },
    {
      "index": 296,
      "start": 727.81,
      "end": 729.83,
      "text": "比如说它需要先挑某些模块来分析。"
    },
    {
      "index": 297,
      "start": 729.91,
      "end": 731.27,
      "text": "分析完了之后做一下整理，"
    },
    {
      "index": 298,
      "start": 731.41,
      "end": 734.33,
      "text": "然后呢呃然后呢进行下一个模块的分析，"
    },
    {
      "index": 299,
      "start": 734.33,
      "end": 735.09,
      "text": "然后再做一个整，"
    },
    {
      "index": 300,
      "start": 735.09,
      "end": 737.81,
      "text": "他可能会自己去做这样的一个一个任务的编排。"
    },
    {
      "index": 301,
      "start": 737.81,
      "end": 739.2,
      "text": "比如说我先分析 IO 站的，"
    },
    {
      "index": 302,
      "start": 739.2,
      "end": 740.68,
      "text": "再分析网络站的什么的，"
    },
    {
      "index": 303,
      "start": 740.68,
      "end": 743.5,
      "text": "他这样会在这个 workflow 里面规划里面去做一个编排。"
    },
    {
      "index": 304,
      "start": 743.82,
      "end": 750.48,
      "text": "然后第二块呢就是补丁分析的这个具体的 agent 的就是对代码理解会稍微深刻一些的一个 agent 啊，"
    },
    {
      "index": 305,
      "start": 750.48,
      "end": 752.86,
      "text": "然后呢它也会结结合我们的一个提示词，"
    },
    {
      "index": 306,
      "start": 752.86,
      "end": 754.32,
      "text": "比如说从起点是什么，"
    },
    {
      "index": 307,
      "start": 754.32,
      "end": 754.96,
      "text": "终点是什么。"
    },
    {
      "index": 308,
      "start": 754.96,
      "end": 758.34,
      "text": "然后中间可能涉及到啊某些 commit 的信息啊，"
    },
    {
      "index": 309,
      "start": 758.34,
      "end": 762.7,
      "text": "然后呢他会去挑选这 commitsion commcommit 信息里面会包含一些重点内容。"
    },
    {
      "index": 310,
      "start": 762.7,
      "end": 764.54,
      "text": "比如说它是会影响宕机的，"
    },
    {
      "index": 311,
      "start": 764.54,
      "end": 766.68,
      "text": "会影响网络异常的协议栈的什么的。"
    },
    {
      "index": 312,
      "start": 766.68,
      "end": 767.52,
      "text": "那么这样的话，"
    },
    {
      "index": 313,
      "start": 767.52,
      "end": 769.19,
      "text": "它就会结合 commit 信息内容，"
    },
    {
      "index": 314,
      "start": 769.19,
      "end": 771.29,
      "text": "然后分析出来这个的影响面是什么，"
    },
    {
      "index": 315,
      "start": 771.29,
      "end": 773.57,
      "text": "是高中低还是什么呃，"
    },
    {
      "index": 316,
      "start": 773.57,
      "end": 774.53,
      "text": "是宕机还是什么，"
    },
    {
      "index": 317,
      "start": 774.53,
      "end": 776.37,
      "text": "还是什么样的一些问题啊，"
    },
    {
      "index": 318,
      "start": 776.37,
      "end": 777.15,
      "text": "以及 CVE 之类，"
    },
    {
      "index": 319,
      "start": 777.15,
      "end": 779.77,
      "text": "他会给出这个漏洞的严重等级啊啊，"
    },
    {
      "index": 320,
      "start": 779.77,
      "end": 784.97,
      "text": "然后呢代码整理的话就是在我们给它确认好这个补丁需要做合入的时候啊，"
    },
    {
      "index": 321,
      "start": 784.97,
      "end": 785.71,
      "text": "这个 agent ent 的话，"
    },
    {
      "index": 322,
      "start": 785.71,
      "end": 788.51,
      "text": "它会帮我们去把代码做一个自动的 merge，"
    },
    {
      "index": 323,
      "start": 788.51,
      "end": 790.37,
      "text": "就是 merge 了我们的代码的主线。"
    },
    {
      "index": 324,
      "start": 790.37,
      "end": 792.41,
      "text": "然后呢啊比如说出现冲突的时候，"
    },
    {
      "index": 325,
      "start": 792.41,
      "end": 794.35,
      "text": "它会帮我们自动的解决这样的一些冲，"
    },
    {
      "index": 326,
      "start": 794.35,
      "end": 795.61,
      "text": "突然然也会失败啊，"
    },
    {
      "index": 327,
      "start": 795.61,
      "end": 798.325,
      "text": "失败的话就会那我们再去人工确认这个地方。"
    },
    {
      "index": 328,
      "start": 798.5,
      "end": 802.74,
      "text": "然后你他会把曼姐的那个链接反馈给我们我们去人工确认之后，"
    },
    {
      "index": 329,
      "start": 803.0,
      "end": 805.32,
      "text": "再把人工代码呃人工把代码提交上去。"
    },
    {
      "index": 330,
      "start": 805.32,
      "end": 808.64,
      "text": "然后呢让他去帮我们把这个代码做最终的合入。"
    },
    {
      "index": 331,
      "start": 808.78,
      "end": 809.02,
      "text": "啊，"
    },
    {
      "index": 332,
      "start": 809.12,
      "end": 811.14,
      "text": "那这也是这是典典的的个 agent，"
    },
    {
      "index": 333,
      "start": 811.14,
      "end": 814.18,
      "text": "那么可可能背后有有能还有很多其实小的一些 agent，"
    },
    {
      "index": 334,
      "start": 814.24,
      "end": 816.92,
      "text": "这是典型的比较比较关键的一个三个啊。"
    },
    {
      "index": 335,
      "start": 817.1,
      "end": 821.46,
      "text": "那整个流程的话就是由 workflow 先做一个那个整个的任务的一个规划啊，"
    },
    {
      "index": 336,
      "start": 821.52,
      "end": 824.34,
      "text": "他会先出出一个基础的一个过程出来，"
    },
    {
      "index": 337,
      "start": 824.34,
      "end": 825.68,
      "text": "然后让我们做一个人工的确认。"
    },
    {
      "index": 338,
      "start": 825.68,
      "end": 826.58,
      "text": "确认好之后呢，"
    },
    {
      "index": 339,
      "start": 826.58,
      "end": 827.82,
      "text": "他就会做一个具体的分析。"
    },
    {
      "index": 340,
      "start": 827.82,
      "end": 829.63,
      "text": "分析好之后会给我们一个反馈。"
    },
    {
      "index": 341,
      "start": 829.71,
      "end": 830.53,
      "text": "反馈完了之后呢，"
    },
    {
      "index": 342,
      "start": 830.53,
      "end": 832.89,
      "text": "我们会我们让我们给他提交一个反馈之后，"
    },
    {
      "index": 343,
      "start": 832.93,
      "end": 835.895,
      "text": "他就会做一个代码的补丁的整理的和合入。"
    },
    {
      "index": 344,
      "start": 836.71,
      "end": 837.65,
      "text": "然后合入完成之后呢，"
    },
    {
      "index": 345,
      "start": 837.65,
      "end": 838.59,
      "text": "会给我们一个报告啊，"
    },
    {
      "index": 346,
      "start": 838.59,
      "end": 839.77,
      "text": "最后就是他合入了，"
    },
    {
      "index": 347,
      "start": 839.77,
      "end": 840.55,
      "text": "他合入了多少，"
    },
    {
      "index": 348,
      "start": 840.55,
      "end": 842.65,
      "text": "他合入了多少的那个补丁。"
    },
    {
      "index": 349,
      "start": 842.77,
      "end": 843.19,
      "text": "然后呢，"
    },
    {
      "index": 350,
      "start": 843.19,
      "end": 845.91,
      "text": "每个补丁合入的那个结果是什么样子的？"
    },
    {
      "index": 351,
      "start": 845.91,
      "end": 846.33,
      "text": "然后呢，"
    },
    {
      "index": 352,
      "start": 846.33,
      "end": 848.05,
      "text": "他的请求链接是什么啊？"
    },
    {
      "index": 353,
      "start": 848.05,
      "end": 848.61,
      "text": "那这样的话，"
    },
    {
      "index": 354,
      "start": 848.61,
      "end": 850.89,
      "text": "你在人就可以让你做一个记录的归档，"
    },
    {
      "index": 355,
      "start": 850.89,
      "end": 852.569,
      "text": "或者说是再进行一次确认，"
    },
    {
      "index": 356,
      "start": 852.569,
      "end": 860.25,
      "text": "也 OK 啊啊然后最终的话我们落地的一个效果大概是还是比较突出的。"
    },
    {
      "index": 357,
      "start": 860.25,
      "end": 860.97,
      "text": "对于我们来说，"
    },
    {
      "index": 358,
      "start": 860.97,
      "end": 866.15,
      "text": "就是呃我们每个每个月每个季度都会做一次定量的代码的一个分析，"
    },
    {
      "index": 359,
      "start": 866.17,
      "end": 868.39,
      "text": "就是跟社区就做一个代码的分析。"
    },
    {
      "index": 360,
      "start": 868.57,
      "end": 872.93,
      "text": "因为我们需要把那个一些典型的或者说是高危的一些漏洞，"
    },
    {
      "index": 361,
      "start": 872.93,
      "end": 876.71,
      "text": "或者说是呃我们常用到的一些内核模块的一些呃文件系统啊、"
    },
    {
      "index": 362,
      "start": 876.71,
      "end": 880.89,
      "text": "IO 啊啊然后呢这些模块的连入问题需要做修复。"
    },
    {
      "index": 363,
      "start": 881.05,
      "end": 883.91,
      "text": "那其实对我们来说就是一个比较重复性的一个工作，"
    },
    {
      "index": 364,
      "start": 883.91,
      "end": 886.68,
      "text": "并且它的那个价值也是比较大的一个工作。"
    },
    {
      "index": 365,
      "start": 886.92,
      "end": 887.38,
      "text": "然后呢，"
    },
    {
      "index": 366,
      "start": 887.6,
      "end": 889.12,
      "text": "分析过程呢也存在一些不确定性。"
    },
    {
      "index": 367,
      "start": 889.12,
      "end": 892.0,
      "text": "然后呢呃他帮我完成之后的效果的提升的话，"
    },
    {
      "index": 368,
      "start": 892.0,
      "end": 892.88,
      "text": "大概有这么几个。"
    },
    {
      "index": 369,
      "start": 893.0,
      "end": 896.84,
      "text": "一个的话就是它的呃分析准确率其实我们也做了一下回溯，"
    },
    {
      "index": 370,
      "start": 896.84,
      "end": 898.3,
      "text": "就是采用一个模型，"
    },
    {
      "index": 371,
      "start": 898.3,
      "end": 899.92,
      "text": "就是千万三的时候那个模型。"
    },
    {
      "index": 372,
      "start": 899.92,
      "end": 901.2,
      "text": "然后我们分析完了之后，"
    },
    {
      "index": 373,
      "start": 901.2,
      "end": 903.24,
      "text": "它准确率在百分之七十五到百分之九十三。"
    },
    {
      "index": 374,
      "start": 903.32,
      "end": 906.78,
      "text": "然后我们最后综合了几个模型的那个综合几个模型，"
    },
    {
      "index": 375,
      "start": 906.78,
      "end": 907.62,
      "text": "多个模型之后，"
    },
    {
      "index": 376,
      "start": 907.74,
      "end": 909.3,
      "text": "它的提它的那个覆盖率的话，"
    },
    {
      "index": 377,
      "start": 909.3,
      "end": 910.74,
      "text": "基本能到就识别准确率的话，"
    },
    {
      "index": 378,
      "start": 910.74,
      "end": 912.82,
      "text": "最基本能到百分之九十以上啊。"
    },
    {
      "index": 379,
      "start": 912.82,
      "end": 913.14,
      "text": "然后呢，"
    },
    {
      "index": 380,
      "start": 913.14,
      "end": 914.44,
      "text": "第二块的话是效率一一提升。"
    },
    {
      "index": 381,
      "start": 914.44,
      "end": 915.42,
      "text": "升率率用一前的话，"
    },
    {
      "index": 382,
      "start": 915.42,
      "end": 917.05,
      "text": "其实每次分析合入的话，"
    },
    {
      "index": 383,
      "start": 917.05,
      "end": 919.73,
      "text": "至少就是开发侧一整周啊以上。"
    },
    {
      "index": 384,
      "start": 919.91,
      "end": 921.89,
      "text": "然后呢在这个落地之后呢，"
    },
    {
      "index": 385,
      "start": 921.89,
      "end": 926.51,
      "text": "我们就实现了一呃一到两个小时之内就可以完成实际的工作啊，"
    },
    {
      "index": 386,
      "start": 926.51,
      "end": 936.02,
      "text": "然后整个的那个合入的效率其实得到了一个数量级的一个提升啊啊第二块的话就是那个集团测试，"
    },
    {
      "index": 387,
      "start": 936.02,
      "end": 937.72,
      "text": "它整体的工作流其实也类似啊，"
    },
    {
      "index": 388,
      "start": 937.72,
      "end": 940.82,
      "text": "只是说它的那个完成的任务不会不一样啊。"
    },
    {
      "index": 389,
      "start": 940.82,
      "end": 942.5,
      "text": "a 技能的话就是一个是用例生产。"
    },
    {
      "index": 390,
      "start": 942.5,
      "end": 945.94,
      "text": "它目前我们是现在主要是基于 commit 的信息来做一个用例的生产。"
    },
    {
      "index": 391,
      "start": 946.14,
      "end": 946.34,
      "text": "啊，"
    },
    {
      "index": 392,
      "start": 946.34,
      "end": 948.38,
      "text": "那我们接下来要做的一个事情，"
    },
    {
      "index": 393,
      "start": 948.38,
      "end": 950.92,
      "text": "其实是让它更能理解代码的上下文啊，"
    },
    {
      "index": 394,
      "start": 950.92,
      "end": 954.68,
      "text": "然后呢根据上下文来以及补丁的修复的改动来阐述测试建议。"
    },
    {
      "index": 395,
      "start": 954.74,
      "end": 956.98,
      "text": "目前的话还是基于 commit 信息来的啊，"
    },
    {
      "index": 396,
      "start": 956.98,
      "end": 959.12,
      "text": "然后用例执行的一层以及用例入库的 a 技能，"
    },
    {
      "index": 397,
      "start": 959.12,
      "end": 962.42,
      "text": "就是要把用力做一些基线以及用例的一个最终的一个执行。"
    },
    {
      "index": 398,
      "start": 962.42,
      "end": 964.49,
      "text": "那它也是通过自动化来完成的啊，"
    },
    {
      "index": 399,
      "start": 964.49,
      "end": 970.165,
      "text": "以以以像以前的我们需要人工去写自动化用例啊之类的这样的一些呃工作也释放掉了。"
    },
    {
      "index": 400,
      "start": 970.88,
      "end": 971.04,
      "text": "啊，"
    },
    {
      "index": 401,
      "start": 971.04,
      "end": 973.14,
      "text": "第三块的话就是那个 wem call 的一些分析啊，"
    },
    {
      "index": 402,
      "start": 973.14,
      "end": 976.68,
      "text": "我们在这个 wem call 里的分析工具里面的话也集成了多个 agent，"
    },
    {
      "index": 403,
      "start": 976.7,
      "end": 978.4,
      "text": "包括括一些堆栈的便利啊，"
    },
    {
      "index": 404,
      "start": 978.42,
      "end": 980.08,
      "text": "包括一些计算器的解析啊，"
    },
    {
      "index": 405,
      "start": 980.08,
      "end": 983.02,
      "text": "比如说一些 ISPIP 啊之类的一些堆栈的解析啊，"
    },
    {
      "index": 406,
      "start": 983.24,
      "end": 984.82,
      "text": "以及那个思锁的一些分析。"
    },
    {
      "index": 407,
      "start": 984.82,
      "end": 986.02,
      "text": "比如说典型的一些代码站，"
    },
    {
      "index": 408,
      "start": 986.02,
      "end": 987.08,
      "text": "可能会出现一些死锁啊，"
    },
    {
      "index": 409,
      "start": 987.08,
      "end": 991.4,
      "text": "或者说是锁呃那个全局变量的一些静静态静态变量的一些分析啊，"
    },
    {
      "index": 410,
      "start": 991.54,
      "end": 995.02,
      "text": "他们也会做一些他也会做一些这样的一个智能的检测啊。"
    },
    {
      "index": 411,
      "start": 995.2,
      "end": 997.0,
      "text": "然后呢啊分析完之后呢，"
    },
    {
      "index": 412,
      "start": 997.0,
      "end": 998.52,
      "text": "他我们会有一个研判啊，"
    },
    {
      "index": 413,
      "start": 998.56,
      "end": 999.1,
      "text": "会有个研判，"
    },
    {
      "index": 414,
      "start": 999.1,
      "end": 1001.77,
      "text": "已检研判预件当中会中和上面的分析结果。"
    },
    {
      "index": 415,
      "start": 1001.77,
      "end": 1005.65,
      "text": "然后会告诉他你这个呃可能是什么原因。"
    },
    {
      "index": 416,
      "start": 1005.65,
      "end": 1008.31,
      "text": "然后下一步的话你应该是以什么方式来解决，"
    },
    {
      "index": 417,
      "start": 1008.31,
      "end": 1009.17,
      "text": "然后给出一个建议，"
    },
    {
      "index": 418,
      "start": 1009.17,
      "end": 1011.55,
      "text": "然后人工确认啊他的分析对还是不对。"
    },
    {
      "index": 419,
      "start": 1011.61,
      "end": 1013.15,
      "text": "然后以及我们给他建议是什么，"
    },
    {
      "index": 420,
      "start": 1013.27,
      "end": 1015.31,
      "text": "他会还会做下一次的一个分析。"
    },
    {
      "index": 421,
      "start": 1015.39,
      "end": 1017.03,
      "text": "好啊，"
    },
    {
      "index": 422,
      "start": 1017.03,
      "end": 1019.885,
      "text": "主要主要这个过程呢还是需要强调一个人机协同啊。"
    },
    {
      "index": 423,
      "start": 1021.21,
      "end": 1021.43,
      "text": "好，"
    },
    {
      "index": 424,
      "start": 1021.43,
      "end": 1026.43,
      "text": "然后呢整体的话我们还是依托于那个 open olline intelligence 这套架构来做的 open ona。"
    },
    {
      "index": 425,
      "start": 1026.57,
      "end": 1029.15,
      "text": "这一套架构呢其实给我们带来还是比较多的便利性的。"
    },
    {
      "index": 426,
      "start": 1029.15,
      "end": 1031.17,
      "text": "比如说啊对于交互控制层，"
    },
    {
      "index": 427,
      "start": 1031.17,
      "end": 1034.45,
      "text": "我把我们直接把它集成到了我们的那个 GUS code，"
    },
    {
      "index": 428,
      "start": 1034.45,
      "end": 1037.81,
      "text": "实实现一个 costrict 的一个代码编译器里面去。"
    },
    {
      "index": 429,
      "start": 1038.07,
      "end": 1038.29,
      "text": "啊，"
    },
    {
      "index": 430,
      "start": 1038.29,
      "end": 1039.85,
      "text": "然后呢第二个的话是智能分析层，"
    },
    {
      "index": 431,
      "start": 1039.85,
      "end": 1046.67,
      "text": "我们的技术大模型可以对接我们内部的一些内部公司自公司内部部署的一个大模型的一些平台。"
    },
    {
      "index": 432,
      "start": 1046.87,
      "end": 1047.11,
      "text": "啊，"
    },
    {
      "index": 433,
      "start": 1047.17,
      "end": 1049.29,
      "text": "直接通 VPI 标用的调用的方式能够集成进去。"
    },
    {
      "index": 434,
      "start": 1049.29,
      "end": 1052.08,
      "text": "然后这样的话也解决了一个代码安全性的一个问题。"
    },
    {
      "index": 435,
      "start": 1052.34,
      "end": 1052.7,
      "text": "然后呢，"
    },
    {
      "index": 436,
      "start": 1052.7,
      "end": 1053.96,
      "text": "最终是一个执行引擎层。"
    },
    {
      "index": 437,
      "start": 1053.96,
      "end": 1056.84,
      "text": "这个引擎层的话就是刚刚说到的一些 a 级层的调度，"
    },
    {
      "index": 438,
      "start": 1056.84,
      "end": 1063.18,
      "text": "然后 MCP 的一些服务啊啊然后呢我们其实呃认为还是有几条原则可以给大家分享一下。"
    },
    {
      "index": 439,
      "start": 1063.18,
      "end": 1066.88,
      "text": "第一个呢就是我们其实现在还没有追求到一个完全自动化啊，"
    },
    {
      "index": 440,
      "start": 1066.88,
      "end": 1068.38,
      "text": "这是我们一开始立项的时候，"
    },
    {
      "index": 441,
      "start": 1068.5,
      "end": 1072.1,
      "text": "我们计划的要实现现多少 agent 来完成这个工作。"
    },
    {
      "index": 442,
      "start": 1072.1,
      "end": 1076.2,
      "text": "我们其实一开始没有是没有希望能够完成实现完全的自动化啊，"
    },
    {
      "index": 443,
      "start": 1076.28,
      "end": 1079.72,
      "text": "期望的是通过人人工跟他协同交互的方式，"
    },
    {
      "index": 444,
      "start": 1079.72,
      "end": 1081.14,
      "text": "能够解决解决这些问题。"
    },
    {
      "index": 445,
      "start": 1081.32,
      "end": 1084.68,
      "text": "我们的目标是先通过 agent 来打通一些关键的节点。"
    },
    {
      "index": 446,
      "start": 1084.8,
      "end": 1086.94,
      "text": "但是要把整个流程实现跑通啊，"
    },
    {
      "index": 447,
      "start": 1086.94,
      "end": 1088.14,
      "text": "把整个流程跑通之后，"
    },
    {
      "index": 448,
      "start": 1088.3,
      "end": 1091.99,
      "text": "然后再去对一些关键节点关键硬的去做一个效率的一个提升。"
    },
    {
      "index": 449,
      "start": 1091.99,
      "end": 1093.01,
      "text": "比如准确率的一个提升，"
    },
    {
      "index": 450,
      "start": 1093.01,
      "end": 1094.71,
      "text": "或者说它识别效率的一个提升。"
    },
    {
      "index": 451,
      "start": 1094.71,
      "end": 1098.73,
      "text": "那这样的话才能够让我们的整个呃这不断往前去迭代啊，"
    },
    {
      "index": 452,
      "start": 1098.73,
      "end": 1099.79,
      "text": "这样流程打通之后，"
    },
    {
      "index": 453,
      "start": 1099.89,
      "end": 1101.71,
      "text": "就能让大家能够看到一个直观的效果，"
    },
    {
      "index": 454,
      "start": 1101.71,
      "end": 1103.43,
      "text": "然后再去点对点的去做一个优化。"
    },
    {
      "index": 455,
      "start": 1103.51,
      "end": 1103.69,
      "text": "啊，"
    },
    {
      "index": 456,
      "start": 1103.69,
      "end": 1106.71,
      "text": "所以一开始的话我们并不追求每个节点都完成的非常完美，"
    },
    {
      "index": 457,
      "start": 1106.79,
      "end": 1109.17,
      "text": "可能它有百分之七八十以上我们就够了啊，"
    },
    {
      "index": 458,
      "start": 1109.17,
      "end": 1111.03,
      "text": "然后呢再通过人工接入方式去校准它。"
    },
    {
      "index": 459,
      "start": 1111.55,
      "end": 1111.75,
      "text": "啊，"
    },
    {
      "index": 460,
      "start": 1111.75,
      "end": 1114.07,
      "text": "然后呢最终的话我们目前呢也入了一个角色，"
    },
    {
      "index": 461,
      "start": 1114.07,
      "end": 1115.39,
      "text": "就是监督微置的这个角色。"
    },
    {
      "index": 462,
      "start": 1115.39,
      "end": 1122.38,
      "text": "就是监督硬程呢其实目其实希望实现的效果就是对它的一些呃执行异 t 完成的一些工作，"
    },
    {
      "index": 463,
      "start": 1122.38,
      "end": 1123.78,
      "text": "去做一个自动的一个校准。"
    },
    {
      "index": 464,
      "start": 1123.9,
      "end": 1124.08,
      "text": "啊，"
    },
    {
      "index": 465,
      "start": 1124.08,
      "end": 1126.72,
      "text": "这样的话会避免我们比较多的一些，"
    },
    {
      "index": 466,
      "start": 1126.8,
      "end": 1128.08,
      "text": "比如刚刚说到的一些百，"
    },
    {
      "index": 467,
      "start": 1128.08,
      "end": 1129.04,
      "text": "比如只一个模型，"
    },
    {
      "index": 468,
      "start": 1129.04,
      "end": 1130.16,
      "text": "它可能只有百分之七八十。"
    },
    {
      "index": 469,
      "start": 1130.16,
      "end": 1131.3,
      "text": "那我们可能要综合多个模型，"
    },
    {
      "index": 470,
      "start": 1131.3,
      "end": 1132.76,
      "text": "然后再做一些间断 eter 的方式，"
    },
    {
      "index": 471,
      "start": 1132.9,
      "end": 1134.72,
      "text": "来对这个执行异 t 的一个结果，"
    },
    {
      "index": 472,
      "start": 1134.82,
      "end": 1136.56,
      "text": "再做再做一轮的一个加强。"
    },
    {
      "index": 473,
      "start": 1136.68,
      "end": 1136.86,
      "text": "啊，"
    },
    {
      "index": 474,
      "start": 1136.86,
      "end": 1137.4,
      "text": "那这样的话，"
    },
    {
      "index": 475,
      "start": 1137.4,
      "end": 1141.08,
      "text": "我们后面的那个人工人工需要介入的工作的话就会越来越少。"
    },
    {
      "index": 476,
      "start": 1141.52,
      "end": 1141.76,
      "text": "啊，"
    },
    {
      "index": 477,
      "start": 1141.88,
      "end": 1144.08,
      "text": "这是我们大概的一些实践的案例啊，"
    },
    {
      "index": 478,
      "start": 1144.1,
      "end": 1159.9,
      "text": "感谢大家啊那个感谢孙老师的那个呃精彩分享哈。"
    },
    {
      "index": 479,
      "start": 1160.06,
      "end": 1165.52,
      "text": "就是我们可以看到刚才孙老师他们那个团队里面一个方面已经用了这个 MCP 的方式，"
    },
    {
      "index": 480,
      "start": 1165.84,
      "end": 1167.98,
      "text": "应用在他们的那个补丁的 march，"
    },
    {
      "index": 481,
      "start": 1168.34,
      "end": 1171.92,
      "text": "然后以及这个分析或者自动化测试的这个相关的成果，"
    },
    {
      "index": 482,
      "start": 1172.0,
      "end": 1173.54,
      "text": "已经承得了不错的成果。"
    },
    {
      "index": 483,
      "start": 1173.72,
      "end": 1176.3,
      "text": "我们可以看到它的补丁服务 h 效率，"
    },
    {
      "index": 484,
      "start": 1176.3,
      "end": 1177.78,
      "text": "这个数据让我很震惊的哈。"
    },
    {
      "index": 485,
      "start": 1177.78,
      "end": 1180.68,
      "text": "就是从周级到小时级这个概念。"
    },
    {
      "index": 486,
      "start": 1180.68,
      "end": 1186.39,
      "text": "第二个准确率其实也有一个一个七十五到九十三的这个不懂等级的提升。"
    },
    {
      "index": 487,
      "start": 1186.51,
      "end": 1189.85,
      "text": "其实这个其实为我们这个这个后面的那个运维啊，"
    },
    {
      "index": 488,
      "start": 1189.85,
      "end": 1192.97,
      "text": "就这个方向 OS 这个重要的运维方向提供了很好的思路，"
    },
    {
      "index": 489,
      "start": 1193.43,
      "end": 1193.71,
      "text": "谢谢。"
    },
    {
      "index": 490,
      "start": 1193.71,
      "end": 1196.65,
      "text": "也看到后面有很多的这个这个这个规划啊，"
    },
    {
      "index": 491,
      "start": 1196.75,
      "end": 1200.07,
      "text": "所以我们社区可以跟这个沈老师继续去合作，"
    },
    {
      "index": 492,
      "start": 1200.25,
      "end": 1201.21,
      "text": "把这块做的更好。"
    },
    {
      "index": 493,
      "start": 1201.41,
      "end": 1201.65,
      "text": "好，"
    },
    {
      "index": 494,
      "start": 1201.869,
      "end": 1209.71,
      "text": "下面有请我们那个北京惠美云科技有限公司的高级工后端工程师冯岩先生，"
    }
  ],
  "artifacts": [
    "output/ai_session/part_00/chunk_00/03_srt_slice/artifacts/chunk_baseline.srt"
  ],
  "metadata": {},
  "trace_id": null,
  "duration_ms": 0,
  "started_at": "2025-12-15T19:26:26.629465",
  "completed_at": "2025-12-15T11:26:26.741510",
  "step_config": {},
  "dependencies": [
    "downscale"
  ]
}