{
  "address": "day1_main/part_05/final/03_part_cut",
  "status": "completed",
  "input": {
    "video": "/Users/lichuan/Codes/TalkDistill/day1_main.mp4",
    "start": 1871.91,
    "duration": 935.28,
    "output_name": "part_high.mp4"
  },
  "output": {
    "path": "output/day1_main/part_05/final/03_part_cut/artifacts/part_high.mp4",
    "start": 1871.91,
    "duration": 935.28
  },
  "artifacts": [
    "output/day1_main/part_05/final/03_part_cut/artifacts/part_high.mp4"
  ],
  "metadata": {
    "ffmpeg": "/opt/homebrew/bin/ffmpeg",
    "start": 1871.91,
    "duration": 935.28,
    "size_bytes": 541789557
  },
  "trace_id": null,
  "duration_ms": 535,
  "started_at": "2025-12-17T19:18:37.933559",
  "completed_at": "2025-12-17T11:18:38.470795",
  "step_config": {},
  "dependencies": []
}