{
  "id": "sec_7",
  "index": 6,
  "title": "总结与未来工作展望",
  "time_range": "00:13:32,940 - 00:14:29,000",
  "script": "我们下一步的工作将重点聚焦于MoE模型。我们会继续探索其在多机多卡场景下的异构调度，以及AF分离（Attention和FFN/Expert分离）的优化，还将探索Expert的分布式调度方案。好，谢谢大家，我的演讲完毕。感谢李老师为我们带来的通算与智算协同推理技术，非常精彩。刚才看到的性能提升效果令人印象深刻，我们特别期待后续在AF分离以及Expert分布式调度等面向集群能力方面的进展。好，谢谢。",
  "summary": "演讲者总结了演讲内容，并展望了未来的工作方向。下一步将重点聚焦于MoE模型，探索其在多机多卡场景下的异构调度、AF分离（Attention和FFN/Expert分离）优化，以及Expert的分布式调度方案。"
}