{
  "address": "ScienceEducationInnovation/part_02/final/07_script_refine/5",
  "status": "completed",
  "input": {
    "narrative": {
      "id": "sec_006",
      "index": 5,
      "title": "SSD层参数存储：MaxEmbed选择性副本针对SSD读放大问题，通过热点参数的选择性副本策略，利用空间换带宽，提升硬件利用率。针对SSD读放大问题，通过热点参数的选择性副本策略，利用空间换带宽，提升硬件利用率。",
      "time_range": "00:15:32,760 - 00:19:56,565",
      "script": "最后来到 SSD 层的工作 MaxEmbed，解决粒度不匹配导致的读放大问题。\n现有工作尝试将容易共现的参数放在同一个 SSD Page 中，以增加单次读取的有效数据量。\n但我们发现这还不够。Facebook 的 SHP 工作即使采用精巧的排布，有效带宽也仅能从 6% 提升到 8%，硬件利用率依然极低。\n分析原因发现，现有工作将参数共现关系视为超图中的边，并利用超图划分算法将其切分为子图。\n每个子图内的参数数量少于一个 SSD Block。\n虽然这能捕获部分共现关系，但由于一个参数在磁盘上只存一份，它只能归属于一个子图。\n然而现实中，一个参数往往存在于多组共现关系中。统计显示，这种情况占比超过 30%。\n举个生活化的例子：我想买平板，可能关注华为 MatePad、iPad Air 或小米平板。\n如果我只想买 iPad，可能关注 iPad Air、iPad mini 及其壳膜。\n如果是“果粉”，可能关注 iPad、MacBook 和 iPhone。\n这三组关系叠加后，iPad mini 和 iPad Air 就成了热点。现有的划分方式只能捕获其中一类共现关系，不够高效。\n我们的核心想法是利用廉价的磁盘空间换取带宽。\n具体而言，为热点参数创建额外的副本，尽可能多地捕获组合关系。这样原本需要三次读取的操作，现在可能只需两次。\n实现这一目标涉及两个复杂问题：一是离线选择哪些参数做副本，这是一个 NP-Hard 的数学问题，我们提出了相应的解法。\n二是面对在线请求，如何利用副本将其拆分为最优的页面组合。这看似是集合覆盖问题，但在线系统没有时间运行复杂算法。\n我们将其转化为系统问题，通过流水线化 SSD IO 和计算，先确定必须读取的页面并发出请求，在等待过程中再计算后续的最优读取策略。\n实验结果显示，在 20% 的空间放大下，吞吐率提升了 30%，更高效地利用了 SSD 带宽。\n小结：针对磁盘读放大，我们采取了选择性副本策略。",
      "summary": ""
    }
  },
  "output": {
    "section_id": "sec_006",
    "index": 5,
    "title": "SSD层参数存储：MaxEmbed选择性副本针对SSD读放大问题，通过热点参数的选择性副本策略，利用空间换带宽，提升硬件利用率。针对SSD读放大问题，通过热点参数的选择性副本策略，利用空间换带宽，提升硬件利用率。",
    "time_range": "00:15:32,760 - 00:19:56,565",
    "refined_script": "# MaxEmbed: 针对 SSD 参数存储的选择性副本策略\n\n## 1. 背景与挑战\n在基于 SSD 的大规模推荐系统参数存储中，**粒度不匹配**是导致读放大（Read Amplification）的核心原因。由于参数（Embedding）通常远小于 SSD 的物理页面（Page），单次读取往往包含大量无效数据。\n\n### 1.1 现有技术的局限性\n现有的优化方案（如 Facebook 的 SHP）尝试通过**超图划分（Hypergraph Partitioning）**算法，将具有共现关系的参数排布在同一个 SSD Page 中。然而，这种方式存在明显瓶颈：\n- **硬件利用率低**：即使经过精细排布，有效带宽利用率仅能从 6% 提升至 8%。\n- **归属冲突**：超图划分假设一个参数仅能归属于一个子图（即一个 Page）。但在实际场景中，**超过 30% 的参数存在于多组共现关系中**。例如，“iPad” 既属于“平板电脑”类别，也属于“苹果生态”或“数码配件”类别。单副本存储无法同时满足多种共现组合的读取效率。\n\n## 2. 核心设计理念：空间换带宽\nMaxEmbed 提出了**选择性副本（Selective Replication）**策略。其核心逻辑是利用廉价的 SSD 存储空间换取昂贵的读取带宽，通过为热点参数创建额外副本，尽可能覆盖更多的共现组合，从而减少总体的 IO 次数。\n\n## 3. 关键技术实现\n实现该策略面临两个核心挑战，MaxEmbed 分别从算法和系统架构层面给出了解决方案：\n\n### 3.1 离线阶段：副本选择算法\n*   **挑战**：在给定的空间预算下，选择哪些参数进行副本化以最大化收益是一个 **NP-Hard** 问题。\n*   **对策**：MaxEmbed 提出了一套启发式解法，通过建模参数间的关联强度，离线计算最优的副本分布方案。\n\n### 3.2 在线阶段：最优请求拆分与流水线优化\n*   **挑战**：面对在线请求，如何利用副本将请求拆分为最优的页面组合（类似于“集合覆盖问题”），且不能增加系统延迟。\n*   **系统级优化**：\n    1.  **流水线化（Pipelining）**：将 SSD IO 与计算任务并行化。\n    2.  **两阶段决策**：系统首先识别并发出“必须读取”的页面请求；在等待 SSD 返回数据的空档期，利用 CPU 计算后续的最优读取策略，从而抵消算法开销。\n\n## 4. 实验结果与结论\n实验数据表明，MaxEmbed 能够显著提升硬件资源利用率：\n- **空间开销**：仅需 20% 的额外空间放大。\n- **性能提升**：系统吞吐率（Throughput）提升了 **30%**。\n\n**总结**：MaxEmbed 通过选择性副本策略，打破了传统单副本存储的限制，有效解决了 SSD 在处理稀疏参数读取时的带宽瓶颈问题。",
    "summary": "",
    "original_script": "最后来到 SSD 层的工作 MaxEmbed，解决粒度不匹配导致的读放大问题。\n现有工作尝试将容易共现的参数放在同一个 SSD Page 中，以增加单次读取的有效数据量。\n但我们发现这还不够。Facebook 的 SHP 工作即使采用精巧的排布，有效带宽也仅能从 6% 提升到 8%，硬件利用率依然极低。\n分析原因发现，现有工作将参数共现关系视为超图中的边，并利用超图划分算法将其切分为子图。\n每个子图内的参数数量少于一个 SSD Block。\n虽然这能捕获部分共现关系，但由于一个参数在磁盘上只存一份，它只能归属于一个子图。\n然而现实中，一个参数往往存在于多组共现关系中。统计显示，这种情况占比超过 30%。\n举个生活化的例子：我想买平板，可能关注华为 MatePad、iPad Air 或小米平板。\n如果我只想买 iPad，可能关注 iPad Air、iPad mini 及其壳膜。\n如果是“果粉”，可能关注 iPad、MacBook 和 iPhone。\n这三组关系叠加后，iPad mini 和 iPad Air 就成了热点。现有的划分方式只能捕获其中一类共现关系，不够高效。\n我们的核心想法是利用廉价的磁盘空间换取带宽。\n具体而言，为热点参数创建额外的副本，尽可能多地捕获组合关系。这样原本需要三次读取的操作，现在可能只需两次。\n实现这一目标涉及两个复杂问题：一是离线选择哪些参数做副本，这是一个 NP-Hard 的数学问题，我们提出了相应的解法。\n二是面对在线请求，如何利用副本将其拆分为最优的页面组合。这看似是集合覆盖问题，但在线系统没有时间运行复杂算法。\n我们将其转化为系统问题，通过流水线化 SSD IO 和计算，先确定必须读取的页面并发出请求，在等待过程中再计算后续的最优读取策略。\n实验结果显示，在 20% 的空间放大下，吞吐率提升了 30%，更高效地利用了 SSD 带宽。\n小结：针对磁盘读放大，我们采取了选择性副本策略。"
  },
  "artifacts": [
    "output/ScienceEducationInnovation/part_02/final/07_script_refine/5/artifacts/section_sec_006_refined.md"
  ],
  "metadata": {
    "refined_length": 1225,
    "original_length": 822,
    "summary_length": 0
  },
  "trace_id": "dc362d9d-e879-4a78-823d-f4f0c93e3532",
  "duration_ms": 35116,
  "started_at": "2025-12-19T00:56:09.942781",
  "completed_at": "2025-12-18T16:56:45.061336",
  "step_config": {
    "model": "gemini-3-flash-preview",
    "temperature": 0.2,
    "prompt_file": "/Users/lichuan/Codes/TalkDistill/config/prompts/script_refine.md",
    "schema_file": "/Users/lichuan/Codes/TalkDistill/config/schemas/script_refine.json"
  },
  "dependencies": [
    "section_timing"
  ]
}