{
  "address": "ScienceEducationInnovation/part_04/chunk_00/07_capture_frame/slide_001",
  "status": "completed",
  "input": {
    "video": "output/ScienceEducationInnovation/part_04/chunk_00/01_cut_chunk/artifacts/chunk_high.mp4",
    "timestamp": "00:00:23.200",
    "frame_id": "slide_001",
    "output_ext": ".png"
  },
  "output": "output/ScienceEducationInnovation/part_04/chunk_00/07_capture_frame/slide_001/artifacts/slide_001.png",
  "artifacts": [
    "output/ScienceEducationInnovation/part_04/chunk_00/07_capture_frame/slide_001/artifacts/slide_001.png"
  ],
  "metadata": {
    "timestamp": "00:00:23.200",
    "frame_id": "slide_001",
    "ffmpeg": "/opt/homebrew/bin/ffmpeg"
  },
  "trace_id": null,
  "duration_ms": 362,
  "started_at": "2025-12-21T23:17:27.051140",
  "completed_at": "2025-12-21T15:17:27.414197",
  "step_config": {},
  "dependencies": [
    "slide_timeline"
  ]
}