{
  "address": "ScienceEducationInnovation/part_02/chunk_00/07_capture_frame/slide_034",
  "status": "completed",
  "input": {
    "video": "output/ScienceEducationInnovation/part_02/chunk_00/01_cut_chunk/artifacts/chunk_high.mp4",
    "timestamp": "00:17:39.980",
    "frame_id": "slide_034",
    "output_ext": ".png"
  },
  "output": "output/ScienceEducationInnovation/part_02/chunk_00/07_capture_frame/slide_034/artifacts/slide_034.png",
  "artifacts": [
    "output/ScienceEducationInnovation/part_02/chunk_00/07_capture_frame/slide_034/artifacts/slide_034.png"
  ],
  "metadata": {
    "timestamp": "00:17:39.980",
    "frame_id": "slide_034",
    "ffmpeg": "/opt/homebrew/bin/ffmpeg"
  },
  "trace_id": null,
  "duration_ms": 3822,
  "started_at": "2025-12-17T10:50:27.902274",
  "completed_at": "2025-12-17T02:50:31.726366",
  "step_config": {},
  "dependencies": [
    "slide_timeline"
  ]
}