{
  "address": "ScienceEducationInnovation/part_04/chunk_00/08_crop_decision/slide_024",
  "status": "completed",
  "input": {
    "image_path": "output/ScienceEducationInnovation/part_04/chunk_00/07_capture_frame/slide_024/artifacts/slide_024.png",
    "slide_index": 24,
    "slide_title": "工作 3：基于动态重建链的快速失效恢复技术 介绍 Device Proxy 和 Flexible CCL 技术，加速通信故障恢复。"
  },
  "output": null,
  "artifacts": [
    "output/ScienceEducationInnovation/part_04/chunk_00/07_capture_frame/slide_024/artifacts/slide_024.png"
  ],
  "metadata": {
    "needs_crop": false,
    "reason": "MANUAL_NO_CROP",
    "manual_override": true
  },
  "trace_id": null,
  "duration_ms": 0,
  "started_at": "2025-12-21T23:27:05.889686",
  "completed_at": "2025-12-21T15:27:05.914132",
  "step_config": {
    "model": "gemini-3-flash-preview",
    "temperature": 0.1,
    "prompt_file": "/Users/lichuan/Codes/TalkDistill/config/prompts/crop_decision.md",
    "schema_file": "/Users/lichuan/Codes/TalkDistill/config/schemas/crop_decision.json"
  },
  "dependencies": [
    "capture_frame"
  ]
}