{
  "address": "day1_main/part_07/chunk_00/07_capture_frame/slide_003",
  "status": "completed",
  "input": {
    "video": "output/day1_main/part_07/chunk_00/01_cut_chunk/artifacts/chunk_high.mp4",
    "timestamp": "00:03:21.100",
    "frame_id": "slide_003",
    "output_ext": ".png"
  },
  "output": "output/day1_main/part_07/chunk_00/07_capture_frame/slide_003/artifacts/slide_003.png",
  "artifacts": [
    "output/day1_main/part_07/chunk_00/07_capture_frame/slide_003/artifacts/slide_003.png"
  ],
  "metadata": {
    "timestamp": "00:03:21.100",
    "frame_id": "slide_003",
    "ffmpeg": "/opt/homebrew/bin/ffmpeg"
  },
  "trace_id": null,
  "duration_ms": 632,
  "started_at": "2025-12-17T19:28:02.258680",
  "completed_at": "2025-12-17T11:28:02.893232",
  "step_config": {},
  "dependencies": [
    "slide_timeline"
  ]
}