{
  "address": "ai_session/part_00/chunk_00/09_apply_crop/slide_003",
  "status": "completed",
  "input": {
    "image_path": "output/ai_session/part_00/chunk_00/07_capture_frame/slide_003/artifacts/slide_003.png",
    "crop_region": {
      "x": 579,
      "y": 150,
      "width": 1340,
      "height": 929
    }
  },
  "output": "output/ai_session/part_00/chunk_00/09_apply_crop/slide_003/artifacts/slide_003.png",
  "artifacts": [
    "output/ai_session/part_00/chunk_00/09_apply_crop/slide_003/artifacts/slide_003.png"
  ],
  "metadata": {
    "source": "output/ai_session/part_00/chunk_00/07_capture_frame/slide_003/artifacts/slide_003.png",
    "applied": true,
    "crop_region": {
      "x": 579,
      "y": 150,
      "width": 1340,
      "height": 929
    },
    "size": {
      "width": 1340,
      "height": 929
    }
  },
  "trace_id": null,
  "duration_ms": 618,
  "started_at": "2025-12-15T21:22:58.818005",
  "completed_at": "2025-12-15T13:22:59.438172",
  "step_config": {},
  "dependencies": [
    "capture_frame",
    "crop_decision"
  ]
}