{
  "address": "ScienceEducationInnovation/part_04/chunk_00/07_capture_frame/slide_022",
  "status": "completed",
  "input": {
    "video": "output/ScienceEducationInnovation/part_04/chunk_00/01_cut_chunk/artifacts/chunk_high.mp4",
    "timestamp": "00:17:45.900",
    "frame_id": "slide_022",
    "output_ext": ".png"
  },
  "output": "output/ScienceEducationInnovation/part_04/chunk_00/07_capture_frame/slide_022/artifacts/slide_022.png",
  "artifacts": [
    "output/ScienceEducationInnovation/part_04/chunk_00/07_capture_frame/slide_022/artifacts/slide_022.png"
  ],
  "metadata": {
    "timestamp": "00:17:45.900",
    "frame_id": "slide_022",
    "ffmpeg": "/opt/homebrew/bin/ffmpeg"
  },
  "trace_id": null,
  "duration_ms": 2340,
  "started_at": "2025-12-21T23:17:27.056288",
  "completed_at": "2025-12-21T15:17:29.398163",
  "step_config": {},
  "dependencies": [
    "slide_timeline"
  ]
}