{
  "address": "ScienceEducationInnovation/part_03/chunk_00/07_capture_frame/slide_030",
  "status": "completed",
  "input": {
    "video": "output/ScienceEducationInnovation/part_03/chunk_00/01_cut_chunk/artifacts/chunk_high.mp4",
    "timestamp": "00:19:52.040",
    "frame_id": "slide_030",
    "output_ext": ".png"
  },
  "output": "output/ScienceEducationInnovation/part_03/chunk_00/07_capture_frame/slide_030/artifacts/slide_030.png",
  "artifacts": [
    "output/ScienceEducationInnovation/part_03/chunk_00/07_capture_frame/slide_030/artifacts/slide_030.png"
  ],
  "metadata": {
    "timestamp": "00:19:52.040",
    "frame_id": "slide_030",
    "ffmpeg": "/opt/homebrew/bin/ffmpeg"
  },
  "trace_id": null,
  "duration_ms": 2350,
  "started_at": "2025-12-19T01:07:58.339476",
  "completed_at": "2025-12-18T17:08:00.690301",
  "step_config": {},
  "dependencies": [
    "slide_timeline"
  ]
}