{
  "address": "ScienceEducationInnovation/part_03/chunk_00/08_crop_decision/slide_028",
  "status": "completed",
  "input": {
    "image_path": "output/ScienceEducationInnovation/part_03/chunk_00/07_capture_frame/slide_028/artifacts/slide_028.png",
    "slide_index": 28,
    "slide_title": "其他工作 - WASEM/SPFuzz/PKUS 软件分析与漏洞挖掘、可信数据共享流通系统"
  },
  "output": null,
  "artifacts": [
    "output/ScienceEducationInnovation/part_03/chunk_00/07_capture_frame/slide_028/artifacts/slide_028.png"
  ],
  "metadata": {
    "needs_crop": false,
    "reason": "MANUAL_NO_CROP",
    "manual_override": true
  },
  "trace_id": null,
  "duration_ms": 0,
  "started_at": "2025-12-18T17:08:07.095258+00:00",
  "completed_at": "2025-12-18T17:08:07.095258+00:00",
  "step_config": {
    "manual_override": true
  },
  "dependencies": [
    "capture_frame"
  ]
}