{
  "address": "day2_main/part_05/chunk_00/01_cut_chunk",
  "status": "completed",
  "input": {
    "video": "/Users/lichuan/Codes/TalkDistill/day2_main.mp4",
    "start": 3645.93,
    "duration": 934.1100000000001,
    "output_name": "chunk_high.mp4"
  },
  "output": {
    "path": "output/day2_main/part_05/chunk_00/01_cut_chunk/artifacts/chunk_high.mp4",
    "start": 3645.93,
    "duration": 934.1100000000001
  },
  "artifacts": [
    "output/day2_main/part_05/chunk_00/01_cut_chunk/artifacts/chunk_high.mp4"
  ],
  "metadata": {
    "ffmpeg": "/opt/homebrew/bin/ffmpeg",
    "start": 3645.93,
    "duration": 934.1100000000001,
    "size_bytes": 541502719
  },
  "trace_id": null,
  "duration_ms": 564,
  "started_at": "2025-12-17T20:58:58.606468",
  "completed_at": "2025-12-17T12:58:59.172489",
  "step_config": {},
  "dependencies": []
}