{
  "address": "ScienceEducationInnovation/part_04/chunk_00/07_capture_frame/slide_030",
  "status": "completed",
  "input": {
    "video": "output/ScienceEducationInnovation/part_04/chunk_00/01_cut_chunk/artifacts/chunk_high.mp4",
    "timestamp": "00:21:01.000",
    "frame_id": "slide_030",
    "output_ext": ".png"
  },
  "output": "output/ScienceEducationInnovation/part_04/chunk_00/07_capture_frame/slide_030/artifacts/slide_030.png",
  "artifacts": [
    "output/ScienceEducationInnovation/part_04/chunk_00/07_capture_frame/slide_030/artifacts/slide_030.png"
  ],
  "metadata": {
    "timestamp": "00:21:01.000",
    "frame_id": "slide_030",
    "ffmpeg": "/opt/homebrew/bin/ffmpeg"
  },
  "trace_id": null,
  "duration_ms": 3122,
  "started_at": "2025-12-21T23:17:27.058034",
  "completed_at": "2025-12-21T15:17:30.181142",
  "step_config": {},
  "dependencies": [
    "slide_timeline"
  ]
}