{
  "address": "ScienceEducationInnovation/part_03/chunk_00/07_capture_frame/slide_009",
  "status": "completed",
  "input": {
    "video": "output/ScienceEducationInnovation/part_03/chunk_00/01_cut_chunk/artifacts/chunk_high.mp4",
    "timestamp": "00:05:43.000",
    "frame_id": "slide_009",
    "output_ext": ".png"
  },
  "output": "output/ScienceEducationInnovation/part_03/chunk_00/07_capture_frame/slide_009/artifacts/slide_009.png",
  "artifacts": [
    "output/ScienceEducationInnovation/part_03/chunk_00/07_capture_frame/slide_009/artifacts/slide_009.png"
  ],
  "metadata": {
    "timestamp": "00:05:43.000",
    "frame_id": "slide_009",
    "ffmpeg": "/opt/homebrew/bin/ffmpeg"
  },
  "trace_id": null,
  "duration_ms": 895,
  "started_at": "2025-12-19T01:07:58.330528",
  "completed_at": "2025-12-18T17:07:59.226337",
  "step_config": {},
  "dependencies": [
    "slide_timeline"
  ]
}