{
  "id": "sec_4",
  "index": 3,
  "title": "传统中间件运维的挑战与痛点",
  "time_range": "00:03:11,360 - 00:06:13,830",
  "script": "我们大家经常在使用中间件的过程当中，经常会遇到几个难题。第一个就是中间件的复杂度相对于其他的应用软件是比较高的，所以说使用起来非常复杂。然后基于这个复杂，所以说在我们的开发、部署，甚至是后续的运维过程当中，我们的效率会非常低。甚至到最后运维阶段，我们出现问题去查询问题，甚至去解决问题的时候，经常都是对于客户而言，他经常是两眼一抹黑，他找不到问题点。所以说它对客户来讲，它的易用性比较差。在整个中间件的使用的生命周期当中，我们分为这几个阶段。第一个是资源规划阶段。在我们所有的企业和所有的用户在一个产品或者是某一向重大决策需要上线的时候，我们提前第一步做的就是资源规划。往往这个资源规划阶段，大家都是根据个人经验然后去评定，比如说我要划分多少硬件的资源，我要划分多少软件的资源。往往经过人自己主观意愿去划分的这个资源往往是不合适的，有时候偏高，有时候偏低。那么偏高的话，给企业带来的就是成本偏高。偏低的话，企业面临的问题就是当我的产品上线的时候，就会面临性能问题。所以说这个问题在所有资源规划阶段就会产生非常重大的影响。第二是资源规划完了以后，在我们的产品的开发和我们中间件的配置阶段也是非常困难。因为中间件有一部分的配置非常专业，所以说在这个开发人员去调用API的时候，他不知道如何去配。然后开发的时候调用API的时候，他也不知道如何去调，往往要翻阅大量的说明书，甚至是去目前去网上搜索，然后才能把那个相关的中间件调通。上线的时候去配置的时候，由于开发人员的测试环境和我们生产环境上中间件环境、中间件的这个配置不一样，所以导致经常出现的问题就是开发测试出来的数据结果和线上生产环境运行的数据结果往往导致不一致。这样往往是会让我们上线的业务产生很多的问题。那么到部署和测试阶段的话，部署我们前面说过，它的配置相对复杂，所以说这也是一大难题。但是测试就更不用说，用户根本就无法知道我这次的修改或我这次的环境迭代以后，我的测试该如何进行，中间件该测试哪些指标，然后我的软件如何部署在这个中间件里面能测试出最高的性能，这也是非常重大的一个问题。而最终到运维阶段，到运维阶段的话，我们前面说过，它寻找问题，中间件要需要专业的知识才能找到，通过中间件找到无论是应用的开发的问题，还是我们中间件本身的性能配置的问题，这都是非常依赖人工去做。",
  "summary": "传统中间件因其高复杂度导致开发、部署及运维效率低下，易用性差。在资源规划、开发配置、部署测试及最终运维的整个生命周期中，用户普遍面临资源评估不准、配置困难、环境不一致、问题排查依赖专业人工等痛点。"
}