{
  "address": "ai_session/part_01/chunk_00/09_apply_crop/slide_007",
  "status": "completed",
  "input": {
    "image_path": "output/ai_session/part_01/chunk_00/07_capture_frame/slide_007/artifacts/slide_007.png",
    "crop_region": {
      "x": 585,
      "y": 200,
      "width": 1315,
      "height": 835
    }
  },
  "output": "output/ai_session/part_01/chunk_00/09_apply_crop/slide_007/artifacts/slide_007.png",
  "artifacts": [
    "output/ai_session/part_01/chunk_00/09_apply_crop/slide_007/artifacts/slide_007.png"
  ],
  "metadata": {
    "source": "output/ai_session/part_01/chunk_00/07_capture_frame/slide_007/artifacts/slide_007.png",
    "applied": true,
    "crop_region": {
      "x": 585,
      "y": 200,
      "width": 1315,
      "height": 835
    },
    "size": {
      "width": 1315,
      "height": 835
    }
  },
  "trace_id": null,
  "duration_ms": 144,
  "started_at": "2025-12-15T22:21:11.737404",
  "completed_at": "2025-12-15T14:21:11.921229",
  "step_config": {},
  "dependencies": [
    "capture_frame",
    "crop_decision"
  ]
}