{
  "address": "ai_session/part_01/chunk_00/09_apply_crop/slide_002",
  "status": "completed",
  "input": {
    "image_path": "output/ai_session/part_01/chunk_00/07_capture_frame/slide_002/artifacts/slide_002.png",
    "crop_region": {
      "x": 84,
      "y": 64,
      "width": 1684,
      "height": 799
    }
  },
  "output": "output/ai_session/part_01/chunk_00/09_apply_crop/slide_002/artifacts/slide_002.png",
  "artifacts": [
    "output/ai_session/part_01/chunk_00/09_apply_crop/slide_002/artifacts/slide_002.png"
  ],
  "metadata": {
    "source": "output/ai_session/part_01/chunk_00/07_capture_frame/slide_002/artifacts/slide_002.png",
    "applied": true,
    "crop_region": {
      "x": 84,
      "y": 64,
      "width": 1684,
      "height": 799
    },
    "size": {
      "width": 1684,
      "height": 799
    }
  },
  "trace_id": null,
  "duration_ms": 261,
  "started_at": "2025-12-15T22:21:11.734607",
  "completed_at": "2025-12-15T14:21:11.997357",
  "step_config": {},
  "dependencies": [
    "capture_frame",
    "crop_decision"
  ]
}