{
  "address": "ai_session/part_04/final/03_part_cut",
  "status": "completed",
  "input": {
    "video": "ai_session.mp4",
    "start": 4619.73,
    "duration": 437.35000000000036,
    "output_name": "part_high.mp4"
  },
  "output": {
    "path": "output/ai_session/part_04/final/03_part_cut/artifacts/part_high.mp4",
    "start": 4619.73,
    "duration": 437.35000000000036
  },
  "artifacts": [
    "output/ai_session/part_04/final/03_part_cut/artifacts/part_high.mp4"
  ],
  "metadata": {
    "ffmpeg": "/opt/homebrew/bin/ffmpeg",
    "start": 4619.73,
    "duration": 437.35000000000036,
    "size_bytes": 227164346
  },
  "trace_id": null,
  "duration_ms": 781,
  "started_at": "2025-12-15T17:53:11.920055",
  "completed_at": "2025-12-15T09:53:12.702827",
  "step_config": {},
  "dependencies": []
}