{
  "address": "ai_session/part_10/final/10_part_digest",
  "status": "completed",
  "input": {
    "part_index": 10,
    "part_start_s": 9815.25,
    "part_duration_s": 791.75,
    "sections": [
      {
        "id": "sec_1",
        "index": 0,
        "title": "ANNC：加速深度学习模型推理的AI编译器",
        "time_range": "00:00:00,000 - 00:00:40,205",
        "summary": "华为软件工程师郑晨卉介绍了团队的最新研究成果 ANNC。ANNC 是一款面向 CPU、用于加速深度学习模型推理的 AI 编译器。",
        "start_ms": 0,
        "end_ms": 40205,
        "material_ids": [
          "chunk_00/slide_001",
          "chunk_00/slide_002"
        ]
      },
      {
        "id": "sec_2",
        "index": 1,
        "title": "为何在CPU上进行AI推理？",
        "time_range": "00:00:41,290 - 00:02:35,662",
        "summary": "该部分从性能和成本两个角度，分析了在CPU上进行AI推理的必要性。性能上，CPU的多层级缓存使其在处理搜推、广告等场景的稀疏、不规则数据访问时更具优势，且能为小模型提供更低的端到端时延。成本上，CPU在低算力需求下硬件成本更低，软件栈更成熟，从而降低了开发和维护成本。",
        "start_ms": 41290,
        "end_ms": 155662,
        "material_ids": [
          "chunk_00/slide_003"
        ]
      },
      {
        "id": "sec_3",
        "index": 2,
        "title": "ANNC 整体架构与关键技术",
        "time_range": "00:02:36,390 - 00:07:30,745",
        "summary": "本节介绍了面向CPU的神经网络推理加速编译器ANNC的整体架构，其优化覆盖框架层和编译层，实现了端到端的优化闭环。接着，详细阐述了两大关键技术：一是针对矩阵乘算子的数据布局优化，通过编译期静态打包和最优布局传递，显著降低访存开销；二是一种自适应的算子优化和快速生成技术，通过硬件感知的模板化设计，可生成对特定硬件和形状最优的高性能算子。",
        "start_ms": 156390,
        "end_ms": 450745,
        "material_ids": [
          "chunk_00/slide_004",
          "chunk_00/slide_005",
          "chunk_00/slide_006"
        ]
      },
      {
        "id": "sec_4",
        "index": 3,
        "title": "客户模型调优案例分享",
        "time_range": "00:07:32,950 - 00:10:44,255",
        "summary": "本节分享了两个客户模型调优案例。一是针对广告模型中占比高的Embedding层，通过人工图融合与手写高性能Kernel，将大量小算子融合成一个大算子，提升了5%的推理性能。二是通过常量折叠优化，将MatMul、BiasAdd及被拆分的BatchNorm操作等效变换为一个MatMul加BiasAdd操作，使单个模型推理时延降低了10%。",
        "start_ms": 452950,
        "end_ms": 644255,
        "material_ids": [
          "chunk_00/slide_007",
          "chunk_00/slide_008"
        ]
      },
      {
        "id": "sec_5",
        "index": 4,
        "title": "下一步工作方向",
        "time_range": "00:10:46,140 - 00:12:19,515",
        "summary": "基于客户反馈和落地痛点，我们梳理了下一步的重点工作方向。这包括从手工融合走向自动融合，增强编译器对动态batch的支持，优化算子间的并行执行以发挥多核CPU性能，以及打造面向CPU的自动PTQ量化工具链。",
        "start_ms": 646140,
        "end_ms": 739515,
        "material_ids": [
          "chunk_00/slide_009"
        ]
      },
      {
        "id": "sec_6",
        "index": 5,
        "title": "总结与资源获取",
        "time_range": "00:12:22,360 - 00:13:11,750",
        "summary": "讲者宣布 ANNC 的源代码及文档已在 openEuler 社区开源，欢迎大家下载使用并提出宝贵意见。主持人随后总结了分享内容，强调通过编译器自动完成的融合算子、常量折叠等优化，可以在搜推广告等场景中获得显著的性能提升。",
        "start_ms": 742360,
        "end_ms": 791750,
        "material_ids": [
          "chunk_00/slide_010",
          "chunk_00/slide_011"
        ]
      }
    ],
    "materials": [
      {
        "id": "chunk_00/slide_001",
        "type": "slide",
        "title": "AI分论坛 分论坛封面",
        "start_ms": 0,
        "end_ms": 7200,
        "best_capture_ms": null
      },
      {
        "id": "chunk_00/slide_002",
        "type": "slide",
        "title": "ANNC 加速深度学习模型推理的AI编译器 演讲标题页",
        "start_ms": 8000,
        "end_ms": 40800,
        "best_capture_ms": null
      },
      {
        "id": "chunk_00/slide_003",
        "type": "slide",
        "title": "为什么在CPU上进行AI推理？ 分析性能优势与成本优势",
        "start_ms": 42000,
        "end_ms": 155500,
        "best_capture_ms": null
      },
      {
        "id": "chunk_00/slide_004",
        "type": "slide",
        "title": "ANNC: 图优化、高性能算子库、指令优化自动调优能力 整体架构与关键技术介绍",
        "start_ms": 157000,
        "end_ms": 250500,
        "best_capture_ms": null
      },
      {
        "id": "chunk_00/slide_005",
        "type": "slide",
        "title": "GEMM算子数据布局优化 消除运行时数据重排开销",
        "start_ms": 252000,
        "end_ms": 355500,
        "best_capture_ms": null
      },
      {
        "id": "chunk_00/slide_006",
        "type": "slide",
        "title": "CPU感知的自适应算子优化与快速生成 基于模板的算子生成技术",
        "start_ms": 357000,
        "end_ms": 451500,
        "best_capture_ms": null
      },
      {
        "id": "chunk_00/slide_007",
        "type": "slide",
        "title": "客户模型调优: Embedding融合算子 针对搜推场景的图算融合优化",
        "start_ms": 453000,
        "end_ms": 562500,
        "best_capture_ms": null
      },
      {
        "id": "chunk_00/slide_008",
        "type": "slide",
        "title": "客户模型调优: MatMul+BiasAdd+BN常量折叠 Batch Norm层优化案例",
        "start_ms": 564000,
        "end_ms": 645500,
        "best_capture_ms": null
      },
      {
        "id": "chunk_00/slide_009",
        "type": "slide",
        "title": "下一步计划 自动融合、动态Shape、并行优化等未来工作",
        "start_ms": 647000,
        "end_ms": 741500,
        "best_capture_ms": null
      },
      {
        "id": "chunk_00/slide_010",
        "type": "slide",
        "title": "资源获取与社区支持 开源代码与文档二维码",
        "start_ms": 743000,
        "end_ms": 760500,
        "best_capture_ms": null
      },
      {
        "id": "chunk_00/slide_011",
        "type": "slide",
        "title": "AI分论坛 结束页",
        "start_ms": 762000,
        "end_ms": 791750,
        "best_capture_ms": null
      }
    ],
    "graph": {
      "nodes": [
        {
          "id": "p1",
          "label": "CPU推理的动机",
          "category": "Pillar",
          "references": {
            "section_ids": [
              "sec_2"
            ],
            "material_ids": [
              "chunk_00/slide_003"
            ],
            "highlight": {
              "primary_material_id": "chunk_00/slide_003",
              "primary_time_ts": "00:00:42,000",
              "primary_time_ms": 42000
            }
          },
          "parent": null,
          "summary": "分析在专用AI加速器蓬勃发展的背景下，继续在CPU上进行AI推理的必要性，主要从性能（稀疏数据处理、低延迟）和成本（硬件、开发维护）两个维度展开。"
        },
        {
          "id": "d1_1",
          "label": "性能优势",
          "category": "Concept",
          "references": {
            "section_ids": [
              "sec_2"
            ],
            "material_ids": [
              "chunk_00/slide_003"
            ],
            "highlight": {
              "primary_material_id": "chunk_00/slide_003",
              "primary_time_ts": "00:00:52,000",
              "primary_time_ms": 52000
            }
          },
          "parent": "p1",
          "summary": "CPU的多层级缓存使其在处理搜推、广告等场景的稀疏、不规则数据访问时更具优势，且能为小模型提供更低的端到端时延，避免了与加速器之间的通信和数据拷贝开销。"
        },
        {
          "id": "d1_2",
          "label": "成本优势",
          "category": "Concept",
          "references": {
            "section_ids": [
              "sec_2"
            ],
            "material_ids": [
              "chunk_00/slide_003"
            ],
            "highlight": {
              "primary_material_id": "chunk_00/slide_003",
              "primary_time_ts": "00:01:33,000",
              "primary_time_ms": 93000
            }
          },
          "parent": "p1",
          "summary": "在低算力需求下，CPU硬件成本更低，且其成熟的软件栈降低了应用的开发、部署和长期维护成本。"
        },
        {
          "id": "p2",
          "label": "ANNC 核心架构与技术",
          "category": "Pillar",
          "references": {
            "section_ids": [
              "sec_1",
              "sec_3"
            ],
            "material_ids": [
              "chunk_00/slide_002",
              "chunk_00/slide_004",
              "chunk_00/slide_005",
              "chunk_00/slide_006"
            ],
            "highlight": {
              "primary_material_id": "chunk_00/slide_004",
              "primary_time_ts": "00:02:37,000",
              "primary_time_ms": 157000
            }
          },
          "parent": null,
          "summary": "介绍AI编译器ANNC的整体架构，涵盖框架层和编译层的优化，并深入讲解两大关键技术：矩阵乘的数据布局优化和自适应的算子生成技术。"
        },
        {
          "id": "d2_1",
          "label": "ANNC 简介",
          "category": "Concept",
          "references": {
            "section_ids": [
              "sec_1"
            ],
            "material_ids": [
              "chunk_00/slide_001",
              "chunk_00/slide_002"
            ],
            "highlight": {
              "primary_material_id": "chunk_00/slide_002",
              "primary_time_ts": "00:00:08,000",
              "primary_time_ms": 8000
            }
          },
          "parent": "p2",
          "summary": "ANNC是一款基于XLA的AI编译器，专为加速CPU上的深度学习模型推理而设计，尤其关注搜索与推荐等应用场景。"
        },
        {
          "id": "d2_2",
          "label": "ANNC 整体架构",
          "category": "Technology",
          "references": {
            "section_ids": [
              "sec_3"
            ],
            "material_ids": [
              "chunk_00/slide_004"
            ],
            "highlight": {
              "primary_material_id": "chunk_00/slide_004",
              "primary_time_ts": "00:02:40,000",
              "primary_time_ms": 160000
            }
          },
          "parent": "p2",
          "summary": "ANNC架构贯穿框架层（图算融合）和编译层（图优化、算子优化），向上对接主流框架，向下亲和鲲鹏硬件，实现端到端优化闭环。"
        },
        {
          "id": "d2_3",
          "label": "矩阵乘数据布局优化",
          "category": "Technology",
          "references": {
            "section_ids": [
              "sec_3"
            ],
            "material_ids": [
              "chunk_00/slide_005"
            ],
            "highlight": {
              "primary_material_id": "chunk_00/slide_005",
              "primary_time_ts": "00:04:12,000",
              "primary_time_ms": 252000
            }
          },
          "parent": "p2",
          "summary": "通过编译期静态打包权重和算子间最优布局传递，将数据重排（Repack）操作从运行时前移到编译期，消除运行时开销，显著降低访存压力，提升5%吞吐率。"
        },
        {
          "id": "d2_4",
          "label": "自适应算子优化与生成",
          "category": "Technology",
          "references": {
            "section_ids": [
              "sec_3"
            ],
            "material_ids": [
              "chunk_00/slide_006"
            ],
            "highlight": {
              "primary_material_id": "chunk_00/slide_006",
              "primary_time_ts": "00:05:57,000",
              "primary_time_ms": 357000
            }
          },
          "parent": "p2",
          "summary": "利用硬件感知优化、基于MLIR的智能中端优化和模板化设计，为MatMul等关键算子快速生成适配特定硬件和形状（Shape）的高性能代码，性能优于OpenBLAS。"
        },
        {
          "id": "p3",
          "label": "客户模型调优案例",
          "category": "Pillar",
          "references": {
            "section_ids": [
              "sec_4"
            ],
            "material_ids": [
              "chunk_00/slide_007",
              "chunk_00/slide_008"
            ],
            "highlight": {
              "primary_material_id": "chunk_00/slide_007",
              "primary_time_ts": "00:07:33,000",
              "primary_time_ms": 453000
            }
          },
          "parent": null,
          "summary": "分享两个在客户实际业务中落地的调优案例：针对广告模型的Embedding层融合优化，以及通过常量折叠优化MatMul、BiasAdd和BatchNorm组合。"
        },
        {
          "id": "d3_1",
          "label": "案例一：Embedding层图算融合",
          "category": "Result",
          "references": {
            "section_ids": [
              "sec_4"
            ],
            "material_ids": [
              "chunk_00/slide_007"
            ],
            "highlight": {
              "primary_material_id": "chunk_00/slide_007",
              "primary_time_ts": "00:07:33,000",
              "primary_time_ms": 453000
            }
          },
          "parent": "p3",
          "summary": "针对广告模型中计算占比高的Embedding层，通过人工识别融合模式并手写高性能Kernel，将大量小算子融合成一个大算子，提升了5%的推理性能。"
        },
        {
          "id": "d3_2",
          "label": "案例二：常量折叠优化",
          "category": "Result",
          "references": {
            "section_ids": [
              "sec_4"
            ],
            "material_ids": [
              "chunk_00/slide_008"
            ],
            "highlight": {
              "primary_material_id": "chunk_00/slide_008",
              "primary_time_ts": "00:09:24,000",
              "primary_time_ms": 564000
            }
          },
          "parent": "p3",
          "summary": "利用数学等效变换，将MatMul、BiasAdd及被拆分的BatchNorm操作折叠为一个MatMul加BiasAdd，省去多个小算子计算，使单个模型推理时延降低10%。"
        },
        {
          "id": "p4",
          "label": "未来规划与开源",
          "category": "Pillar",
          "references": {
            "section_ids": [
              "sec_5",
              "sec_6"
            ],
            "material_ids": [
              "chunk_00/slide_009",
              "chunk_00/slide_010",
              "chunk_00/slide_011"
            ],
            "highlight": {
              "primary_material_id": "chunk_00/slide_009",
              "primary_time_ts": "00:10:47,000",
              "primary_time_ms": 647000
            }
          },
          "parent": null,
          "summary": "基于落地痛点，规划了ANNC的下一步工作，包括自动图融合、支持动态Batch、优化并行执行和构建PTQ量化工具链，并宣布项目已在openEuler社区开源。"
        },
        {
          "id": "d4_1",
          "label": "下一步工作方向",
          "category": "Concept",
          "references": {
            "section_ids": [
              "sec_5"
            ],
            "material_ids": [
              "chunk_00/slide_009"
            ],
            "highlight": {
              "primary_material_id": "chunk_00/slide_009",
              "primary_time_ts": "00:10:47,000",
              "primary_time_ms": 647000
            }
          },
          "parent": "p4",
          "summary": "重点工作包括：从手工融合走向自动融合，增强对动态Batch的支持，优化算子间并行执行以发挥多核性能，以及打造面向CPU的自动PTQ量化工具链。"
        },
        {
          "id": "d4_2",
          "label": "开源与资源",
          "category": "Concept",
          "references": {
            "section_ids": [
              "sec_6"
            ],
            "material_ids": [
              "chunk_00/slide_010",
              "chunk_00/slide_011"
            ],
            "highlight": {
              "primary_material_id": "chunk_00/slide_010",
              "primary_time_ts": "00:12:23,000",
              "primary_time_ms": 743000
            }
          },
          "parent": "p4",
          "summary": "ANNC的源代码及相关文档已在openEuler社区开源，欢迎社区下载使用、提出意见，未来优化成果也将持续贡献至社区。"
        }
      ],
      "edges": [
        {
          "source": "p1",
          "target": "p2",
          "relation_type": "sequential",
          "label": "引出"
        },
        {
          "source": "p2",
          "target": "p3",
          "relation_type": "sequential",
          "label": "应用于"
        },
        {
          "source": "p3",
          "target": "p4",
          "relation_type": "sequential",
          "label": "展望未来"
        },
        {
          "source": "d1_1",
          "target": "d1_2",
          "relation_type": "parallel",
          "label": "并列优势"
        },
        {
          "source": "d2_1",
          "target": "d2_2",
          "relation_type": "compositional",
          "label": "展开为"
        },
        {
          "source": "d2_2",
          "target": "d2_3",
          "relation_type": "compositional",
          "label": "包含关键技术"
        },
        {
          "source": "d2_3",
          "target": "d2_4",
          "relation_type": "parallel",
          "label": "并列关键技术"
        },
        {
          "source": "d3_1",
          "target": "d3_2",
          "relation_type": "parallel",
          "label": "并列案例"
        },
        {
          "source": "d4_1",
          "target": "d4_2",
          "relation_type": "parallel",
          "label": "并列主题"
        }
      ]
    }
  },
  "output": {
    "part_index": 10,
    "title": "ANNC：加速CPU深度学习推理的AI编译器",
    "type_tag": "AI编译器架构",
    "tech_tags": [
      "ANNC",
      "AI编译器",
      "CPU推理",
      "图算融合",
      "算子生成",
      "数据布局优化",
      "常量折叠",
      "Embedding融合",
      "XLA",
      "PTQ量化",
      "openEuler"
    ],
    "domain_tags": [
      "深度学习",
      "模型推理",
      "搜推系统",
      "计算广告",
      "高性能计算"
    ],
    "summary": "华为工程师郑晨卉介绍了面向CPU的深度学习推理编译器ANNC。针对搜推等稀疏场景，CPU具备低延迟与低成本优势。ANNC架构覆盖框架层与编译层，通过GEMM数据布局优化（Repack）与自适应算子生成技术，消除运行时开销并提升吞吐。实际案例显示，Embedding融合与常量折叠优化使推理性能提升5%-10%。未来将聚焦自动融合与PTQ量化，目前代码已在openEuler社区开源。",
    "highlights": [
      "CPU推理优势：适合搜推稀疏数据场景，具备低延迟与低成本特性",
      "关键技术：GEMM数据布局优化，编译期静态打包消除运行时开销",
      "算子优化：自适应算子生成技术，基于模板快速生成硬件感知代码",
      "落地成效：Embedding层融合提升5%性能，常量折叠降低10%时延",
      "开源共建：ANNC源代码及文档已在openEuler社区正式开源"
    ]
  },
  "artifacts": [
    "output/ai_session/part_10/final/10_part_digest/artifacts/part_digest.json"
  ],
  "metadata": {
    "part_index": 10,
    "title": "ANNC：加速CPU深度学习推理的AI编译器",
    "type_tag": "AI编译器架构",
    "tech_tags": 11,
    "domain_tags": 5
  },
  "trace_id": "dc1120cd-679c-482e-8f0e-d201ea481eb2",
  "duration_ms": 24989,
  "started_at": "2025-12-16T12:52:40.844433",
  "completed_at": "2025-12-16T04:53:05.834862",
  "step_config": {
    "model": "gemini-3-pro-preview",
    "temperature": 0.2,
    "prompt_file": "/Users/lichuan/Codes/TalkDistill/config/prompts/part_digest.md",
    "schema_file": "/Users/lichuan/Codes/TalkDistill/config/schemas/part_digest.json"
  },
  "dependencies": [
    "graph_gen"
  ]
}