{
  "id": "sec_6",
  "index": 5,
  "title": "问答与结束",
  "time_range": "00:21:08,890 - 00:25:00,680",
  "script": "行，我的分享就到这里，时间好像也超了一些，感谢大家。 黄老师请留步，请允许我， 我看到你刚才那个问题，我特别想，那个，可能你上面的那页的第三个问题，4.1。 老师能帮我回放一下吗？那个，就是或者没关系，也可以，耽误一分钟时间。",
  "summary": "讲者结束了本次分享并感谢听众。随后，他主动提出想要回答之前看到的一个具体问题，并请求主持人帮助返回到相关的幻灯片页面，正式进入问答环节。"
}