{
  "address": "day1_main/part_05/chunk_00/07_capture_frame/slide_004",
  "status": "completed",
  "input": {
    "video": "output/day1_main/part_05/chunk_00/01_cut_chunk/artifacts/chunk_high.mp4",
    "timestamp": "00:04:48.640",
    "frame_id": "slide_004",
    "output_ext": ".png"
  },
  "output": "output/day1_main/part_05/chunk_00/07_capture_frame/slide_004/artifacts/slide_004.png",
  "artifacts": [
    "output/day1_main/part_05/chunk_00/07_capture_frame/slide_004/artifacts/slide_004.png"
  ],
  "metadata": {
    "timestamp": "00:04:48.640",
    "frame_id": "slide_004",
    "ffmpeg": "/opt/homebrew/bin/ffmpeg"
  },
  "trace_id": null,
  "duration_ms": 771,
  "started_at": "2025-12-17T17:23:07.714073",
  "completed_at": "2025-12-17T09:23:08.487010",
  "step_config": {},
  "dependencies": [
    "slide_timeline"
  ]
}