{
  "sections": [
    {
      "id": "sec_1",
      "title": "AI算力的极限挑战与大规模智算集群的兴起",
      "material_ids": [
        "chunk_00/slide_001",
        "chunk_00/slide_002"
      ],
      "start_ms": 77580,
      "end_ms": 185335,
      "summary_hint": "讲者首先介绍了AI算力发展的背景，指出超大规模智算集群已成为下一代人工智能基础设施，并提及百度在此领域的实践，特别是点亮了3.2万卡的全国产化超大规模智算集群。",
      "text_span": {
        "start": 6,
        "end": 15
      },
      "lead_text": "随着人工智能技术的飞速发展，作为AI基础设施的服务提供者，百度混合云产品也遇到了新机遇和新的挑战。",
      "tail_text": "同时在建成后，集群到目前都维持了稳定的运行状态，拿到了唯一的万卡规模智算集群服务稳定性的五星级认证。"
    },
    {
      "id": "sec_2",
      "title": "超万卡集群建设方案",
      "material_ids": [
        "chunk_00/slide_003"
      ],
      "start_ms": 187480,
      "end_ms": 255640,
      "summary_hint": "讲者介绍了百度基于混合云升级的超万卡智算集群产品方案，该方案提供从机房建设到智能运维的全栈服务，并强调了BaiduLinux CloudOS作为云底座的重要性。",
      "text_span": {
        "start": 16,
        "end": 21
      },
      "lead_text": "结合实际经验，我们今年以混合云为基础，升级了超万卡智算集群的产品方案，把智算的核心技术与混合云的安全与扩展能力进行了融合。",
      "tail_text": "接下来，我要分享一下在这个背景下，我们在架构、效能以及安全方面做的相关革新，以及我们的解决思路。"
    },
    {
      "id": "sec_3",
      "title": "算力架构的趋势与变革",
      "material_ids": [
        "chunk_00/slide_004"
      ],
      "start_ms": 257350,
      "end_ms": 421885,
      "summary_hint": "讲者分析了算力规模扩大带来的架构革新，包括跨园区RDMA长传方案和支持10万卡规模的组网技术，以应对超大规模集群的挑战。",
      "text_span": {
        "start": 22,
        "end": 36
      },
      "lead_text": "首先是算力规模的扩大，直接带来了算力架构的革新。",
      "tail_text": "百度也基于开放兼容的理念，推出了自研互联通信协议XPU-Link，可以兼容主流的Scale-up的通信标准，同时也携手生态伙伴共同推动国产AI的算力发展。"
    },
    {
      "id": "sec_4",
      "title": "算力效能的全面提升",
      "material_ids": [
        "chunk_00/slide_005"
      ],
      "start_ms": 423740,
      "end_ms": 588455,
      "summary_hint": "讲者指出行业焦点已从“建好”转向“用好”算力，并从全链路优化和异构算力统一调度两个维度，分享了如何高效释放算力效能。",
      "text_span": {
        "start": 37,
        "end": 51
      },
      "lead_text": "当前在智算领域，我们观察到一个明显的趋势，行业的焦点正从如何把基础设施建好，全面转向如何把算力用好。",
      "tail_text": "总的来说，通过以上两点全链路优化和智能运维的双轮驱动，可以把算力资源高效、可靠地转化为AI生产力。"
    },
    {
      "id": "sec_5",
      "title": "异构机密计算方案：保障算力使用安全",
      "material_ids": [
        "chunk_00/slide_006"
      ],
      "start_ms": 590170,
      "end_ms": 668165,
      "summary_hint": "在解决“建好”和“用好”之后，讲者提出了“用得安心”的安全问题，并介绍了通过BaiduLinux CloudOS和openEuler深度融合打造的异构机密计算方案，以保障模型与数据在运行时的安全。",
      "text_span": {
        "start": 52,
        "end": 59
      },
      "lead_text": "当我们基本解决算力建得好和用得好的问题，下一个要跨越的问题就是安全，也就是解决如何能用得安心的问题。",
      "tail_text": "我们还创新的使用了机密直通技术，实现机密虚拟机可以直接访问加速卡，告别数据中转，保障了使用性能。"
    },
    {
      "id": "sec_6",
      "title": "百度与openEuler的合作与成果",
      "material_ids": [
        "chunk_00/slide_007"
      ],
      "start_ms": 669890,
      "end_ms": 751725,
      "summary_hint": "讲者回顾了百度自2021年起与openEuler社区的合作历程，共同发布并演进了BaiduLinux，支撑了百度的大模型和异构计算平台，并取得了超过2万套的部署规模。",
      "text_span": {
        "start": 60,
        "end": 67
      },
      "lead_text": "那么回到百度和openEuler的合作。",
      "tail_text": "集成了openEuler全栈观测与协同分析的能力，并且引入了基于机密计算的大模型运行时安全机制，提升智算场景下的运维效率和安全水平。"
    },
    {
      "id": "sec_7",
      "title": "联合社区持续创新，服务千行百业",
      "material_ids": [
        "chunk_00/slide_008",
        "chunk_00/slide_009"
      ],
      "start_ms": 752820,
      "end_ms": 854140,
      "summary_hint": "讲者展望了未来与openEuler社区的合作方向，包括在社区共建和技术联创两方面持续投入，重点聚焦于机密计算、异构融合、超节点原生操作系统、系统智能化等领域，以服务千行百业。",
      "text_span": {
        "start": 68,
        "end": 78
      },
      "lead_text": "面向未来，百度也将持续与开源社区合作。",
      "tail_text": "智能生成无限可能，也欢迎大家进一步来了解百度智能云，了解我们的智算原生混合云产品。谢谢大家。"
    }
  ]
}