{
  "id": "sec_1",
  "index": 0,
  "title": "论坛开场与嘉宾介绍",
  "time_range": "00:00:00,500 - 00:02:03,000",
  "script": "女士们,先生们,大家下午好。\n欢迎大家来到操作系统峰会暨 openEuler Summit 2025 AI分论坛的现场。\n论坛现在开始。\n请允许我介绍一下自己, 我是来自 openEuler 社区 AI 方向的 SIG 组的 Maintainer, 我叫杜海田。\n本次我是作为出品人以及主持人。\n我先给大家介绍一下, 谈谈我自己对这块的一些想法。\nopenEuler 开源六年, 经历了三个阶段。第一个阶段是多样性, 第二个阶段是全场景, 第三个是 AI。现在我们正处于第三个阶段。\n从 openEuler 2023年提出 OS for AI 以及 AI for OS 这个理念以来, 一直围绕 AI 软件栈的生态、推理加速、训练的可用性、整机资源利用率、智能化几个方向构建能力。\n目前已经有四个 SIG 组, SIG-AI、SIG-intelligence、SIG-LLM, 还有 MCP-Tools-Ecosystem SIG 组, 同时与 devstation SIG 组以及编译器这个 SIG 组做好了比较好的协同。\n都一起加入了这个工作组里面去。我们也看到了今天上午的 Intelligence BoM 第二个版本纳入到这个工作组里面去。\n我们在关注技术发展的同时, 也获得了各行各业的大力支持, 也看到了一些商业落地的一些实践。\n在此, 我们非常感谢关注 openEuler AI 发展的各位开发者及伙伴的到来。\n下面, 我们隆重地邀请我们第一个演讲嘉宾, 他是来自于深信服科技股份有限公司的研发主管, 孙政华先生, 给我们带来《基于 openEuler intelligence 组建一支 OS 开发团队》的分享。大家欢迎。",
  "summary": "主持人杜海田为 openEuler Summit 2025 AI分论坛开场。他简要回顾了 openEuler 发展的三个阶段，并重点介绍了当前在 AI 领域的布局、理念及 SIG 组协同成果。最后，他隆重介绍并邀请第一位演讲嘉宾——来自深信服科技的孙政华先生上台分享。"
}