{
  "address": "ai_session/part_07/chunk_00/09_apply_crop/slide_008",
  "status": "completed",
  "input": {
    "image_path": "output/ai_session/part_07/chunk_00/07_capture_frame/slide_008/artifacts/slide_008.png",
    "crop_region": {
      "x": 629,
      "y": 165,
      "width": 1290,
      "height": 914
    }
  },
  "output": "output/ai_session/part_07/chunk_00/09_apply_crop/slide_008/artifacts/slide_008.png",
  "artifacts": [
    "output/ai_session/part_07/chunk_00/09_apply_crop/slide_008/artifacts/slide_008.png"
  ],
  "metadata": {
    "source": "output/ai_session/part_07/chunk_00/07_capture_frame/slide_008/artifacts/slide_008.png",
    "applied": true,
    "crop_region": {
      "x": 629,
      "y": 165,
      "width": 1290,
      "height": 914
    },
    "size": {
      "width": 1290,
      "height": 914
    }
  },
  "trace_id": null,
  "duration_ms": 89,
  "started_at": "2025-12-16T00:31:41.596803",
  "completed_at": "2025-12-15T16:31:41.689304",
  "step_config": {},
  "dependencies": [
    "capture_frame",
    "crop_decision"
  ]
}