{
  "address": "ai_session/part_11/final/03_part_cut",
  "status": "completed",
  "input": {
    "video": "/Users/lichuan/Codes/TalkDistill/ai_session.mp4",
    "start": 10607.0,
    "duration": 652.7749999999996,
    "output_name": "part_high.mp4"
  },
  "output": {
    "path": "output/ai_session/part_11/final/03_part_cut/artifacts/part_high.mp4",
    "start": 10607.0,
    "duration": 652.7749999999996
  },
  "artifacts": [
    "output/ai_session/part_11/final/03_part_cut/artifacts/part_high.mp4"
  ],
  "metadata": {
    "ffmpeg": "/opt/homebrew/bin/ffmpeg",
    "start": 10607.0,
    "duration": 652.7749999999996,
    "size_bytes": 339038259
  },
  "trace_id": null,
  "duration_ms": 422,
  "started_at": "2025-12-16T01:55:55.527504",
  "completed_at": "2025-12-15T17:55:55.950189",
  "step_config": {},
  "dependencies": []
}