{
  "address": "ScienceEducationInnovation/part_04/chunk_00/07_capture_frame/slide_026",
  "status": "completed",
  "input": {
    "video": "output/ScienceEducationInnovation/part_04/chunk_00/01_cut_chunk/artifacts/chunk_high.mp4",
    "timestamp": "00:19:39.900",
    "frame_id": "slide_026",
    "output_ext": ".png"
  },
  "output": "output/ScienceEducationInnovation/part_04/chunk_00/07_capture_frame/slide_026/artifacts/slide_026.png",
  "artifacts": [
    "output/ScienceEducationInnovation/part_04/chunk_00/07_capture_frame/slide_026/artifacts/slide_026.png"
  ],
  "metadata": {
    "timestamp": "00:19:39.900",
    "frame_id": "slide_026",
    "ffmpeg": "/opt/homebrew/bin/ffmpeg"
  },
  "trace_id": null,
  "duration_ms": 2711,
  "started_at": "2025-12-21T23:17:27.057171",
  "completed_at": "2025-12-21T15:17:29.770344",
  "step_config": {},
  "dependencies": [
    "slide_timeline"
  ]
}