{
  "address": "ScienceEducationInnovation/part_04/final/07_script_refine/4",
  "status": "completed",
  "input": {
    "narrative": {
      "id": "sec_005",
      "index": 4,
      "title": "面向 LLM 推理的异构算力调度：GPU Combo 资源套餐",
      "time_range": "00:11:01,000 - 00:13:07,985",
      "script": "工作 2：面向 LLM 推理的异构算力调度。推理包含 Prefill 和 Decode 阶段，算力需求与执行模式差异显著。我们提出以 GPU Combo（资源套餐）形式满足特定 PD 配比，并在云原生环境下精确分析不同配比的部署成本。\n当 PD 实例在 NPU 和 GPU 上部署后，系统可动态响应请求，在 Combo 间及 Combo 内进行动态部署，以满足实时 QoS 需求。初步实验表明，性能提升了 25%-38%。",
      "summary": ""
    }
  },
  "output": {
    "section_id": "sec_005",
    "index": 4,
    "title": "面向 LLM 推理的异构算力调度：GPU Combo 资源套餐",
    "time_range": "00:11:01,000 - 00:13:07,985",
    "refined_script": "# 面向 LLM 推理的异构算力调度方案：GPU Combo 资源套餐\n\n## 1. 背景与挑战\n大语言模型（LLM）的推理过程由两个特征迥异的阶段组成，这对底层算力的分配提出了挑战：\n- **Prefill（预填充）阶段**：计算密集型，对算力吞吐要求高。\n- **Decode（解码）阶段**：访存密集型，执行模式与 Prefill 显著不同。\n\n由于两个阶段对资源的需求存在非对称性，传统的统一资源分配方式往往导致计算效率低下或资源浪费。\n\n## 2. 核心设计理念：GPU Combo\n为了优化推理性能，我们提出了 **GPU Combo（资源套餐）** 概念。该方案的核心在于通过精细化资源配比实现异构算力的高效调度：\n\n- **特定 PD 配比**：根据 Prefill (P) 和 Decode (D) 的负载特性，预定义最优的资源配比套餐。\n- **异构硬件解耦**：支持在 **NPU** 和 **GPU** 等不同硬件平台上部署 PD 实例，充分利用异构算力的各自优势。\n- **成本精确分析**：在云原生环境下，针对不同 PD 配比进行部署成本与性能收益的量化评估，实现性价比最优。\n\n## 3. 动态调度与 QoS 保障机制\n系统通过动态调度层实现对实时请求的灵活响应：\n\n- **多级动态部署**：\n  - **Combo 间调度**：根据全局负载在不同的资源套餐间分配请求。\n  - **Combo 内调度**：在套餐内部动态调整 Prefill 和 Decode 实例的资源占用。\n- **实时 QoS 满足**：调度算法以服务质量（QoS）为核心约束，确保在高并发环境下推理延迟仍符合预期。\n\n## 4. 实验结论\n初步实验数据表明，采用 GPU Combo 异构调度方案后，系统整体推理性能提升了 **25% - 38%**。该方案证明了通过精确的资源配比与异构算力协同，可以显著优化 LLM 推理的成本效率比。",
    "summary": "",
    "original_script": "工作 2：面向 LLM 推理的异构算力调度。推理包含 Prefill 和 Decode 阶段，算力需求与执行模式差异显著。我们提出以 GPU Combo（资源套餐）形式满足特定 PD 配比，并在云原生环境下精确分析不同配比的部署成本。\n当 PD 实例在 NPU 和 GPU 上部署后，系统可动态响应请求，在 Combo 间及 Combo 内进行动态部署，以满足实时 QoS 需求。初步实验表明，性能提升了 25%-38%。"
  },
  "artifacts": [
    "output/ScienceEducationInnovation/part_04/final/07_script_refine/4/artifacts/section_sec_005_refined.md"
  ],
  "metadata": {
    "refined_length": 823,
    "original_length": 211,
    "summary_length": 0
  },
  "trace_id": "55937a99-2415-461d-bc38-595861f496bc",
  "duration_ms": 19112,
  "started_at": "2025-12-21T23:41:16.036944",
  "completed_at": "2025-12-21T15:41:35.150636",
  "step_config": {
    "model": "gemini-3-flash-preview",
    "temperature": 0.2,
    "prompt_file": "/Users/lichuan/Codes/TalkDistill/config/prompts/script_refine.md",
    "schema_file": "/Users/lichuan/Codes/TalkDistill/config/schemas/script_refine.json"
  },
  "dependencies": [
    "section_timing"
  ]
}