{
  "address": "day1_main/part_05/chunk_00/09_apply_crop/slide_002",
  "status": "completed",
  "input": {
    "image_path": "output/day1_main/part_05/chunk_00/07_capture_frame/slide_002/artifacts/slide_002.png",
    "crop_region": {
      "x": 0,
      "y": 151,
      "width": 1920,
      "height": 928
    }
  },
  "output": "output/day1_main/part_05/chunk_00/09_apply_crop/slide_002/artifacts/slide_002.png",
  "artifacts": [
    "output/day1_main/part_05/chunk_00/09_apply_crop/slide_002/artifacts/slide_002.png"
  ],
  "metadata": {
    "source": "output/day1_main/part_05/chunk_00/07_capture_frame/slide_002/artifacts/slide_002.png",
    "applied": true,
    "crop_region": {
      "x": 0,
      "y": 151,
      "width": 1920,
      "height": 928
    },
    "size": {
      "width": 1920,
      "height": 928
    }
  },
  "trace_id": null,
  "duration_ms": 127,
  "started_at": "2025-12-17T19:18:27.640363",
  "completed_at": "2025-12-17T11:18:27.768110",
  "step_config": {},
  "dependencies": [
    "capture_frame",
    "crop_decision"
  ]
}