{
  "part_index": 7,
  "title": "百度超万卡智算集群架构演进与全栈优化实践",
  "type_tag": "智算集群架构",
  "tech_tags": [
    "BaiduLinux CloudOS",
    "openEuler",
    "Scale-out",
    "Scale-up",
    "RDMA",
    "异构机密计算",
    "机密直通技术",
    "智能运维",
    "超节点",
    "Arm CCA",
    "XPU-Link"
  ],
  "domain_tags": [
    "AI基础设施",
    "云计算",
    "高性能计算",
    "系统安全",
    "开源生态"
  ],
  "summary": "本环节深入解析了百度如何构建和优化超万卡规模的智算集群。面对AI算力需求的爆发式增长，百度基于BaiduLinux CloudOS与openEuler深度融合，实现了从芯片到框架的全栈技术自主创新。内容涵盖了通过Scale-out与Scale-up双向扩展突破算力瓶颈的架构革新，利用全链路协同优化与一站式智能运维平台提升算力效能的实践，以及通过异构机密计算方案保障数据安全的创新举措。此外，还展示了百度与开源社区在操作系统演进及生态共建方面的成果。",
  "highlights": [
    "成功点亮3.2万卡全国产化超大规模智算集群，实现全栈技术自主创新",
    "通过Scale-out（跨园区RDMA）与Scale-up（超节点）双向扩展突破算力瓶颈",
    "构建从模型、框架到芯片的全链路协同优化体系，最大化释放算力效能",
    "联合openEuler打造一站式智能运维平台，自动定位超95%的慢节点问题",
    "推出异构机密计算方案，利用硬件隔离与机密直通技术保障数据全生命周期安全",
    "BaiduLinux CloudOS作为智能原生底座，全面支撑千帆大模型及百舸平台",
    "持续投入开源社区，聚焦Arm CCA机密计算与异构融合软件标准建设"
  ]
}