{
  "address": "ai_session/part_08/chunk_00/09_apply_crop/slide_001",
  "status": "completed",
  "input": {
    "image_path": "output/ai_session/part_08/chunk_00/07_capture_frame/slide_001/artifacts/slide_001.png",
    "crop_region": {
      "x": 124,
      "y": 124,
      "width": 1599,
      "height": 799
    }
  },
  "output": "output/ai_session/part_08/chunk_00/09_apply_crop/slide_001/artifacts/slide_001.png",
  "artifacts": [
    "output/ai_session/part_08/chunk_00/09_apply_crop/slide_001/artifacts/slide_001.png"
  ],
  "metadata": {
    "source": "output/ai_session/part_08/chunk_00/07_capture_frame/slide_001/artifacts/slide_001.png",
    "applied": true,
    "crop_region": {
      "x": 124,
      "y": 124,
      "width": 1599,
      "height": 799
    },
    "size": {
      "width": 1599,
      "height": 799
    }
  },
  "trace_id": null,
  "duration_ms": 116,
  "started_at": "2025-12-16T00:48:23.672823",
  "completed_at": "2025-12-15T16:48:23.789373",
  "step_config": {},
  "dependencies": [
    "capture_frame",
    "crop_decision"
  ]
}