{
  "address": "ScienceEducationInnovation/part_03/final/09_part_digest",
  "status": "completed",
  "input": {
    "part_index": 3,
    "part_start_s": 3376.25,
    "part_duration_s": 1225.0,
    "sections": [
      {
        "id": "sec_001",
        "index": 0,
        "title": "开场与讲者介绍：人工智能端到端的复杂攻击检测技术研究报告分享者李锭老师介绍及主题开场。介绍北京大学李锭老师及其演讲主题《人工智能端到端的复杂攻击检测技术研究》。",
        "time_range": "00:00:00,000 - 00:01:01,505",
        "summary": "",
        "start_ms": 0,
        "end_ms": 61505,
        "material_ids": [
          "chunk_00/slide_001",
          "chunk_00/slide_002",
          "chunk_00/slide_003"
        ]
      },
      {
        "id": "sec_002",
        "index": 1,
        "title": "研究背景：APT攻击的威胁与现状分析分析APT攻击的复杂性、隐蔽性及技术多变特征，指出当前基于规则的检测技术在人力成本和可观测性上的局限。",
        "time_range": "00:01:02,270 - 00:03:14,590",
        "summary": "",
        "start_ms": 62270,
        "end_ms": 194590,
        "material_ids": [
          "chunk_00/slide_004",
          "chunk_00/slide_005",
          "chunk_00/slide_006"
        ]
      },
      {
        "id": "sec_003",
        "index": 2,
        "title": "科学问题与三大关键挑战探讨实现端到端AI检测的可能性，并详细分析数据质量差、语义理解难、成本损耗大这三个核心挑战。",
        "time_range": "00:03:14,950 - 00:07:17,275",
        "summary": "",
        "start_ms": 194950,
        "end_ms": 437275,
        "material_ids": [
          "chunk_00/slide_007",
          "chunk_00/slide_008",
          "chunk_00/slide_009",
          "chunk_00/slide_010"
        ]
      },
      {
        "id": "sec_004",
        "index": 3,
        "title": "研究方法与核心思路：溯源分析提出系统、算法、硬件协同优化策略，核心在于利用溯源图模型表征系统资源依赖关系。",
        "time_range": "00:07:18,040 - 00:08:49,315",
        "summary": "",
        "start_ms": 438040,
        "end_ms": 529315,
        "material_ids": [
          "chunk_00/slide_011",
          "chunk_00/slide_012"
        ]
      },
      {
        "id": "sec_005",
        "index": 4,
        "title": "关键技术一：无监督快速日志过滤介绍利用无监督学习和在线斯坦纳树算法过滤海量日志，通过两阶段检测流程大幅降低误报并提升性能。",
        "time_range": "00:08:50,030 - 00:11:46,610",
        "summary": "",
        "start_ms": 530030,
        "end_ms": 706610,
        "material_ids": [
          "chunk_00/slide_013",
          "chunk_00/slide_014",
          "chunk_00/slide_015",
          "chunk_00/slide_016"
        ]
      },
      {
        "id": "sec_006",
        "index": 5,
        "title": "关键技术二：基于大语言模型的攻击理解与报告生成阐述利用gIoC中间表示弥合语义鸿沟，结合逻辑推理框架自动生成人类可读的APT攻击报告。",
        "time_range": "00:11:47,530 - 00:15:07,760",
        "summary": "",
        "start_ms": 707530,
        "end_ms": 907760,
        "material_ids": [
          "chunk_00/slide_017",
          "chunk_00/slide_018",
          "chunk_00/slide_019",
          "chunk_00/slide_020"
        ]
      },
      {
        "id": "sec_007",
        "index": 6,
        "title": "系统优化：软件隔离与硬件加速介绍分片式监控架构实现软件隔离，以及利用DPU硬件加速日志拉取，将性能损耗控制在3%以内。",
        "time_range": "00:15:07,760 - 00:16:57,580",
        "summary": "",
        "start_ms": 907760,
        "end_ms": 1017580,
        "material_ids": [
          "chunk_00/slide_021",
          "chunk_00/slide_022",
          "chunk_00/slide_023",
          "chunk_00/slide_024",
          "chunk_00/slide_025",
          "chunk_00/slide_026"
        ]
      },
      {
        "id": "sec_008",
        "index": 7,
        "title": "原型系统SysArmor与未来展望展示开源原型系统SysArmor及相关研究成果，并对未来社区建设、数据共享及应用扩展进行展望。",
        "time_range": "00:16:58,040 - 00:20:25,000",
        "summary": "",
        "start_ms": 1018040,
        "end_ms": 1225000,
        "material_ids": [
          "chunk_00/slide_027",
          "chunk_00/slide_028",
          "chunk_00/slide_029",
          "chunk_00/slide_030"
        ]
      }
    ],
    "materials": [
      {
        "id": "chunk_00/slide_001",
        "type": "slide",
        "title": "科教创新分论坛 开场背景板",
        "start_ms": 0,
        "end_ms": 4200,
        "best_capture_ms": null
      },
      {
        "id": "chunk_00/slide_002",
        "type": "slide",
        "title": "人工智能端到端的复杂攻击检测技术研究 讲者介绍：李锭",
        "start_ms": 4800,
        "end_ms": 57200,
        "best_capture_ms": null
      },
      {
        "id": "chunk_00/slide_003",
        "type": "slide",
        "title": "人工智能端到端的复杂攻击检测技术研究 演讲封面",
        "start_ms": 57800,
        "end_ms": 62100,
        "best_capture_ms": null
      },
      {
        "id": "chunk_00/slide_004",
        "type": "slide",
        "title": "背景介绍 - 高级可持续性威胁 (APT) APT攻击已成为全球范围内的重大安全威胁",
        "start_ms": 62700,
        "end_ms": 99200,
        "best_capture_ms": null
      },
      {
        "id": "chunk_00/slide_005",
        "type": "slide",
        "title": "背景介绍 - APT攻击特征 逻辑复杂、特征隐蔽、技术多变",
        "start_ms": 99800,
        "end_ms": 159500,
        "best_capture_ms": null
      },
      {
        "id": "chunk_00/slide_006",
        "type": "slide",
        "title": "背景介绍 - 现有技术局限性 当前技术大量依赖专家规则和人工研判",
        "start_ms": 160100,
        "end_ms": 195200,
        "best_capture_ms": null
      },
      {
        "id": "chunk_00/slide_007",
        "type": "slide",
        "title": "科学问题 - AI端到端检测 能否摆脱对人工规则的依赖，实现完全AI端到端的APT攻击检测",
        "start_ms": 195800,
        "end_ms": 240500,
        "best_capture_ms": null
      },
      {
        "id": "chunk_00/slide_008",
        "type": "slide",
        "title": "关键挑战一：数据质量差 训练数据不足、数据标注匮乏、数据分布不均",
        "start_ms": 241100,
        "end_ms": 328100,
        "best_capture_ms": null
      },
      {
        "id": "chunk_00/slide_009",
        "type": "slide",
        "title": "关键挑战二：语义理解难 语义鸿沟难弥合、理解存在二义性、日志数据维度高",
        "start_ms": 328700,
        "end_ms": 400200,
        "best_capture_ms": null
      },
      {
        "id": "chunk_00/slide_010",
        "type": "slide",
        "title": "关键挑战三：成本损耗大 攻击检测算法成本昂贵，难以适应大规模模型",
        "start_ms": 400800,
        "end_ms": 437200,
        "best_capture_ms": null
      },
      {
        "id": "chunk_00/slide_011",
        "type": "slide",
        "title": "研究方法 - 系统/算法/硬件协同优化 数据质量差、语义理解难、成本损耗大的应对策略",
        "start_ms": 437800,
        "end_ms": 501500,
        "best_capture_ms": null
      },
      {
        "id": "chunk_00/slide_012",
        "type": "slide",
        "title": "核心思路：溯源分析 用图模型表征进程间及对文件、网络端口等资源的依赖关系",
        "start_ms": 502100,
        "end_ms": 541200,
        "best_capture_ms": null
      },
      {
        "id": "chunk_00/slide_013",
        "type": "slide",
        "title": "关键技术一：无监督快速日志过滤 攻击事件在正常事件中占比极小，分析大量正常事件浪费算力资源",
        "start_ms": 541800,
        "end_ms": 632100,
        "best_capture_ms": null
      },
      {
        "id": "chunk_00/slide_014",
        "type": "slide",
        "title": "关键技术一：在线斯坦纳树问题 充分利用异常度和聚集性，采用图搜索算法建模",
        "start_ms": 632700,
        "end_ms": 649100,
        "best_capture_ms": null
      },
      {
        "id": "chunk_00/slide_015",
        "type": "slide",
        "title": "关键技术一：两阶段检测流程 阶段一：基于VAE的异常检测；阶段二：节点异常传播与检测",
        "start_ms": 649700,
        "end_ms": 679200,
        "best_capture_ms": null
      },
      {
        "id": "chunk_00/slide_016",
        "type": "slide",
        "title": "关键技术一：实验效果验证 误报率和漏报率对比",
        "start_ms": 679800,
        "end_ms": 707200,
        "best_capture_ms": null
      },
      {
        "id": "chunk_00/slide_017",
        "type": "slide",
        "title": "关键技术二：基于大语言模型的攻击检测回归去理解 底层系统日志和自然语言存在语义鸿沟",
        "start_ms": 707800,
        "end_ms": 818200,
        "best_capture_ms": null
      },
      {
        "id": "chunk_00/slide_018",
        "type": "slide",
        "title": "关键技术二：基于溯源图的上下文提取 联合检测与推理框架，消除误报",
        "start_ms": 818800,
        "end_ms": 850200,
        "best_capture_ms": null
      },
      {
        "id": "chunk_00/slide_019",
        "type": "slide",
        "title": "关键技术二：自主生成的APT攻击检测报告 基于大语言模型，自主生成APT攻击检测报告",
        "start_ms": 850800,
        "end_ms": 889200,
        "best_capture_ms": null
      },
      {
        "id": "chunk_00/slide_020",
        "type": "slide",
        "title": "关键技术二：基于企业运维数据的实验验证 华为实际运维和攻防数据效果",
        "start_ms": 889800,
        "end_ms": 907200,
        "best_capture_ms": null
      },
      {
        "id": "chunk_00/slide_021",
        "type": "slide",
        "title": "软件隔离：核心问题 现有中心化架构：一个进程监控所有任务，可能更容易被攻击产生威胁",
        "start_ms": 907800,
        "end_ms": 972200,
        "best_capture_ms": null
      },
      {
        "id": "chunk_00/slide_022",
        "type": "slide",
        "title": "软件隔离：关键思路 分片式架构：针对系统中每一个进程建立独立监控器",
        "start_ms": 972800,
        "end_ms": 982100,
        "best_capture_ms": null
      },
      {
        "id": "chunk_00/slide_023",
        "type": "slide",
        "title": "硬件加速：基于DPU的系统调用日志追踪 将检测系统卸载到DPU上，减少对主机业务的开销",
        "start_ms": 982700,
        "end_ms": 993100,
        "best_capture_ms": null
      },
      {
        "id": "chunk_00/slide_024",
        "type": "slide",
        "title": "硬件部署：核心挑战 需要保证取证数据和身份的真实性，防止取证攻击和篡改日志",
        "start_ms": 993700,
        "end_ms": 996100,
        "best_capture_ms": null
      },
      {
        "id": "chunk_00/slide_025",
        "type": "slide",
        "title": "硬件部署：关键思路 以DPU为主导，利用DPU快速读取内存能力，主动从主机拉取日志",
        "start_ms": 996700,
        "end_ms": 1006200,
        "best_capture_ms": null
      },
      {
        "id": "chunk_00/slide_026",
        "type": "slide",
        "title": "性能损耗：实验效果 性能开销在3%以内，优于竞品10倍",
        "start_ms": 1006800,
        "end_ms": 1027200,
        "best_capture_ms": null
      },
      {
        "id": "chunk_00/slide_027",
        "type": "slide",
        "title": "原型系统：SysArmor 技术成果演示",
        "start_ms": 1027800,
        "end_ms": 1062200,
        "best_capture_ms": null
      },
      {
        "id": "chunk_00/slide_028",
        "type": "slide",
        "title": "其他工作 - WASEM/SPFuzz/PKUS 软件分析与漏洞挖掘、可信数据共享流通系统",
        "start_ms": 1062800,
        "end_ms": 1085200,
        "best_capture_ms": null
      },
      {
        "id": "chunk_00/slide_029",
        "type": "slide",
        "title": "未来工作 - 社区建设/系统构建/应用扩展 我们将openEuler计划把工业级社区",
        "start_ms": 1085800,
        "end_ms": 1183200,
        "best_capture_ms": null
      },
      {
        "id": "chunk_00/slide_030",
        "type": "slide",
        "title": "总结 - SysArmor AI端到端的APT攻击检测",
        "start_ms": 1183800,
        "end_ms": 1225000,
        "best_capture_ms": null
      }
    ],
    "graph": {
      "nodes": [
        {
          "id": "p1",
          "label": "研究背景与核心挑战",
          "category": "Pillar",
          "references": {
            "section_ids": [
              "sec_001",
              "sec_002",
              "sec_003"
            ],
            "material_ids": [
              "chunk_00/slide_001",
              "chunk_00/slide_002",
              "chunk_00/slide_003",
              "chunk_00/slide_004",
              "chunk_00/slide_005",
              "chunk_00/slide_006",
              "chunk_00/slide_007",
              "chunk_00/slide_008",
              "chunk_00/slide_009",
              "chunk_00/slide_010"
            ],
            "highlight": {
              "primary_material_id": "chunk_00/slide_003",
              "primary_time_ts": "00:00:57,800",
              "primary_time_ms": 57800
            }
          },
          "parent": null,
          "summary": "介绍人工智能端到端攻击检测的研究背景，分析 APT 攻击的全球威胁、技术特征以及当前基于规则防御的局限性，并提出实现端到端 AI 检测的科学愿景与三大核心挑战。"
        },
        {
          "id": "d1_1",
          "label": "APT 攻击特征分析",
          "category": "Concept",
          "references": {
            "section_ids": [
              "sec_002"
            ],
            "material_ids": [
              "chunk_00/slide_004",
              "chunk_00/slide_005"
            ],
            "highlight": {
              "primary_material_id": "chunk_00/slide_005",
              "primary_time_ts": "00:01:39,800",
              "primary_time_ms": 99800
            }
          },
          "parent": "p1",
          "summary": "分析 APT 攻击的逻辑复杂性（多阶段关联）、特征隐蔽性（无文件攻击）以及技术多变性（0-day 漏洞），指出其已演变为国家级专业团队发起的重大威胁。"
        },
        {
          "id": "d1_2",
          "label": "现有防御技术局限",
          "category": "Problem",
          "references": {
            "section_ids": [
              "sec_002"
            ],
            "material_ids": [
              "chunk_00/slide_006"
            ],
            "highlight": {
              "primary_material_id": "chunk_00/slide_006",
              "primary_time_ts": "00:02:40,100",
              "primary_time_ms": 160100
            }
          },
          "parent": "p1",
          "summary": "指出当前产业界主流防御体系（如 EDR）过度依赖人工专家编写规则，存在人力成本高、响应速度慢及可观测性弱等痛点。"
        },
        {
          "id": "d1_3",
          "label": "端到端 AI 检测三大挑战",
          "category": "Problem",
          "references": {
            "section_ids": [
              "sec_003"
            ],
            "material_ids": [
              "chunk_00/slide_008",
              "chunk_00/slide_009",
              "chunk_00/slide_010",
              "chunk_00/slide_007"
            ],
            "highlight": {
              "primary_material_id": "chunk_00/slide_007",
              "primary_time_ts": "00:03:15,800",
              "primary_time_ms": 195800
            }
          },
          "parent": "p1",
          "summary": "详细探讨实现端到端 AI 检测面临的三个关键障碍：数据质量差（标注成本高、分布不均）、语义理解难（语义鸿沟、长程关联）以及成本损耗大（实时性与算力博弈）。"
        },
        {
          "id": "p2",
          "label": "核心技术方案",
          "category": "Pillar",
          "references": {
            "section_ids": [
              "sec_004",
              "sec_005",
              "sec_006",
              "sec_007"
            ],
            "material_ids": [
              "chunk_00/slide_011",
              "chunk_00/slide_012",
              "chunk_00/slide_013",
              "chunk_00/slide_014",
              "chunk_00/slide_015",
              "chunk_00/slide_016",
              "chunk_00/slide_017",
              "chunk_00/slide_018",
              "chunk_00/slide_019",
              "chunk_00/slide_020",
              "chunk_00/slide_021",
              "chunk_00/slide_022",
              "chunk_00/slide_023",
              "chunk_00/slide_024",
              "chunk_00/slide_025",
              "chunk_00/slide_026"
            ],
            "highlight": {
              "primary_material_id": "chunk_00/slide_011",
              "primary_time_ts": "00:07:17,800",
              "primary_time_ms": 437800
            }
          },
          "parent": null,
          "summary": "提出系统、算法与硬件协同优化的整体架构，通过溯源图建模、无监督过滤、大模型语义理解及 DPU 加速等手段解决复杂攻击检测的难题。"
        },
        {
          "id": "d2_1",
          "label": "溯源图行为建模",
          "category": "Technology",
          "references": {
            "section_ids": [
              "sec_004"
            ],
            "material_ids": [
              "chunk_00/slide_012"
            ],
            "highlight": {
              "primary_material_id": "chunk_00/slide_012",
              "primary_time_ts": "00:08:22,100",
              "primary_time_ms": 502100
            }
          },
          "parent": "p2",
          "summary": "采集操作系统底层日志，构建表征进程、文件、网络端口依赖关系的溯源图，利用图模型消除系统行为的歧义性。"
        },
        {
          "id": "d2_2",
          "label": "无监督快速日志过滤",
          "category": "Technology",
          "references": {
            "section_ids": [
              "sec_005"
            ],
            "material_ids": [
              "chunk_00/slide_013",
              "chunk_00/slide_014",
              "chunk_00/slide_015"
            ],
            "highlight": {
              "primary_material_id": "chunk_00/slide_013",
              "primary_time_ts": "00:09:01,800",
              "primary_time_ms": 541800
            }
          },
          "parent": "p2",
          "summary": "利用统计异常性和拓扑聚集性规律，结合在线斯坦纳树算法，从海量日志中快速剔除正常行为，大幅节省后续深度分析的算力。"
        },
        {
          "id": "d2_3",
          "label": "gIoC 与大模型报告生成",
          "category": "Technology",
          "references": {
            "section_ids": [
              "sec_006"
            ],
            "material_ids": [
              "chunk_00/slide_017",
              "chunk_00/slide_018",
              "chunk_00/slide_019"
            ],
            "highlight": {
              "primary_material_id": "chunk_00/slide_017",
              "primary_time_ts": "00:11:47,800",
              "primary_time_ms": 707800
            }
          },
          "parent": "p2",
          "summary": "引入 gIoC 中间表示弥合语义鸿沟，结合逻辑推理框架与安全 Agent，将底层图结构转化为人类可读的 APT 攻击报告。"
        },
        {
          "id": "d2_4",
          "label": "软硬协同性能优化",
          "category": "Technology",
          "references": {
            "section_ids": [
              "sec_007"
            ],
            "material_ids": [
              "chunk_00/slide_021",
              "chunk_00/slide_022",
              "chunk_00/slide_023",
              "chunk_00/slide_025",
              "chunk_00/slide_026"
            ],
            "highlight": {
              "primary_material_id": "chunk_00/slide_026",
              "primary_time_ts": "00:16:46,800",
              "primary_time_ms": 1006800
            }
          },
          "parent": "p2",
          "summary": "通过分片式软件隔离架构与 DPU 硬件负载卸载，将细粒度监控的性能损耗控制在 3% 以内，显著优于传统工具。"
        },
        {
          "id": "p3",
          "label": "原型系统与展望",
          "category": "Pillar",
          "references": {
            "section_ids": [
              "sec_008"
            ],
            "material_ids": [
              "chunk_00/slide_027",
              "chunk_00/slide_028",
              "chunk_00/slide_029",
              "chunk_00/slide_030"
            ],
            "highlight": {
              "primary_material_id": "chunk_00/slide_027",
              "primary_time_ts": "00:17:07,800",
              "primary_time_ms": 1027800
            }
          },
          "parent": null,
          "summary": "展示在 openEuler 社区开源的原型系统 SysArmor，并对未来社区建设、数据共享及跨领域应用进行展望。"
        },
        {
          "id": "d3_1",
          "label": "SysArmor 原型系统",
          "category": "Result",
          "references": {
            "section_ids": [
              "sec_008"
            ],
            "material_ids": [
              "chunk_00/slide_027",
              "chunk_00/slide_030"
            ],
            "highlight": {
              "primary_material_id": "chunk_00/slide_027",
              "primary_time_ts": "00:17:07,800",
              "primary_time_ms": 1027800
            }
          },
          "parent": "p3",
          "summary": "SysArmor 是已在 openEuler 开源的端到端攻击检测系统，支持大模型交互查询，且资源开销比主流工具降低了一个数量级。"
        },
        {
          "id": "d3_2",
          "label": "未来演进与社区规划",
          "category": "Concept",
          "references": {
            "section_ids": [
              "sec_008"
            ],
            "material_ids": [
              "chunk_00/slide_029"
            ],
            "highlight": {
              "primary_material_id": "chunk_00/slide_029",
              "primary_time_ts": "00:18:05,800",
              "primary_time_ms": 1085800
            }
          },
          "parent": "p3",
          "summary": "计划持续迭代 SysArmor，通过隐私保护技术公开数据集，并将核心算法扩展至大模型安全与金融反欺诈领域。"
        }
      ],
      "edges": [
        {
          "source": "p1",
          "target": "p2",
          "relation_type": "sequential",
          "label": "提出解决方案"
        },
        {
          "source": "p2",
          "target": "p3",
          "relation_type": "sequential",
          "label": "系统实现与展望"
        },
        {
          "source": "d1_1",
          "target": "d1_2",
          "relation_type": "parallel",
          "label": "并列"
        },
        {
          "source": "d1_2",
          "target": "d1_3",
          "relation_type": "parallel",
          "label": "并列"
        },
        {
          "source": "d2_1",
          "target": "d2_2",
          "relation_type": "parallel",
          "label": "并列"
        },
        {
          "source": "d2_2",
          "target": "d2_3",
          "relation_type": "parallel",
          "label": "并列"
        },
        {
          "source": "d2_3",
          "target": "d2_4",
          "relation_type": "parallel",
          "label": "并列"
        },
        {
          "source": "d3_1",
          "target": "d3_2",
          "relation_type": "sequential",
          "label": "后续规划"
        }
      ]
    }
  },
  "output": {
    "part_index": 3,
    "title": "AI端到端复杂攻击检测技术与SysArmor系统实践",
    "type_tag": "技术研究报告",
    "tech_tags": [
      "APT攻击",
      "溯源图",
      "无监督学习",
      "在线斯坦纳树",
      "VAE",
      "大语言模型",
      "gIoC",
      "DPU硬件加速",
      "SysArmor",
      "openEuler"
    ],
    "domain_tags": [
      "网络安全",
      "入侵检测",
      "系统安全",
      "AI安全"
    ],
    "summary": "针对APT攻击隐蔽性强及规则检测局限，李锭老师分享了端到端AI检测系统SysArmor。该方案通过溯源图建模系统行为，利用在线斯坦纳树算法实现无监督日志过滤，并结合大模型与gIoC中间表示自动生成攻击报告。通过分片式架构与DPU硬件加速，系统将性能损耗控制在3%以内，实现了低开销、高精度的自动化检测，目前已在openEuler社区开源。",
    "highlights": [
      "分析APT攻击特征及现有规则检测技术的局限性",
      "提出基于溯源图的系统、算法、硬件协同优化策略",
      "利用在线斯坦纳树算法实现海量日志的无监督快速过滤",
      "引入gIoC中间表示与大模型，自动生成可读的攻击检测报告",
      "采用分片式架构与DPU硬件加速，将性能损耗降低至3%以内",
      "发布开源原型系统SysArmor，并在openEuler社区持续演进"
    ]
  },
  "artifacts": [
    "output/ScienceEducationInnovation/part_03/final/09_part_digest/artifacts/part_digest.json"
  ],
  "metadata": {
    "part_index": 3,
    "title": "AI端到端复杂攻击检测技术与SysArmor系统实践",
    "type_tag": "技术研究报告",
    "tech_tags": 10,
    "domain_tags": 4
  },
  "trace_id": "20b7bf38-c4bb-4ad4-b029-c9b61137f039",
  "duration_ms": 19956,
  "started_at": "2025-12-19T01:28:45.480713",
  "completed_at": "2025-12-18T17:29:05.438670",
  "step_config": {
    "model": "gemini-3-pro-preview",
    "temperature": 0.2,
    "prompt_file": "/Users/lichuan/Codes/TalkDistill/config/prompts/part_digest.md",
    "schema_file": "/Users/lichuan/Codes/TalkDistill/config/schemas/part_digest.json"
  },
  "dependencies": [
    "graph_gen"
  ]
}