{
  "address": "ai_session/part_10/chunk_00/09_apply_crop/slide_006",
  "status": "completed",
  "input": {
    "image_path": "output/ai_session/part_10/chunk_00/07_capture_frame/slide_006/artifacts/slide_006.png",
    "crop_region": {
      "x": 399,
      "y": 145,
      "width": 1520,
      "height": 934
    }
  },
  "output": "output/ai_session/part_10/chunk_00/09_apply_crop/slide_006/artifacts/slide_006.png",
  "artifacts": [
    "output/ai_session/part_10/chunk_00/09_apply_crop/slide_006/artifacts/slide_006.png"
  ],
  "metadata": {
    "source": "output/ai_session/part_10/chunk_00/07_capture_frame/slide_006/artifacts/slide_006.png",
    "applied": true,
    "crop_region": {
      "x": 399,
      "y": 145,
      "width": 1520,
      "height": 934
    },
    "size": {
      "width": 1520,
      "height": 934
    }
  },
  "trace_id": null,
  "duration_ms": 113,
  "started_at": "2025-12-16T01:21:34.120273",
  "completed_at": "2025-12-15T17:21:34.234207",
  "step_config": {},
  "dependencies": [
    "capture_frame",
    "crop_decision"
  ]
}