{
  "address": "ai_session/part_02/chunk_00/09_apply_crop/slide_010",
  "status": "completed",
  "input": {
    "image_path": "output/ai_session/part_02/chunk_00/07_capture_frame/slide_010/artifacts/slide_010.png",
    "crop_region": {
      "x": 597,
      "y": 189,
      "width": 1263,
      "height": 818
    }
  },
  "output": "output/ai_session/part_02/chunk_00/09_apply_crop/slide_010/artifacts/slide_010.png",
  "artifacts": [
    "output/ai_session/part_02/chunk_00/09_apply_crop/slide_010/artifacts/slide_010.png"
  ],
  "metadata": {
    "source": "output/ai_session/part_02/chunk_00/07_capture_frame/slide_010/artifacts/slide_010.png",
    "applied": true,
    "crop_region": {
      "x": 597,
      "y": 189,
      "width": 1263,
      "height": 818
    },
    "size": {
      "width": 1263,
      "height": 818
    }
  },
  "trace_id": null,
  "duration_ms": 189,
  "started_at": "2025-12-15T23:02:57.628839",
  "completed_at": "2025-12-15T15:02:57.823712",
  "step_config": {},
  "dependencies": [
    "capture_frame",
    "crop_decision"
  ]
}