{
  "address": "ScienceEducationInnovation/part_02/final/05_section_plan",
  "status": "completed",
  "input": {
    "materials": [
      {
        "id": "chunk_00/slide_001",
        "type": "slide",
        "start_ms": 15500,
        "end_ms": 48500,
        "title": "面向推荐大模型的参数存储系统研究 谢明晖，中国人民大学计算机系讲师、助理教授",
        "description": "",
        "asset_name": null,
        "source": null,
        "best_capture_ms": null,
        "crop_region": null,
        "text_span": null,
        "attributes": {
          "chunk": 0,
          "slide_id": "slide_001",
          "slide_index": 1,
          "offset_ms": 0
        },
        "kept": true,
        "duplicate_of": null,
        "duplicates": [],
        "notes": ""
      },
      {
        "id": "chunk_00/slide_002",
        "type": "slide",
        "start_ms": 49300,
        "end_ms": 86500,
        "title": "自我介绍 谢明晖的教育背景、获奖情况及研究方向",
        "description": "",
        "asset_name": null,
        "source": null,
        "best_capture_ms": null,
        "crop_region": null,
        "text_span": null,
        "attributes": {
          "chunk": 0,
          "slide_id": "slide_002",
          "slide_index": 2,
          "offset_ms": 0
        },
        "kept": true,
        "duplicate_of": null,
        "duplicates": [],
        "notes": ""
      },
      {
        "id": "chunk_00/slide_003",
        "type": "slide",
        "start_ms": 87300,
        "end_ms": 147500,
        "title": "工作总览 涵盖记忆存储、向量存储和参数存储三个层面",
        "description": "",
        "asset_name": null,
        "source": null,
        "best_capture_ms": null,
        "crop_region": null,
        "text_span": null,
        "attributes": {
          "chunk": 0,
          "slide_id": "slide_003",
          "slide_index": 3,
          "offset_ms": 0
        },
        "kept": true,
        "duplicate_of": null,
        "duplicates": [],
        "notes": ""
      },
      {
        "id": "chunk_00/slide_004",
        "type": "slide",
        "start_ms": 148300,
        "end_ms": 198500,
        "title": "研究背景：应用需求 信息过载与推荐系统，推荐模型已成为现代数据中心AI服务的主要载体",
        "description": "",
        "asset_name": null,
        "source": null,
        "best_capture_ms": null,
        "crop_region": null,
        "text_span": null,
        "attributes": {
          "chunk": 0,
          "slide_id": "slide_004",
          "slide_index": 4,
          "offset_ms": 0
        },
        "kept": true,
        "duplicate_of": null,
        "duplicates": [],
        "notes": ""
      },
      {
        "id": "chunk_00/slide_005",
        "type": "slide",
        "start_ms": 199300,
        "end_ms": 264500,
        "title": "研究背景：推荐模型结构 使用稀疏参数处理海量高维稀疏特征（ID特征）",
        "description": "",
        "asset_name": null,
        "source": null,
        "best_capture_ms": null,
        "crop_region": null,
        "text_span": null,
        "attributes": {
          "chunk": 0,
          "slide_id": "slide_005",
          "slide_index": 5,
          "offset_ms": 0
        },
        "kept": true,
        "duplicate_of": null,
        "duplicates": [],
        "notes": ""
      },
      {
        "id": "chunk_00/slide_006",
        "type": "slide",
        "start_ms": 265300,
        "end_ms": 326500,
        "title": "研究背景：推荐模型的存储困境 面临容量墙和带宽墙的双重挑战",
        "description": "",
        "asset_name": null,
        "source": null,
        "best_capture_ms": null,
        "crop_region": null,
        "text_span": null,
        "attributes": {
          "chunk": 0,
          "slide_id": "slide_006",
          "slide_index": 6,
          "offset_ms": 0
        },
        "kept": true,
        "duplicate_of": null,
        "duplicates": [],
        "notes": ""
      },
      {
        "id": "chunk_00/slide_007",
        "type": "slide",
        "start_ms": 327300,
        "end_ms": 335500,
        "title": "存储系统已成为制约推荐模型发展的核心因素",
        "description": "",
        "asset_name": null,
        "source": null,
        "best_capture_ms": null,
        "crop_region": null,
        "text_span": null,
        "attributes": {
          "chunk": 0,
          "slide_id": "slide_007",
          "slide_index": 7,
          "offset_ms": 0
        },
        "kept": true,
        "duplicate_of": null,
        "duplicates": [],
        "notes": ""
      },
      {
        "id": "chunk_00/slide_008",
        "type": "slide",
        "start_ms": 336300,
        "end_ms": 379500,
        "title": "研究背景：硬件趋势 存储层级变深，包括高带宽内存（HBM）和持久性内存（PM）",
        "description": "",
        "asset_name": null,
        "source": null,
        "best_capture_ms": null,
        "crop_region": null,
        "text_span": null,
        "attributes": {
          "chunk": 0,
          "slide_id": "slide_008",
          "slide_index": 8,
          "offset_ms": 0
        },
        "kept": true,
        "duplicate_of": null,
        "duplicates": [],
        "notes": ""
      },
      {
        "id": "chunk_00/slide_009",
        "type": "slide",
        "start_ms": 380300,
        "end_ms": 417500,
        "title": "关键问题：介质特性各异，软件难以充分利用 GPU片上内存：软硬交互效率低",
        "description": "",
        "asset_name": null,
        "source": null,
        "best_capture_ms": null,
        "crop_region": null,
        "text_span": null,
        "attributes": {
          "chunk": 0,
          "slide_id": "slide_009",
          "slide_index": 9,
          "offset_ms": 0
        },
        "kept": true,
        "duplicate_of": null,
        "duplicates": [],
        "notes": ""
      },
      {
        "id": "chunk_00/slide_010",
        "type": "slide",
        "start_ms": 418300,
        "end_ms": 448500,
        "title": "关键问题：介质特性各异，软件难以充分利用 PM层：介质性能难发挥",
        "description": "",
        "asset_name": null,
        "source": null,
        "best_capture_ms": null,
        "crop_region": null,
        "text_span": null,
        "attributes": {
          "chunk": 0,
          "slide_id": "slide_010",
          "slide_index": 10,
          "offset_ms": 0
        },
        "kept": true,
        "duplicate_of": null,
        "duplicates": [],
        "notes": ""
      },
      {
        "id": "chunk_00/slide_011",
        "type": "slide",
        "start_ms": 449300,
        "end_ms": 493500,
        "title": "关键问题：介质特性各异，软件难以充分利用 SSD层：读放大现象严重",
        "description": "",
        "asset_name": null,
        "source": null,
        "best_capture_ms": null,
        "crop_region": null,
        "text_span": null,
        "attributes": {
          "chunk": 0,
          "slide_id": "slide_011",
          "slide_index": 11,
          "offset_ms": 0
        },
        "kept": true,
        "duplicate_of": null,
        "duplicates": [],
        "notes": ""
      },
      {
        "id": "chunk_00/slide_012",
        "type": "slide",
        "start_ms": 494300,
        "end_ms": 508500,
        "title": "针对不同层级存储问题的研究工作概览 Fleche, PetPS, MaxEmbed",
        "description": "",
        "asset_name": null,
        "source": null,
        "best_capture_ms": null,
        "crop_region": null,
        "text_span": null,
        "attributes": {
          "chunk": 0,
          "slide_id": "slide_012",
          "slide_index": 12,
          "offset_ms": 0
        },
        "kept": true,
        "duplicate_of": null,
        "duplicates": [],
        "notes": ""
      },
      {
        "id": "chunk_00/slide_013",
        "type": "slide",
        "start_ms": 509300,
        "end_ms": 510500,
        "title": "报告目录 01 研究背景, 02 GPU层参数存储, 03 PM层参数存储, 04 SSD层参数存储, 05 未来展望",
        "description": "",
        "asset_name": null,
        "source": null,
        "best_capture_ms": null,
        "crop_region": null,
        "text_span": null,
        "attributes": {
          "chunk": 0,
          "slide_id": "slide_013",
          "slide_index": 13,
          "offset_ms": 0
        },
        "kept": true,
        "duplicate_of": null,
        "duplicates": [],
        "notes": ""
      },
      {
        "id": "chunk_00/slide_014",
        "type": "slide",
        "start_ms": 511300,
        "end_ms": 516500,
        "title": "Fleche - 研究动机 现有GPU稀疏参数缓存交互开销大",
        "description": "",
        "asset_name": null,
        "source": null,
        "best_capture_ms": null,
        "crop_region": null,
        "text_span": null,
        "attributes": {
          "chunk": 0,
          "slide_id": "slide_014",
          "slide_index": 14,
          "offset_ms": 0
        },
        "kept": true,
        "duplicate_of": null,
        "duplicates": [],
        "notes": ""
      },
      {
        "id": "chunk_00/slide_015",
        "type": "slide",
        "start_ms": 517300,
        "end_ms": 537500,
        "title": "Fleche - 研究动机 静态张量结构导致产生大量零碎小kernel",
        "description": "",
        "asset_name": null,
        "source": null,
        "best_capture_ms": null,
        "crop_region": null,
        "text_span": null,
        "attributes": {
          "chunk": 0,
          "slide_id": "slide_015",
          "slide_index": 15,
          "offset_ms": 0
        },
        "kept": true,
        "duplicate_of": null,
        "duplicates": [],
        "notes": ""
      },
      {
        "id": "chunk_00/slide_016",
        "type": "slide",
        "start_ms": 538300,
        "end_ms": 592500,
        "title": "Fleche - 核心想法 解决kernel fusion（内核融合）在推荐模型动态形状下的难题",
        "description": "",
        "asset_name": null,
        "source": null,
        "best_capture_ms": null,
        "crop_region": null,
        "text_span": null,
        "attributes": {
          "chunk": 0,
          "slide_id": "slide_016",
          "slide_index": 16,
          "offset_ms": 0
        },
        "kept": true,
        "duplicate_of": null,
        "duplicates": [],
        "notes": ""
      },
      {
        "id": "chunk_00/slide_017",
        "type": "slide",
        "start_ms": 593300,
        "end_ms": 629500,
        "title": "Fleche - 核心想法：查询融合 小kernel调用来自于同一函数，通过自识别实现融合",
        "description": "",
        "asset_name": null,
        "source": null,
        "best_capture_ms": null,
        "crop_region": null,
        "text_span": null,
        "attributes": {
          "chunk": 0,
          "slide_id": "slide_017",
          "slide_index": 17,
          "offset_ms": 0
        },
        "kept": true,
        "duplicate_of": null,
        "duplicates": [],
        "notes": ""
      },
      {
        "id": "chunk_00/slide_018",
        "type": "slide",
        "start_ms": 630300,
        "end_ms": 688500,
        "title": "Fleche - 关键技术：自识别kernel融合方法 三阶段融合：初始化参数、自识别阶段、执行阶段",
        "description": "",
        "asset_name": null,
        "source": null,
        "best_capture_ms": null,
        "crop_region": null,
        "text_span": null,
        "attributes": {
          "chunk": 0,
          "slide_id": "slide_018",
          "slide_index": 18,
          "offset_ms": 0
        },
        "kept": true,
        "duplicate_of": null,
        "duplicates": [],
        "notes": ""
      },
      {
        "id": "chunk_00/slide_019",
        "type": "slide",
        "start_ms": 689300,
        "end_ms": 701500,
        "title": "Fleche - 性能评估 吞吐率提升及缓存查询延迟对比",
        "description": "",
        "asset_name": null,
        "source": null,
        "best_capture_ms": null,
        "crop_region": null,
        "text_span": null,
        "attributes": {
          "chunk": 0,
          "slide_id": "slide_019",
          "slide_index": 19,
          "offset_ms": 0
        },
        "kept": true,
        "duplicate_of": null,
        "duplicates": [],
        "notes": ""
      },
      {
        "id": "chunk_00/slide_020",
        "type": "slide",
        "start_ms": 702300,
        "end_ms": 711500,
        "title": "Fleche - 小结 针对GPU片上内存软硬交互开销大的解决方案",
        "description": "",
        "asset_name": null,
        "source": null,
        "best_capture_ms": null,
        "crop_region": null,
        "text_span": null,
        "attributes": {
          "chunk": 0,
          "slide_id": "slide_020",
          "slide_index": 20,
          "offset_ms": 0
        },
        "kept": true,
        "duplicate_of": null,
        "duplicates": [],
        "notes": ""
      },
      {
        "id": "chunk_00/slide_021",
        "type": "slide",
        "start_ms": 712300,
        "end_ms": 713500,
        "title": "报告目录 03 PM层参数存储：参数网卡聚集机制 [VLDB'23]",
        "description": "",
        "asset_name": null,
        "source": null,
        "best_capture_ms": null,
        "crop_region": null,
        "text_span": null,
        "attributes": {
          "chunk": 0,
          "slide_id": "slide_021",
          "slide_index": 21,
          "offset_ms": 0
        },
        "kept": true,
        "duplicate_of": null,
        "duplicates": [],
        "notes": ""
      },
      {
        "id": "chunk_00/slide_022",
        "type": "slide",
        "start_ms": 714300,
        "end_ms": 752500,
        "title": "PetPS - 研究动机 持久性内存参数服务器（PS）的CPU瓶颈现象",
        "description": "",
        "asset_name": null,
        "source": null,
        "best_capture_ms": null,
        "crop_region": null,
        "text_span": null,
        "attributes": {
          "chunk": 0,
          "slide_id": "slide_022",
          "slide_index": 22,
          "offset_ms": 0
        },
        "kept": true,
        "duplicate_of": null,
        "duplicates": [],
        "notes": ""
      },
      {
        "id": "chunk_00/slide_023",
        "type": "slide",
        "start_ms": 753300,
        "end_ms": 776500,
        "title": "PetPS - 核心想法 PM参数聚集消耗大量CPU指令周期",
        "description": "",
        "asset_name": null,
        "source": null,
        "best_capture_ms": null,
        "crop_region": null,
        "text_span": null,
        "attributes": {
          "chunk": 0,
          "slide_id": "slide_023",
          "slide_index": 23,
          "offset_ms": 0
        },
        "kept": true,
        "duplicate_of": null,
        "duplicates": [],
        "notes": ""
      },
      {
        "id": "chunk_00/slide_024",
        "type": "slide",
        "start_ms": 777300,
        "end_ms": 812500,
        "title": "PetPS - 核心想法 利用网卡DMA引擎（SG-DMA）功能，减轻CPU负担",
        "description": "",
        "asset_name": null,
        "source": null,
        "best_capture_ms": null,
        "crop_region": null,
        "text_span": null,
        "attributes": {
          "chunk": 0,
          "slide_id": "slide_024",
          "slide_index": 24,
          "offset_ms": 0
        },
        "kept": true,
        "duplicate_of": null,
        "duplicates": [],
        "notes": ""
      },
      {
        "id": "chunk_00/slide_025",
        "type": "slide",
        "start_ms": 813300,
        "end_ms": 851500,
        "title": "PetPS - 关键技术：网卡聚集机制 对比Naive方法与PetPS方法的执行流程",
        "description": "",
        "asset_name": null,
        "source": null,
        "best_capture_ms": null,
        "crop_region": null,
        "text_span": null,
        "attributes": {
          "chunk": 0,
          "slide_id": "slide_025",
          "slide_index": 25,
          "offset_ms": 0
        },
        "kept": true,
        "duplicate_of": null,
        "duplicates": [],
        "notes": ""
      },
      {
        "id": "chunk_00/slide_026",
        "type": "slide",
        "start_ms": 852300,
        "end_ms": 873500,
        "title": "PetPS - 关键技术：网卡聚集机制 面临的问题：参数一致性",
        "description": "",
        "asset_name": null,
        "source": null,
        "best_capture_ms": null,
        "crop_region": null,
        "text_span": null,
        "attributes": {
          "chunk": 0,
          "slide_id": "slide_026",
          "slide_index": 26,
          "offset_ms": 0
        },
        "kept": true,
        "duplicate_of": null,
        "duplicates": [],
        "notes": ""
      },
      {
        "id": "chunk_00/slide_027",
        "type": "slide",
        "start_ms": 874300,
        "end_ms": 888500,
        "title": "PetPS - 关键技术：参数一致性的维护 写时拷贝与基于epoch-list的空间回收机制",
        "description": "",
        "asset_name": null,
        "source": null,
        "best_capture_ms": null,
        "crop_region": null,
        "text_span": null,
        "attributes": {
          "chunk": 0,
          "slide_id": "slide_027",
          "slide_index": 27,
          "offset_ms": 0
        },
        "kept": true,
        "duplicate_of": null,
        "duplicates": [],
        "notes": ""
      },
      {
        "id": "chunk_00/slide_028",
        "type": "slide",
        "start_ms": 889300,
        "end_ms": 915500,
        "title": "PetPS - 整体性能 端到端吞吐率及延迟对比",
        "description": "",
        "asset_name": null,
        "source": null,
        "best_capture_ms": null,
        "crop_region": null,
        "text_span": null,
        "attributes": {
          "chunk": 0,
          "slide_id": "slide_028",
          "slide_index": 28,
          "offset_ms": 0
        },
        "kept": true,
        "duplicate_of": null,
        "duplicates": [],
        "notes": ""
      },
      {
        "id": "chunk_00/slide_029",
        "type": "slide",
        "start_ms": 916300,
        "end_ms": 931500,
        "title": "PetPS - 小结 利用网卡访存，使CPU更高效率地处理PM层参数",
        "description": "",
        "asset_name": null,
        "source": null,
        "best_capture_ms": null,
        "crop_region": null,
        "text_span": null,
        "attributes": {
          "chunk": 0,
          "slide_id": "slide_029",
          "slide_index": 29,
          "offset_ms": 0
        },
        "kept": true,
        "duplicate_of": null,
        "duplicates": [],
        "notes": ""
      },
      {
        "id": "chunk_00/slide_030",
        "type": "slide",
        "start_ms": 932300,
        "end_ms": 933500,
        "title": "报告目录 04 SSD层参数存储：参数选择性副本布局机制 [ASPLOS'24]",
        "description": "",
        "asset_name": null,
        "source": null,
        "best_capture_ms": null,
        "crop_region": null,
        "text_span": null,
        "attributes": {
          "chunk": 0,
          "slide_id": "slide_030",
          "slide_index": 30,
          "offset_ms": 0
        },
        "kept": true,
        "duplicate_of": null,
        "duplicates": [],
        "notes": ""
      },
      {
        "id": "chunk_00/slide_031",
        "type": "slide",
        "start_ms": 934300,
        "end_ms": 975500,
        "title": "MaxEmbed - 研究动机 使用SSD存储参数时存在的严重读放大现象，浪费带宽",
        "description": "",
        "asset_name": null,
        "source": null,
        "best_capture_ms": null,
        "crop_region": null,
        "text_span": null,
        "attributes": {
          "chunk": 0,
          "slide_id": "slide_031",
          "slide_index": 31,
          "offset_ms": 0
        },
        "kept": true,
        "duplicate_of": null,
        "duplicates": [],
        "notes": ""
      },
      {
        "id": "chunk_00/slide_032",
        "type": "slide",
        "start_ms": 976300,
        "end_ms": 989500,
        "title": "MaxEmbed - 研究动机 现有工作使用超图划分共现关系，但一个参数仅获一个共现关系",
        "description": "",
        "asset_name": null,
        "source": null,
        "best_capture_ms": null,
        "crop_region": null,
        "text_span": null,
        "attributes": {
          "chunk": 0,
          "slide_id": "slide_032",
          "slide_index": 32,
          "offset_ms": 0
        },
        "kept": true,
        "duplicate_of": null,
        "duplicates": [],
        "notes": ""
      },
      {
        "id": "chunk_00/slide_033",
        "type": "slide",
        "start_ms": 990300,
        "end_ms": 1025500,
        "title": "MaxEmbed - 研究动机 超图划分后，一个节点仅存在于一个子图中",
        "description": "",
        "asset_name": null,
        "source": null,
        "best_capture_ms": null,
        "crop_region": null,
        "text_span": null,
        "attributes": {
          "chunk": 0,
          "slide_id": "slide_033",
          "slide_index": 33,
          "offset_ms": 0
        },
        "kept": true,
        "duplicate_of": null,
        "duplicates": [],
        "notes": ""
      },
      {
        "id": "chunk_00/slide_034",
        "type": "slide",
        "start_ms": 1026300,
        "end_ms": 1081500,
        "title": "MaxEmbed - 研究动机 一个热点参数同时存在于多个共现关系中",
        "description": "",
        "asset_name": null,
        "source": null,
        "best_capture_ms": null,
        "crop_region": null,
        "text_span": null,
        "attributes": {
          "chunk": 0,
          "slide_id": "slide_034",
          "slide_index": 34,
          "offset_ms": 0
        },
        "kept": true,
        "duplicate_of": null,
        "duplicates": [],
        "notes": ""
      },
      {
        "id": "chunk_00/slide_035",
        "type": "slide",
        "start_ms": 1082300,
        "end_ms": 1111500,
        "title": "MaxEmbed - 核心想法 选择性副本热点参数，在空间开销内捕获组合共现关系",
        "description": "",
        "asset_name": null,
        "source": null,
        "best_capture_ms": null,
        "crop_region": null,
        "text_span": null,
        "attributes": {
          "chunk": 0,
          "slide_id": "slide_035",
          "slide_index": 35,
          "offset_ms": 0
        },
        "kept": true,
        "duplicate_of": null,
        "duplicates": [],
        "notes": ""
      },
      {
        "id": "chunk_00/slide_036",
        "type": "slide",
        "start_ms": 1112300,
        "end_ms": 1174500,
        "title": "MaxEmbed - 核心想法 面临的挑战：选择哪些参数副本及如何拆分用户请求",
        "description": "",
        "asset_name": null,
        "source": null,
        "best_capture_ms": null,
        "crop_region": null,
        "text_span": null,
        "attributes": {
          "chunk": 0,
          "slide_id": "slide_036",
          "slide_index": 36,
          "offset_ms": 0
        },
        "kept": true,
        "duplicate_of": null,
        "duplicates": [],
        "notes": ""
      },
      {
        "id": "chunk_00/slide_037",
        "type": "slide",
        "start_ms": 1175300,
        "end_ms": 1187500,
        "title": "MaxEmbed - 实验结果 单次页面包含有效参数数量分布及端到端吞吐率提升",
        "description": "",
        "asset_name": null,
        "source": null,
        "best_capture_ms": null,
        "crop_region": null,
        "text_span": null,
        "attributes": {
          "chunk": 0,
          "slide_id": "slide_037",
          "slide_index": 37,
          "offset_ms": 0
        },
        "kept": true,
        "duplicate_of": null,
        "duplicates": [],
        "notes": ""
      },
      {
        "id": "chunk_00/slide_038",
        "type": "slide",
        "start_ms": 1188300,
        "end_ms": 1197500,
        "title": "MaxEmbed - 小结 针对SSD读放大问题，采用热点参数选择性副本策略",
        "description": "",
        "asset_name": null,
        "source": null,
        "best_capture_ms": null,
        "crop_region": null,
        "text_span": null,
        "attributes": {
          "chunk": 0,
          "slide_id": "slide_038",
          "slide_index": 38,
          "offset_ms": 0
        },
        "kept": true,
        "duplicate_of": null,
        "duplicates": [],
        "notes": ""
      },
      {
        "id": "chunk_00/slide_039",
        "type": "slide",
        "start_ms": 1198300,
        "end_ms": 1212500,
        "title": "框架研发 - RecStore 通用、高效、低成本的推荐参数存储系统",
        "description": "",
        "asset_name": null,
        "source": null,
        "best_capture_ms": null,
        "crop_region": null,
        "text_span": null,
        "attributes": {
          "chunk": 0,
          "slide_id": "slide_039",
          "slide_index": 39,
          "offset_ms": 0
        },
        "kept": true,
        "duplicate_of": null,
        "duplicates": [],
        "notes": ""
      },
      {
        "id": "chunk_00/slide_040",
        "type": "slide",
        "start_ms": 1213300,
        "end_ms": 1228500,
        "title": "研究工作影响力 在阿里巴巴、快手、NVIDIA、Intel等企业的落地与应用",
        "description": "",
        "asset_name": null,
        "source": null,
        "best_capture_ms": null,
        "crop_region": null,
        "text_span": null,
        "attributes": {
          "chunk": 0,
          "slide_id": "slide_040",
          "slide_index": 40,
          "offset_ms": 0
        },
        "kept": true,
        "duplicate_of": null,
        "duplicates": [],
        "notes": ""
      },
      {
        "id": "chunk_00/slide_041",
        "type": "slide",
        "start_ms": 1229300,
        "end_ms": 1273500,
        "title": "未来展望：生成式推荐大模型 从DLRM到GR（生成式推荐），参数量和计算模式的变化",
        "description": "",
        "asset_name": null,
        "source": null,
        "best_capture_ms": null,
        "crop_region": null,
        "text_span": null,
        "attributes": {
          "chunk": 0,
          "slide_id": "slide_041",
          "slide_index": 41,
          "offset_ms": 0
        },
        "kept": true,
        "duplicate_of": null,
        "duplicates": [],
        "notes": ""
      },
      {
        "id": "chunk_00/slide_042",
        "type": "slide",
        "start_ms": 1274300,
        "end_ms": 1482840,
        "title": "总结 推荐模型对存储系统提出的挑战及多层次存储优化思路",
        "description": "",
        "asset_name": null,
        "source": null,
        "best_capture_ms": null,
        "crop_region": null,
        "text_span": null,
        "attributes": {
          "chunk": 0,
          "slide_id": "slide_042",
          "slide_index": 42,
          "offset_ms": 0
        },
        "kept": true,
        "duplicate_of": null,
        "duplicates": [],
        "notes": ""
      }
    ],
    "subtitles": [
      {
        "index": 1,
        "start": 0.36,
        "end": 9.16,
        "text": "从高速互联总线的技术突破，到异构池化系统的实践探索，每一个细节都展现了前沿技术的创新魅力。"
      },
      {
        "index": 2,
        "start": 9.36,
        "end": 18.14,
        "text": "接下来，让我们有请中国人民大学的谢明晖老师，带来《面向推荐大模型的参数存储系统研究》的分享。"
      },
      {
        "index": 3,
        "start": 18.42,
        "end": 27.695,
        "text": "推荐大模型的参数存储是当前人工智能领域的关键难题，期待谢老师的分享能为我们解开疑惑。掌声欢迎！"
      },
      {
        "index": 4,
        "start": 36.08,
        "end": 40.04,
        "text": "谢谢主持人的介绍，也谢谢各位领导和老师。"
      },
      {
        "index": 5,
        "start": 40.82,
        "end": 48.305,
        "text": "我是来自中国人民大学的谢明晖，本次汇报的题目是《面向推荐大模型的参数存储系统研究》。"
      },
      {
        "index": 6,
        "start": 49.05,
        "end": 54.03,
        "text": "首先对我个人情况做个简单的介绍。"
      },
      {
        "index": 7,
        "start": 54.45,
        "end": 63.95,
        "text": "我本科就读于南京大学，去年在清华大学计算机系陆游游老师和舒继武老师指导下获得博士学位，毕业后加入中国人民大学。"
      },
      {
        "index": 8,
        "start": 65.65,
        "end": 72.99,
        "text": "曾获得ACM优博奖、北京市青托计划等荣誉，并承担了一系列企业项目。"
      },
      {
        "index": 9,
        "start": 72.99,
        "end": 86.765,
        "text": "我的研究方向主要围绕机器学习系统，具体涉及存储系统与机器学习系统的交叉领域，即面向 AI 的存储（Storage for AI）。"
      },
      {
        "index": 10,
        "start": 87.78,
        "end": 96.36,
        "text": "我们目前的工作主要围绕参数存储、向量存储和记忆存储三个层次展开。"
      },
      {
        "index": 11,
        "start": 96.72,
        "end": 105.6,
        "text": "随着人工智能模型规模的扩大，模型“脑容量”增加，对应的参数量也随之激增。"
      },
      {
        "index": 12,
        "start": 105.96,
        "end": 120.11,
        "text": "其次，AI 模型观察万物的方式是将世界万物表达为向量，因此向量存储也是我们需要考虑的关键组件。"
      },
      {
        "index": 13,
        "start": 120.45,
        "end": 133.07,
        "text": "第三块是记忆存储。区分聊天机器人与真正智能体的关键在于智能体是否拥有记忆。"
      },
      {
        "index": 14,
        "start": 133.09,
        "end": 148.61,
        "text": "如果没有记忆，它只是一个简单的 Chatbot。因此，我们也面向特定场景研究大语言模型（LLM）的记忆方案，包括 RAG 或参数化记忆方案。"
      },
      {
        "index": 15,
        "start": 148.95,
        "end": 158.89,
        "text": "回到本次演讲的主题，我们主要针对推荐模型的参数存储，即刚才提到的最底层部分。"
      },
      {
        "index": 16,
        "start": 159.31,
        "end": 181.6,
        "text": "当前互联网高度发达，每天产生海量的视频、推文等 UGC 内容。面对海量信息，用户无法全部处理，因此需要推荐模型负责筛选并呈现。"
      },
      {
        "index": 17,
        "start": 182.06,
        "end": 198.575,
        "text": "在 Facebook 的 AI 集群中，推荐模型在 AI 服务耗时中的占比已达到 80%。因此，推荐模型已成为现代数据中心 AI 服务的主要载体。"
      },
      {
        "index": 18,
        "start": 199.65,
        "end": 215.22,
        "text": "具体看推荐模型的结构，它与传统的 CV 或 NLP 模型不同，拥有一个非常庞大的嵌入层（Embedding Layer）。"
      },
      {
        "index": 19,
        "start": 215.44,
        "end": 221.5,
        "text": "其中包含许多嵌入表，如城市、用户、视频的嵌入表。"
      },
      {
        "index": 20,
        "start": 221.94,
        "end": 234.755,
        "text": "推荐模型的输入不是像 ResNet 那样的稠密图像，而是高维稀疏的 ID。"
      },
      {
        "index": 21,
        "start": 235.45,
        "end": 247.67,
        "text": "由于 DNN 难以直接处理高维稀疏 ID，因此使用嵌入表将其转化为低维稠密向量。"
      },
      {
        "index": 22,
        "start": 247.67,
        "end": 265.83,
        "text": "例如，根据用户最近观看的三个视频 ID，从表中查出对应的三行向量，再喂给神经网络。这部分稀疏参数访问是典型的访存密集型而非计算密集型。"
      },
      {
        "index": 23,
        "start": 266.13,
        "end": 273.45,
        "text": "当前推荐模型面临两方面的存储困境。第一是容量墙，参数量巨大。"
      },
      {
        "index": 24,
        "start": 274.37,
        "end": 289.445,
        "text": "由于 ID 交叉等技术，嵌入层参数量可达 12 万亿级。工业实践证明，模型精度提升需要参数量的同步提升。"
      },
      {
        "index": 25,
        "start": 290.25,
        "end": 309.75,
        "text": "第二是带宽墙。嵌入层涉及大量访存操作。根据阿里的统计，嵌入操作占端到端模型时间的 70% 以上。"
      },
      {
        "index": 26,
        "start": 310.15,
        "end": 323.69,
        "text": "这严重限制了算力的发挥。受这两堵墙叠加影响，快手目前部署了万台内存参数服务器，仅用于存储模型。"
      },
      {
        "index": 27,
        "start": 324.11,
        "end": 327.025,
        "text": "其机器成本极高，达到了十亿元级别。"
      },
      {
        "index": 28,
        "start": 328.47,
        "end": 335.435,
        "text": "因此，存储系统已成为制约推荐模型发展的核心因素。"
      },
      {
        "index": 29,
        "start": 337.7,
        "end": 358.9,
        "text": "幸运的是，随着硬件发展，出现了不同层次的存储。在性能层，有集成在 GPU 或新一代 CPU 中的 HBM。"
      },
      {
        "index": 30,
        "start": 358.9,
        "end": 369.17,
        "text": "我们可以利用 HBM 做缓存来缓解带宽墙。在容量层，有持久性内存（PM），它成本更低，可用于内存扩容。"
      },
      {
        "index": 31,
        "start": 369.53,
        "end": 379.785,
        "text": "我们研究的核心思路是混合利用多层次内存构建存储系统，实现容量和带宽的互补。"
      },
      {
        "index": 32,
        "start": 380.91,
        "end": 390.75,
        "text": "但实现这一目标极具挑战，主要问题在于不同层次硬件的特性差异巨大。"
      },
      {
        "index": 33,
        "start": 390.77,
        "end": 416.545,
        "text": "例如，在 GPU HBM 层，软硬交互效率较低。使用 HBM 做缓存查询时，需要 CPU 启动 Kernel 让 GPU 执行，而 CPU 调用 GPU 的开销占比可达 70%。"
      },
      {
        "index": 34,
        "start": 417.44,
        "end": 431.03,
        "text": "在 DRAM 和 PM 层，介质性能难以发挥。PM 延迟较高，且属于 Load/Store 介质。"
      },
      {
        "index": 35,
        "start": 431.33,
        "end": 448.175,
        "text": "如果 PM 延迟是 DRAM 的三倍，会严重卡住 CPU 流水线。将参数服务器的 DRAM 换成 PM 后，吞吐量下降了 1.9 倍，抵消了硬件成本优势。"
      },
      {
        "index": 36,
        "start": 448.95,
        "end": 466.17,
        "text": "在 SSD 层，参数读放大现象严重。内存介质是字节粒度寻址，而 SSD 是块寻址。"
      },
      {
        "index": 37,
        "start": 466.17,
        "end": 477.53,
        "text": "即使只访问 64B 到 512B 的参数，也必须读取整个 4KB 的 Page。这种粒度不匹配导致 SSD 读放大严重。"
      },
      {
        "index": 38,
        "start": 477.85,
        "end": 492.925,
        "text": "即使是高性能 SSD，其实际有效带宽也仅有 6% 左右。"
      },
      {
        "index": 39,
        "start": 494.09,
        "end": 508.745,
        "text": "针对这三个层次的问题，我们分别开展了工作，成果发表在 EuroSys、VLDB 和 ASPLOS 等会议上。"
      },
      {
        "index": 40,
        "start": 510.18,
        "end": 515.94,
        "text": "首先是 GPU 层的工作 Fleche，解决软硬交互开销大的问题。"
      },
      {
        "index": 41,
        "start": 516.54,
        "end": 536.205,
        "text": "开销大的本质原因是产生了大量零碎的小 Kernel。一个模型可能有几百个嵌入表，对应产生几百个小 Kernel；如果有几千个特征，则会产生几千个小 Kernel。"
      },
      {
        "index": 42,
        "start": 537.81,
        "end": 552.61,
        "text": "海量小 Kernel 并非新问题。传统深度学习编译器（如 TVM、XLA）会通过 Kernel Fusion（内核融合）来缓解。"
      },
      {
        "index": 43,
        "start": 552.87,
        "end": 562.65,
        "text": "但我们发现，传统编译器并不适合缓存查询的 Kernel 融合。"
      },
      {
        "index": 44,
        "start": 563.07,
        "end": 578.88,
        "text": "因为它们适合处理输入输出形状固定的张量（如 AlexNet），而推荐模型中的张量形状是非常动态的。"
      },
      {
        "index": 45,
        "start": 578.88,
        "end": 592.365,
        "text": "例如，不同用户观看视频的数量不同，拼接成 Batch 后长度不一。这对 TVM 等编译器非常不友好，不利于融合。"
      },
      {
        "index": 46,
        "start": 593.25,
        "end": 613.42,
        "text": "我们工作的核心观察是：虽然有很多小 Kernel，但它们大多来自同一个缓存查询函数，只是参数不同。"
      },
      {
        "index": 47,
        "start": 613.84,
        "end": 628.14,
        "text": "因此，我们可以发射一个巨大的单体 Kernel，内部包含足够多的线程。"
      },
      {
        "index": 48,
        "start": 628.28,
        "end": 629.545,
        "text": "让这些线程自识别并处理原来多个小 Kernel 的任务，实现查询融合。"
      },
      {
        "index": 49,
        "start": 630.88,
        "end": 635.62,
        "text": "为此，我们提出了“三阶段自识别 Kernel 融合方法”。"
      },
      {
        "index": 50,
        "start": 636.12,
        "end": 658.975,
        "text": "核心思想是发射一个大 Kernel，同时记录原小 Kernel 线程数的前缀和数组。大 Kernel 内部的每个线程通过二分查找识别其归属关系，再进行缓存查询。"
      },
      {
        "index": 51,
        "start": 659.72,
        "end": 689.075,
        "text": "我们还利用原属于网卡的特性，让 CPU 实现 Load/Store 直接拷贝显存，优化了 CPU 到 GPU 的小块数据拷贝性能。"
      },
      {
        "index": 52,
        "start": 689.67,
        "end": 700.245,
        "text": "性能评估显示，与现有系统相比，Fleche 的延迟不随 Kernel 个数增加而线性上升，基本保持稳定。"
      },
      {
        "index": 53,
        "start": 701.89,
        "end": 711.235,
        "text": "小结一下，针对 GPU 片上内存软硬交互开销大的问题，我们的核心思想是查询融合。"
      },
      {
        "index": 54,
        "start": 712.76,
        "end": 721.22,
        "text": "在 PM 层，第二个工作 PetPS 针对参数服务器换用 PM 后的 CPU 瓶颈问题。"
      },
      {
        "index": 55,
        "start": 721.78,
        "end": 752.325,
        "text": "我们发现 CPU 利用率达到 100%，成为瓶颈。分析 PS 的工作流发现，参数的序列化和聚集过程消耗了大量 CPU 资源，占比约 35%。"
      },
      {
        "index": 56,
        "start": 753.77,
        "end": 761.07,
        "text": "为什么在 DRAM 上这不是问题，换成 PM 就成了问题？"
      },
      {
        "index": 57,
        "start": 761.31,
        "end": 776.505,
        "text": "因为 PM 较慢，在序列化过程中，CPU 需要逐个将参数拷贝到缓冲区，高延迟导致 CPU 耗时显著增加。"
      },
      {
        "index": 58,
        "start": 777.71,
        "end": 792.45,
        "text": "我们的核心想法是利用商用网卡中常被忽视的 SG-DMA（Scatter-Gather DMA）功能。"
      },
      {
        "index": 59,
        "start": 792.45,
        "end": 811.445,
        "text": "它可以代替 CPU 完成 PM 上参数的序列化。CPU 只需向网卡提交包含源地址和目的地址的描述符，网卡即可自动完成内存聚集。"
      },
      {
        "index": 60,
        "start": 812.75,
        "end": 817.73,
        "text": "基于此，我们设计了“网卡聚集机制”。"
      },
      {
        "index": 61,
        "start": 818.15,
        "end": 846.34,
        "text": "CPU 只需发射描述符，由网卡负责拉取参数。整个过程中 CPU 无需直接访问 PM，从而规避了 PM 的高加载延迟，提升了吞吐量。"
      },
      {
        "index": 62,
        "start": 847.02,
        "end": 861.08,
        "text": "当然，这也会带来参数一致性问题。例如网卡正在拉取参数时，参数版本发生了更新。"
      },
      {
        "index": 63,
        "start": 861.52,
        "end": 872.91,
        "text": "网卡对此并不知情，可能导致拉取的数据新旧版本混杂。"
      },
      {
        "index": 64,
        "start": 874.22,
        "end": 888.335,
        "text": "我们通过写时拷贝（Copy-on-Write）和基于 Epoch 的空间回收机制来维护参数一致性，此处不再展开。"
      },
      {
        "index": 65,
        "start": 889.78,
        "end": 915.465,
        "text": "性能测试显示，PetPS 相比经典 PS 系统吞吐量大幅提升，且相比纯 DRAM 系统，延迟基本相当，同时成本降低了 30%。"
      },
      {
        "index": 66,
        "start": 916.76,
        "end": 930.665,
        "text": "小结：针对 PM 延迟导致的 CPU 瓶颈，我们利用网卡 DMA 能力实现了协同访存。"
      },
      {
        "index": 67,
        "start": 932.76,
        "end": 939.4,
        "text": "最后来到 SSD 层的工作 MaxEmbed，解决粒度不匹配导致的读放大问题。"
      },
      {
        "index": 68,
        "start": 939.86,
        "end": 952.16,
        "text": "现有工作尝试将容易共现的参数放在同一个 SSD Page 中，以增加单次读取的有效数据量。"
      },
      {
        "index": 69,
        "start": 953.82,
        "end": 975.215,
        "text": "但我们发现这还不够。Facebook 的 SHP 工作即使采用精巧的排布，有效带宽也仅能从 6% 提升到 8%，硬件利用率依然极低。"
      },
      {
        "index": 70,
        "start": 976.24,
        "end": 996.54,
        "text": "分析原因发现，现有工作将参数共现关系视为超图中的边，并利用超图划分算法将其切分为子图。"
      },
      {
        "index": 71,
        "start": 996.84,
        "end": 1004.26,
        "text": "每个子图内的参数数量少于一个 SSD Block。"
      },
      {
        "index": 72,
        "start": 1004.82,
        "end": 1024.555,
        "text": "虽然这能捕获部分共现关系，但由于一个参数在磁盘上只存一份，它只能归属于一个子图。"
      },
      {
        "index": 73,
        "start": 1025.5,
        "end": 1038.815,
        "text": "然而现实中，一个参数往往存在于多组共现关系中。统计显示，这种情况占比超过 30%。"
      },
      {
        "index": 74,
        "start": 1039.52,
        "end": 1052.015,
        "text": "举个生活化的例子：我想买平板，可能关注华为 MatePad、iPad Air 或小米平板。"
      },
      {
        "index": 75,
        "start": 1052.75,
        "end": 1059.965,
        "text": "如果我只想买 iPad，可能关注 iPad Air、iPad mini 及其壳膜。"
      },
      {
        "index": 76,
        "start": 1060.7,
        "end": 1064.435,
        "text": "如果是“果粉”，可能关注 iPad、MacBook 和 iPhone。"
      },
      {
        "index": 77,
        "start": 1065.11,
        "end": 1082.45,
        "text": "这三组关系叠加后，iPad mini 和 iPad Air 就成了热点。现有的划分方式只能捕获其中一类共现关系，不够高效。"
      },
      {
        "index": 78,
        "start": 1082.81,
        "end": 1094.805,
        "text": "我们的核心想法是利用廉价的磁盘空间换取带宽。"
      },
      {
        "index": 79,
        "start": 1095.96,
        "end": 1111.485,
        "text": "具体而言，为热点参数创建额外的副本，尽可能多地捕获组合关系。这样原本需要三次读取的操作，现在可能只需两次。"
      },
      {
        "index": 80,
        "start": 1112.25,
        "end": 1128.41,
        "text": "实现这一目标涉及两个复杂问题：一是离线选择哪些参数做副本，这是一个 NP-Hard 的数学问题，我们提出了相应的解法。"
      },
      {
        "index": 81,
        "start": 1128.83,
        "end": 1146.58,
        "text": "二是面对在线请求，如何利用副本将其拆分为最优的页面组合。这看似是集合覆盖问题，但在线系统没有时间运行复杂算法。"
      },
      {
        "index": 82,
        "start": 1146.66,
        "end": 1178.02,
        "text": "我们将其转化为系统问题，通过流水线化 SSD IO 和计算，先确定必须读取的页面并发出请求，在等待过程中再计算后续的最优读取策略。"
      },
      {
        "index": 83,
        "start": 1178.48,
        "end": 1185.875,
        "text": "实验结果显示，在 20% 的空间放大下，吞吐率提升了 30%，更高效地利用了 SSD 带宽。"
      },
      {
        "index": 84,
        "start": 1188.06,
        "end": 1196.565,
        "text": "小结：针对磁盘读放大，我们采取了选择性副本策略。"
      },
      {
        "index": 85,
        "start": 1198.08,
        "end": 1212.615,
        "text": "我们将这三个层次的工作整合为 RecStore 系统并已开源。我们希望实现各层次的统一管理，并向上支持多个框架。"
      },
      {
        "index": 86,
        "start": 1214.3,
        "end": 1229.41,
        "text": "部分工作已在快手落地，帮助其节省了约一亿元成本，稳定服务了亿级用户。Intel 公司也对此进行了报道。"
      },
      {
        "index": 87,
        "start": 1230.73,
        "end": 1238.555,
        "text": "最后做一点未来展望。大模型对推荐模型也产生了冲击，出现了生成式推荐模型（GR）。"
      },
      {
        "index": 88,
        "start": 1239.46,
        "end": 1247.855,
        "text": "我们发现它与传统 DLRM 不同，从“大稀疏+小稠密”演变为“大稀疏+大稠密”。"
      },
      {
        "index": 89,
        "start": 1248.61,
        "end": 1272.635,
        "text": "对于存储 and OS 研究者来说，这充满了机遇。企业部署生成式推荐模型面临巨大的算力成本压力，我们可以借鉴 LLM 的 KV Cache 等思路，通过“以存代算”降低算力成本。"
      },
      {
        "index": 90,
        "start": 1274.04,
        "end": 1279.0,
        "text": "以上就是我今天分享的全部内容，谢谢大家。"
      },
      {
        "index": 91,
        "start": 1280.9,
        "end": 1293.705,
        "text": "感谢谢老师的深入解析。请您留步，现场的各位嘉宾朋友，有没有想要提问的？我们可以畅所欲言。"
      },
      {
        "index": 92,
        "start": 1294.67,
        "end": 1304.19,
        "text": "要抓住这个机会。这位先生，请工作人员把麦克风递给后面这位先生。"
      },
      {
        "index": 93,
        "start": 1310.58,
        "end": 1333.705,
        "text": "我不问学术问题，问个产业问题。持久化内存我研究过一段时间，觉得应用场景很好，但 Intel 把这条产线砍掉了，国内有没有可替代的方案？"
      },
      {
        "index": 94,
        "start": 1335.06,
        "end": 1362.7,
        "text": "谢谢，非常好的问题。持久性内存是一个泛指的概念，并不非要绑定 Intel 的 Optane。现在三星等公司推出了 Memory Semantic SSD，即字节粒度寻址的磁盘。"
      },
      {
        "index": 95,
        "start": 1363.06,
        "end": 1381.23,
        "text": "此外，还有 CXL 内存扩展卡，插在主机上，特性类似于 PM，且成本更低。"
      },
      {
        "index": 96,
        "start": 1381.65,
        "end": 1406.095,
        "text": "快手当时买了很多 Optane，确实很有用。Intel 停产后，他们开始尝试 CXL 1.1 的内存扩展卡来替代。未来 CXL 扩展出的内存池会有更多机会。"
      },
      {
        "index": 97,
        "start": 1407.0,
        "end": 1435.24,
        "text": "本质上我们的研究是针对慢速、字节粒度寻址的廉价内存，并不局限于 Optane。例如 CXL 远端内存，我们的网卡聚集机制依然能发挥作用。"
      },
      {
        "index": 98,
        "start": 1435.58,
        "end": 1447.0,
        "text": "好的，谢谢。我们再加一位。"
      },
      {
        "index": 99,
        "start": 1447.24,
        "end": 1462.62,
        "text": "RecStore 框架目前支持哪些模型？RecStore 主要是由我在人大带的学生在持续迭代。"
      },
      {
        "index": 100,
        "start": 1462.82,
        "end": 1474.0,
        "text": "目前功能已基本完备，性能上还在进一步调优，我们一直在持续更新。"
      },
      {
        "index": 101,
        "start": 1474.68,
        "end": 1482.519,
        "text": "再次感谢谢老师。参数存储系统的优化不仅提升了大模型的运行效率，更为人机智能技术的落地提供了坚实支撑。"
      }
    ],
    "chunk_label": "part_02/final"
  },
  "output": {
    "sections": [
      {
        "id": "sec_001",
        "title": "报告开场与讲者介绍个人背景及研究方向介绍，包括面向 AI 的存储（Storage for AI）领域的工作总览。介绍报告题目《面向推荐大模型的参数存储系统研究》及讲者谢明晖老师的学术背景与研究方向。",
        "material_ids": [
          "chunk_00/slide_001",
          "chunk_00/slide_002"
        ],
        "start_ms": 15500,
        "end_ms": 86500,
        "summary_hint": "",
        "notes": "",
        "text_span": {
          "start": 1,
          "end": 8
        },
        "lead_text": "接下来，让我们有请中国人民大学的谢明晖老师，带来《面向推荐大模型的参数存储系统研究》的分享。",
        "tail_text": "我的研究方向主要围绕机器学习系统，具体涉及存储系统与机器学习系统的交叉领域，即面向 AI 的存储（Storage for AI）。"
      },
      {
        "id": "sec_002",
        "title": "研究背景：推荐模型的结构与存储困境阐述推荐模型中嵌入层（Embedding Layer）的重要性，以及当前面临的容量墙和带宽墙挑战。阐述推荐模型中嵌入层（Embedding Layer）的重要性，以及当前面临的容量墙和带宽墙挑战。",
        "material_ids": [
          "chunk_00/slide_003",
          "chunk_00/slide_004",
          "chunk_00/slide_005",
          "chunk_00/slide_006",
          "chunk_00/slide_007"
        ],
        "start_ms": 87300,
        "end_ms": 335500,
        "summary_hint": "",
        "notes": "",
        "text_span": {
          "start": 9,
          "end": 27
        },
        "lead_text": "我们目前的工作主要围绕参数存储、向量存储和记忆存储三个层次展开。",
        "tail_text": "因此，存储系统已成为制约推荐模型发展的核心因素。"
      },
      {
        "id": "sec_003",
        "title": "硬件趋势与核心科学问题分析多层级存储（HBM, PM, SSD）的特性，指出软件在利用这些硬件时存在的交互效率低、延迟高及读放大等问题。分析多层级存储（HBM, PM, SSD）的特性，指出软件在利用这些硬件时存在的交互效率低、延迟高及读放大等问题。",
        "material_ids": [
          "chunk_00/slide_008",
          "chunk_00/slide_009",
          "chunk_00/slide_010",
          "chunk_00/slide_011",
          "chunk_00/slide_012",
          "chunk_00/slide_013"
        ],
        "start_ms": 336300,
        "end_ms": 510500,
        "summary_hint": "",
        "notes": "",
        "text_span": {
          "start": 28,
          "end": 39
        },
        "lead_text": "幸运的是，随着硬件发展，出现了不同层次的存储。在性能层，有集成在 GPU 或新一代 CPU 中的 HBM。",
        "tail_text": "首先是 GPU 层的工作 Fleche，解决软硬交互开销大的问题。"
      },
      {
        "id": "sec_004",
        "title": "GPU层参数存储：Fleche查询融合针对GPU片上内存软硬交互开销大的问题，提出自识别Kernel融合方法，减少零碎小Kernel产生的开销。针对GPU片上内存软硬交互开销大的问题，提出自识别Kernel融合方法，减少零碎小Kernel产生的开销。",
        "material_ids": [
          "chunk_00/slide_014",
          "chunk_00/slide_015",
          "chunk_00/slide_016",
          "chunk_00/slide_017",
          "chunk_00/slide_018",
          "chunk_00/slide_019",
          "chunk_00/slide_020"
        ],
        "start_ms": 511300,
        "end_ms": 711500,
        "summary_hint": "",
        "notes": "",
        "text_span": {
          "start": 39,
          "end": 52
        },
        "lead_text": "首先是 GPU 层的工作 Fleche，解决软硬交互开销大的问题。",
        "tail_text": "小结一下，针对 GPU 片上内存软硬交互开销大的问题，我们的核心思想是查询融合。"
      },
      {
        "id": "sec_005",
        "title": "PM层参数存储：PetPS网卡聚集机制利用网卡的SG-DMA功能代替CPU完成参数序列化，规避持久性内存（PM）的高延迟导致的CPU瓶颈。利用网卡的SG-DMA功能代替CPU完成参数序列化，规避持久性内存（PM）的高延迟导致的CPU瓶颈。",
        "material_ids": [
          "chunk_00/slide_021",
          "chunk_00/slide_022",
          "chunk_00/slide_023",
          "chunk_00/slide_024",
          "chunk_00/slide_025",
          "chunk_00/slide_026",
          "chunk_00/slide_027",
          "chunk_00/slide_028",
          "chunk_00/slide_029"
        ],
        "start_ms": 712300,
        "end_ms": 931500,
        "summary_hint": "",
        "notes": "",
        "text_span": {
          "start": 53,
          "end": 65
        },
        "lead_text": "在 PM 层，第二个工作 PetPS 针对参数服务器换用 PM 后的 CPU 瓶颈问题。",
        "tail_text": "小结：针对 PM 延迟导致的 CPU 瓶颈，我们利用网卡 DMA 能力实现了协同访存。"
      },
      {
        "id": "sec_006",
        "title": "SSD层参数存储：MaxEmbed选择性副本针对SSD读放大问题，通过热点参数的选择性副本策略，利用空间换带宽，提升硬件利用率。针对SSD读放大问题，通过热点参数的选择性副本策略，利用空间换带宽，提升硬件利用率。",
        "material_ids": [
          "chunk_00/slide_030",
          "chunk_00/slide_031",
          "chunk_00/slide_032",
          "chunk_00/slide_033",
          "chunk_00/slide_034",
          "chunk_00/slide_035",
          "chunk_00/slide_036",
          "chunk_00/slide_037",
          "chunk_00/slide_038"
        ],
        "start_ms": 932300,
        "end_ms": 1197500,
        "summary_hint": "",
        "notes": "",
        "text_span": {
          "start": 66,
          "end": 83
        },
        "lead_text": "最后来到 SSD 层的工作 MaxEmbed，解决粒度不匹配导致的读放大问题。",
        "tail_text": "小结：针对磁盘读放大，我们采取了选择性副本策略。"
      },
      {
        "id": "sec_007",
        "title": "RecStore系统研发与产业落地介绍整合三层优化工作的RecStore系统及其在快手等企业的实际应用效果。介绍整合三层优化工作的RecStore系统及其在快手等企业的实际应用效果。",
        "material_ids": [
          "chunk_00/slide_039",
          "chunk_00/slide_040"
        ],
        "start_ms": 1198300,
        "end_ms": 1228500,
        "summary_hint": "",
        "notes": "",
        "text_span": {
          "start": 84,
          "end": 85
        },
        "lead_text": "我们将这三个层次的工作整合为 RecStore 系统并已开源。我们希望实现各层次的统一管理，并向上支持多个框架。",
        "tail_text": "部分工作已在快手落地，帮助其节省了约一亿元成本，稳定服务了亿级用户。Intel 公司也对此进行了报道。"
      },
      {
        "id": "sec_008",
        "title": "未来展望与总结探讨生成式推荐模型（GR）带来的新挑战，并对全篇内容进行总结及现场问答。探讨生成式推荐模型（GR）带来的新挑战，并对全篇内容进行总结及现场问答。",
        "material_ids": [
          "chunk_00/slide_041",
          "chunk_00/slide_042"
        ],
        "start_ms": 1229300,
        "end_ms": 1482840,
        "summary_hint": "",
        "notes": "",
        "text_span": {
          "start": 85,
          "end": 100
        },
        "lead_text": "部分工作已在快手落地，帮助其节省了约一亿元成本，稳定服务了亿级用户。Intel 公司也对此进行了报道。",
        "tail_text": "再次感谢谢老师。参数存储系统的优化不仅提升了大模型的运行效率，更为人机智能技术的落地提供了坚实支撑。"
      }
    ]
  },
  "artifacts": [
    "output/ScienceEducationInnovation/part_02/final/05_section_plan/artifacts/section_manifest.json"
  ],
  "metadata": {
    "sections": 8
  },
  "trace_id": "b4083474-8f02-42d5-a3b0-d43dd4e8e64a",
  "duration_ms": 15039,
  "started_at": "2025-12-19T00:55:12.247614",
  "completed_at": "2025-12-18T16:55:27.290879",
  "step_config": {
    "model": "gemini-3-flash-preview",
    "temperature": 0.2,
    "prompt_file": "/Users/lichuan/Codes/TalkDistill/config/prompts/section_plan.md",
    "schema_file": "/Users/lichuan/Codes/TalkDistill/config/schemas/section_plan.json"
  },
  "dependencies": [
    "merge_slides",
    "merge_subtitles"
  ]
}