{
  "address": "ScienceEducationInnovation/part_02/chunk_00/07_capture_frame/slide_010",
  "status": "completed",
  "input": {
    "video": "output/ScienceEducationInnovation/part_02/chunk_00/01_cut_chunk/artifacts/chunk_high.mp4",
    "timestamp": "00:06:36.180",
    "frame_id": "slide_010",
    "output_ext": ".png"
  },
  "output": "output/ScienceEducationInnovation/part_02/chunk_00/07_capture_frame/slide_010/artifacts/slide_010.png",
  "artifacts": [
    "output/ScienceEducationInnovation/part_02/chunk_00/07_capture_frame/slide_010/artifacts/slide_010.png"
  ],
  "metadata": {
    "timestamp": "00:06:36.180",
    "frame_id": "slide_010",
    "ffmpeg": "/opt/homebrew/bin/ffmpeg"
  },
  "trace_id": null,
  "duration_ms": 1619,
  "started_at": "2025-12-17T10:50:27.899688",
  "completed_at": "2025-12-17T02:50:29.519585",
  "step_config": {},
  "dependencies": [
    "slide_timeline"
  ]
}