{
  "address": "ai_session/part_03/final/10_part_digest",
  "status": "completed",
  "input": {
    "part_index": 3,
    "part_start_s": 3529.92,
    "part_duration_s": 1089.8099999999995,
    "sections": [
      {
        "id": "sec_1",
        "index": 0,
        "title": "背景介绍",
        "time_range": "00:00:00,000 - 00:10:23,985",
        "summary": "讲者首先介绍了JuiceFS，一个为AI领域设计的高性能分布式文件系统，及其元数据与数据分离的架构。接着，他详细阐述了MLPerf Storage v2.0基准测试的背景、目的和工作原理，该测试通过模拟AI训练中的数据加载来评估存储性能。最后，他展示了分布式训练和MLPerf Storage的内部流程，并提出了一个简化的系统心智模型以帮助分析I/O路径。",
        "start_ms": 0,
        "end_ms": 623985,
        "material_ids": [
          "chunk_00/slide_001",
          "chunk_00/slide_002",
          "chunk_00/slide_003",
          "chunk_00/slide_004",
          "chunk_00/slide_005",
          "chunk_00/slide_006",
          "chunk_00/slide_007",
          "chunk_00/slide_008",
          "chunk_00/slide_009",
          "chunk_00/slide_010"
        ]
      },
      {
        "id": "sec_2",
        "index": 1,
        "title": "性能测试与分析",
        "time_range": "00:10:26,320 - 00:15:56,730",
        "summary": "讲者介绍了对 unet3d 和 resnet50 两个模型的性能测试与分析。测试发现，unet3d 的瓶颈在于高并发下的 CPU 内存拷贝，而 resnet50 的瓶颈在于 JuiceFS 自身受限于系统内存带宽的吞吐能力。最终结论指出，JuiceFS 的吞吐带宽与系统内存拷贝带宽强相关，这是影响 AI 训练 I/O 性能的关键。",
        "start_ms": 626320,
        "end_ms": 956730,
        "material_ids": [
          "chunk_00/slide_011",
          "chunk_00/slide_012",
          "chunk_00/slide_013",
          "chunk_00/slide_014",
          "chunk_00/slide_015",
          "chunk_00/slide_016",
          "chunk_00/slide_017",
          "chunk_00/slide_018",
          "chunk_00/slide_019"
        ]
      },
      {
        "id": "sec_3",
        "index": 2,
        "title": "总结",
        "time_range": "00:15:56,730 - 00:18:09,190",
        "summary": "讲者总结了 MLPerf Storage 测试的关键发现，指出 JuiceFS 的吞吐带宽是决定其能支持 GPU 数量的核心因素，这主要考察了并发、顺序读和总带宽能力。他进一步强调，性能调优是系统工程，系统内存、互联带宽、NUMA 架构等都会影响最终性能，并分享了内存拷贝、Go 语言 NUMA 感知等具体观察。",
        "start_ms": 956730,
        "end_ms": 1089190,
        "material_ids": [
          "chunk_00/slide_020",
          "chunk_00/slide_021"
        ]
      }
    ],
    "materials": [
      {
        "id": "chunk_00/slide_001",
        "type": "slide",
        "title": "AI分论坛开场 屏幕显示“AI分论坛”主视觉画面。",
        "start_ms": 500,
        "end_ms": 7000,
        "best_capture_ms": null
      },
      {
        "id": "chunk_00/slide_002",
        "type": "slide",
        "title": "演讲封面：JuiceFS MLPerf Storage v2.0 性能测评与调优 演讲者刘昕良开始介绍。",
        "start_ms": 8000,
        "end_ms": 31000,
        "best_capture_ms": null
      },
      {
        "id": "chunk_00/slide_003",
        "type": "slide",
        "title": "目录 包含介绍、测试与分析、总结三个部分。",
        "start_ms": 32000,
        "end_ms": 45000,
        "best_capture_ms": null
      },
      {
        "id": "chunk_00/slide_004",
        "type": "slide",
        "title": "JuiceFS是什么？ 介绍JuiceFS的架构特性，包含架构图。",
        "start_ms": 46500,
        "end_ms": 148000,
        "best_capture_ms": null
      },
      {
        "id": "chunk_00/slide_005",
        "type": "slide",
        "title": "MLPerf Storage介绍 解释MLPerf Storage的目的和测量内容。",
        "start_ms": 149500,
        "end_ms": 280000,
        "best_capture_ms": null
      },
      {
        "id": "chunk_00/slide_006",
        "type": "slide",
        "title": "MLPerf Storage 架构图 展示Storage resources到Compute resources的数据流向。",
        "start_ms": 281500,
        "end_ms": 360000,
        "best_capture_ms": null
      },
      {
        "id": "chunk_00/slide_007",
        "type": "slide",
        "title": "MLPerf Storage v2.0 benchmarks 表格展示不同任务（如图像分割、分类）的基准测试参数。",
        "start_ms": 361500,
        "end_ms": 445000,
        "best_capture_ms": null
      },
      {
        "id": "chunk_00/slide_008",
        "type": "slide",
        "title": "分布式训练overview 展示数据分区、模型训练与同步的流程图。",
        "start_ms": 446500,
        "end_ms": 498000,
        "best_capture_ms": null
      },
      {
        "id": "chunk_00/slide_009",
        "type": "slide",
        "title": "MLPerf Storage 流程图 展示GPU worker线程与JuiceFS数据分区的交互流程。",
        "start_ms": 499500,
        "end_ms": 559000,
        "best_capture_ms": null
      },
      {
        "id": "chunk_00/slide_010",
        "type": "slide",
        "title": "线程模型 详细展示JuiceFS客户端的IO请求处理流程图。",
        "start_ms": 560500,
        "end_ms": 623000,
        "best_capture_ms": null
      },
      {
        "id": "chunk_00/slide_011",
        "type": "slide",
        "title": "测试环境 - 硬件配置 列出Arm/x86 CPU、磁盘、网络等硬件参数。",
        "start_ms": 624500,
        "end_ms": 643000,
        "best_capture_ms": null
      },
      {
        "id": "chunk_00/slide_012",
        "type": "slide",
        "title": "环境部署 Redis和MinIO的部署步骤。",
        "start_ms": 644500,
        "end_ms": 650000,
        "best_capture_ms": null
      },
      {
        "id": "chunk_00/slide_013",
        "type": "slide",
        "title": "数据生成 展示生成测试数据的脚本和参数。",
        "start_ms": 651500,
        "end_ms": 698000,
        "best_capture_ms": null
      },
      {
        "id": "chunk_00/slide_014",
        "type": "slide",
        "title": "unet3d模型测试结果 展示unet3d模型的吞吐量数据，单机跑满5 GPUs。",
        "start_ms": 699500,
        "end_ms": 749000,
        "best_capture_ms": null
      },
      {
        "id": "chunk_00/slide_015",
        "type": "slide",
        "title": "unet3d模型性能瓶颈分析 分析为何带宽受限，指出瓶颈为内存copy带宽。",
        "start_ms": 750500,
        "end_ms": 818000,
        "best_capture_ms": null
      },
      {
        "id": "chunk_00/slide_016",
        "type": "slide",
        "title": "unet3d模型跨NUMA性能分析 分析不绑定CPU时的性能下降原因，指出跨NUMA内存copy耗时。",
        "start_ms": 819500,
        "end_ms": 853000,
        "best_capture_ms": null
      },
      {
        "id": "chunk_00/slide_017",
        "type": "slide",
        "title": "resnet50模型测试结果 展示resnet50模型的测试数据，单机跑满50 GPUs。",
        "start_ms": 854500,
        "end_ms": 901000,
        "best_capture_ms": null
      },
      {
        "id": "chunk_00/slide_018",
        "type": "slide",
        "title": "resnet50模型性能瓶颈分析 通过火焰图分析，指出瓶颈为JuiceFS带宽。",
        "start_ms": 902500,
        "end_ms": 928000,
        "best_capture_ms": null
      },
      {
        "id": "chunk_00/slide_019",
        "type": "slide",
        "title": "内存带宽与JuiceFS吞吐量对比 对比不同机器的内存带宽与JuiceFS吞吐量，解释性能差异。",
        "start_ms": 929500,
        "end_ms": 955000,
        "best_capture_ms": null
      },
      {
        "id": "chunk_00/slide_020",
        "type": "slide",
        "title": "总结 总结MLPerf Storage测试中的发现和优化建议。",
        "start_ms": 956500,
        "end_ms": 1043000,
        "best_capture_ms": null
      },
      {
        "id": "chunk_00/slide_021",
        "type": "slide",
        "title": "AI分论坛结束页 主持人上台致谢，屏幕显示主视觉画面。",
        "start_ms": 1044500,
        "end_ms": 1089000,
        "best_capture_ms": null
      }
    ],
    "graph": {
      "nodes": [
        {
          "id": "p1",
          "label": "背景与基础",
          "category": "Pillar",
          "references": {
            "section_ids": [
              "sec_1"
            ],
            "material_ids": [
              "chunk_00/slide_002",
              "chunk_00/slide_003",
              "chunk_00/slide_004",
              "chunk_00/slide_005",
              "chunk_00/slide_006",
              "chunk_00/slide_007",
              "chunk_00/slide_008",
              "chunk_00/slide_009",
              "chunk_00/slide_010"
            ],
            "highlight": {
              "primary_material_id": "chunk_00/slide_002",
              "primary_time_ts": "00:00:08,000",
              "primary_time_ms": 8000
            }
          },
          "parent": null,
          "summary": "介绍JuiceFS文件系统和MLPerf Storage基准测试的背景。涵盖了JuiceFS的元数据与数据分离架构、MLPerf Storage的目标与工作原理，以及用于分析I/O路径的系统心智模型。"
        },
        {
          "id": "p2",
          "label": "性能测试与瓶颈分析",
          "category": "Pillar",
          "references": {
            "section_ids": [
              "sec_2"
            ],
            "material_ids": [
              "chunk_00/slide_011",
              "chunk_00/slide_013",
              "chunk_00/slide_014",
              "chunk_00/slide_015",
              "chunk_00/slide_016",
              "chunk_00/slide_017",
              "chunk_00/slide_018",
              "chunk_00/slide_019"
            ],
            "highlight": {
              "primary_material_id": "chunk_00/slide_011",
              "primary_time_ts": "00:10:24,500",
              "primary_time_ms": 624500
            }
          },
          "parent": null,
          "summary": "详细阐述了对unet3d和resnet50两个AI模型的性能测试过程与结果分析。通过测试，识别出不同场景下的性能瓶颈，并最终指向系统内存带宽是关键限制因素。"
        },
        {
          "id": "p3",
          "label": "关键发现与总结",
          "category": "Pillar",
          "references": {
            "section_ids": [
              "sec_3",
              "sec_2"
            ],
            "material_ids": [
              "chunk_00/slide_020",
              "chunk_00/slide_021"
            ],
            "highlight": {
              "primary_material_id": "chunk_00/slide_020",
              "primary_time_ts": "00:15:56,500",
              "primary_time_ms": 956500
            }
          },
          "parent": null,
          "summary": "总结了本次性能评测的核心结论。强调了JuiceFS的吞吐带宽是决定其能支持GPU数量的关键，并从系统工程的角度提出了性能调优的考量，特别是针对内存拷贝和NUMA架构的观察。"
        },
        {
          "id": "d1_1",
          "label": "JuiceFS 架构",
          "category": "Technology",
          "references": {
            "section_ids": [
              "sec_1"
            ],
            "material_ids": [
              "chunk_00/slide_004"
            ],
            "highlight": {
              "primary_material_id": "chunk_00/slide_004",
              "primary_time_ts": "00:00:46,500",
              "primary_time_ms": 46500
            }
          },
          "parent": "p1",
          "summary": "JuiceFS采用元数据与文件数据分离的架构。元数据存储在独立数据库，数据存放在对象存储中。这种解耦设计使其在云环境中部署简单高效。"
        },
        {
          "id": "d1_2",
          "label": "MLPerf Storage 基准测试",
          "category": "Concept",
          "references": {
            "section_ids": [
              "sec_1"
            ],
            "material_ids": [
              "chunk_00/slide_005",
              "chunk_00/slide_006",
              "chunk_00/slide_007"
            ],
            "highlight": {
              "primary_material_id": "chunk_00/slide_005",
              "primary_time_ts": "00:02:29,500",
              "primary_time_ms": 149500
            }
          },
          "parent": "p1",
          "summary": "由MLCommons开发的存储性能基准测试，旨在识别AI工作负载的存储瓶颈。它通过模拟数据加载过程并用sleep操作替代实际计算，来专注于评估存储性能。"
        },
        {
          "id": "d1_3",
          "label": "系统工作流程",
          "category": "Concept",
          "references": {
            "section_ids": [
              "sec_1"
            ],
            "material_ids": [
              "chunk_00/slide_008",
              "chunk_00/slide_009"
            ],
            "highlight": {
              "primary_material_id": "chunk_00/slide_008",
              "primary_time_ts": "00:07:26,500",
              "primary_time_ms": 446500
            }
          },
          "parent": "p1",
          "summary": "描述了分布式训练中从存储读取数据的流程：数据集被分区，每个训练进程并行读取一个分区。MLPerf Storage是这一流程的具体实现，其Data Loader负责从JuiceFS读取数据。"
        },
        {
          "id": "d2_1",
          "label": "UNet3D 性能分析",
          "category": "Result",
          "references": {
            "section_ids": [
              "sec_2"
            ],
            "material_ids": [
              "chunk_00/slide_014",
              "chunk_00/slide_015"
            ],
            "highlight": {
              "primary_material_id": "chunk_00/slide_014",
              "primary_time_ts": "00:11:39,500",
              "primary_time_ms": 699500
            }
          },
          "parent": "p2",
          "summary": "UNet3D模型在5块GPU下达到98%利用率。当增加到6块GPU时，性能瓶颈出现，经分析为高并发Direct I/O下，CPU处理内存拷贝操作的能力达到极限（Memory Bound）。"
        },
        {
          "id": "d2_2",
          "label": "ResNet50 性能分析",
          "category": "Result",
          "references": {
            "section_ids": [
              "sec_2"
            ],
            "material_ids": [
              "chunk_00/slide_017",
              "chunk_00/slide_018"
            ],
            "highlight": {
              "primary_material_id": "chunk_00/slide_017",
              "primary_time_ts": "00:14:14,500",
              "primary_time_ms": 854500
            }
          },
          "parent": "p2",
          "summary": "ResNet50模型可支持50块GPU，利用率达95%。瓶颈在于JuiceFS的后端带宽。其最大带宽低于UNet3D场景，原因是Buffer IO模式下，应用与JuiceFS共同竞争有限的系统内存拷贝总带宽。"
        },
        {
          "id": "d2_3",
          "label": "跨NUMA性能问题",
          "category": "Problem",
          "references": {
            "section_ids": [
              "sec_2"
            ],
            "material_ids": [
              "chunk_00/slide_016"
            ],
            "highlight": {
              "primary_material_id": "chunk_00/slide_016",
              "primary_time_ts": "00:13:39,500",
              "primary_time_ms": 819500
            }
          },
          "parent": "p2",
          "summary": "在UNet3D测试中，当CPU不绑核时，性能反而下降。原因是大量的跨NUMA节点内存访问带来了显著时延，成为新的瓶颈。"
        },
        {
          "id": "d2_4",
          "label": "内存拷贝带宽瓶颈",
          "category": "Problem",
          "references": {
            "section_ids": [
              "sec_2"
            ],
            "material_ids": [
              "chunk_00/slide_015",
              "chunk_00/slide_019"
            ],
            "highlight": {
              "primary_material_id": "chunk_00/slide_019",
              "primary_time_ts": "00:15:29,500",
              "primary_time_ms": 929500
            }
          },
          "parent": "p2",
          "summary": "综合两个模型的测试，核心瓶颈在于系统内存拷贝总带宽。JuiceFS的吞吐带宽与系统内存拷贝带宽强相关，这是影响AI训练I/O性能的关键因素。"
        },
        {
          "id": "d3_1",
          "label": "核心结论：吞吐带宽决定GPU数",
          "category": "Result",
          "references": {
            "section_ids": [
              "sec_3",
              "sec_2"
            ],
            "material_ids": [
              "chunk_00/slide_020"
            ],
            "highlight": {
              "primary_material_id": "chunk_00/slide_020",
              "primary_time_ts": "00:15:56,500",
              "primary_time_ms": 956500
            }
          },
          "parent": "p3",
          "summary": "MLPerf Storage测试表明，JuiceFS能支持的GPU数量直接取决于其提供的总读带宽，这主要考察了系统的文件并发和顺序读能力。"
        },
        {
          "id": "d3_2",
          "label": "系统工程调优视角",
          "category": "Concept",
          "references": {
            "section_ids": [
              "sec_3"
            ],
            "material_ids": [
              "chunk_00/slide_020"
            ],
            "highlight": {
              "primary_material_id": "chunk_00/slide_020",
              "primary_time_ts": "00:16:20,000",
              "primary_time_ms": 980000
            }
          },
          "parent": "p3",
          "summary": "性能调优是一项系统工程，最终性能依赖于系统各组件的协同。系统内存、互联带宽和延迟都至关重要，特别是内存拷贝操作会大量消耗CPU和内存带宽。"
        },
        {
          "id": "d3_3",
          "label": "NUMA架构下的性能考量",
          "category": "Problem",
          "references": {
            "section_ids": [
              "sec_3"
            ],
            "material_ids": [
              "chunk_00/slide_020"
            ],
            "highlight": {
              "primary_material_id": "chunk_00/slide_020",
              "primary_time_ts": "00:16:45,000",
              "primary_time_ms": 1005000
            }
          },
          "parent": "p3",
          "summary": "Go语言运行时缺乏NUMA感知，可能导致在大规模核心系统上性能不佳。最佳实践是避免跨NUMA节点，特别是跨CPU插槽的内存访问。"
        }
      ],
      "edges": [
        {
          "source": "p1",
          "target": "p2",
          "relation_type": "sequential",
          "label": "进入测试分析"
        },
        {
          "source": "p2",
          "target": "p3",
          "relation_type": "sequential",
          "label": "得出结论"
        },
        {
          "source": "d1_1",
          "target": "d1_2",
          "relation_type": "parallel",
          "label": "并列介绍"
        },
        {
          "source": "d1_2",
          "target": "d1_3",
          "relation_type": "compositional",
          "label": "定义了"
        },
        {
          "source": "d2_1",
          "target": "d2_2",
          "relation_type": "parallel",
          "label": "并列测试案例"
        },
        {
          "source": "d2_1",
          "target": "d2_3",
          "relation_type": "causal",
          "label": "发现问题"
        },
        {
          "source": "d2_1",
          "target": "d2_4",
          "relation_type": "causal",
          "label": "揭示瓶颈"
        },
        {
          "source": "d2_2",
          "target": "d2_4",
          "relation_type": "causal",
          "label": "验证瓶颈"
        },
        {
          "source": "d2_4",
          "target": "d3_1",
          "relation_type": "causal",
          "label": "推导出"
        },
        {
          "source": "d3_1",
          "target": "d3_2",
          "relation_type": "parallel",
          "label": "并列要点"
        },
        {
          "source": "d3_2",
          "target": "d3_3",
          "relation_type": "parallel",
          "label": "并列要点"
        }
      ]
    }
  },
  "output": {
    "part_index": 3,
    "title": "JuiceFS MLPerf Storage v2.0 性能测评与调优分析",
    "type_tag": "性能测评与调优",
    "tech_tags": [
      "JuiceFS",
      "MLPerf Storage",
      "UNet3D",
      "ResNet50",
      "NUMA",
      "Memory Copy",
      "Direct I/O",
      "Buffer I/O",
      "Redis",
      "MinIO",
      "Go",
      "Distributed Training"
    ],
    "domain_tags": [
      "AI Infrastructure",
      "Storage Systems",
      "High Performance Computing",
      "System Performance"
    ],
    "summary": "本环节深入解析 JuiceFS 在 MLPerf Storage v2.0 基准下的性能表现。讲者首先介绍了 JuiceFS 存算分离架构与 MLPerf 测试原理，随后通过 UNet3D 和 ResNet50 模型实测，揭示了系统内存拷贝带宽（Memory Copy Bandwidth）与跨 NUMA 访问延迟是制约高并发 I/O 吞吐的关键瓶颈。最后总结了吞吐量与 GPU 数量的关系，并分享了针对内存带宽与 NUMA 架构的系统级调优经验。",
    "highlights": [
      "JuiceFS 采用元数据与数据分离架构，适配云原生 AI 存储需求",
      "MLPerf Storage 通过模拟数据加载流程评估存储系统的 I/O 性能",
      "UNet3D 测试显示高并发 Direct I/O 下 CPU 内存拷贝成为瓶颈",
      "ResNet50 测试表明 Buffer I/O 模式下应用与文件系统争抢内存带宽",
      "跨 NUMA 节点的内存访问会导致显著的时延增加与性能下降",
      "JuiceFS 的吞吐带宽直接决定了集群能支持的 GPU 训练规模",
      "Go 语言运行时缺乏 NUMA 感知是高性能存储系统调优的挑战点"
    ]
  },
  "artifacts": [
    "output/ai_session/part_03/final/10_part_digest/artifacts/part_digest.json"
  ],
  "metadata": {
    "part_index": 3,
    "title": "JuiceFS MLPerf Storage v2.0 性能测评与调优分析",
    "type_tag": "性能测评与调优",
    "tech_tags": 12,
    "domain_tags": 4
  },
  "trace_id": "4f8f248f-b4d0-4949-93a4-0b16536d4285",
  "duration_ms": 22330,
  "started_at": "2025-12-16T12:50:01.608687",
  "completed_at": "2025-12-16T04:50:23.939903",
  "step_config": {
    "model": "gemini-3-pro-preview",
    "temperature": 0.2,
    "prompt_file": "/Users/lichuan/Codes/TalkDistill/config/prompts/part_digest.md",
    "schema_file": "/Users/lichuan/Codes/TalkDistill/config/schemas/part_digest.json"
  },
  "dependencies": [
    "graph_gen"
  ]
}