{
  "address": "ai_session/part_01/chunk_00/09_apply_crop/slide_001",
  "status": "completed",
  "input": {
    "image_path": "output/ai_session/part_01/chunk_00/07_capture_frame/slide_001/artifacts/slide_001.png",
    "crop_region": {
      "x": 540,
      "y": 117,
      "width": 1268,
      "height": 810
    }
  },
  "output": "output/ai_session/part_01/chunk_00/09_apply_crop/slide_001/artifacts/slide_001.png",
  "artifacts": [
    "output/ai_session/part_01/chunk_00/09_apply_crop/slide_001/artifacts/slide_001.png"
  ],
  "metadata": {
    "source": "output/ai_session/part_01/chunk_00/07_capture_frame/slide_001/artifacts/slide_001.png",
    "applied": true,
    "crop_region": {
      "x": 540,
      "y": 117,
      "width": 1268,
      "height": 810
    },
    "size": {
      "width": 1268,
      "height": 810
    }
  },
  "trace_id": null,
  "duration_ms": 240,
  "started_at": "2025-12-15T22:21:11.734050",
  "completed_at": "2025-12-15T14:21:11.975015",
  "step_config": {},
  "dependencies": [
    "capture_frame",
    "crop_decision"
  ]
}