{
  "address": "ai_session/part_02/chunk_00/09_apply_crop/slide_019",
  "status": "completed",
  "input": {
    "image_path": "output/ai_session/part_02/chunk_00/07_capture_frame/slide_019/artifacts/slide_019.png",
    "crop_region": {
      "x": 612,
      "y": 192,
      "width": 1308,
      "height": 887
    }
  },
  "output": "output/ai_session/part_02/chunk_00/09_apply_crop/slide_019/artifacts/slide_019.png",
  "artifacts": [
    "output/ai_session/part_02/chunk_00/09_apply_crop/slide_019/artifacts/slide_019.png"
  ],
  "metadata": {
    "source": "output/ai_session/part_02/chunk_00/07_capture_frame/slide_019/artifacts/slide_019.png",
    "applied": true,
    "crop_region": {
      "x": 612,
      "y": 192,
      "width": 1308,
      "height": 887
    },
    "size": {
      "width": 1308,
      "height": 887
    }
  },
  "trace_id": null,
  "duration_ms": 282,
  "started_at": "2025-12-15T23:02:57.630812",
  "completed_at": "2025-12-15T15:02:57.914271",
  "step_config": {},
  "dependencies": [
    "capture_frame",
    "crop_decision"
  ]
}