{
  "address": "ScienceEducationInnovation/part_03/final/06_section_timing",
  "status": "completed",
  "input": {
    "sections": [
      {
        "id": "sec_001",
        "title": "开场与讲者介绍：人工智能端到端的复杂攻击检测技术研究报告分享者李锭老师介绍及主题开场。介绍北京大学李锭老师及其演讲主题《人工智能端到端的复杂攻击检测技术研究》。",
        "material_ids": [
          "chunk_00/slide_001",
          "chunk_00/slide_002",
          "chunk_00/slide_003"
        ],
        "start_ms": 0,
        "end_ms": 61505,
        "summary_hint": "",
        "notes": "Covers speaker introduction and the announcement of the presentation title.",
        "text_span": {
          "start": 0,
          "end": 5
        },
        "lead_text": "接下来让我们有请北京大学的李锭老师，为我们带来《人工智能端到端的复杂攻击检测技术研究》的主题分享。",
        "tail_text": "今天的主题是《人工智能端到端的复杂攻击检测技术研究》。"
      },
      {
        "id": "sec_002",
        "title": "研究背景：APT攻击的威胁与现状分析分析APT攻击的复杂性、隐蔽性及技术多变特征，指出当前基于规则的检测技术在人力成本和可观测性上的局限。",
        "material_ids": [
          "chunk_00/slide_004",
          "chunk_00/slide_005",
          "chunk_00/slide_006"
        ],
        "start_ms": 62270,
        "end_ms": 194590,
        "summary_hint": "",
        "notes": "Analyzes the background of APT attacks, ending before the transition to the core research question.",
        "text_span": {
          "start": 6,
          "end": 21
        },
        "lead_text": "我们的研究背景是防御目前非常复杂的 APT（高级持续性威胁）攻击。",
        "tail_text": "因此，我们的研究试图回答一个问题：能否排除人工干预，实现端到端的 AI 检测？"
      },
      {
        "id": "sec_003",
        "title": "科学问题与三大关键挑战探讨实现端到端AI检测的可能性，并详细分析数据质量差、语义理解难、成本损耗大这三个核心挑战。",
        "material_ids": [
          "chunk_00/slide_007",
          "chunk_00/slide_008",
          "chunk_00/slide_009",
          "chunk_00/slide_010"
        ],
        "start_ms": 194950,
        "end_ms": 437275,
        "summary_hint": "",
        "notes": "Starts with the core research question and details the three major challenges (data quality, semantics, cost).",
        "text_span": {
          "start": 21,
          "end": 44
        },
        "lead_text": "因此，我们的研究试图回答一个问题：能否排除人工干预，实现端到端的 AI 检测？",
        "tail_text": "在数据规模巨大、成本受限的情况下，实现及时检测面临巨大挑战。"
      },
      {
        "id": "sec_004",
        "title": "研究方法与核心思路：溯源分析提出系统、算法、硬件协同优化策略，核心在于利用溯源图模型表征系统资源依赖关系。",
        "material_ids": [
          "chunk_00/slide_011",
          "chunk_00/slide_012"
        ],
        "start_ms": 438040,
        "end_ms": 529315,
        "summary_hint": "",
        "notes": "Introduces the core methodology of provenance graph analysis, ending before the specific technical details of log filtering.",
        "text_span": {
          "start": 45,
          "end": 55
        },
        "lead_text": "针对这些问题，我们在过去三年中进行了一系列系统、算法和硬件的协同优化。",
        "tail_text": "在这张图上，我们利用无监督学习主动挖掘异常特征，自动找出与攻击相关的部分。"
      },
      {
        "id": "sec_005",
        "title": "关键技术一：无监督快速日志过滤介绍利用无监督学习和在线斯坦纳树算法过滤海量日志，通过两阶段检测流程大幅降低误报并提升性能。",
        "material_ids": [
          "chunk_00/slide_013",
          "chunk_00/slide_014",
          "chunk_00/slide_015",
          "chunk_00/slide_016"
        ],
        "start_ms": 530030,
        "end_ms": 706610,
        "summary_hint": "",
        "notes": "Details the first key technology: unsupervised log filtering and the Steiner Tree algorithm.",
        "text_span": {
          "start": 55,
          "end": 72
        },
        "lead_text": "在这张图上，我们利用无监督学习主动挖掘异常特征，自动找出与攻击相关的部分。",
        "tail_text": "我们还与深信服合作，在其实际系统中发现了七个真实的攻击。"
      },
      {
        "id": "sec_006",
        "title": "关键技术二：基于大语言模型的攻击理解与报告生成阐述利用gIoC中间表示弥合语义鸿沟，结合逻辑推理框架自动生成人类可读的APT攻击报告。",
        "material_ids": [
          "chunk_00/slide_017",
          "chunk_00/slide_018",
          "chunk_00/slide_019",
          "chunk_00/slide_020"
        ],
        "start_ms": 707530,
        "end_ms": 907760,
        "summary_hint": "",
        "notes": "Details the second key technology: LLM-based attack understanding and gIoC intermediate representation.",
        "text_span": {
          "start": 73,
          "end": 88
        },
        "lead_text": "第二步是理解。虽然检测出了攻击，但底层图结构对人类来说并不直观。",
        "tail_text": "结果显示，我们不仅能自动生成自然语言报告，且误报率比现有方法降低了一个数量级。"
      },
      {
        "id": "sec_007",
        "title": "系统优化：软件隔离与硬件加速介绍分片式监控架构实现软件隔离，以及利用DPU硬件加速日志拉取，将性能损耗控制在3%以内。",
        "material_ids": [
          "chunk_00/slide_021",
          "chunk_00/slide_022",
          "chunk_00/slide_023",
          "chunk_00/slide_024",
          "chunk_00/slide_025",
          "chunk_00/slide_026"
        ],
        "start_ms": 907760,
        "end_ms": 1017580,
        "summary_hint": "",
        "notes": "Discusses system-level optimizations including software isolation and DPU hardware acceleration.",
        "text_span": {
          "start": 89,
          "end": 97
        },
        "lead_text": "第三部分是系统层面的工作。监控系统通常开销巨大。",
        "tail_text": "相比 Sysdig 或 Linux Audit 等主流工具，开销降低了一个数量级。"
      },
      {
        "id": "sec_008",
        "title": "原型系统SysArmor与未来展望展示开源原型系统SysArmor及相关研究成果，并对未来社区建设、数据共享及应用扩展进行展望。",
        "material_ids": [
          "chunk_00/slide_027",
          "chunk_00/slide_028",
          "chunk_00/slide_029",
          "chunk_00/slide_030"
        ],
        "start_ms": 1018040,
        "end_ms": 1225000,
        "summary_hint": "",
        "notes": "Introduces the SysArmor prototype system and provides future outlook and concluding remarks.",
        "text_span": {
          "start": 97,
          "end": 108
        },
        "lead_text": "相比 Sysdig 或 Linux Audit 等主流工具，开销降低了一个数量级。",
        "tail_text": "[掌声]"
      }
    ],
    "subtitles": [
      {
        "index": 1,
        "start": 0.0,
        "end": 8.54,
        "text": "接下来让我们有请北京大学的李锭老师，为我们带来《人工智能端到端的复杂攻击检测技术研究》的主题分享。"
      },
      {
        "index": 2,
        "start": 8.84,
        "end": 15.595,
        "text": "在人工智能广泛应用的今天，安全防护至关重要。让我们掌声欢迎李老师。"
      },
      {
        "index": 3,
        "start": 21.07,
        "end": 28.73,
        "text": "谢谢主持人的介绍。非常感谢华为的邀请。"
      },
      {
        "index": 4,
        "start": 28.73,
        "end": 32.31,
        "text": "我们今天介绍的这个项目，实际上已经与 openEuler 合作了很长时间。"
      },
      {
        "index": 5,
        "start": 32.31,
        "end": 56.395,
        "text": "从2023年开始，我们就在这里进行过分享。2024年，我们非常荣幸能再次分享该项目的最新进展。"
      },
      {
        "index": 6,
        "start": 57.7,
        "end": 61.505,
        "text": "今天的主题是《人工智能端到端的复杂攻击检测技术研究》。"
      },
      {
        "index": 7,
        "start": 62.27,
        "end": 67.33,
        "text": "我们的研究背景是防御目前非常复杂的 APT（高级持续性威胁）攻击。"
      },
      {
        "index": 8,
        "start": 67.33,
        "end": 71.89,
        "text": "现在的安全环境与二十年前相比已经发生了巨大变化。"
      },
      {
        "index": 9,
        "start": 72.45,
        "end": 92.19,
        "text": "二十年前，攻击者多为业余选手，分布较为分散。而现在的攻击往往由国家级专业团队发起。"
      },
      {
        "index": 10,
        "start": 92.63,
        "end": 98.095,
        "text": "APT 攻击已成为全球范围内面临的重大安全威胁。"
      },
      {
        "index": 11,
        "start": 99.09,
        "end": 106.39,
        "text": "与传统攻击相比，防御 APT 攻击是安全领域的一个重大难题。"
      },
      {
        "index": 12,
        "start": 107.23,
        "end": 111.8,
        "text": "原因在于 APT 攻击具有三个显著特征：第一是逻辑复杂。"
      },
      {
        "index": 13,
        "start": 111.8,
        "end": 119.86,
        "text": "APT 攻击不再是单点式的，而是多套技术、多个攻击步骤的组合。"
      },
      {
        "index": 14,
        "start": 120.2,
        "end": 129.445,
        "text": "这就要求防御技术具备多点关联能力，能够将一系列看似无关的战役关联起来，恢复出攻击逻辑。"
      },
      {
        "index": 15,
        "start": 130.02,
        "end": 141.1,
        "text": "第二是特征隐蔽。专业人员会采用大量无文件攻击、脚本攻击等手段，极其隐蔽。"
      },
      {
        "index": 16,
        "start": 141.1,
        "end": 145.265,
        "text": "因此，防御手段需要具备自动化挖掘隐蔽特征的能力。"
      },
      {
        "index": 17,
        "start": 146.995,
        "end": 158.22,
        "text": "第三是技术多变。APT 攻击经常利用 0-day 漏洞或未知的临时攻击，要求防御技术能主动适应未知威胁。"
      },
      {
        "index": 18,
        "start": 158.94,
        "end": 165.06,
        "text": "遗憾的是，目前这三个要求在技术上仍难以完全满足。"
      },
      {
        "index": 19,
        "start": 165.38,
        "end": 175.84,
        "text": "在产业界，目前的技术仍主要基于规则，无论是最初的病毒检测、后来的行为检测，还是现在的 EDR。"
      },
      {
        "index": 20,
        "start": 175.84,
        "end": 185.11,
        "text": "这些技术大量依赖人工专家编写规则，静态地识别和检测攻击。"
      },
      {
        "index": 21,
        "start": 185.69,
        "end": 194.59,
        "text": "随后再手动进行关联并生成报告。这种方式的人力成本极高，且可观测性较弱。"
      },
      {
        "index": 22,
        "start": 194.95,
        "end": 206.71,
        "text": "因此，我们的研究试图回答一个问题：能否排除人工干预，实现端到端的 AI 检测？"
      },
      {
        "index": 23,
        "start": 212.96,
        "end": 220.5,
        "text": "即让 AI 直接读取原始的系统运行日志，经过算法分析，自动生成可读的攻击报告。"
      },
      {
        "index": 24,
        "start": 220.5,
        "end": 224.965,
        "text": "自动将复杂的 APT 攻击场景用自然语言描述出来。"
      },
      {
        "index": 25,
        "start": 226.4,
        "end": 240.18,
        "text": "在大语言模型如此强大的今天，这看似容易，但实际效果并不理想。"
      },
      {
        "index": 26,
        "start": 240.48,
        "end": 244.87,
        "text": "究其原因，主要存在三个关键挑战。首先是数据质量差。"
      },
      {
        "index": 27,
        "start": 244.87,
        "end": 249.19,
        "text": "对于 AI 模型而言，其能力完全源于数据。"
      },
      {
        "index": 28,
        "start": 249.19,
        "end": 266.025,
        "text": "但在攻击检测领域，训练数据量严重不足。安全数据多为企业内部运维数据，具有隐私性，难以公开。"
      },
      {
        "index": 29,
        "start": 266.7,
        "end": 275.125,
        "text": "学术界的大量数据多为模拟数据，对模型能力的提升非常有限。"
      },
      {
        "index": 30,
        "start": 275.99,
        "end": 283.22,
        "text": "其次是缺乏标注。对安全数据进行标注的成本极高。"
      },
      {
        "index": 31,
        "start": 283.38,
        "end": 291.56,
        "text": "它不像计算机视觉或自然语言处理可以由普通人标注，安全数据标注需要大量专业人士参与。"
      },
      {
        "index": 32,
        "start": 291.96,
        "end": 307.515,
        "text": "这导致效率低下，且标注质量难以保证。即使是专业的博士生，也难以精确匹配每一条日志数据。"
      },
      {
        "index": 33,
        "start": 308.32,
        "end": 317.02,
        "text": "第三是数据分布极不均匀。在现实中，攻击数据远少于正常数据。"
      },
      {
        "index": 34,
        "start": 317.58,
        "end": 328.94,
        "text": "这种极度稀疏的数据分布给机器学习模型带来了巨大困难。"
      },
      {
        "index": 35,
        "start": 328.94,
        "end": 330.285,
        "text": "第二个挑战是语义理解困难。"
      },
      {
        "index": 36,
        "start": 331.15,
        "end": 338.61,
        "text": "我们希望大模型能理解底层日志中的攻击，并用人类语言解释。"
      },
      {
        "index": 37,
        "start": 338.61,
        "end": 352.84,
        "text": "但底层日志（如操作系统日志、网络日志）与人类自然语言之间存在巨大的语义鸿沟。"
      },
      {
        "index": 38,
        "start": 355.14,
        "end": 363.17,
        "text": "此外，理解还存在歧义性。同样的行为，在不同上下文中可能是正常的，也可能是恶意的。"
      },
      {
        "index": 39,
        "start": 363.19,
        "end": 371.81,
        "text": "例如访问某个文件，正常用户打开是正常操作，而病毒引起则是恶意行为。"
      },
      {
        "index": 40,
        "start": 372.03,
        "end": 393.17,
        "text": "最后是数据维度极高。大模型的上下文窗口（如 1M token）对于安全日志来说仍然太小。"
      },
      {
        "index": 41,
        "start": 393.47,
        "end": 399.93,
        "text": "100万个 token 可能只能覆盖半天的日志，而 APT 攻击往往持续数月，模型根本无法捕捉全貌。"
      },
      {
        "index": 42,
        "start": 399.93,
        "end": 412.395,
        "text": "第三个挑战是成本限制。安全产业，尤其是国内，受成本限制非常大。"
      },
      {
        "index": 43,
        "start": 412.9,
        "end": 417.325,
        "text": "企业不愿像投入大模型那样投入巨额资金，也没有那么多显卡资源进行分析。"
      },
      {
        "index": 44,
        "start": 418.08,
        "end": 430.67,
        "text": "但我们对算法的要求却很高：检测要及时，且要处理海量的端到端数据。"
      },
      {
        "index": 45,
        "start": 431.05,
        "end": 437.275,
        "text": "在数据规模巨大、成本受限的情况下，实现及时检测面临巨大挑战。"
      },
      {
        "index": 46,
        "start": 438.04,
        "end": 448.61,
        "text": "针对这些问题，我们在过去三年中进行了一系列系统、算法和硬件的协同优化。"
      },
      {
        "index": 47,
        "start": 449.09,
        "end": 459.09,
        "text": "面对数据量少的问题，我们感谢华为提供了大量企业级真实数据，帮助我们提升算法。"
      },
      {
        "index": 48,
        "start": 459.29,
        "end": 464.745,
        "text": "同时，我们研究了无监督算法，以消除对标签的依赖。"
      },
      {
        "index": 49,
        "start": 465.3,
        "end": 473.2,
        "text": "在语义理解上，我们基于溯源图关联算法来消除歧义性。"
      },
      {
        "index": 50,
        "start": 473.2,
        "end": 484.5,
        "text": "在成本优化上，我们从系统层面优化了数据处理和采集，提升了系统性能。"
      },
      {
        "index": 51,
        "start": 485.0,
        "end": 494.38,
        "text": "算法上，我们借鉴了缓冲机制，通过由简到繁的层层过滤来降低复杂度。"
      },
      {
        "index": 52,
        "start": 495.31,
        "end": 500.93,
        "text": "这些成果已发表在多篇顶级论文中，其中不少也有华为同事的贡献。"
      },
      {
        "index": 53,
        "start": 501.71,
        "end": 510.45,
        "text": "算法的核心思路是溯源分析。我们采集操作系统的日志。"
      },
      {
        "index": 54,
        "start": 510.45,
        "end": 518.23,
        "text": "包括网络端口访问、文件访问以及进程的创建和依赖关系。"
      },
      {
        "index": 55,
        "start": 518.69,
        "end": 529.315,
        "text": "我们将这些数据构建成一张图，节点代表进程、文件或端口，边代表数据流向。"
      },
      {
        "index": 56,
        "start": 530.03,
        "end": 542.05,
        "text": "在这张图上，我们利用无监督学习主动挖掘异常特征，自动找出与攻击相关的部分。"
      },
      {
        "index": 57,
        "start": 542.05,
        "end": 552.06,
        "text": "这里涉及三个关键技术。首先是如何利用无监督学习快速过滤核心日志。"
      },
      {
        "index": 58,
        "start": 552.06,
        "end": 565.18,
        "text": "在数千万个事件中，与攻击相关的可能不足两百个。"
      },
      {
        "index": 59,
        "start": 570.42,
        "end": 584.41,
        "text": "我们的思路是先过滤掉明显无关的事件，再用更强大的模型判断难以确定的部分。"
      },
      {
        "index": 60,
        "start": 584.41,
        "end": 591.03,
        "text": "这样可以大幅节省算力。我们发现了两个规律。"
      },
      {
        "index": 61,
        "start": 593.39,
        "end": 605.46,
        "text": "第一是统计异常性。攻击相关的节点在统计上通常表现出更高的异常性或稀疏性。"
      },
      {
        "index": 62,
        "start": 606.2,
        "end": 611.4,
        "text": "反之，如果统计上不具备异常性，则通常不是攻击。"
      },
      {
        "index": 63,
        "start": 614.13,
        "end": 618.33,
        "text": "第二是拓扑聚集性。攻击产生的异常在拓扑结构上往往比较接近。"
      },
      {
        "index": 64,
        "start": 618.71,
        "end": 631.05,
        "text": "因为渗透通常从一个后门开始，逐步向外扩散。在这个过程中，每一步引入的异常都会在拓扑上聚集。"
      },
      {
        "index": 65,
        "start": 631.53,
        "end": 638.73,
        "text": "利用这些性质，我们设计了一系列算法，包括 Steiner Tree 在线搜索算法。"
      },
      {
        "index": 66,
        "start": 638.73,
        "end": 642.805,
        "text": "我们将复杂度从 O(V^2) 降低到了 O(N)，且理论上的竞争比保持不变。"
      },
      {
        "index": 67,
        "start": 651.08,
        "end": 658.58,
        "text": "在此基础上，我们还进行了系统优化，构建了一个分析系统。"
      },
      {
        "index": 68,
        "start": 658.64,
        "end": 667.7,
        "text": "该系统的关键是一个缓存系统。我们将可疑事件缓存在内存中。"
      },
      {
        "index": 69,
        "start": 667.7,
        "end": 673.91,
        "text": "对于这些“热数据”，访问速度极快。而“冷数据”则卸载到硬盘上。"
      },
      {
        "index": 70,
        "start": 673.91,
        "end": 679.61,
        "text": "这样既保证了数据的完整性，又通过系统优化降低了开销。"
      },
      {
        "index": 71,
        "start": 679.71,
        "end": 686.29,
        "text": "评估结果显示，我们的误报率比现有方法降低了两个数量级。"
      },
      {
        "index": 72,
        "start": 686.29,
        "end": 693.41,
        "text": "检出率也更高。现有方法多侧重于检出率，而忽视了误报率的优化。"
      },
      {
        "index": 73,
        "start": 699.59,
        "end": 706.61,
        "text": "我们还与深信服合作，在其实际系统中发现了七个真实的攻击。"
      },
      {
        "index": 74,
        "start": 707.53,
        "end": 723.76,
        "text": "第二步是理解。虽然检测出了攻击，但底层图结构对人类来说并不直观。"
      },
      {
        "index": 75,
        "start": 724.08,
        "end": 733.25,
        "text": "我们需要将其进一步细化，转化为人类可读的自然语言报告。"
      },
      {
        "index": 76,
        "start": 733.55,
        "end": 762.88,
        "text": "针对语义鸿沟问题，现有方法多采用硬匹配，即在文本中寻找特定的文件名。"
      },
      {
        "index": 77,
        "start": 763.52,
        "end": 776.08,
        "text": "这种方式缺乏泛化能力。为了让大模型具备泛化能力并学习相关知识。"
      },
      {
        "index": 78,
        "start": 776.38,
        "end": 779.54,
        "text": "我们提出了一种名为 gIoC 的中间表示。"
      },
      {
        "index": 79,
        "start": 781.34,
        "end": 795.93,
        "text": "由于缺乏足够的数据且成本高昂，我们设计的这种中间表示在形式上更接近底层事件。"
      },
      {
        "index": 80,
        "start": 795.95,
        "end": 798.45,
        "text": "但其中的参数进行了泛化处理。"
      },
      {
        "index": 81,
        "start": 798.93,
        "end": 809.49,
        "text": "这样我们就可以利用规模较小的模型，将其语言理解能力与底层事件及威胁情报中的知识进行匹配。"
      },
      {
        "index": 82,
        "start": 809.81,
        "end": 818.73,
        "text": "从而使大模型具备对底层日志的理解能力，输出具有泛化能力的文本。"
      },
      {
        "index": 83,
        "start": 818.85,
        "end": 846.57,
        "text": "基于此输出，我们还利用攻击技术间的逻辑关系（如必须先获取权限才能安装病毒）构建了推理系统。"
      },
      {
        "index": 84,
        "start": 847.05,
        "end": 862.875,
        "text": "通过逻辑推理进一步消除误报。最终结果在图节点上标注了对应的攻击技术和手法。"
      },
      {
        "index": 85,
        "start": 863.45,
        "end": 867.63,
        "text": "最后通过安全 Agent 自动生成攻击报告。"
      },
      {
        "index": 86,
        "start": 867.63,
        "end": 876.73,
        "text": "整个流程并非纯粹的端到端大模型，而是先通过小模型算法进行过滤和处理。"
      },
      {
        "index": 87,
        "start": 877.05,
        "end": 888.73,
        "text": "从数千万个事件中精选出几十个关键事件交给大模型，从而生成最终报告。"
      },
      {
        "index": 88,
        "start": 889.15,
        "end": 894.84,
        "text": "我们在 openEuler 的运维数据中进行了验证。"
      },
      {
        "index": 89,
        "start": 894.84,
        "end": 907.76,
        "text": "结果显示，我们不仅能自动生成自然语言报告，且误报率比现有方法降低了一个数量级。"
      },
      {
        "index": 90,
        "start": 907.76,
        "end": 915.2,
        "text": "第三部分是系统层面的工作。监控系统通常开销巨大。"
      },
      {
        "index": 91,
        "start": 915.2,
        "end": 927.55,
        "text": "我们需要采集大量数据并监控操作系统运行，这会给系统带来额外负担。"
      },
      {
        "index": 92,
        "start": 929.19,
        "end": 935.93,
        "text": "我们提出了软件和硬件两种优化方案。"
      },
      {
        "index": 93,
        "start": 935.93,
        "end": 960.69,
        "text": "软件方面，我们发现现有工具开销大的原因是由于担心探针受攻击而加入了过重的保护机制，破坏了进程隔离。"
      },
      {
        "index": 94,
        "start": 960.69,
        "end": 982.31,
        "text": "因此，我们提出了新的架构，让每个进程独立利用自身资源进行隔离和日志处理，防止相互干扰。"
      },
      {
        "index": 95,
        "start": 982.31,
        "end": 989.305,
        "text": "硬件方面，我们将监控负载卸载到 DPU 上。"
      },
      {
        "index": 96,
        "start": 989.64,
        "end": 1006.2,
        "text": "利用 DPU 强大的处理能力和拉取能力，以近乎零代价的方式将运行日志拉取到主机端。"
      },
      {
        "index": 97,
        "start": 1006.82,
        "end": 1017.58,
        "text": "实验表明，即使在采集非常细粒度的系统调用日志时，我们的开销也能控制在 3% 以内。"
      },
      {
        "index": 98,
        "start": 1018.04,
        "end": 1027.94,
        "text": "相比 Sysdig 或 Linux Audit 等主流工具，开销降低了一个数量级。"
      },
      {
        "index": 99,
        "start": 1027.94,
        "end": 1041.23,
        "text": "我们实现了一个原型系统 SysArmor，并已在 openEuler 社区开源。"
      },
      {
        "index": 100,
        "start": 1041.23,
        "end": 1059.09,
        "text": "它可以实现端到端的攻击检测，并支持通过大模型询问攻击详情。"
      },
      {
        "index": 101,
        "start": 1062.14,
        "end": 1085.035,
        "text": "此外，我们还有其他相关工作，如针对 Wasm 的符号执行工具 WASEM、二进制模糊测试工具 SPfuzz 等。"
      },
      {
        "index": 102,
        "start": 1085.72,
        "end": 1096.76,
        "text": "未来工作方面，我们计划在 openEuler 社区持续迭代 SysArmor 系统。"
      },
      {
        "index": 103,
        "start": 1096.76,
        "end": 1115.93,
        "text": "并希望以合适的方式（如隐私保护系统）公开数据集，支持社区算法迭代。"
      },
      {
        "index": 104,
        "start": 1116.37,
        "end": 1143.56,
        "text": "我们也欢迎各位老师和同学参与建设。系统安全是目前非常热门的研究方向。"
      },
      {
        "index": 105,
        "start": 1143.82,
        "end": 1181.995,
        "text": "最后，我们正尝试将核心算法扩展到大模型安全和金融反欺诈等更广泛的领域。"
      },
      {
        "index": 106,
        "start": 1183.12,
        "end": 1202.58,
        "text": "以上就是我们的工作。再次感谢华为和 openEuler 的支持。谢谢大家。"
      },
      {
        "index": 107,
        "start": 1202.78,
        "end": 1216.385,
        "text": "感谢李老师的专业分享。接下来是提问环节，现场的朋友如有疑问请举手示意。"
      },
      {
        "index": 108,
        "start": 1218.16,
        "end": 1222.495,
        "text": "如果没有，再次感谢李老师带来的精彩分享。谢谢。"
      },
      {
        "index": 109,
        "start": 1222.495,
        "end": 1225.0,
        "text": "[掌声]"
      }
    ],
    "duration_ms": 1225000,
    "chunk_label": "part_03/final"
  },
  "output": {
    "sections": [
      {
        "id": "sec_001",
        "title": "开场与讲者介绍：人工智能端到端的复杂攻击检测技术研究报告分享者李锭老师介绍及主题开场。介绍北京大学李锭老师及其演讲主题《人工智能端到端的复杂攻击检测技术研究》。",
        "material_ids": [
          "chunk_00/slide_001",
          "chunk_00/slide_002",
          "chunk_00/slide_003"
        ],
        "start_ms": 0,
        "end_ms": 61505,
        "summary_hint": "",
        "notes": "Covers speaker introduction and the announcement of the presentation title.",
        "text_span": {
          "start": 0,
          "end": 5
        },
        "lead_text": "接下来让我们有请北京大学的李锭老师，为我们带来《人工智能端到端的复杂攻击检测技术研究》的主题分享。",
        "tail_text": "今天的主题是《人工智能端到端的复杂攻击检测技术研究》。"
      },
      {
        "id": "sec_002",
        "title": "研究背景：APT攻击的威胁与现状分析分析APT攻击的复杂性、隐蔽性及技术多变特征，指出当前基于规则的检测技术在人力成本和可观测性上的局限。",
        "material_ids": [
          "chunk_00/slide_004",
          "chunk_00/slide_005",
          "chunk_00/slide_006"
        ],
        "start_ms": 62270,
        "end_ms": 194590,
        "summary_hint": "",
        "notes": "Analyzes the background of APT attacks, ending before the transition to the core research question.",
        "text_span": {
          "start": 6,
          "end": 21
        },
        "lead_text": "我们的研究背景是防御目前非常复杂的 APT（高级持续性威胁）攻击。",
        "tail_text": "因此，我们的研究试图回答一个问题：能否排除人工干预，实现端到端的 AI 检测？"
      },
      {
        "id": "sec_003",
        "title": "科学问题与三大关键挑战探讨实现端到端AI检测的可能性，并详细分析数据质量差、语义理解难、成本损耗大这三个核心挑战。",
        "material_ids": [
          "chunk_00/slide_007",
          "chunk_00/slide_008",
          "chunk_00/slide_009",
          "chunk_00/slide_010"
        ],
        "start_ms": 194950,
        "end_ms": 437275,
        "summary_hint": "",
        "notes": "Starts with the core research question and details the three major challenges (data quality, semantics, cost).",
        "text_span": {
          "start": 21,
          "end": 44
        },
        "lead_text": "因此，我们的研究试图回答一个问题：能否排除人工干预，实现端到端的 AI 检测？",
        "tail_text": "在数据规模巨大、成本受限的情况下，实现及时检测面临巨大挑战。"
      },
      {
        "id": "sec_004",
        "title": "研究方法与核心思路：溯源分析提出系统、算法、硬件协同优化策略，核心在于利用溯源图模型表征系统资源依赖关系。",
        "material_ids": [
          "chunk_00/slide_011",
          "chunk_00/slide_012"
        ],
        "start_ms": 438040,
        "end_ms": 529315,
        "summary_hint": "",
        "notes": "Introduces the core methodology of provenance graph analysis, ending before the specific technical details of log filtering.",
        "text_span": {
          "start": 45,
          "end": 55
        },
        "lead_text": "针对这些问题，我们在过去三年中进行了一系列系统、算法和硬件的协同优化。",
        "tail_text": "在这张图上，我们利用无监督学习主动挖掘异常特征，自动找出与攻击相关的部分。"
      },
      {
        "id": "sec_005",
        "title": "关键技术一：无监督快速日志过滤介绍利用无监督学习和在线斯坦纳树算法过滤海量日志，通过两阶段检测流程大幅降低误报并提升性能。",
        "material_ids": [
          "chunk_00/slide_013",
          "chunk_00/slide_014",
          "chunk_00/slide_015",
          "chunk_00/slide_016"
        ],
        "start_ms": 530030,
        "end_ms": 706610,
        "summary_hint": "",
        "notes": "Details the first key technology: unsupervised log filtering and the Steiner Tree algorithm.",
        "text_span": {
          "start": 55,
          "end": 72
        },
        "lead_text": "在这张图上，我们利用无监督学习主动挖掘异常特征，自动找出与攻击相关的部分。",
        "tail_text": "我们还与深信服合作，在其实际系统中发现了七个真实的攻击。"
      },
      {
        "id": "sec_006",
        "title": "关键技术二：基于大语言模型的攻击理解与报告生成阐述利用gIoC中间表示弥合语义鸿沟，结合逻辑推理框架自动生成人类可读的APT攻击报告。",
        "material_ids": [
          "chunk_00/slide_017",
          "chunk_00/slide_018",
          "chunk_00/slide_019",
          "chunk_00/slide_020"
        ],
        "start_ms": 707530,
        "end_ms": 907760,
        "summary_hint": "",
        "notes": "Details the second key technology: LLM-based attack understanding and gIoC intermediate representation.",
        "text_span": {
          "start": 73,
          "end": 88
        },
        "lead_text": "第二步是理解。虽然检测出了攻击，但底层图结构对人类来说并不直观。",
        "tail_text": "结果显示，我们不仅能自动生成自然语言报告，且误报率比现有方法降低了一个数量级。"
      },
      {
        "id": "sec_007",
        "title": "系统优化：软件隔离与硬件加速介绍分片式监控架构实现软件隔离，以及利用DPU硬件加速日志拉取，将性能损耗控制在3%以内。",
        "material_ids": [
          "chunk_00/slide_021",
          "chunk_00/slide_022",
          "chunk_00/slide_023",
          "chunk_00/slide_024",
          "chunk_00/slide_025",
          "chunk_00/slide_026"
        ],
        "start_ms": 907760,
        "end_ms": 1017580,
        "summary_hint": "",
        "notes": "Discusses system-level optimizations including software isolation and DPU hardware acceleration.",
        "text_span": {
          "start": 89,
          "end": 97
        },
        "lead_text": "第三部分是系统层面的工作。监控系统通常开销巨大。",
        "tail_text": "相比 Sysdig 或 Linux Audit 等主流工具，开销降低了一个数量级。"
      },
      {
        "id": "sec_008",
        "title": "原型系统SysArmor与未来展望展示开源原型系统SysArmor及相关研究成果，并对未来社区建设、数据共享及应用扩展进行展望。",
        "material_ids": [
          "chunk_00/slide_027",
          "chunk_00/slide_028",
          "chunk_00/slide_029",
          "chunk_00/slide_030"
        ],
        "start_ms": 1018040,
        "end_ms": 1225000,
        "summary_hint": "",
        "notes": "Introduces the SysArmor prototype system and provides future outlook and concluding remarks.",
        "text_span": {
          "start": 97,
          "end": 108
        },
        "lead_text": "相比 Sysdig 或 Linux Audit 等主流工具，开销降低了一个数量级。",
        "tail_text": "[掌声]"
      }
    ]
  },
  "artifacts": [
    "output/ScienceEducationInnovation/part_03/final/06_section_timing/artifacts/section_manifest_aligned.json"
  ],
  "metadata": {
    "sections": 8,
    "notes": "Shared transition sentences (e.g., Subtitles 22, 56, 98) were assigned to the start of the subsequent section to maintain thematic introduction while strictly adhering to the non-overlap constraint."
  },
  "trace_id": "54f432f8-9a45-47d2-af32-36ef82c195be",
  "duration_ms": 139029,
  "started_at": "2025-12-19T01:24:17.897394",
  "completed_at": "2025-12-18T17:26:36.928892",
  "step_config": {
    "model": "gemini-3-flash-preview",
    "temperature": 0.1,
    "prompt_file": "/Users/lichuan/Codes/TalkDistill/config/prompts/section_timing.md",
    "schema_file": "/Users/lichuan/Codes/TalkDistill/config/schemas/section_timing.json"
  },
  "dependencies": [
    "merge_subtitles",
    "section_plan"
  ]
}