{
  "address": "ScienceEducationInnovation/part_04/chunk_00/07_capture_frame/slide_017",
  "status": "completed",
  "input": {
    "video": "output/ScienceEducationInnovation/part_04/chunk_00/01_cut_chunk/artifacts/chunk_high.mp4",
    "timestamp": "00:12:55.100",
    "frame_id": "slide_017",
    "output_ext": ".png"
  },
  "output": "output/ScienceEducationInnovation/part_04/chunk_00/07_capture_frame/slide_017/artifacts/slide_017.png",
  "artifacts": [
    "output/ScienceEducationInnovation/part_04/chunk_00/07_capture_frame/slide_017/artifacts/slide_017.png"
  ],
  "metadata": {
    "timestamp": "00:12:55.100",
    "frame_id": "slide_017",
    "ffmpeg": "/opt/homebrew/bin/ffmpeg"
  },
  "trace_id": null,
  "duration_ms": 1782,
  "started_at": "2025-12-21T23:17:27.055296",
  "completed_at": "2025-12-21T15:17:28.839617",
  "step_config": {},
  "dependencies": [
    "slide_timeline"
  ]
}