{
  "id": "sec_5",
  "index": 4,
  "title": "总结与Q&A",
  "time_range": "00:15:11,970 - 00:16:42,220",
  "script": "以上是我的分享，谢谢大家。\n更多信息可以访问openEuler社区。\n如果大家对UMDK的技术希望有更多了解，也可以加入我们的微信群。\n好，谢谢大家。\n好，感谢韩老师带来的分享。\n做过推理的人应该很清楚，随着大EP方案的出现，原来对计算的要求很高。\n后来通信的开销越来越大。所以刚才韩老师给我们带来了，\n包括异构多平面的传输，将点对点通信变为M2N的多对多通信，通过多通道叠加，同时在计算和通信时做掩盖来提升性能。\n这种基础通信库能帮助我们实现reduce、all-gather、all-to-all等通信语义，加速这部分的能力，这是一个非常好的情况。\n后面也希望跟这个SIG组，结合之前刘宇振老师交流的能力，可能会变成一个更有性价比的推理方案。好，谢谢。",
  "summary": "讲者结束分享，并提供了 openEuler 社区和 UMDK 技术微信群作为后续交流渠道。主持人随后总结了分享的核心技术点，即如何通过异构多平面传输、M2N通信及计算通信掩盖等方式，解决大模型推理中的通信开销问题，并展望了未来的合作方向。"
}