{
  "address": "ai_session/part_09/chunk_00/03_srt_slice",
  "status": "completed",
  "input": {
    "global_srt": "output/ai_session/part_-01/chunk_-01/00_global_funasr/artifacts/global.srt",
    "start_ms": 8747580.0,
    "end_ms": 9815250.0,
    "output_name": "chunk_baseline.srt"
  },
  "output": [
    {
      "index": 1,
      "start": 0,
      "end": 13.08,
      "text": "然后下面有请河南昆仑技术有限公司算子开发高级工程师孙亚楠先生给我们带来呃河南昆仑基于升腾软件 FP 八的极致调优分享。"
    },
    {
      "index": 2,
      "start": 13.08,
      "end": 13.62,
      "text": "谢大家。"
    },
    {
      "index": 3,
      "start": 13.62,
      "end": 15.75,
      "text": "欢迎啊，"
    },
    {
      "index": 4,
      "start": 15.75,
      "end": 16.23,
      "text": "大家好，"
    },
    {
      "index": 5,
      "start": 16.29,
      "end": 19.27,
      "text": "我是河南昆仑技术有限公司的孙亚楠。"
    },
    {
      "index": 6,
      "start": 19.65,
      "end": 23.57,
      "text": "然后刚才咱们前面老师其实讲了很多关于算子的，"
    },
    {
      "index": 7,
      "start": 23.79,
      "end": 27.75,
      "text": "但是大家都没有去展开讲一下算子的优化到底是怎么做的。"
    },
    {
      "index": 8,
      "start": 27.93,
      "end": 31.29,
      "text": "然后我今天呢有幸来到这里给大家分享一下，"
    },
    {
      "index": 9,
      "start": 31.29,
      "end": 37.355,
      "text": "就是我们团队在生度平台上对 IP 八这个精度下的一个算子的一个调优。"
    },
    {
      "index": 10,
      "start": 38.12,
      "end": 38.36,
      "text": "呃，"
    },
    {
      "index": 11,
      "start": 38.72,
      "end": 39.62,
      "text": "在开始之前，"
    },
    {
      "index": 12,
      "start": 39.66,
      "end": 41.5,
      "text": "我想就是问大家这样一个问题，"
    },
    {
      "index": 13,
      "start": 41.5,
      "end": 43.18,
      "text": "不知道就是大家有没有遇到过。"
    },
    {
      "index": 14,
      "start": 43.44,
      "end": 47.62,
      "text": "就是我们在现在我们知道就是模型呢它是越来越大的，"
    },
    {
      "index": 15,
      "start": 47.7,
      "end": 49.6,
      "text": "那么精度要求也是越来越高的。"
    },
    {
      "index": 16,
      "start": 49.8,
      "end": 52.78,
      "text": "但是当前的算力跟我们内存的这个瓶颈，"
    },
    {
      "index": 17,
      "start": 53.04,
      "end": 55.62,
      "text": "那么它就像一个孙悟空上的紧箍咒，"
    },
    {
      "index": 18,
      "start": 55.88,
      "end": 58.82,
      "text": "它牢牢的限制住我们这一个就是扩大模型，"
    },
    {
      "index": 19,
      "start": 58.9,
      "end": 63.7,
      "text": "或者说是呃对应这个算力的一些一些一些限制吧。"
    },
    {
      "index": 20,
      "start": 63.88,
      "end": 66.72,
      "text": "那么我们如果想在对应的生成平台上面，"
    },
    {
      "index": 21,
      "start": 66.72,
      "end": 69.23,
      "text": "我们想去跑出一个极致的性能的情况下。"
    },
    {
      "index": 22,
      "start": 69.59,
      "end": 73.25,
      "text": "那么传统的呃 BF 幺六或者说是 IP 幺六。"
    },
    {
      "index": 23,
      "start": 73.73,
      "end": 73.97,
      "text": "呃，"
    },
    {
      "index": 24,
      "start": 73.97,
      "end": 78.51,
      "text": "目前来看这个整体加载或者说耗用是非常多的。"
    },
    {
      "index": 25,
      "start": 78.95,
      "end": 83.55,
      "text": "那么针对于当前就是生腾的九零 b 也好，"
    },
    {
      "index": 26,
      "start": 83.55,
      "end": 87.15,
      "text": "九幺零居住者 b 三或者说 b 二之前的一些芯片等等。"
    },
    {
      "index": 27,
      "start": 87.35,
      "end": 91.37,
      "text": "它目前的计算芯片上支持的数据类型是不包括 IP 八的。"
    },
    {
      "index": 28,
      "start": 91.65,
      "end": 97.665,
      "text": "那么我们如何让 IP 八的权重能够在当前不支持 IP 八的硬件上去运行呢？"
    },
    {
      "index": 29,
      "start": 98.1,
      "end": 102.355,
      "text": "就是下边我会给大家分三个部分来给大家去做一个分享。"
    },
    {
      "index": 30,
      "start": 103.69,
      "end": 103.93,
      "text": "呃，"
    },
    {
      "index": 31,
      "start": 104.07,
      "end": 106.29,
      "text": "首先的话在前面我会给大家讲一下，"
    },
    {
      "index": 32,
      "start": 106.29,
      "end": 108.29,
      "text": "就是什么是 IP 八以及 IP 八，"
    },
    {
      "index": 33,
      "start": 108.31,
      "end": 110.45,
      "text": "它会能够给我们带来什么样的价值。"
    },
    {
      "index": 34,
      "start": 110.81,
      "end": 113.25,
      "text": "然后最第二点呢我们会汇报一下，"
    },
    {
      "index": 35,
      "start": 113.25,
      "end": 115.53,
      "text": "就是当前我们团队基于这个 IP 八，"
    },
    {
      "index": 36,
      "start": 115.53,
      "end": 118.29,
      "text": "我们会做哪些一些关于这个算子，"
    },
    {
      "index": 37,
      "start": 118.29,
      "end": 119.43,
      "text": "我们会做哪些设计，"
    },
    {
      "index": 38,
      "start": 119.43,
      "end": 120.27,
      "text": "以做哪些优化。"
    },
    {
      "index": 39,
      "start": 120.51,
      "end": 121.23,
      "text": "第三点的话，"
    },
    {
      "index": 40,
      "start": 121.23,
      "end": 122.27,
      "text": "我会给大家分享一下，"
    },
    {
      "index": 41,
      "start": 122.27,
      "end": 124.585,
      "text": "就是我们团队关于未来的一些思考。"
    },
    {
      "index": 42,
      "start": 126.0,
      "end": 133.56,
      "text": "当然在最开始之前先讲一下我们团队就是在做的一个整体的一个呃从上到下的一个软件栈吧。"
    },
    {
      "index": 43,
      "start": 133.88,
      "end": 135.64,
      "text": "首先我们会在模型层，"
    },
    {
      "index": 44,
      "start": 135.72,
      "end": 138.1,
      "text": "我们主要目前支持的只有是两个，"
    },
    {
      "index": 45,
      "start": 138.32,
      "end": 139.24,
      "text": "一个是千问的，"
    },
    {
      "index": 46,
      "start": 139.26,
      "end": 141.72,
      "text": "一个是 DB sic 这两个系列的一些模型。"
    },
    {
      "index": 47,
      "start": 142.16,
      "end": 144.34,
      "text": "那么中间层我们可以看到就推理框架层。"
    },
    {
      "index": 48,
      "start": 144.48,
      "end": 147.0,
      "text": "推理框架层呢我们主要集中在 VR、"
    },
    {
      "index": 49,
      "start": 147.0,
      "end": 148.02,
      "text": "mcent 以及 VLM。"
    },
    {
      "index": 50,
      "start": 148.38,
      "end": 149.4,
      "text": "然后在这个基础上，"
    },
    {
      "index": 51,
      "start": 149.4,
      "end": 152.34,
      "text": "我们再去开发一个我们自研的一个整体的推理框架。"
    },
    {
      "index": 52,
      "start": 152.34,
      "end": 156.39,
      "text": "那么再往下的话就是推推层到下层的一些些算子层。"
    },
    {
      "index": 53,
      "start": 156.59,
      "end": 162.91,
      "text": "那么算子层呢我们会呃针对于目前呃业界比较常用的一些算子，"
    },
    {
      "index": 54,
      "start": 163.05,
      "end": 165.23,
      "text": "针对这些算子去做特定的调优。"
    },
    {
      "index": 55,
      "start": 165.75,
      "end": 165.99,
      "text": "呃，"
    },
    {
      "index": 56,
      "start": 166.17,
      "end": 167.59,
      "text": "比如 LSTM，"
    },
    {
      "index": 57,
      "start": 168.09,
      "end": 169.91,
      "text": "我们目前的调优成果的话，"
    },
    {
      "index": 58,
      "start": 169.91,
      "end": 175.89,
      "text": "是比目前业界所知道的 LTM 的整体性能还能够提升百分之三十左右啊，"
    },
    {
      "index": 59,
      "start": 175.89,
      "end": 177.39,
      "text": "这个整体性能是比较好的。"
    },
    {
      "index": 60,
      "start": 177.47,
      "end": 179.59,
      "text": "那么今天重点我们不是讲 LTM 嘛，"
    },
    {
      "index": 61,
      "start": 179.59,
      "end": 182.83,
      "text": "那么今们重点讲一下中间的 i 软 IP 八这个算子。"
    },
    {
      "index": 62,
      "start": 183.21,
      "end": 184.21,
      "text": "那么在下层的话，"
    },
    {
      "index": 63,
      "start": 184.21,
      "end": 188.8,
      "text": "我们会去在不同的在这个操作系统上面去把我们的算子运用起来。"
    },
    {
      "index": 64,
      "start": 188.96,
      "end": 196.24,
      "text": "那么呃当然我们今天的话主要是在应用到了我们的泛程五 s open 拉系的一个泛程五 s 这个操作系统上面，"
    },
    {
      "index": 65,
      "start": 196.24,
      "end": 197.96,
      "text": "我们去做了一些调优，"
    },
    {
      "index": 66,
      "start": 198.04,
      "end": 199.94,
      "text": "一些系统层面的也也做了一些调优。"
    },
    {
      "index": 67,
      "start": 200.2,
      "end": 201.62,
      "text": "那么再到下边的话，"
    },
    {
      "index": 68,
      "start": 201.62,
      "end": 204.5,
      "text": "就会有各种各样的国产的这个加速卡。"
    },
    {
      "index": 69,
      "start": 204.5,
      "end": 207.04,
      "text": "我们比较常见的一项碎源呀、"
    },
    {
      "index": 70,
      "start": 207.04,
      "end": 208.34,
      "text": "昆仑星天数以及生腾，"
    },
    {
      "index": 71,
      "start": 208.36,
      "end": 210.885,
      "text": "还有就是我们最近正在做的一个避任的。"
    },
    {
      "index": 72,
      "start": 212.55,
      "end": 212.79,
      "text": "呃，"
    },
    {
      "index": 73,
      "start": 212.81,
      "end": 214.47,
      "text": "那么在同样我们在开始前，"
    },
    {
      "index": 74,
      "start": 214.65,
      "end": 216.27,
      "text": "我们现在就开始给大家介绍一下，"
    },
    {
      "index": 75,
      "start": 216.27,
      "end": 218.65,
      "text": "就是 IP 八这个技术它到底是个什么东西。"
    },
    {
      "index": 76,
      "start": 219.03,
      "end": 219.87,
      "text": "就 IP 八的话，"
    },
    {
      "index": 77,
      "start": 219.87,
      "end": 223.19,
      "text": "它目前是一个比较新兴的一个数值的一个表示格式。"
    },
    {
      "index": 78,
      "start": 223.49,
      "end": 225.45,
      "text": "它专门用来 AI 的计算优化，"
    },
    {
      "index": 79,
      "start": 225.73,
      "end": 228.15,
      "text": "它在能够保持高精度的同时，"
    },
    {
      "index": 80,
      "start": 228.29,
      "end": 230.215,
      "text": "能够显著的降低一个计算资源。"
    },
    {
      "index": 81,
      "start": 230.94,
      "end": 231.18,
      "text": "呃，"
    },
    {
      "index": 82,
      "start": 231.34,
      "end": 234.0,
      "text": "跟我们传统的 IP 幺六跟 BF 幺六相比，"
    },
    {
      "index": 83,
      "start": 234.34,
      "end": 236.1,
      "text": "它能够降低显存，"
    },
    {
      "index": 84,
      "start": 236.18,
      "end": 237.04,
      "text": "让显存减半。"
    },
    {
      "index": 85,
      "start": 237.32,
      "end": 240.1,
      "text": "同样跟我们目前比较流行的特八相比，"
    },
    {
      "index": 86,
      "start": 240.16,
      "end": 243.42,
      "text": "它的精度是能够得到一个比较大的一个提升。"
    },
    {
      "index": 87,
      "start": 243.68,
      "end": 246.68,
      "text": "那么它针对于目前我们常用的特八跟 ininb f 幺六，"
    },
    {
      "index": 88,
      "start": 246.68,
      "end": 249.595,
      "text": "它能够达到一个效率跟精度的一个完美平衡。"
    },
    {
      "index": 89,
      "start": 250.36,
      "end": 250.6,
      "text": "呃，"
    },
    {
      "index": 90,
      "start": 250.92,
      "end": 252.74,
      "text": "我们主要从三个方面来讲，"
    },
    {
      "index": 91,
      "start": 252.74,
      "end": 254.3,
      "text": "第一个就是显存需求减半。"
    },
    {
      "index": 92,
      "start": 254.52,
      "end": 256.1,
      "text": "这个是跟 BF 幺六相比嘛，"
    },
    {
      "index": 93,
      "start": 256.28,
      "end": 257.16,
      "text": "我们就很好理解。"
    },
    {
      "index": 94,
      "start": 257.16,
      "end": 260.1,
      "text": "因为权重是权重的整体占比是占半是减半了。"
    },
    {
      "index": 95,
      "start": 260.1,
      "end": 263.2,
      "text": "所以说我们能够大幅的缓解硬件的资源压力。"
    },
    {
      "index": 96,
      "start": 263.46,
      "end": 264.76,
      "text": "就是比如说 deep sake，"
    },
    {
      "index": 97,
      "start": 264.84,
      "end": 266.9,
      "text": "我们之前需要用到十六张卡，"
    },
    {
      "index": 98,
      "start": 267.06,
      "end": 269.3,
      "text": "那么现在我们用八张卡就可以跑起来了。"
    },
    {
      "index": 99,
      "start": 269.5,
      "end": 271.215,
      "text": "就是你觉得硬件资源直接减半，"
    },
    {
      "index": 100,
      "start": 272.03,
      "end": 272.27,
      "text": "嗯，"
    },
    {
      "index": 101,
      "start": 272.37,
      "end": 273.53,
      "text": "更高的一个推理精度。"
    },
    {
      "index": 102,
      "start": 273.55,
      "end": 275.87,
      "text": "这个是比如现在我们可以知道，"
    },
    {
      "index": 103,
      "start": 275.87,
      "end": 281.03,
      "text": "就是社区上 hack face 上面其实有一公布了一个就是特八的一个权重文件。"
    },
    {
      "index": 104,
      "start": 281.33,
      "end": 283.53,
      "text": "那么这个权重英特八的一个权重文件呢，"
    },
    {
      "index": 105,
      "start": 283.53,
      "end": 286.21,
      "text": "它的精度其实是有略微的下降的。"
    },
    {
      "index": 106,
      "start": 286.65,
      "end": 289.19,
      "text": "那么我们在英特八这个略略微下降的一个基础上，"
    },
    {
      "index": 107,
      "start": 289.19,
      "end": 290.45,
      "text": "我们去推出来 inp 八，"
    },
    {
      "index": 108,
      "start": 290.67,
      "end": 293.445,
      "text": "那么又重新把这个精度给往回拉了一点。"
    },
    {
      "index": 109,
      "start": 294.07,
      "end": 294.31,
      "text": "嗯，"
    },
    {
      "index": 110,
      "start": 294.31,
      "end": 296.03,
      "text": "最终呢基于前面的两个，"
    },
    {
      "index": 111,
      "start": 296.03,
      "end": 297.57,
      "text": "我们可以达到一个效率跟精度，"
    },
    {
      "index": 112,
      "start": 297.57,
      "end": 298.41,
      "text": "一个整体平衡。"
    },
    {
      "index": 113,
      "start": 298.83,
      "end": 302.11,
      "text": "那 IP 八同时在当前我们 AI 领域的一个整体应用场景。"
    },
    {
      "index": 114,
      "start": 302.45,
      "end": 309.35,
      "text": "就我们可以看到就是目前我们其实就是越来越的呃包括从社区上我们可以看到的一些情况来看啊，"
    },
    {
      "index": 115,
      "start": 309.55,
      "end": 315.41,
      "text": "就是大模型呃里边用训练啊物用推理结果最终推出来的权重来看的话，"
    },
    {
      "index": 116,
      "start": 315.49,
      "end": 318.15,
      "text": "IP 八的权重这种类型其实越来越多了。"
    },
    {
      "index": 117,
      "start": 318.47,
      "end": 320.19,
      "text": "而且我们现在国产化的芯片，"
    },
    {
      "index": 118,
      "start": 320.19,
      "end": 320.97,
      "text": "我们也可以看到，"
    },
    {
      "index": 119,
      "start": 321.21,
      "end": 323.57,
      "text": "就是越来越多的芯片其实是在往 IP 八，"
    },
    {
      "index": 120,
      "start": 323.57,
      "end": 325.92,
      "text": "甚至比如说往 IP 四去支支那，"
    },
    {
      "index": 121,
      "start": 325.92,
      "end": 329.38,
      "text": "那之之前更可能更更多是受限于国外的这些芯片。"
    },
    {
      "index": 122,
      "start": 329.8,
      "end": 332.94,
      "text": "你比如说我们升腾的马上出来了一些新的芯片，"
    },
    {
      "index": 123,
      "start": 332.94,
      "end": 334.14,
      "text": "它可能就支持了 IP 八，"
    },
    {
      "index": 124,
      "start": 334.24,
      "end": 335.915,
      "text": "但是目前为止还是不支持的。"
    },
    {
      "index": 125,
      "start": 337.95,
      "end": 338.05,
      "text": "呃，"
    },
    {
      "index": 126,
      "start": 338.05,
      "end": 345.71,
      "text": "那么同样的我们就是针对于 IP 八这个技术面对的对特定硬件的一个依赖的这种情况下，"
    },
    {
      "index": 127,
      "start": 345.71,
      "end": 352.13,
      "text": "我们公司基于生腾的应用的一个 i 呃生个 c 的一个算是开发的一个语言，"
    },
    {
      "index": 128,
      "start": 352.23,
      "end": 354.15,
      "text": "去做了一个软 IP 八的一个解决方案。"
    },
    {
      "index": 129,
      "start": 354.49,
      "end": 356.99,
      "text": "那么这个解决方案呢主要从三个层面来讲。"
    },
    {
      "index": 130,
      "start": 357.37,
      "end": 361.13,
      "text": "第一个的话我们就是注意硬件去支持 IP 八的权重。"
    },
    {
      "index": 131,
      "start": 361.53,
      "end": 366.29,
      "text": "这边我们做的就是说把 IP 八的一个整体权重去输入到生腾硬件当中，"
    },
    {
      "index": 132,
      "start": 366.59,
      "end": 368.64,
      "text": "通过一个打量化的一个算子，"
    },
    {
      "index": 133,
      "start": 368.86,
      "end": 371.9,
      "text": "我们可以让把它转换成 BF 幺六的一个格式，"
    },
    {
      "index": 134,
      "start": 372.22,
      "end": 374.725,
      "text": "去让生成的芯片去支持计算。"
    },
    {
      "index": 135,
      "start": 375.77,
      "end": 379.79,
      "text": "同样在保证过程的呃保证这个计算过程的准确性呢，"
    },
    {
      "index": 136,
      "start": 379.81,
      "end": 381.51,
      "text": "同时为后面的 IP 八的一个权重，"
    },
    {
      "index": 137,
      "start": 381.51,
      "end": 383.03,
      "text": "也开拓了一个比较新的的空间。"
    },
    {
      "index": 138,
      "start": 383.03,
      "end": 383.27,
      "text": "啊，"
    },
    {
      "index": 139,
      "start": 383.51,
      "end": 387.57,
      "text": "但这一块呢我们可以从一个整的一个大的框面去看一下。"
    },
    {
      "index": 140,
      "start": 387.79,
      "end": 390.99,
      "text": "那么主呃主要的核心其实是算子级的优化，"
    },
    {
      "index": 141,
      "start": 390.99,
      "end": 392.23,
      "text": "以及框架级的优化。"
    },
    {
      "index": 142,
      "start": 392.83,
      "end": 393.07,
      "text": "呃，"
    },
    {
      "index": 143,
      "start": 393.43,
      "end": 394.57,
      "text": "算子集这一块优化呢，"
    },
    {
      "index": 144,
      "start": 394.57,
      "end": 395.59,
      "text": "我由于时间原因，"
    },
    {
      "index": 145,
      "start": 395.59,
      "end": 396.53,
      "text": "我就写了三条，"
    },
    {
      "index": 146,
      "start": 396.59,
      "end": 397.73,
      "text": "没有写的太特别多。"
    },
    {
      "index": 147,
      "start": 397.73,
      "end": 400.27,
      "text": "其实关于算子横截优化，"
    },
    {
      "index": 148,
      "start": 400.27,
      "end": 401.97,
      "text": "我们总共达到了十个点，"
    },
    {
      "index": 149,
      "start": 401.97,
      "end": 404.59,
      "text": "那么就不一个个一个个展开去讲了。"
    },
    {
      "index": 150,
      "start": 405.01,
      "end": 405.335,
      "text": "呃，"
    },
    {
      "index": 151,
      "start": 405.62,
      "end": 406.22,
      "text": "主要讲一下，"
    },
    {
      "index": 152,
      "start": 406.22,
      "end": 409.7,
      "text": "就是说我们会在克诺内去提出这个专家动态，"
    },
    {
      "index": 153,
      "start": 409.7,
      "end": 410.815,
      "text": "反量化这样一个方案。"
    },
    {
      "index": 154,
      "start": 411.87,
      "end": 412.11,
      "text": "呃，"
    },
    {
      "index": 155,
      "start": 412.21,
      "end": 416.99,
      "text": "同时呢我们也会去实现 vector 跟 cube 两部分算子的融合，"
    },
    {
      "index": 156,
      "start": 417.05,
      "end": 419.095,
      "text": "去实现对应的 CV 并行。"
    },
    {
      "index": 157,
      "start": 419.93,
      "end": 423.95,
      "text": "同样我们也会去调整对应的一个矩块矩阵的一个分块策略。"
    },
    {
      "index": 158,
      "start": 424.23,
      "end": 426.51,
      "text": "然后数据预取的一个机制去消除。"
    },
    {
      "index": 159,
      "start": 426.65,
      "end": 431.21,
      "text": "我们在 profing 抓取出来之后的一些数据之间的一个气泡流水。"
    },
    {
      "index": 160,
      "start": 431.41,
      "end": 432.71,
      "text": "把这一块也给消除掉。"
    },
    {
      "index": 161,
      "start": 433.19,
      "end": 439.17,
      "text": "同时呢我们也应用了 patatch 的 meta 函数去实现这个算子的整体入途。"
    },
    {
      "index": 162,
      "start": 439.37,
      "end": 440.93,
      "text": "我们减少了通过 a 个模式，"
    },
    {
      "index": 163,
      "start": 440.93,
      "end": 441.57,
      "text": "一个单算，"
    },
    {
      "index": 164,
      "start": 441.57,
      "end": 445.275,
      "text": "单算的下发这种一个整体的一个 CPU 侧的一个下发耗时。"
    },
    {
      "index": 165,
      "start": 446.65,
      "end": 446.89,
      "text": "嗯，"
    },
    {
      "index": 166,
      "start": 447.03,
      "end": 450.39,
      "text": "同时通过对应的模型特征呃特征的一个智能感知，"
    },
    {
      "index": 167,
      "start": 450.45,
      "end": 455.175,
      "text": "去实现不同的模型在不同的计算路径下的一个动态调整。"
    },
    {
      "index": 168,
      "start": 456.0,
      "end": 456.24,
      "text": "呃，"
    },
    {
      "index": 169,
      "start": 456.48,
      "end": 461.295,
      "text": "最终的表现效果的话是在推理端到端的整体性能提升百分之三十二左右。"
    },
    {
      "index": 170,
      "start": 462.35,
      "end": 465.65,
      "text": "我们可以看到就是我们分别在昆仑，"
    },
    {
      "index": 171,
      "start": 465.73,
      "end": 470.109,
      "text": "我们昆仑在不同的机型上会去做不同的这个测试跟调优。"
    },
    {
      "index": 172,
      "start": 470.29,
      "end": 471.79,
      "text": "我们可以看到在模组的形态下，"
    },
    {
      "index": 173,
      "start": 471.79,
      "end": 472.91,
      "text": "我们在 g 八六零零上，"
    },
    {
      "index": 174,
      "start": 473.19,
      "end": 479.13,
      "text": "我们就可以已精度无损的模呃已精度无损的这个前提下去跑满血的 gipisic。"
    },
    {
      "index": 175,
      "start": 479.13,
      "end": 480.99,
      "text": "那么在标卡形态上，"
    },
    {
      "index": 176,
      "start": 480.99,
      "end": 483.59,
      "text": "就像 g 五五八零跟 g 五五零零 v 二，"
    },
    {
      "index": 177,
      "start": 483.91,
      "end": 486.285,
      "text": "我们能够实现模型参数规模翻番。"
    },
    {
      "index": 178,
      "start": 487.04,
      "end": 487.28,
      "text": "呃，"
    },
    {
      "index": 179,
      "start": 487.28,
      "end": 489.945,
      "text": "在原有基础上我们可以去运行更大规模的模型。"
    },
    {
      "index": 180,
      "start": 490.63,
      "end": 492.87,
      "text": "那么并行处并发的处理能力上面，"
    },
    {
      "index": 181,
      "start": 492.87,
      "end": 494.71,
      "text": "我们可以大幅的提升并发的处理能力，"
    },
    {
      "index": 182,
      "start": 495.13,
      "end": 496.55,
      "text": "让硬件不同的配置，"
    },
    {
      "index": 183,
      "start": 496.57,
      "end": 500.635,
      "text": "不同配置的硬件的用户都可以享受到我们软 AP 八的这样一个技术红利。"
    },
    {
      "index": 184,
      "start": 501.45,
      "end": 501.69,
      "text": "呃，"
    },
    {
      "index": 185,
      "start": 502.11,
      "end": 503.75,
      "text": "主流关于助流流模模型这问题。"
    },
    {
      "index": 186,
      "start": 503.75,
      "end": 504.61,
      "text": "你像我前面讲的，"
    },
    {
      "index": 187,
      "start": 504.61,
      "end": 508.245,
      "text": "我们目前主要集中在 DBC 跟千问系列的模型。"
    },
    {
      "index": 188,
      "start": 509.01,
      "end": 509.25,
      "text": "呃，"
    },
    {
      "index": 189,
      "start": 509.31,
      "end": 514.425,
      "text": "这边呢是我们去找的性能极致的一个对应的一个跑的一个分数，"
    },
    {
      "index": 190,
      "start": 515.29,
      "end": 516.845,
      "text": "我们可以做一个稍微的参考。"
    },
    {
      "index": 191,
      "start": 518.5,
      "end": 520.44,
      "text": "然后下边呢我会给大家汇报一下，"
    },
    {
      "index": 192,
      "start": 520.44,
      "end": 524.985,
      "text": "就是我们团队关于软 IP 八钻子的一些设计以及对应的优化点。"
    },
    {
      "index": 193,
      "start": 525.74,
      "end": 525.98,
      "text": "呃，"
    },
    {
      "index": 194,
      "start": 525.98,
      "end": 528.56,
      "text": "同样的优化点的话也是大概有八个版本。"
    },
    {
      "index": 195,
      "start": 528.66,
      "end": 530.22,
      "text": "我们今天由于时间原因，"
    },
    {
      "index": 196,
      "start": 530.22,
      "end": 533.075,
      "text": "我们就找中中间的三个版本去给大家讲一个介绍。"
    },
    {
      "index": 197,
      "start": 536.2,
      "end": 538.3,
      "text": "首先我们可以看到就是关于算子，"
    },
    {
      "index": 198,
      "start": 538.3,
      "end": 540.16,
      "text": "我们最开始的步骤，"
    },
    {
      "index": 199,
      "start": 540.16,
      "end": 543.2,
      "text": "我们可以看就是这一部分动态反量化这个部分。"
    },
    {
      "index": 200,
      "start": 543.42,
      "end": 548.14,
      "text": "其实最开始的它的一个官方的一个就是生成官方提供出来的一个路径。"
    },
    {
      "index": 201,
      "start": 548.14,
      "end": 555.14,
      "text": "可能就是说我们通过 BF 幺六的权激活值以及对应的权重去直接通过 mateml 以及 group man mall 去实现。"
    },
    {
      "index": 202,
      "start": 555.14,
      "end": 557.12,
      "text": "然后执行完完成之后呢，"
    },
    {
      "index": 203,
      "start": 557.12,
      "end": 558.44,
      "text": "我们最终输出 BF 幺六的输出，"
    },
    {
      "index": 204,
      "start": 558.44,
      "end": 560.2,
      "text": "那么这就是原始的一个方案。"
    },
    {
      "index": 205,
      "start": 560.2,
      "end": 561.6,
      "text": "但是这种方案呢，"
    },
    {
      "index": 206,
      "start": 561.6,
      "end": 564.52,
      "text": "它就需要同样的就是需要的你的卡的数量是比较多的。"
    },
    {
      "index": 207,
      "start": 564.9,
      "end": 567.79,
      "text": "同样这个我们所以说我们去做了一个动作，"
    },
    {
      "index": 208,
      "start": 567.79,
      "end": 570.83,
      "text": "就是说把权重的 IP 八首先给支持起来。"
    },
    {
      "index": 209,
      "start": 571.25,
      "end": 571.73,
      "text": "然后呢，"
    },
    {
      "index": 210,
      "start": 571.73,
      "end": 573.65,
      "text": "我们自研了一个动态反量化的算子，"
    },
    {
      "index": 211,
      "start": 574.27,
      "end": 577.51,
      "text": "然后把对应的 IP 八的权重给转换成 BF 幺六。"
    },
    {
      "index": 212,
      "start": 578.05,
      "end": 579.23,
      "text": "然后 BF 幺六的话，"
    },
    {
      "index": 213,
      "start": 579.23,
      "end": 581.51,
      "text": "对应的生成芯芯片就可以支持计算了。"
    },
    {
      "index": 214,
      "start": 581.85,
      "end": 583.97,
      "text": "那么同时我们在这个基础上呢，"
    },
    {
      "index": 215,
      "start": 584.17,
      "end": 585.41,
      "text": "把动态反量化算子，"
    },
    {
      "index": 216,
      "start": 585.41,
      "end": 587.87,
      "text": "再跟 mmmm 以及 group mall 进行一个融合，"
    },
    {
      "index": 217,
      "start": 588.53,
      "end": 590.93,
      "text": "最终去达到一个整体的一个实验效果。"
    },
    {
      "index": 218,
      "start": 591.33,
      "end": 595.605,
      "text": "然后下边的话是一些实验效果实现的过程的一些方案吧。"
    },
    {
      "index": 219,
      "start": 596.63,
      "end": 599.95,
      "text": "然后我们呢又针对于不同的场景进行了一些特定优化。"
    },
    {
      "index": 220,
      "start": 599.99,
      "end": 602.11,
      "text": "分为呃刚才讲八个场景，"
    },
    {
      "index": 221,
      "start": 602.11,
      "end": 603.77,
      "text": "我们就选其中的三个场景。"
    },
    {
      "index": 222,
      "start": 604.13,
      "end": 604.85,
      "text": "第一个场景呢，"
    },
    {
      "index": 223,
      "start": 604.85,
      "end": 607.37,
      "text": "我们是针对 MOE 专家的一个技术信息，"
    },
    {
      "index": 224,
      "start": 607.37,
      "end": 609.77,
      "text": "去进行一些选择性的反量化。"
    },
    {
      "index": 225,
      "start": 610.21,
      "end": 614.13,
      "text": "第二个的话就是针对于一些比较大的一些 shipe 的带宽优化。"
    },
    {
      "index": 226,
      "start": 614.69,
      "end": 615.45,
      "text": "还有第三个呢，"
    },
    {
      "index": 227,
      "start": 615.45,
      "end": 619.87,
      "text": "这个是我们在跑千位模型的过程中发现了就是其中有一个模型，"
    },
    {
      "index": 228,
      "start": 620.29,
      "end": 622.33,
      "text": "它跟生腾的标卡，"
    },
    {
      "index": 229,
      "start": 622.81,
      "end": 624.49,
      "text": "它这个核数比较亲和，"
    },
    {
      "index": 230,
      "start": 624.97,
      "end": 626.96,
      "text": "我们就是完全可以复用，"
    },
    {
      "index": 231,
      "start": 627.8,
      "end": 629.82,
      "text": "而且最终是没有任何违和处理的。"
    },
    {
      "index": 232,
      "start": 629.82,
      "end": 631.755,
      "text": "这个我们一会可以详细展一下。"
    },
    {
      "index": 233,
      "start": 633.7,
      "end": 637.56,
      "text": "第一个的话就是我们基于激活专家信息的一个选择性法量化。"
    },
    {
      "index": 234,
      "start": 637.84,
      "end": 640.38,
      "text": "就我们在算算里边去增加了一个参数，"
    },
    {
      "index": 235,
      "start": 640.44,
      "end": 640.66,
      "text": "呃，"
    },
    {
      "index": 236,
      "start": 640.66,
      "end": 642.06,
      "text": "叫做 group place。"
    },
    {
      "index": 237,
      "start": 642.06,
      "end": 645.84,
      "text": "这个里面呢它主要用来描述模型当中专家的一个激活情况。"
    },
    {
      "index": 238,
      "start": 646.68,
      "end": 646.92,
      "text": "呃，"
    },
    {
      "index": 239,
      "start": 647.0,
      "end": 648.58,
      "text": "根据它呢根据这个参数呢，"
    },
    {
      "index": 240,
      "start": 648.58,
      "end": 652.26,
      "text": "我们可以动态去调度激活专家的一些计算的一些基本块。"
    },
    {
      "index": 241,
      "start": 652.68,
      "end": 653.4,
      "text": "这记个呃，"
    },
    {
      "index": 242,
      "start": 653.4,
      "end": 657.42,
      "text": "然后同时对没有没有激活的专家去不进行法量化操作。"
    },
    {
      "index": 243,
      "start": 657.44,
      "end": 659.545,
      "text": "这个主要目的就是为了减省耗时。"
    },
    {
      "index": 244,
      "start": 660.29,
      "end": 663.31,
      "text": "我们可以看一下左侧的这些这些图呃，"
    },
    {
      "index": 245,
      "start": 663.81,
      "end": 664.93,
      "text": "专家零激活的话，"
    },
    {
      "index": 246,
      "start": 664.93,
      "end": 668.87,
      "text": "我们就会把专家零相关的数据给分配到对应的核上去进行预算。"
    },
    {
      "index": 247,
      "start": 669.21,
      "end": 670.91,
      "text": "我们可以看到专家一没有激活，"
    },
    {
      "index": 248,
      "start": 671.07,
      "end": 672.87,
      "text": "那么它对应的数据我们根本就不会管。"
    },
    {
      "index": 249,
      "start": 673.45,
      "end": 675.09,
      "text": "那么同时专家二激活之后，"
    },
    {
      "index": 250,
      "start": 675.09,
      "end": 676.29,
      "text": "专家二对对应的数据，"
    },
    {
      "index": 251,
      "start": 676.29,
      "end": 678.91,
      "text": "我们会按照原来第五个核分完之后，"
    },
    {
      "index": 252,
      "start": 678.91,
      "end": 680.17,
      "text": "我们会按照第六个核进行，"
    },
    {
      "index": 253,
      "start": 680.17,
      "end": 681.245,
      "text": "继续往下划分。"
    },
    {
      "index": 254,
      "start": 682.19,
      "end": 685.07,
      "text": "同时我们可以看一下对应的这个这个步骤，"
    },
    {
      "index": 255,
      "start": 685.07,
      "end": 688.065,
      "text": "我们可以详细讲解一下我们怎么去去做的。"
    },
    {
      "index": 256,
      "start": 691.45,
      "end": 691.665,
      "text": "哎，"
    },
    {
      "index": 257,
      "start": 694.8,
      "end": 696.9,
      "text": "这个参数里边我主要是有两点。"
    },
    {
      "index": 258,
      "start": 696.98,
      "end": 697.98,
      "text": "第一个是索引，"
    },
    {
      "index": 259,
      "start": 698.36,
      "end": 699.66,
      "text": "第二个是对应的值。"
    },
    {
      "index": 260,
      "start": 700.14,
      "end": 703.96,
      "text": "我们可以知道就是对应的索引其实就对应的是专家的 ID。"
    },
    {
      "index": 261,
      "start": 704.36,
      "end": 708.08,
      "text": "然后元素的值呢代表是当前专家累计处理呃，"
    },
    {
      "index": 262,
      "start": 708.08,
      "end": 710.96,
      "text": "就是当前我们前面所有专家累计处理 x 的多少行，"
    },
    {
      "index": 263,
      "start": 711.0,
      "end": 712.975,
      "text": "这个 x 呢我们就可以理解为输入。"
    },
    {
      "index": 264,
      "start": 713.84,
      "end": 714.54,
      "text": "我们可以看一下，"
    },
    {
      "index": 265,
      "start": 714.54,
      "end": 716.28,
      "text": "就是我们下边去举了一个例子，"
    },
    {
      "index": 266,
      "start": 716.28,
      "end": 718.0,
      "text": "你像一一三三三四，"
    },
    {
      "index": 267,
      "start": 718.62,
      "end": 721.86,
      "text": "那么第一个一就代表着专家零是被激活了，"
    },
    {
      "index": 268,
      "start": 722.04,
      "end": 724.645,
      "text": "同时专家零是处理一行数据。"
    },
    {
      "index": 269,
      "start": 725.28,
      "end": 728.66,
      "text": "那么第二个一就代表当前的时候，"
    },
    {
      "index": 270,
      "start": 728.66,
      "end": 730.12,
      "text": "仍然只处理了一行数据。"
    },
    {
      "index": 271,
      "start": 730.22,
      "end": 732.9,
      "text": "所以说因为前面专家一专家零已经被激活，"
    },
    {
      "index": 272,
      "start": 732.9,
      "end": 734.28,
      "text": "而且处理了一行数据。"
    },
    {
      "index": 273,
      "start": 734.66,
      "end": 736.5,
      "text": "所以说这个一是没有意义的。"
    },
    {
      "index": 274,
      "start": 736.84,
      "end": 738.24,
      "text": "那么就意味着这一行数据，"
    },
    {
      "index": 275,
      "start": 738.24,
      "end": 739.565,
      "text": "我们这个专家我们不会被激活。"
    },
    {
      "index": 276,
      "start": 740.14,
      "end": 742.16,
      "text": "那么同时第三个我们可以看到，"
    },
    {
      "index": 277,
      "start": 742.52,
      "end": 743.94,
      "text": "第第三个索引是三，"
    },
    {
      "index": 278,
      "start": 744.26,
      "end": 746.5,
      "text": "那么就意味着专家二又被激活了，"
    },
    {
      "index": 279,
      "start": 746.5,
      "end": 749.26,
      "text": "因为三减一三跟前面的一是不等的。"
    },
    {
      "index": 280,
      "start": 749.6,
      "end": 751.18,
      "text": "同时我们可以意味着专家二，"
    },
    {
      "index": 281,
      "start": 751.18,
      "end": 752.38,
      "text": "我们处理的数据是二，"
    },
    {
      "index": 282,
      "start": 752.76,
      "end": 754.58,
      "text": "也就是说专家二处理了两行数据。"
    },
    {
      "index": 283,
      "start": 754.6,
      "end": 754.96,
      "text": "同理，"
    },
    {
      "index": 284,
      "start": 754.96,
      "end": 757.1,
      "text": "我们可以看到专家五处理的数据，"
    },
    {
      "index": 285,
      "start": 757.1,
      "end": 760.42,
      "text": "其实一行那么在这边会有一个对应的详细的详细的图。"
    },
    {
      "index": 286,
      "start": 761.0,
      "end": 761.24,
      "text": "呃，"
    },
    {
      "index": 287,
      "start": 761.26,
      "end": 762.66,
      "text": "这边呢就是对应的输入，"
    },
    {
      "index": 288,
      "start": 762.8,
      "end": 765.0,
      "text": "就是 input 对应的数的行数。"
    },
    {
      "index": 289,
      "start": 765.0,
      "end": 768.385,
      "text": "然后这边是对应的专家以及专家对应的处理的数据量。"
    },
    {
      "index": 290,
      "start": 769.11,
      "end": 770.91,
      "text": "那么经过这个整体优化之后呢，"
    },
    {
      "index": 291,
      "start": 771.29,
      "end": 774.915,
      "text": "呃 deep sic IE 的一个场景吞吐能够直接提升百分之五百，"
    },
    {
      "index": 292,
      "start": 775.52,
      "end": 777.215,
      "text": "就这一个场景就能提升五倍。"
    },
    {
      "index": 293,
      "start": 779.4,
      "end": 782.72,
      "text": "然后第二个的话就是针对于大 ship 的一个带宽优化。"
    },
    {
      "index": 294,
      "start": 783.16,
      "end": 788.385,
      "text": "带宽优化呢这一块儿是大概是第五个版本的时候我们提出来的。"
    },
    {
      "index": 295,
      "start": 789.15,
      "end": 789.39,
      "text": "呃，"
    },
    {
      "index": 296,
      "start": 789.57,
      "end": 793.07,
      "text": "就是我们会把它分成对应的一些小块儿，"
    },
    {
      "index": 297,
      "start": 793.07,
      "end": 797.43,
      "text": "然后把这些小块呢去这去呃去参与跟这个 scale，"
    },
    {
      "index": 298,
      "start": 797.43,
      "end": 799.29,
      "text": "去进行一些一些计算。"
    },
    {
      "index": 299,
      "start": 799.45,
      "end": 803.79,
      "text": "我们可以看到就是矩阵成权重矩阵去乘上一些融合系数。"
    },
    {
      "index": 300,
      "start": 803.85,
      "end": 807.55,
      "text": "然后最终呢再把对应的权重系数用我们计算的时候是 IP 三二，"
    },
    {
      "index": 301,
      "start": 807.55,
      "end": 809.05,
      "text": "计算完成之后是 IP 三二，"
    },
    {
      "index": 302,
      "start": 809.05,
      "end": 810.79,
      "text": "但是最终输出是 BF 幺六，"
    },
    {
      "index": 303,
      "start": 810.79,
      "end": 812.47,
      "text": "然后最终再把它转成 BF 幺六。"
    },
    {
      "index": 304,
      "start": 812.79,
      "end": 813.57,
      "text": "那么这一块呢，"
    },
    {
      "index": 305,
      "start": 813.79,
      "end": 818.695,
      "text": "之前我们可以知道升腾这边主要是采用了行优先的一个调度策略。"
    },
    {
      "index": 306,
      "start": 819.18,
      "end": 822.78,
      "text": "那我们首先我们去提出了一些列列优先的一些调度策略，"
    },
    {
      "index": 307,
      "start": 822.94,
      "end": 824.7,
      "text": "就是先会去调度一些基本块，"
    },
    {
      "index": 308,
      "start": 824.72,
      "end": 826.54,
      "text": "然后最终带对尾块进行一个调度，"
    },
    {
      "index": 309,
      "start": 826.74,
      "end": 831.465,
      "text": "使得基本块跟尾块都能够在 AI call 之间去达到一个完美的一个负载均衡。"
    },
    {
      "index": 310,
      "start": 832.1,
      "end": 834.34,
      "text": "然后这边呢是我们的一些测试参数，"
    },
    {
      "index": 311,
      "start": 834.88,
      "end": 836.4,
      "text": "就是在一些特定 shipe 下，"
    },
    {
      "index": 312,
      "start": 836.4,
      "end": 839.08,
      "text": "我们可以看一下就是整体的带宽的一个对比。"
    },
    {
      "index": 313,
      "start": 839.08,
      "end": 841.06,
      "text": "还有就是反量化性能的一些对比，"
    },
    {
      "index": 314,
      "start": 841.56,
      "end": 847.06,
      "text": "我们基本的整体的一个方案的话出来的结果就是说在大的的情况下，"
    },
    {
      "index": 315,
      "start": 847.06,
      "end": 849.7,
      "text": "选存的带宽能够提升百分之五到百分之六十五。"
    },
    {
      "index": 316,
      "start": 850.26,
      "end": 850.5,
      "text": "呃，"
    },
    {
      "index": 317,
      "start": 850.52,
      "end": 853.2,
      "text": "但是反量量的的能提提升百分之五十到百分之六六十。"
    },
    {
      "index": 318,
      "start": 853.32,
      "end": 853.48,
      "text": "呃，"
    },
    {
      "index": 319,
      "start": 853.48,
      "end": 854.86,
      "text": "但在小 shishipe 的情况下，"
    },
    {
      "index": 320,
      "start": 854.86,
      "end": 856.24,
      "text": "它的升升是特别明显。"
    },
    {
      "index": 321,
      "start": 856.3,
      "end": 859.0,
      "text": "但是有我们可以看一下这个这个对应的图，"
    },
    {
      "index": 322,
      "start": 859.0,
      "end": 863.95,
      "text": "我们可以看就是优化前三十二点点优化化后之后也是三十五点六一，"
    },
    {
      "index": 323,
      "start": 864.67,
      "end": 866.295,
      "text": "其实提升不是那么明显。"
    },
    {
      "index": 324,
      "start": 868.8,
      "end": 869.04,
      "text": "呃，"
    },
    {
      "index": 325,
      "start": 869.2,
      "end": 872.98,
      "text": "第三个的话就是刚才讲我们在适配千问三模型的时候，"
    },
    {
      "index": 326,
      "start": 873.1,
      "end": 874.32,
      "text": "就千问系列模型的时候，"
    },
    {
      "index": 327,
      "start": 874.32,
      "end": 880.255,
      "text": "我们突然发现就是说千问三三十二 BIP 八这个这个权重我们可以看到它正好是个四十，"
    },
    {
      "index": 328,
      "start": 881.39,
      "end": 881.63,
      "text": "呃，"
    },
    {
      "index": 329,
      "start": 881.71,
      "end": 883.17,
      "text": "这个地方可能绕不出来啊，"
    },
    {
      "index": 330,
      "start": 883.17,
      "end": 885.53,
      "text": "就是红光圈的地方我们可以看到正好是四十。"
    },
    {
      "index": 331,
      "start": 886.03,
      "end": 886.27,
      "text": "呃，"
    },
    {
      "index": 332,
      "start": 886.31,
      "end": 889.245,
      "text": "那么我们在标卡的 vct cde 的数量正好也是四十。"
    },
    {
      "index": 333,
      "start": 889.97,
      "end": 892.41,
      "text": "那我们就当时就产生一个很好的一个想法，"
    },
    {
      "index": 334,
      "start": 892.41,
      "end": 896.73,
      "text": "就是说我们对这个数据我们就按照核的数量直接去切，"
    },
    {
      "index": 335,
      "start": 897.11,
      "end": 898.59,
      "text": "就按照就按照行去切。"
    },
    {
      "index": 336,
      "start": 898.99,
      "end": 899.95,
      "text": "如果你是列的话，"
    },
    {
      "index": 337,
      "start": 899.95,
      "end": 901.63,
      "text": "我们就把你列给转换成行，"
    },
    {
      "index": 338,
      "start": 901.73,
      "end": 903.21,
      "text": "然后再去切所么。"
    },
    {
      "index": 339,
      "start": 903.21,
      "end": 906.43,
      "text": "就意味着你我当前核只需要处理这个我自己这一行数据，"
    },
    {
      "index": 340,
      "start": 906.43,
      "end": 907.85,
      "text": "然后其他我基边都不用管了，"
    },
    {
      "index": 341,
      "start": 908.01,
      "end": 910.01,
      "text": "而一第一是你的切分简单了。"
    },
    {
      "index": 342,
      "start": 910.23,
      "end": 911.51,
      "text": "第二个是你的负载均衡，"
    },
    {
      "index": 343,
      "start": 911.51,
      "end": 912.63,
      "text": "完美去负载均衡了。"
    },
    {
      "index": 344,
      "start": 912.71,
      "end": 914.79,
      "text": "因为数据每一行数据都是一样的，"
    },
    {
      "index": 345,
      "start": 915.15,
      "end": 916.89,
      "text": "所据数据量大小是一样的。"
    },
    {
      "index": 346,
      "start": 917.01,
      "end": 924.08,
      "text": "所以我们就提出了就是说我们会给把权重以及权重系数去按照行将计算任务均匀稳均的去分配，"
    },
    {
      "index": 347,
      "start": 924.08,
      "end": 927.0,
      "text": "给每个 icon 去达到一个比较完美的一个负载均衡，"
    },
    {
      "index": 348,
      "start": 927.0,
      "end": 931.055,
      "text": "同时改善了每个 ecall 的一个访存的一个空间局布性。"
    },
    {
      "index": 349,
      "start": 931.86,
      "end": 932.1,
      "text": "呃，"
    },
    {
      "index": 350,
      "start": 932.18,
      "end": 934.6,
      "text": "下边可以看一下我们是大概是怎么做的。"
    },
    {
      "index": 351,
      "start": 934.88,
      "end": 941.76,
      "text": "所以我们通过一个代数的一个等价替换去呃调整了一下转制的跟反量化的一个操作的一个顺序。"
    },
    {
      "index": 352,
      "start": 942.18,
      "end": 943.12,
      "text": "我们可以看一下，"
    },
    {
      "index": 353,
      "start": 943.12,
      "end": 945.245,
      "text": "就是上下两张图的一个对比。"
    },
    {
      "index": 354,
      "start": 945.89,
      "end": 949.07,
      "text": "第一个我们可以看到四十如果是行的情况下，"
    },
    {
      "index": 355,
      "start": 949.59,
      "end": 952.37,
      "text": "我们的反量我们的反量化先做做完之后呢，"
    },
    {
      "index": 356,
      "start": 952.37,
      "end": 955.11,
      "text": "我们再对应去执去执行对应的 transports，"
    },
    {
      "index": 357,
      "start": 955.11,
      "end": 956.69,
      "text": "然后去进行 mactam 的计算。"
    },
    {
      "index": 358,
      "start": 956.93,
      "end": 958.15,
      "text": "我们可以看到呃，"
    },
    {
      "index": 359,
      "start": 958.19,
      "end": 959.37,
      "text": "这个数据过来之后，"
    },
    {
      "index": 360,
      "start": 959.37,
      "end": 960.695,
      "text": "它的行数仍然是四十。"
    },
    {
      "index": 361,
      "start": 961.4,
      "end": 962.7,
      "text": "那么同样我们可以看到，"
    },
    {
      "index": 362,
      "start": 962.7,
      "end": 964.78,
      "text": "当四十为列的情列的时候，"
    },
    {
      "index": 363,
      "start": 965.04,
      "end": 967.3,
      "text": "我们是先经过 transboss 进行一个转制。"
    },
    {
      "index": 364,
      "start": 967.3,
      "end": 969.84,
      "text": "我们把对应的列给改成对应的行，"
    },
    {
      "index": 365,
      "start": 970.0,
      "end": 971.22,
      "text": "然后再进行反连化，"
    },
    {
      "index": 366,
      "start": 971.26,
      "end": 973.705,
      "text": "然后再去进行对应的 mtmo 计算。"
    },
    {
      "index": 367,
      "start": 975.78,
      "end": 979.36,
      "text": "然后这边呢是我们整体测的一个性能对比，"
    },
    {
      "index": 368,
      "start": 979.36,
      "end": 980.86,
      "text": "就是端到端的一个性能对比。"
    },
    {
      "index": 369,
      "start": 980.86,
      "end": 981.52,
      "text": "我们可以看一下，"
    },
    {
      "index": 370,
      "start": 981.52,
      "end": 983.08,
      "text": "就是说在 IP 八，"
    },
    {
      "index": 371,
      "start": 983.08,
      "end": 985.5,
      "text": "在这个 group mind mall 以 down 层的情况下，"
    },
    {
      "index": 372,
      "start": 985.5,
      "end": 987.48,
      "text": "大概提升百分之四十左右。"
    },
    {
      "index": 373,
      "start": 987.48,
      "end": 991.08,
      "text": "然后在呃 get 跟 up up 层这两个情况下，"
    },
    {
      "index": 374,
      "start": 991.08,
      "end": 993.18,
      "text": "大概是提升百分之二十五左右啊。"
    },
    {
      "index": 375,
      "start": 996.26,
      "end": 1000.18,
      "text": "然后下边呢给大家就是汇报一下我们团队关于以后的一个进展。"
    },
    {
      "index": 376,
      "start": 1000.38,
      "end": 1001.84,
      "text": "关于以后的一个一个想法，"
    },
    {
      "index": 377,
      "start": 1001.92,
      "end": 1003.34,
      "text": "其实主要就是分为三个方向。"
    },
    {
      "index": 378,
      "start": 1003.6,
      "end": 1008.96,
      "text": "第一个呢就是说我们会积极推进这个软 MP 四的一个技术研讨技术性的一个研发。"
    },
    {
      "index": 379,
      "start": 1009.22,
      "end": 1010.22,
      "text": "因为 IP 八的话，"
    },
    {
      "index": 380,
      "start": 1010.24,
      "end": 1013.32,
      "text": "我们知道就是盛腾马上就硬件就支持了。"
    },
    {
      "index": 381,
      "start": 1013.66,
      "end": 1016.945,
      "text": "那我们可能要往下再打一层去搞 IP 四的。"
    },
    {
      "index": 382,
      "start": 1017.78,
      "end": 1020.28,
      "text": "那么第二个的话就是生成硬件这个算力，"
    },
    {
      "index": 383,
      "start": 1020.28,
      "end": 1022.84,
      "text": "我们的这个潜力我们就会继续去深度挖掘。"
    },
    {
      "index": 384,
      "start": 1023.2,
      "end": 1025.48,
      "text": "第三个的话就是我明年的一个工作重点的话，"
    },
    {
      "index": 385,
      "start": 1025.48,
      "end": 1031.1,
      "text": "可能就是说我们要跟呃生态去做一个就是更多的去贡献吧，"
    },
    {
      "index": 386,
      "start": 1031.26,
      "end": 1033.42,
      "text": "跟生态也产生一个比较好的一个联系。"
    },
    {
      "index": 387,
      "start": 1033.76,
      "end": 1034.0,
      "text": "好，"
    },
    {
      "index": 388,
      "start": 1034.02,
      "end": 1035.16,
      "text": "我的分享大概到这里。"
    },
    {
      "index": 389,
      "start": 1035.16,
      "end": 1035.34,
      "text": "好，"
    },
    {
      "index": 390,
      "start": 1035.34,
      "end": 1035.895,
      "text": "谢谢大家。"
    },
    {
      "index": 391,
      "start": 1042.23,
      "end": 1045.15,
      "text": "那个非常感谢孙老师的这个精彩的分享啊，"
    },
    {
      "index": 392,
      "start": 1045.15,
      "end": 1051.39,
      "text": "就是呃通过这个呃我们可以看到通过这种 FP 八的这个这个能力啊，"
    },
    {
      "index": 393,
      "start": 1051.39,
      "end": 1054.03,
      "text": "去降低这个显存的一个 bont。"
    },
    {
      "index": 394,
      "start": 1054.15,
      "end": 1057.77,
      "text": "然后同时对 sheep 的那个张量做一些亲和的处理，"
    },
    {
      "index": 395,
      "start": 1057.95,
      "end": 1060.37,
      "text": "带来这个很很很很震撼性啊，"
    },
    {
      "index": 396,
      "start": 1060.37,
      "end": 1061.69,
      "text": "五倍五倍啊，"
    },
    {
      "index": 397,
      "start": 1061.69,
      "end": 1063.17,
      "text": "百分之五百的一个提升。"
    },
    {
      "index": 398,
      "start": 1063.33,
      "end": 1066.35,
      "text": "这个让我们很期待的一个技术啊。"
    },
    {
      "index": 399,
      "start": 1066.35,
      "end": 1066.59,
      "text": "好，"
    },
    {
      "index": 400,
      "start": 1067.01,
      "end": 1067.43,
      "text": "谢谢。"
    },
    {
      "index": 401,
      "start": 1067.67,
      "end": 1072.46,
      "text": "然后下面有请华为技术有限公司的软件工程师正成惠女士。"
    }
  ],
  "artifacts": [
    "output/ai_session/part_09/chunk_00/03_srt_slice/artifacts/chunk_baseline.srt"
  ],
  "metadata": {},
  "trace_id": null,
  "duration_ms": 0,
  "started_at": "2025-12-16T00:54:29.189413",
  "completed_at": "2025-12-15T16:54:29.259246",
  "step_config": {},
  "dependencies": [
    "downscale"
  ]
}