{
  "address": "ai_session/part_00/final/03_part_cut",
  "status": "completed",
  "input": {
    "video": "ai_session.mp4",
    "start": 0.49,
    "duration": 1201.869,
    "output_name": "part_high.mp4"
  },
  "output": {
    "path": "output/ai_session/part_00/final/03_part_cut/artifacts/part_high.mp4",
    "start": 0.49,
    "duration": 1201.869
  },
  "artifacts": [
    "output/ai_session/part_00/final/03_part_cut/artifacts/part_high.mp4"
  ],
  "metadata": {
    "ffmpeg": "/opt/homebrew/bin/ffmpeg",
    "start": 0.49,
    "duration": 1201.869,
    "size_bytes": 644779634
  },
  "trace_id": null,
  "duration_ms": 894,
  "started_at": "2025-12-15T21:50:03.963650",
  "completed_at": "2025-12-15T13:50:04.862181",
  "step_config": {},
  "dependencies": []
}