{
  "address": "day1_main/part_05/chunk_00/07_capture_frame/slide_011",
  "status": "completed",
  "input": {
    "video": "output/day1_main/part_05/chunk_00/01_cut_chunk/artifacts/chunk_high.mp4",
    "timestamp": "00:13:58.900",
    "frame_id": "slide_011",
    "output_ext": ".png"
  },
  "output": "output/day1_main/part_05/chunk_00/07_capture_frame/slide_011/artifacts/slide_011.png",
  "artifacts": [
    "output/day1_main/part_05/chunk_00/07_capture_frame/slide_011/artifacts/slide_011.png"
  ],
  "metadata": {
    "timestamp": "00:13:58.900",
    "frame_id": "slide_011",
    "ffmpeg": "/opt/homebrew/bin/ffmpeg"
  },
  "trace_id": null,
  "duration_ms": 1760,
  "started_at": "2025-12-17T17:23:07.715518",
  "completed_at": "2025-12-17T09:23:09.477197",
  "step_config": {},
  "dependencies": [
    "slide_timeline"
  ]
}