{
  "address": "day1_main/part_05/chunk_00/07_capture_frame/slide_003",
  "status": "completed",
  "input": {
    "video": "output/day1_main/part_05/chunk_00/01_cut_chunk/artifacts/chunk_high.mp4",
    "timestamp": "00:03:26.100",
    "frame_id": "slide_003",
    "output_ext": ".png"
  },
  "output": "output/day1_main/part_05/chunk_00/07_capture_frame/slide_003/artifacts/slide_003.png",
  "artifacts": [
    "output/day1_main/part_05/chunk_00/07_capture_frame/slide_003/artifacts/slide_003.png"
  ],
  "metadata": {
    "timestamp": "00:03:26.100",
    "frame_id": "slide_003",
    "ffmpeg": "/opt/homebrew/bin/ffmpeg"
  },
  "trace_id": null,
  "duration_ms": 703,
  "started_at": "2025-12-17T17:23:07.713873",
  "completed_at": "2025-12-17T09:23:08.418290",
  "step_config": {},
  "dependencies": [
    "slide_timeline"
  ]
}