{
  "address": "day1_main/part_07/chunk_00/07_capture_frame/slide_001",
  "status": "completed",
  "input": {
    "video": "output/day1_main/part_07/chunk_00/01_cut_chunk/artifacts/chunk_high.mp4",
    "timestamp": "00:01:28.300",
    "frame_id": "slide_001",
    "output_ext": ".png"
  },
  "output": "output/day1_main/part_07/chunk_00/07_capture_frame/slide_001/artifacts/slide_001.png",
  "artifacts": [
    "output/day1_main/part_07/chunk_00/07_capture_frame/slide_001/artifacts/slide_001.png"
  ],
  "metadata": {
    "timestamp": "00:01:28.300",
    "frame_id": "slide_001",
    "ffmpeg": "/opt/homebrew/bin/ffmpeg"
  },
  "trace_id": null,
  "duration_ms": 421,
  "started_at": "2025-12-17T19:28:02.258250",
  "completed_at": "2025-12-17T11:28:02.682201",
  "step_config": {},
  "dependencies": [
    "slide_timeline"
  ]
}