{
  "part_index": 5,
  "title": "智跃无界：openEuler 引领 AI 时代操作系统新底座",
  "type_tag": "操作系统演进与AI融合",
  "tech_tags": [
    "openEuler",
    "Intelligence BoooM",
    "MICA架构",
    "超级节点",
    "AI全栈解决方案",
    "嵌入式虚拟化",
    "LTS SP3",
    "池化底座",
    "异构算力协同",
    "OT/IT融合"
  ],
  "domain_tags": [
    "操作系统",
    "人工智能",
    "云计算",
    "工业控制",
    "嵌入式系统",
    "开源社区"
  ],
  "summary": "本环节回顾了 openEuler 过去五年在中国市场份额第一的成就，并发布未来战略：从跟随转向引领，全面拥抱超级节点与 AI。针对超级节点带来的算力匹配与迁移挑战，社区构建了从池化底座到用户态框架的新一代操作系统架构，并将发布 24.03 LTS SP3 版本。同时，推出 Intelligence BoooM 开源 AI 解决方案，不仅将 AI 应用于软件包升级等社区治理场景，还提供开箱即用的全栈开发环境。此外，通过 MICA 架构拓展嵌入式领域，赋能工业智能化转型。",
  "highlights": [
    "openEuler 2023年中国新增市场份额第一，获三大芯片厂商支持",
    "构建支持超级节点的操作系统新底座，发布 24.03 LTS SP3",
    "推出 Intelligence BoooM 框架，实现 AI 辅助社区治理与开发",
    "提供开箱即用的 AI 全栈解决方案，开发效率从周级缩短至天级",
    "发布嵌入式版本与 MICA 架构，解决 OT/IT 融合与混合部署难题",
    "未来五年战略目标：拥抱 AI、超级节点并坚定走向全球化"
  ]
}