{
  "address": "ai_session/part_03/chunk_00/09_apply_crop/slide_003",
  "status": "completed",
  "input": {
    "image_path": "output/ai_session/part_03/chunk_00/07_capture_frame/slide_003/artifacts/slide_003.png",
    "crop_region": null
  },
  "output": "output/ai_session/part_03/chunk_00/09_apply_crop/slide_003/artifacts/slide_003.png",
  "artifacts": [
    "output/ai_session/part_03/chunk_00/09_apply_crop/slide_003/artifacts/slide_003.png"
  ],
  "metadata": {
    "source": "output/ai_session/part_03/chunk_00/07_capture_frame/slide_003/artifacts/slide_003.png",
    "applied": false
  },
  "trace_id": null,
  "duration_ms": 12,
  "started_at": "2025-12-15T23:21:59.365301",
  "completed_at": "2025-12-15T15:21:59.422833",
  "step_config": {},
  "dependencies": [
    "capture_frame",
    "crop_decision"
  ]
}