{
  "address": "ai_session/part_05/chunk_00/07_capture_frame/slide_005",
  "status": "completed",
  "input": {
    "video": "output/ai_session/part_05/chunk_00/02_downscale/artifacts/chunk_low.mp4",
    "timestamp": "00:06:39.600",
    "frame_id": "slide_005",
    "output_ext": ".png"
  },
  "output": "output/ai_session/part_05/chunk_00/07_capture_frame/slide_005/artifacts/slide_005.png",
  "artifacts": [
    "output/ai_session/part_05/chunk_00/07_capture_frame/slide_005/artifacts/slide_005.png"
  ],
  "metadata": {
    "timestamp": "00:06:39.600",
    "frame_id": "slide_005",
    "ffmpeg": "/opt/homebrew/bin/ffmpeg"
  },
  "trace_id": null,
  "duration_ms": 776,
  "started_at": "2025-12-15T18:06:24.797755",
  "completed_at": "2025-12-15T10:06:25.575438",
  "step_config": {},
  "dependencies": [
    "slide_timeline"
  ]
}