{
  "address": "ai_session/part_05/chunk_00/07_capture_frame/slide_003",
  "status": "completed",
  "input": {
    "video": "output/ai_session/part_05/chunk_00/02_downscale/artifacts/chunk_low.mp4",
    "timestamp": "00:00:57.200",
    "frame_id": "slide_003",
    "output_ext": ".png"
  },
  "output": "output/ai_session/part_05/chunk_00/07_capture_frame/slide_003/artifacts/slide_003.png",
  "artifacts": [
    "output/ai_session/part_05/chunk_00/07_capture_frame/slide_003/artifacts/slide_003.png"
  ],
  "metadata": {
    "timestamp": "00:00:57.200",
    "frame_id": "slide_003",
    "ffmpeg": "/opt/homebrew/bin/ffmpeg"
  },
  "trace_id": null,
  "duration_ms": 546,
  "started_at": "2025-12-15T18:06:24.796758",
  "completed_at": "2025-12-15T10:06:25.345228",
  "step_config": {},
  "dependencies": [
    "slide_timeline"
  ]
}