{
  "id": "sec_8",
  "index": 7,
  "title": "原型系统：SysArmor",
  "time_range": "00:16:52,345 - 00:17:23,494",
  "script": "20年前可能是一些比较业余的选手，大家很分散，做一些很有趣的攻击。那么这里我们也实现了一个简单的系统原型。这个也是，这个怎么播放一下？对，我们把我们刚才那套全部集成过来，那这是在华为openEuler社区开源的这么一个一个项目。就是我们最后能够实现就是说，端到端实现攻击，然后我们可以用大模型去问这个攻击是什么，然后把这个攻击告诉你，你看你这个攻击里边用了什么技术，它每一步之间的连接是什么，关联是什么。这样实现一个，就是说，从一无所有到现在能够有一个基本的原型系统。",
  "summary": "我们实现了一个名为SysArmor的简单系统原型，它集成了前面提到的所有技术，并已在华为openEuler社区开源。该系统能实现端到端的攻击，并利用大模型分析攻击过程、所用技术及各步骤间的关联。"
}