{
  "address": "ScienceEducationInnovation/part_03/chunk_00/07_capture_frame/slide_022",
  "status": "completed",
  "input": {
    "video": "output/ScienceEducationInnovation/part_03/chunk_00/01_cut_chunk/artifacts/chunk_high.mp4",
    "timestamp": "00:16:14.660",
    "frame_id": "slide_022",
    "output_ext": ".png"
  },
  "output": "output/ScienceEducationInnovation/part_03/chunk_00/07_capture_frame/slide_022/artifacts/slide_022.png",
  "artifacts": [
    "output/ScienceEducationInnovation/part_03/chunk_00/07_capture_frame/slide_022/artifacts/slide_022.png"
  ],
  "metadata": {
    "timestamp": "00:16:14.660",
    "frame_id": "slide_022",
    "ffmpeg": "/opt/homebrew/bin/ffmpeg"
  },
  "trace_id": null,
  "duration_ms": 1813,
  "started_at": "2025-12-19T01:07:58.336333",
  "completed_at": "2025-12-18T17:08:00.150252",
  "step_config": {},
  "dependencies": [
    "slide_timeline"
  ]
}