{
  "address": "ScienceEducationInnovation/part_03/chunk_00/07_capture_frame/slide_005",
  "status": "completed",
  "input": {
    "video": "output/ScienceEducationInnovation/part_03/chunk_00/01_cut_chunk/artifacts/chunk_high.mp4",
    "timestamp": "00:01:51.740",
    "frame_id": "slide_005",
    "output_ext": ".png"
  },
  "output": "output/ScienceEducationInnovation/part_03/chunk_00/07_capture_frame/slide_005/artifacts/slide_005.png",
  "artifacts": [
    "output/ScienceEducationInnovation/part_03/chunk_00/07_capture_frame/slide_005/artifacts/slide_005.png"
  ],
  "metadata": {
    "timestamp": "00:01:51.740",
    "frame_id": "slide_005",
    "ffmpeg": "/opt/homebrew/bin/ffmpeg"
  },
  "trace_id": null,
  "duration_ms": 606,
  "started_at": "2025-12-19T01:07:58.328652",
  "completed_at": "2025-12-18T17:07:58.935760",
  "step_config": {},
  "dependencies": [
    "slide_timeline"
  ]
}