{
  "address": "ai_session/part_00/chunk_00/07_capture_frame/slide_005",
  "status": "completed",
  "input": {
    "video": "output/ai_session/part_00/chunk_00/01_cut_chunk/artifacts/chunk_high.mp4",
    "timestamp": "00:09:13.000",
    "frame_id": "slide_005",
    "output_ext": ".png"
  },
  "output": "output/ai_session/part_00/chunk_00/07_capture_frame/slide_005/artifacts/slide_005.png",
  "artifacts": [
    "output/ai_session/part_00/chunk_00/07_capture_frame/slide_005/artifacts/slide_005.png"
  ],
  "metadata": {
    "timestamp": "00:09:13.000",
    "frame_id": "slide_005",
    "ffmpeg": "/opt/homebrew/bin/ffmpeg"
  },
  "trace_id": null,
  "duration_ms": 5770,
  "started_at": "2025-12-15T21:21:14.769907",
  "completed_at": "2025-12-15T13:21:20.935206",
  "step_config": {},
  "dependencies": [
    "slide_timeline"
  ]
}