{
  "address": "ScienceEducationInnovation/part_04/final/05_section_plan",
  "status": "completed",
  "input": {
    "materials": [
      {
        "id": "chunk_00/slide_001",
        "type": "slide",
        "start_ms": 15500,
        "end_ms": 54000,
        "title": "异构融合的 AI Infra 系统软件资源管理与可靠性保障 封面页，包含演讲标题及讲者信息。",
        "description": "",
        "asset_name": null,
        "source": null,
        "best_capture_ms": null,
        "crop_region": null,
        "text_span": null,
        "attributes": {
          "chunk": 0,
          "slide_id": "slide_001",
          "slide_index": 1,
          "offset_ms": 0
        },
        "kept": true,
        "duplicate_of": null,
        "duplicates": [],
        "notes": ""
      },
      {
        "id": "chunk_00/slide_002",
        "type": "slide",
        "start_ms": 55500,
        "end_ms": 74500,
        "title": "云原生技术和生态日趋成熟 展示云原生技术发展的时间线（2010-2024）及体系架构演进。",
        "description": "",
        "asset_name": null,
        "source": null,
        "best_capture_ms": null,
        "crop_region": null,
        "text_span": null,
        "attributes": {
          "chunk": 0,
          "slide_id": "slide_002",
          "slide_index": 2,
          "offset_ms": 0
        },
        "kept": true,
        "duplicate_of": null,
        "duplicates": [],
        "notes": ""
      },
      {
        "id": "chunk_00/slide_003",
        "type": "slide",
        "start_ms": 76000,
        "end_ms": 106500,
        "title": "AI 进入大模型时代 展示 AI 模型发展时间线，从单模态到多模态，参数量及算力需求激增。",
        "description": "",
        "asset_name": null,
        "source": null,
        "best_capture_ms": null,
        "crop_region": null,
        "text_span": null,
        "attributes": {
          "chunk": 0,
          "slide_id": "slide_003",
          "slide_index": 3,
          "offset_ms": 0
        },
        "kept": true,
        "duplicate_of": null,
        "duplicates": [],
        "notes": ""
      },
      {
        "id": "chunk_00/slide_004",
        "type": "slide",
        "start_ms": 108000,
        "end_ms": 146500,
        "title": "新型模型架构：MoE 大模型架构 介绍混合专家系统（MoE）架构，通过稀疏激活保持推理效率。",
        "description": "",
        "asset_name": null,
        "source": null,
        "best_capture_ms": null,
        "crop_region": null,
        "text_span": null,
        "attributes": {
          "chunk": 0,
          "slide_id": "slide_004",
          "slide_index": 4,
          "offset_ms": 0
        },
        "kept": true,
        "duplicate_of": null,
        "duplicates": [],
        "notes": ""
      },
      {
        "id": "chunk_00/slide_005",
        "type": "slide",
        "start_ms": 148000,
        "end_ms": 197500,
        "title": "新型模型架构：生成式模型 展示深度推荐模型（DLRMs）及生成式推荐在互联网场景的应用。",
        "description": "",
        "asset_name": null,
        "source": null,
        "best_capture_ms": null,
        "crop_region": null,
        "text_span": null,
        "attributes": {
          "chunk": 0,
          "slide_id": "slide_005",
          "slide_index": 5,
          "offset_ms": 0
        },
        "kept": true,
        "duplicate_of": null,
        "duplicates": [],
        "notes": ""
      },
      {
        "id": "chunk_00/slide_006",
        "type": "slide",
        "start_ms": 199500,
        "end_ms": 240500,
        "title": "硬件环境：AI 进入了超异构计算时代 展示多样化异构算力（CPU/GPU/NPU）及软硬件全栈感知需求。",
        "description": "",
        "asset_name": null,
        "source": null,
        "best_capture_ms": null,
        "crop_region": null,
        "text_span": null,
        "attributes": {
          "chunk": 0,
          "slide_id": "slide_006",
          "slide_index": 6,
          "offset_ms": 0
        },
        "kept": true,
        "duplicate_of": null,
        "duplicates": [],
        "notes": ""
      },
      {
        "id": "chunk_00/slide_007",
        "type": "slide",
        "start_ms": 242000,
        "end_ms": 284500,
        "title": "异构智算基础设施建设 展示我国智算中心建设数据及算力资源利用率现状。",
        "description": "",
        "asset_name": null,
        "source": null,
        "best_capture_ms": null,
        "crop_region": null,
        "text_span": null,
        "attributes": {
          "chunk": 0,
          "slide_id": "slide_007",
          "slide_index": 7,
          "offset_ms": 0
        },
        "kept": true,
        "duplicate_of": null,
        "duplicates": [],
        "notes": ""
      },
      {
        "id": "chunk_00/slide_008",
        "type": "slide",
        "start_ms": 286500,
        "end_ms": 350500,
        "title": "AI Infra 系统软件 对比传统 OS、云 OS 与 AI Infra 系统软件的层级架构与功能。",
        "description": "",
        "asset_name": null,
        "source": null,
        "best_capture_ms": null,
        "crop_region": null,
        "text_span": null,
        "attributes": {
          "chunk": 0,
          "slide_id": "slide_008",
          "slide_index": 8,
          "offset_ms": 0
        },
        "kept": true,
        "duplicate_of": null,
        "duplicates": [],
        "notes": ""
      },
      {
        "id": "chunk_00/slide_009",
        "type": "slide",
        "start_ms": 352500,
        "end_ms": 379500,
        "title": "AI 基础设施系统软件：训推框架和运行时系统 分析现有框架（Kubernetes, Ray）在资源利用率和服务质量保障上的问题。",
        "description": "",
        "asset_name": null,
        "source": null,
        "best_capture_ms": null,
        "crop_region": null,
        "text_span": null,
        "attributes": {
          "chunk": 0,
          "slide_id": "slide_009",
          "slide_index": 9,
          "offset_ms": 0
        },
        "kept": true,
        "duplicate_of": null,
        "duplicates": [],
        "notes": ""
      },
      {
        "id": "chunk_00/slide_010",
        "type": "slide",
        "start_ms": 381500,
        "end_ms": 409500,
        "title": "AI 基础设施可靠性与训推任务稳定性 探讨大规模集群下的故障检测、定位、诊断及失效恢复挑战。",
        "description": "",
        "asset_name": null,
        "source": null,
        "best_capture_ms": null,
        "crop_region": null,
        "text_span": null,
        "attributes": {
          "chunk": 0,
          "slide_id": "slide_010",
          "slide_index": 10,
          "offset_ms": 0
        },
        "kept": true,
        "duplicate_of": null,
        "duplicates": [],
        "notes": ""
      },
      {
        "id": "chunk_00/slide_011",
        "type": "slide",
        "start_ms": 411500,
        "end_ms": 451500,
        "title": "整体思路：异构融合的算力资源管理与可靠性保障 展示从异构资源管理到大规模训推任务调度的整体技术架构图。",
        "description": "",
        "asset_name": null,
        "source": null,
        "best_capture_ms": null,
        "crop_region": null,
        "text_span": null,
        "attributes": {
          "chunk": 0,
          "slide_id": "slide_011",
          "slide_index": 11,
          "offset_ms": 0
        },
        "kept": true,
        "duplicate_of": null,
        "duplicates": [],
        "notes": ""
      },
      {
        "id": "chunk_00/slide_012",
        "type": "slide",
        "start_ms": 453500,
        "end_ms": 551500,
        "title": "探索方向 1：异构融合运行时调度与配置优化 分析不同模型在异构卡上的性能差异及 CPU/NPU 互补特性。",
        "description": "",
        "asset_name": null,
        "source": null,
        "best_capture_ms": null,
        "crop_region": null,
        "text_span": null,
        "attributes": {
          "chunk": 0,
          "slide_id": "slide_012",
          "slide_index": 12,
          "offset_ms": 0
        },
        "kept": true,
        "duplicate_of": null,
        "duplicates": [],
        "notes": ""
      },
      {
        "id": "chunk_00/slide_013",
        "type": "slide",
        "start_ms": 553500,
        "end_ms": 616500,
        "title": "工作 1：异构感知的多训推作业封装与混部（问题与思路） 介绍多作业混部中的异构性、潮汐现象及截止时间（Deadline）约束。",
        "description": "",
        "asset_name": null,
        "source": null,
        "best_capture_ms": null,
        "crop_region": null,
        "text_span": null,
        "attributes": {
          "chunk": 0,
          "slide_id": "slide_013",
          "slide_index": 13,
          "offset_ms": 0
        },
        "kept": true,
        "duplicate_of": null,
        "duplicates": [],
        "notes": ""
      },
      {
        "id": "chunk_00/slide_014",
        "type": "slide",
        "start_ms": 618000,
        "end_ms": 659500,
        "title": "工作 1：异构感知的多训推作业封装与混部（方案与结果） 展示基于图匹配的作业调度算法及在快手集群的实验结果（JCT 缩短）。",
        "description": "",
        "asset_name": null,
        "source": null,
        "best_capture_ms": null,
        "crop_region": null,
        "text_span": null,
        "attributes": {
          "chunk": 0,
          "slide_id": "slide_014",
          "slide_index": 14,
          "offset_ms": 0
        },
        "kept": true,
        "duplicate_of": null,
        "duplicates": [],
        "notes": ""
      },
      {
        "id": "chunk_00/slide_015",
        "type": "slide",
        "start_ms": 661500,
        "end_ms": 744500,
        "title": "工作 2：面向 LLM 推理的异构算力调度（背景与动机） 分析推理阶段 Prefill 和 Decode 的算力需求差异及成本效率问题。",
        "description": "",
        "asset_name": null,
        "source": null,
        "best_capture_ms": null,
        "crop_region": null,
        "text_span": null,
        "attributes": {
          "chunk": 0,
          "slide_id": "slide_015",
          "slide_index": 15,
          "offset_ms": 0
        },
        "kept": true,
        "duplicate_of": null,
        "duplicates": [],
        "notes": ""
      },
      {
        "id": "chunk_00/slide_016",
        "type": "slide",
        "start_ms": 746500,
        "end_ms": 770500,
        "title": "工作 2：面向 LLM 推理的异构算力调度（核心思路） 提出 GPU Combo 资源套餐概念，实现 PD 分离与动态部署。",
        "description": "",
        "asset_name": null,
        "source": null,
        "best_capture_ms": null,
        "crop_region": null,
        "text_span": null,
        "attributes": {
          "chunk": 0,
          "slide_id": "slide_016",
          "slide_index": 16,
          "offset_ms": 0
        },
        "kept": true,
        "duplicate_of": null,
        "duplicates": [],
        "notes": ""
      },
      {
        "id": "chunk_00/slide_017",
        "type": "slide",
        "start_ms": 772000,
        "end_ms": 787500,
        "title": "工作 2：面向 LLM 推理的异构算力调度（实验结果） 展示性能提升数据（24.9%-38.3%）及 QoS 满足情况。",
        "description": "",
        "asset_name": null,
        "source": null,
        "best_capture_ms": null,
        "crop_region": null,
        "text_span": null,
        "attributes": {
          "chunk": 0,
          "slide_id": "slide_017",
          "slide_index": 17,
          "offset_ms": 0
        },
        "kept": true,
        "duplicate_of": null,
        "duplicates": [],
        "notes": ""
      },
      {
        "id": "chunk_00/slide_018",
        "type": "slide",
        "start_ms": 789500,
        "end_ms": 860500,
        "title": "工作 3：Expert Kit - 以 Expert 为中心异构融合推理解系统 介绍 Expert Kit 系统架构，利用 CPU/NPU 互补处理 MoE 模型。",
        "description": "",
        "asset_name": null,
        "source": null,
        "best_capture_ms": null,
        "crop_region": null,
        "text_span": null,
        "attributes": {
          "chunk": 0,
          "slide_id": "slide_018",
          "slide_index": 18,
          "offset_ms": 0
        },
        "kept": true,
        "duplicate_of": null,
        "duplicates": [],
        "notes": ""
      },
      {
        "id": "chunk_00/slide_019",
        "type": "slide",
        "start_ms": 862000,
        "end_ms": 915500,
        "title": "Controller 架构与 Expert Router 详细展示 Expert Kit 中的 Controller 模块及 Expert 动态调度机制。",
        "description": "",
        "asset_name": null,
        "source": null,
        "best_capture_ms": null,
        "crop_region": null,
        "text_span": null,
        "attributes": {
          "chunk": 0,
          "slide_id": "slide_019",
          "slide_index": 19,
          "offset_ms": 0
        },
        "kept": true,
        "duplicate_of": null,
        "duplicates": [],
        "notes": ""
      },
      {
        "id": "chunk_00/slide_020",
        "type": "slide",
        "start_ms": 917500,
        "end_ms": 1017500,
        "title": "探索方向 2：AI 基础设施稳定性和可靠性 概述故障检测、定位、诊断及恢复的整体技术路径。",
        "description": "",
        "asset_name": null,
        "source": null,
        "best_capture_ms": null,
        "crop_region": null,
        "text_span": null,
        "attributes": {
          "chunk": 0,
          "slide_id": "slide_020",
          "slide_index": 20,
          "offset_ms": 0
        },
        "kept": true,
        "duplicate_of": null,
        "duplicates": [],
        "notes": ""
      },
      {
        "id": "chunk_00/slide_021",
        "type": "slide",
        "start_ms": 1019500,
        "end_ms": 1057500,
        "title": "工作 1：AI Infra 异常检测与根因分析（问题） 分析训练过程中的慢节点（Straggler）识别与根因分析难点。",
        "description": "",
        "asset_name": null,
        "source": null,
        "best_capture_ms": null,
        "crop_region": null,
        "text_span": null,
        "attributes": {
          "chunk": 0,
          "slide_id": "slide_021",
          "slide_index": 21,
          "offset_ms": 0
        },
        "kept": true,
        "duplicate_of": null,
        "duplicates": [],
        "notes": ""
      },
      {
        "id": "chunk_00/slide_022",
        "type": "slide",
        "start_ms": 1059500,
        "end_ms": 1091500,
        "title": "工作 1：AI Infra 异常检测与根因分析（技术） 介绍基于 GraphRAG 的分布式异常检测与根因定位技术。",
        "description": "",
        "asset_name": null,
        "source": null,
        "best_capture_ms": null,
        "crop_region": null,
        "text_span": null,
        "attributes": {
          "chunk": 0,
          "slide_id": "slide_022",
          "slide_index": 22,
          "offset_ms": 0
        },
        "kept": true,
        "duplicate_of": null,
        "duplicates": [],
        "notes": ""
      },
      {
        "id": "chunk_00/slide_023",
        "type": "slide",
        "start_ms": 1093000,
        "end_ms": 1130500,
        "title": "工作 2：面向大规模推荐模型训练的 Checkpoint 优化 提出 Just-in-Time Checkpointing 技术，解决冷热数据存储问题。",
        "description": "",
        "asset_name": null,
        "source": null,
        "best_capture_ms": null,
        "crop_region": null,
        "text_span": null,
        "attributes": {
          "chunk": 0,
          "slide_id": "slide_023",
          "slide_index": 23,
          "offset_ms": 0
        },
        "kept": true,
        "duplicate_of": null,
        "duplicates": [],
        "notes": ""
      },
      {
        "id": "chunk_00/slide_024",
        "type": "slide",
        "start_ms": 1132000,
        "end_ms": 1156500,
        "title": "工作 3：基于动态重建链的快速失效恢复技术 介绍 Device Proxy 和 Flexible CCL 技术，加速通信故障恢复。",
        "description": "",
        "asset_name": null,
        "source": null,
        "best_capture_ms": null,
        "crop_region": null,
        "text_span": null,
        "attributes": {
          "chunk": 0,
          "slide_id": "slide_024",
          "slide_index": 24,
          "offset_ms": 0
        },
        "kept": true,
        "duplicate_of": null,
        "duplicates": [],
        "notes": ""
      },
      {
        "id": "chunk_00/slide_025",
        "type": "slide",
        "start_ms": 1158500,
        "end_ms": 1176500,
        "title": "正在开展的相关课题研究 列出国家重点研发计划及与企业合作的科研项目。",
        "description": "",
        "asset_name": null,
        "source": null,
        "best_capture_ms": null,
        "crop_region": null,
        "text_span": null,
        "attributes": {
          "chunk": 0,
          "slide_id": "slide_025",
          "slide_index": 25,
          "offset_ms": 0
        },
        "kept": true,
        "duplicate_of": null,
        "duplicates": [],
        "notes": ""
      },
      {
        "id": "chunk_00/slide_026",
        "type": "slide",
        "start_ms": 1178000,
        "end_ms": 1187500,
        "title": "AI Infra 平台解决方案 总结首创的异构集群引导与资源管理系统及多维监控方案。",
        "description": "",
        "asset_name": null,
        "source": null,
        "best_capture_ms": null,
        "crop_region": null,
        "text_span": null,
        "attributes": {
          "chunk": 0,
          "slide_id": "slide_026",
          "slide_index": 26,
          "offset_ms": 0
        },
        "kept": true,
        "duplicate_of": null,
        "duplicates": [],
        "notes": ""
      },
      {
        "id": "chunk_00/slide_027",
        "type": "slide",
        "start_ms": 1189000,
        "end_ms": 1199500,
        "title": "Crater - 多租户异构集群智能调度与资源管理系统 展示 Crater 系统架构图及核心功能模块。",
        "description": "",
        "asset_name": null,
        "source": null,
        "best_capture_ms": null,
        "crop_region": null,
        "text_span": null,
        "attributes": {
          "chunk": 0,
          "slide_id": "slide_027",
          "slide_index": 27,
          "offset_ms": 0
        },
        "kept": true,
        "duplicate_of": null,
        "duplicates": [],
        "notes": ""
      },
      {
        "id": "chunk_00/slide_028",
        "type": "slide",
        "start_ms": 1201000,
        "end_ms": 1231500,
        "title": "Crater 系统介绍：多类型作业多维监控&数据管理 展示系统界面截图，包括 IDE 集成、任务监控及性能分析。",
        "description": "",
        "asset_name": null,
        "source": null,
        "best_capture_ms": null,
        "crop_region": null,
        "text_span": null,
        "attributes": {
          "chunk": 0,
          "slide_id": "slide_028",
          "slide_index": 28,
          "offset_ms": 0
        },
        "kept": true,
        "duplicate_of": null,
        "duplicates": [],
        "notes": ""
      },
      {
        "id": "chunk_00/slide_029",
        "type": "slide",
        "start_ms": 1233000,
        "end_ms": 1251500,
        "title": "致谢 感谢核心团队成员（RAIDS Lab）及主要合作伙伴。",
        "description": "",
        "asset_name": null,
        "source": null,
        "best_capture_ms": null,
        "crop_region": null,
        "text_span": null,
        "attributes": {
          "chunk": 0,
          "slide_id": "slide_029",
          "slide_index": 29,
          "offset_ms": 0
        },
        "kept": true,
        "duplicate_of": null,
        "duplicates": [],
        "notes": ""
      },
      {
        "id": "chunk_00/slide_030",
        "type": "slide",
        "start_ms": 1253000,
        "end_ms": 1293000,
        "title": "谢谢聆听 敬请批评指正 结束页，包含讲者联系方式及二维码。",
        "description": "",
        "asset_name": null,
        "source": null,
        "best_capture_ms": null,
        "crop_region": null,
        "text_span": null,
        "attributes": {
          "chunk": 0,
          "slide_id": "slide_030",
          "slide_index": 30,
          "offset_ms": 0
        },
        "kept": true,
        "duplicate_of": null,
        "duplicates": [],
        "notes": ""
      }
    ],
    "subtitles": [
      {
        "index": 1,
        "start": 0.0,
        "end": 8.14,
        "text": "端到端的攻击检测技术为人工智能系统筑牢了安全防线，也为相关领域的研究提供了重要参考。"
      },
      {
        "index": 2,
        "start": 8.84,
        "end": 19.82,
        "text": "接下来，我们将有请北京航空航天大学的杨任宇老师，带来《异构融合的 AI Infra 系统软件资源管理与可靠性保障》的分享。"
      },
      {
        "index": 3,
        "start": 20.3,
        "end": 27.325,
        "text": "AI Infra 系统的资源管理与可靠性是开源生态建设的核心议题，让我们掌声欢迎杨老师。"
      },
      {
        "index": 4,
        "start": 34.28,
        "end": 52.645,
        "text": "各位老师、同学，大家下午好。今天很荣幸代表团队分享在大规模 AI 基础设施环境下，从系统软件视角如何进行资源管理、稳定性及可靠性保障。"
      },
      {
        "index": 5,
        "start": 55.78,
        "end": 77.68,
        "text": "首先，云计算已发展十余年，许多应用“生于云、长于云”。AI 智能服务与应用也不例外，其开发、执行、运维均在云平台或基础设施环境下进行。"
      },
      {
        "index": 6,
        "start": 78.04,
        "end": 106.795,
        "text": "随着 AI 进入大模型时代，从单模态到多模态，模型功能日益强大。模型训练与推理对算力的需求呈爆炸式增长，尤其是近年来推理侧的算力需求持续攀升。"
      },
      {
        "index": 7,
        "start": 107.69,
        "end": 148.76,
        "text": "在架构方面，主流框架无论是自然语言处理、多模态视觉，还是推荐系统，均已向 MoE（混合专家系统）架构演进。MoE 通过稀疏激活和 Top-K 选择，在保证大模型服务能力的同时，维持推理效率。"
      },
      {
        "index": 8,
        "start": 149.16,
        "end": 198.965,
        "text": "除了大语言领域，大模型在互联网搜广推等场景下的数据处理也已成为实现商业价值闭环的关键。因此，无论是稀疏场景还是稠密场景，都对软件层算力管理与设计提出了更高要求。"
      },
      {
        "index": 9,
        "start": 199.66,
        "end": 241.285,
        "text": "从硬件来看，AI 已进入超异构时代。为满足多样化智能需求，基础设施需从底层资源管理到上层编程 API、编译框架、工具链及软件栈，全面感知并利用异构算力。"
      },
      {
        "index": 10,
        "start": 243.1,
        "end": 285.4,
        "text": "在此背景下，AI 基础设施建设如火如荼。截至 2025 年第一季度，全国已建成 165 个智算中心，千卡、万卡集群成为标配。然而，算力资源利用率普遍较低（仅 10%-15%），亟需从软件层面进行高效管理与调度。"
      },
      {
        "index": 11,
        "start": 285.86,
        "end": 350.475,
        "text": "借鉴操作系统思路，我们希望构建“云 OS”，向下管理各类异构资源，向上为软件 App 与服务提供统一编程接口，屏蔽底层复杂性。在 AI 时代，基础设施层需支持离线批处理训练与在线大模型 Serving，以满足用户对性能与成本的多样化需求。"
      },
      {
        "index": 12,
        "start": 351.7,
        "end": 380.2,
        "text": "目前，我们在框架层与运行时仍面临资源利用率低、服务质量保障难、失效概率高及可观测性差等挑战。"
      },
      {
        "index": 13,
        "start": 380.2,
        "end": 410.015,
        "text": "当系统规模扩大，故障恢复慢、损失大等现象加剧。我们希望从容错（Fault Tolerance）视角，实现及时的故障检测、精准定位、全面诊断及快速失效恢复。"
      },
      {
        "index": 14,
        "start": 411.02,
        "end": 452.055,
        "text": "整体思路是：对异构资源进行合理、一致的抽象，在运行时对算力（尤其是国产卡）进行高效适配与优化。同时，支持多租户、多模型环境下的高效训练与推理，并实现软硬件状态的良好观测与追踪。"
      },
      {
        "index": 15,
        "start": 453.09,
        "end": 514.19,
        "text": "探索方向一：异构融合运行时调度与配置优化。我们观测到，不同模型在不同异构卡上执行时性能差异巨大。当多个作业在同一组算力上混部时，执行表现呈现非对称性。此外，在异构环境下部署 Serving 时，满足相同 QoS 的成本也各不相同。"
      },
      {
        "index": 16,
        "start": 514.33,
        "end": 551.71,
        "text": "当 GPU/NPU 负载较高时，CPU 侧仍有大量空闲算力。如何实现 CPU 与 NPU 的互补，是异构融合的关键。我们围绕算力运行时调度与合理配置策略展开了研究。"
      },
      {
        "index": 17,
        "start": 553.28,
        "end": 617.295,
        "text": "工作 1：异构感知的多作业封装与混部。在训练场景下，除了考虑异构性，还需关注互联网场景下的潮汐现象。所有作业需在截止时间（Deadline）内完成。我们将执行时间与异构性共同建模，通过作业组视角实现组内并行交错执行。"
      },
      {
        "index": 18,
        "start": 618.1,
        "end": 659.915,
        "text": "我们利用图匹配算法解决多作业调度问题，相关系统已在快手千卡集群中进行实验。结果显示，作业完成率提升了 44.7%，JCT（作业周转时间）缩短了近两倍。"
      },
      {
        "index": 19,
        "start": 661.0,
        "end": 743.92,
        "text": "工作 2：面向 LLM 推理的异构算力调度。推理包含 Prefill 和 Decode 阶段，算力需求与执行模式差异显著。我们提出以 GPU Combo（资源套餐）形式满足特定 PD 配比，并在云原生环境下精确分析不同配比的部署成本。"
      },
      {
        "index": 20,
        "start": 745.0,
        "end": 787.985,
        "text": "当 PD 实例在 NPU 和 GPU 上部署后，系统可动态响应请求，在 Combo 间及 Combo 内进行动态部署，以满足实时 QoS 需求。初步实验表明，性能提升了 25%-38%。"
      },
      {
        "index": 21,
        "start": 789.49,
        "end": 861.33,
        "text": "工作 3：Expert Kit——以 Expert 为中心的异构推理系统。针对 MoE 模型，在资源受限或算力需求极高时，我们利用 Expert 的冷热差异，在运行时实现 CPU 与 XPU 的协同调度与 Offloading。"
      },
      {
        "index": 22,
        "start": 861.57,
        "end": 915.665,
        "text": "我们进一步实现了 Attention 与 Expert 的解耦，优化了分布式异构存储与计算。该项目得到了华为与北航联合实验室的支持，通过软件定义视角，实现了集群范围内高效的算力分配与请求适配。"
      },
      {
        "index": 23,
        "start": 917.72,
        "end": 972.57,
        "text": "探索方向二：AI 基础设施稳定性与可靠性。大模型训练中失效频发，恢复成本极高。我们建立了从追踪、故障隔离到 Checkpoint 读写及运行时恢复的完整链路。在网络层，针对 NCCL 通信实现失效后的及时恢复，并动态剔除故障节点。"
      },
      {
        "index": 24,
        "start": 973.0,
        "end": 1017.805,
        "text": "我们定义了 AI 环境下的五大类、十余种失效类型。工作 1 重点研究分布式训练与推理中的 Straggler（掉队者）检测与根因分析。"
      },
      {
        "index": 25,
        "start": 1018.9,
        "end": 1091.46,
        "text": "通过跨节点数据收集与聚合，利用统计手段定位 Straggler。我们还引入图学习与 RAG 技术进行根因分析，相关系统已集成至快手平台，将诊断耗时从半小时缩短至分钟级，效率提升数十倍。"
      },
      {
        "index": 26,
        "start": 1091.86,
        "end": 1131.65,
        "text": "工作 2：面向大规模推荐模型训练的 Checkpoint 优化。针对 Embedding 层的冷热特征，实现自适应 Checkpoint 策略。通过 Pipeline 编排，使 Checkpoint 过程不影响正常的训练任务。"
      },
      {
        "index": 27,
        "start": 1132.19,
        "end": 1156.655,
        "text": "工作 3：基于动态重建的快速失效恢复技术。在运行时通过 Device Proxy 和 Flexible CCL 实现通信链路的动态重构，降低失效恢复成本。"
      },
      {
        "index": 28,
        "start": 1157.95,
        "end": 1176.655,
        "text": "相关研究得到了多个国家级项目及工业伙伴的支持，并在训练、推理及异常检测层面发表了多篇高水平论文。"
      },
      {
        "index": 29,
        "start": 1178.03,
        "end": 1188.87,
        "text": "除了技术研发，我们还实现了 AI Infra 平台级解决方案——Crater。"
      },
      {
        "index": 30,
        "start": 1189.29,
        "end": 1210.41,
        "text": "Crater 系统支持多租户异构集群监控与资源管理，集成了异构算力管理、多维资源数据管理，并支持从深度学习到 DeepSeek 分布式推理的多种场景。"
      },
      {
        "index": 31,
        "start": 1211.0,
        "end": 1231.025,
        "text": "Crater 简化了异构算力的操作流程，助力多种场景快速落地。目前该系统已正式上线运行一年，累计执行任务超 2 万个。"
      },
      {
        "index": 32,
        "start": 1234.32,
        "end": 1254.425,
        "text": "最后，感谢各位同事与同学。我们是来自北航分布式系统可靠与智能系统团队（RAIDS Lab）。谢谢聆听，请批评指正。"
      },
      {
        "index": 33,
        "start": 1255.83,
        "end": 1275.445,
        "text": "好的，谢谢杨老师。请您留步，现场有没有朋友要提问？大家可以随时举手示意我们的工作人员。"
      },
      {
        "index": 34,
        "start": 1276.27,
        "end": 1293.41,
        "text": "再次感谢杨老师的精彩呈现。从资源调度到可靠性保障，杨老师的研究为异构融合 AI Infra 系统的发展提供了有力支撑。"
      }
    ],
    "chunk_label": "part_04/final"
  },
  "output": {
    "sections": [
      {
        "id": "sec_001",
        "title": "开场致辞与背景介绍：异构融合的 AI Infra 系统软件资源管理与可靠性保障",
        "material_ids": [
          "chunk_00/slide_001"
        ],
        "start_ms": 15500,
        "end_ms": 54000,
        "summary_hint": "",
        "notes": "",
        "text_span": {
          "start": 1,
          "end": 3
        },
        "lead_text": "接下来，我们将有请北京航空航天大学的杨任宇老师，带来《异构融合的 AI Infra 系统软件资源管理与可靠性保障》的分享。",
        "tail_text": "各位老师、同学，大家下午好。今天很荣幸代表团队分享在大规模 AI 基础设施环境下，从系统软件视角如何进行资源管理、稳定性及可靠性保障。"
      },
      {
        "id": "sec_002",
        "title": "大模型时代的挑战：云原生演进与新型模型架构需求",
        "material_ids": [
          "chunk_00/slide_002",
          "chunk_00/slide_003",
          "chunk_00/slide_004",
          "chunk_00/slide_005"
        ],
        "start_ms": 55500,
        "end_ms": 197500,
        "summary_hint": "",
        "notes": "",
        "text_span": {
          "start": 4,
          "end": 7
        },
        "lead_text": "首先，云计算已发展十余年，许多应用“生于云、长于云”。AI 智能服务与应用也不例外，其开发、执行、运维均在云平台或基础设施环境下进行。",
        "tail_text": "除了大语言领域，大模型在互联网搜广推等场景下的数据处理也已成为实现商业价值闭环的关键。因此，无论是稀疏场景还是稠密场景，都对软件层算力管理与设计提出了更高要求。"
      },
      {
        "id": "sec_003",
        "title": "AI 基础设施现状：超异构计算时代与系统软件整体思路",
        "material_ids": [
          "chunk_00/slide_006",
          "chunk_00/slide_007",
          "chunk_00/slide_008",
          "chunk_00/slide_009",
          "chunk_00/slide_010",
          "chunk_00/slide_011"
        ],
        "start_ms": 199500,
        "end_ms": 451500,
        "summary_hint": "",
        "notes": "",
        "text_span": {
          "start": 8,
          "end": 13
        },
        "lead_text": "从硬件来看，AI 已进入超异构时代。为满足多样化智能需求，基础设施需从底层资源管理到上层编程 API、编译框架、工具链及软件栈，全面感知并利用异构算力。",
        "tail_text": "整体思路是：对异构资源进行合理、一致的抽象，在运行时对算力（尤其是国产卡）进行高效适配与优化。同时，支持多租户、多模型环境下的高效训练与推理，并实现软硬件状态的良好观测与追踪。"
      },
      {
        "id": "sec_004",
        "title": "探索方向 1：异构融合运行时调度与多作业混部优化",
        "material_ids": [
          "chunk_00/slide_012",
          "chunk_00/slide_013",
          "chunk_00/slide_014"
        ],
        "start_ms": 453500,
        "end_ms": 659500,
        "summary_hint": "",
        "notes": "",
        "text_span": {
          "start": 14,
          "end": 17
        },
        "lead_text": "探索方向一：异构融合运行时调度与配置优化。我们观测到，不同模型在不同异构卡上执行时性能差异巨大。当多个作业在同一组算力上混部时，执行表现呈现非对称性。此外，在异构环境下部署 Serving 时，满足相同 QoS 的成本也各不相同。",
        "tail_text": "我们利用图匹配算法解决多作业调度问题，相关系统已在快手千卡集群中进行实验。结果显示，作业完成率提升了 44.7%，JCT（作业周转时间）缩短了近两倍。"
      },
      {
        "id": "sec_005",
        "title": "面向 LLM 推理的异构算力调度：GPU Combo 资源套餐",
        "material_ids": [
          "chunk_00/slide_015",
          "chunk_00/slide_016",
          "chunk_00/slide_017"
        ],
        "start_ms": 661500,
        "end_ms": 787500,
        "summary_hint": "",
        "notes": "",
        "text_span": {
          "start": 18,
          "end": 19
        },
        "lead_text": "工作 2：面向 LLM 推理的异构算力调度。推理包含 Prefill 和 Decode 阶段，算力需求与执行模式差异显著。我们提出以 GPU Combo（资源套餐）形式满足特定 PD 配比，并在云原生环境下精确分析不同配比的部署成本。",
        "tail_text": "当 PD 实例在 NPU 和 GPU 上部署后，系统可动态响应请求，在 Combo 间及 Combo 内进行动态部署，以满足实时 QoS 需求。初步实验表明，性能提升了 25%-38%。"
      },
      {
        "id": "sec_006",
        "title": "Expert Kit：以 Expert 为中心的异构融合推理系统",
        "material_ids": [
          "chunk_00/slide_018",
          "chunk_00/slide_019"
        ],
        "start_ms": 789500,
        "end_ms": 915500,
        "summary_hint": "",
        "notes": "",
        "text_span": {
          "start": 20,
          "end": 21
        },
        "lead_text": "工作 3：Expert Kit——以 Expert 为中心的异构推理系统。针对 MoE 模型，在资源受限或算力需求极高时，我们利用 Expert 的冷热差异，在运行时实现 CPU 与 XPU 的协同调度与 Offloading。",
        "tail_text": "我们进一步实现了 Attention 与 Expert 的解耦，优化了分布式异构存储与计算。该项目得到了华为与北航联合实验室的支持，通过软件定义视角，实现了集群范围内高效的算力分配与请求适配。"
      },
      {
        "id": "sec_007",
        "title": "探索方向 2：AI 基础设施稳定性、异常检测与根因分析",
        "material_ids": [
          "chunk_00/slide_020",
          "chunk_00/slide_021",
          "chunk_00/slide_022"
        ],
        "start_ms": 917500,
        "end_ms": 1091500,
        "summary_hint": "",
        "notes": "",
        "text_span": {
          "start": 22,
          "end": 24
        },
        "lead_text": "探索方向二：AI 基础设施稳定性与可靠性。大模型训练中失效频发，恢复成本极高。我们建立了从追踪、故障隔离到 Checkpoint 读写及运行时恢复的完整链路。在网络层，针对 NCCL 通信实现失效后的及时恢复，并动态剔除故障节点。",
        "tail_text": "通过跨节点数据收集与聚合，利用统计手段定位 Straggler。我们还引入图学习与 RAG 技术进行根因分析，相关系统已集成至快手平台，将诊断耗时从半小时缩短至分钟级，效率提升数十倍。"
      },
      {
        "id": "sec_008",
        "title": "可靠性保障技术：Checkpoint 优化与快速失效恢复",
        "material_ids": [
          "chunk_00/slide_023",
          "chunk_00/slide_024"
        ],
        "start_ms": 1093000,
        "end_ms": 1156500,
        "summary_hint": "",
        "notes": "",
        "text_span": {
          "start": 25,
          "end": 26
        },
        "lead_text": "工作 2：面向大规模推荐模型训练的 Checkpoint 优化。针对 Embedding 层的冷热特征，实现自适应 Checkpoint 策略。通过 Pipeline 编排，使 Checkpoint 过程不影响正常的训练任务。",
        "tail_text": "工作 3：基于动态重建的快速失效恢复技术。在运行时通过 Device Proxy 和 Flexible CCL 实现通信链路的动态重构，降低失效恢复成本。"
      },
      {
        "id": "sec_009",
        "title": "平台化落地：Crater 多租户异构集群智能调度系统",
        "material_ids": [
          "chunk_00/slide_025",
          "chunk_00/slide_026",
          "chunk_00/slide_027",
          "chunk_00/slide_028"
        ],
        "start_ms": 1158500,
        "end_ms": 1231500,
        "summary_hint": "",
        "notes": "",
        "text_span": {
          "start": 27,
          "end": 30
        },
        "lead_text": "相关研究得到了多个国家级项目及工业伙伴的支持，并在训练、推理及异常检测层面发表了多篇高水平论文。",
        "tail_text": "Crater 简化了异构算力的操作流程，助力多种场景快速落地。目前该系统已正式上线运行一年，累计执行任务超 2 万个。"
      },
      {
        "id": "sec_010",
        "title": "总结与致谢",
        "material_ids": [
          "chunk_00/slide_029",
          "chunk_00/slide_030"
        ],
        "start_ms": 1233000,
        "end_ms": 1293000,
        "summary_hint": "",
        "notes": "",
        "text_span": {
          "start": 31,
          "end": 33
        },
        "lead_text": "最后，感谢各位同事与同学。我们是来自北航分布式系统可靠与智能系统团队（RAIDS Lab）。谢谢聆听，请批评指正。",
        "tail_text": "再次感谢杨老师的精彩呈现。从资源调度到可靠性保障，杨老师的研究为异构融合 AI Infra 系统的发展提供了有力支撑。"
      }
    ]
  },
  "artifacts": [
    "output/ScienceEducationInnovation/part_04/final/05_section_plan/artifacts/section_manifest.json"
  ],
  "metadata": {
    "sections": 10
  },
  "trace_id": "326d16b6-0702-45a8-b5a7-934e1be54988",
  "duration_ms": 7606,
  "started_at": "2025-12-21T23:41:02.353242",
  "completed_at": "2025-12-21T15:41:09.960279",
  "step_config": {
    "model": "gemini-3-flash-preview",
    "temperature": 0.2,
    "prompt_file": "/Users/lichuan/Codes/TalkDistill/config/prompts/section_plan.md",
    "schema_file": "/Users/lichuan/Codes/TalkDistill/config/schemas/section_plan.json"
  },
  "dependencies": [
    "merge_slides",
    "merge_subtitles"
  ]
}