{
  "address": "ScienceEducationInnovation/part_03/chunk_00/07_capture_frame/slide_008",
  "status": "completed",
  "input": {
    "video": "output/ScienceEducationInnovation/part_03/chunk_00/01_cut_chunk/artifacts/chunk_high.mp4",
    "timestamp": "00:04:18.500",
    "frame_id": "slide_008",
    "output_ext": ".png"
  },
  "output": "output/ScienceEducationInnovation/part_03/chunk_00/07_capture_frame/slide_008/artifacts/slide_008.png",
  "artifacts": [
    "output/ScienceEducationInnovation/part_03/chunk_00/07_capture_frame/slide_008/artifacts/slide_008.png"
  ],
  "metadata": {
    "timestamp": "00:04:18.500",
    "frame_id": "slide_008",
    "ffmpeg": "/opt/homebrew/bin/ffmpeg"
  },
  "trace_id": null,
  "duration_ms": 786,
  "started_at": "2025-12-19T01:07:58.330065",
  "completed_at": "2025-12-18T17:07:59.117161",
  "step_config": {},
  "dependencies": [
    "slide_timeline"
  ]
}