{
  "address": "ai_session/part_08/chunk_00/07_capture_frame/slide_004",
  "status": "completed",
  "input": {
    "video": "output/ai_session/part_08/chunk_00/01_cut_chunk/artifacts/chunk_high.mp4",
    "timestamp": "00:01:42.900",
    "frame_id": "slide_004",
    "output_ext": ".png"
  },
  "output": "output/ai_session/part_08/chunk_00/07_capture_frame/slide_004/artifacts/slide_004.png",
  "artifacts": [
    "output/ai_session/part_08/chunk_00/07_capture_frame/slide_004/artifacts/slide_004.png"
  ],
  "metadata": {
    "timestamp": "00:01:42.900",
    "frame_id": "slide_004",
    "ffmpeg": "/opt/homebrew/bin/ffmpeg"
  },
  "trace_id": null,
  "duration_ms": 469,
  "started_at": "2025-12-16T00:47:10.590650",
  "completed_at": "2025-12-15T16:47:11.060486",
  "step_config": {},
  "dependencies": [
    "slide_timeline"
  ]
}