{
  "graph_data": {
    "nodes": [
      {
        "id": "p1",
        "label": "背景与挑战：AI存储",
        "category": "Pillar",
        "references": {
          "section_ids": [
            "sec_1",
            "sec_2"
          ],
          "material_ids": [
            "chunk_00/slide_003",
            "chunk_00/slide_004",
            "chunk_00/slide_005",
            "chunk_00/slide_006",
            "chunk_00/slide_007",
            "chunk_00/slide_008"
          ],
          "highlight": {
            "primary_material_id": "chunk_00/slide_003",
            "primary_time_ts": "00:01:00,000",
            "primary_time_ms": 60000
          }
        },
        "parent": null,
        "summary": "讲者首先概述其在“Storage for AI”领域的研究工作，涵盖参数、向量和记忆存储三个层次。随后，深入探讨了推荐模型因其巨大的Embedding层所面临的“容量墙”和“带宽墙”两大存储困境，指出存储系统已成为制约模型发展的核心瓶颈。"
      },
      {
        "id": "d1_1",
        "label": "研究方向: Storage for AI",
        "category": "Concept",
        "references": {
          "section_ids": [
            "sec_1"
          ],
          "material_ids": [
            "chunk_00/slide_003"
          ],
          "highlight": {
            "primary_material_id": "chunk_00/slide_003",
            "primary_time_ts": "00:01:00,000",
            "primary_time_ms": 60000
          }
        },
        "parent": "p1",
        "summary": "研究聚焦于“面向人工智能的存储(Storage for AI)”，围绕参数存储、向量存储和记忆存储三个层次展开，以应对AI模型规模增大、数据向量化以及智能体记忆需求带来的挑战。"
      },
      {
        "id": "d1_2",
        "label": "存储困境: 容量墙与带宽墙",
        "category": "Problem",
        "references": {
          "section_ids": [
            "sec_2"
          ],
          "material_ids": [
            "chunk_00/slide_005",
            "chunk_00/slide_006",
            "chunk_00/slide_007"
          ],
          "highlight": {
            "primary_material_id": "chunk_00/slide_006",
            "primary_time_ts": "00:03:58,000",
            "primary_time_ms": 238000
          }
        },
        "parent": "p1",
        "summary": "推荐模型的Embedding层导致两大存储困境：参数量巨大带来的“容量墙”，以及访存密集特性带来的“带宽墙”。这双重制约导致硬件成本高昂，使存储成为模型发展的核心瓶颈。"
      },
      {
        "id": "p2",
        "label": "核心思路：算法-系统-硬件协同设计",
        "category": "Pillar",
        "references": {
          "section_ids": [
            "sec_3"
          ],
          "material_ids": [
            "chunk_00/slide_009",
            "chunk_00/slide_012"
          ],
          "highlight": {
            "primary_material_id": "chunk_00/slide_012",
            "primary_time_ts": "00:07:47,000",
            "primary_time_ms": 467000
          }
        },
        "parent": null,
        "summary": "为解决推荐系统的性能瓶颈，提出了一套贯穿算法、系统、硬件三个层面的协同设计思路。其核心在于使各层面相互感知（如硬件感知的算法、算法感知的系统），以实现全局最优，并充分利用HBM、持久性内存等新兴分层存储硬件。"
      },
      {
        "id": "d2_1",
        "label": "协同设计三要素",
        "category": "Concept",
        "references": {
          "section_ids": [
            "sec_3"
          ],
          "material_ids": [
            "chunk_00/slide_012"
          ],
          "highlight": {
            "primary_material_id": "chunk_00/slide_012",
            "primary_time_ts": "00:07:47,000",
            "primary_time_ms": 467000
          }
        },
        "parent": "p2",
        "summary": "协同设计包含三个层面：1. 算法层面：设计硬件感知的算法（如缓存感知）；2. 系统层面：设计算法感知的系统（如感知参数重要性）；3. 硬件层面：设计系统感知的硬件（如感知数据流）。"
      },
      {
        "id": "p3",
        "label": "分层解决方案",
        "category": "Pillar",
        "references": {
          "section_ids": [
            "sec_3",
            "sec_4",
            "sec_5",
            "sec_6"
          ],
          "material_ids": [
            "chunk_00/slide_012",
            "chunk_00/slide_013",
            "chunk_00/slide_014",
            "chunk_00/slide_015",
            "chunk_00/slide_016",
            "chunk_00/slide_017",
            "chunk_00/slide_018",
            "chunk_00/slide_019",
            "chunk_00/slide_020",
            "chunk_00/slide_021",
            "chunk_00/slide_022",
            "chunk_00/slide_023",
            "chunk_00/slide_024",
            "chunk_00/slide_025",
            "chunk_00/slide_026",
            "chunk_00/slide_027",
            "chunk_00/slide_028",
            "chunk_00/slide_029",
            "chunk_00/slide_030",
            "chunk_00/slide_031",
            "chunk_00/slide_032",
            "chunk_00/slide_033",
            "chunk_00/slide_034",
            "chunk_00/slide_035",
            "chunk_00/slide_036",
            "chunk_00/slide_037"
          ],
          "highlight": {
            "primary_material_id": "chunk_00/slide_012",
            "primary_time_ts": "00:07:47,000",
            "primary_time_ms": 467000
          }
        },
        "parent": null,
        "summary": "基于协同设计思路，针对算法、GPU、PM、SSD等不同层级，分别提出了一系列具体解决方案，包括OptEmbed、Fleche、PetPS和MaxEmbed，以应对各层级的特定挑战。"
      },
      {
        "id": "d3_1",
        "label": "OptEmbed (算法层)",
        "category": "Technology",
        "references": {
          "section_ids": [
            "sec_3"
          ],
          "material_ids": [
            "chunk_00/slide_012"
          ],
          "highlight": {
            "primary_material_id": "chunk_00/slide_012",
            "primary_time_ts": "00:07:47,000",
            "primary_time_ms": 467000
          }
        },
        "parent": "p3",
        "summary": "OptEmbed是一种面向异构内存的参数放置算法。它改进了传统LRU仅考虑访问频率的局限，通过综合评估参数的“访问频率”与“重要性”来计算分数，优先淘汰分数最低的参数，从而在保证精度的前提下提升缓存命中率。"
      },
      {
        "id": "d3_2",
        "label": "Fluid / Fleche (系统/GPU层)",
        "category": "Technology",
        "references": {
          "section_ids": [
            "sec_4"
          ],
          "material_ids": [
            "chunk_00/slide_013",
            "chunk_00/slide_014",
            "chunk_00/slide_015",
            "chunk_00/slide_016",
            "chunk_00/slide_017",
            "chunk_00/slide_018",
            "chunk_00/slide_019"
          ],
          "highlight": {
            "primary_material_id": "chunk_00/slide_014",
            "primary_time_ts": "00:08:09,000",
            "primary_time_ms": 489000
          }
        },
        "parent": "p3",
        "summary": "系统层工作Fluid是一个分层分布式参数存储系统，将参数按热度分层存储于HBM、DRAM和SSD中，通过动态迁移、快照恢复等功能提升吞吐、降低成本。GPU层工作Fleche通过查询融合技术，将零碎的小kernel调用合并，解决软硬交互开销大的问题。"
      },
      {
        "id": "d3_3",
        "label": "PetPS (PM层)",
        "category": "Technology",
        "references": {
          "section_ids": [
            "sec_5",
            "sec_4"
          ],
          "material_ids": [
            "chunk_00/slide_020",
            "chunk_00/slide_021",
            "chunk_00/slide_022",
            "chunk_00/slide_023",
            "chunk_00/slide_024",
            "chunk_00/slide_025",
            "chunk_00/slide_026",
            "chunk_00/slide_027",
            "chunk_00/slide_028"
          ],
          "highlight": {
            "primary_material_id": "chunk_00/slide_021",
            "primary_time_ts": "00:11:28,000",
            "primary_time_ms": 688000
          }
        },
        "parent": "p3",
        "summary": "PetPS是专为持久性内存（PM）设计的参数存储系统。针对PM高延迟导致CPU瓶颈的问题，它利用网卡（NIC）的DMA引擎来卸载聚集（Gather）操作，从而规避CPU访存开销，并解决了参数一致性挑战。"
      },
      {
        "id": "d3_4",
        "label": "MaxEmbed (SSD层)",
        "category": "Technology",
        "references": {
          "section_ids": [
            "sec_6",
            "sec_4"
          ],
          "material_ids": [
            "chunk_00/slide_029",
            "chunk_00/slide_030",
            "chunk_00/slide_031",
            "chunk_00/slide_032",
            "chunk_00/slide_033",
            "chunk_00/slide_034",
            "chunk_00/slide_035",
            "chunk_00/slide_036",
            "chunk_00/slide_037"
          ],
          "highlight": {
            "primary_material_id": "chunk_00/slide_030",
            "primary_time_ts": "00:15:08,000",
            "primary_time_ms": 908000
          }
        },
        "parent": "p3",
        "summary": "MaxEmbed是针对SSD层读放大问题的解决方案。它通过选择性地为高频访问的“热点”参数创建副本，以捕获数据中多种复杂的共现关系，从而解决读放大问题，提升有效带宽。"
      },
      {
        "id": "p4",
        "label": "框架研发与未来展望",
        "category": "Pillar",
        "references": {
          "section_ids": [
            "sec_7",
            "sec_8",
            "sec_4"
          ],
          "material_ids": [
            "chunk_00/slide_038",
            "chunk_00/slide_039",
            "chunk_00/slide_040",
            "chunk_00/slide_041",
            "chunk_00/slide_042",
            "chunk_00/slide_043"
          ],
          "highlight": {
            "primary_material_id": "chunk_00/slide_038",
            "primary_time_ts": "00:19:30,000",
            "primary_time_ms": 1170000
          }
        },
        "parent": null,
        "summary": "总结了基于上述研究研发的通用稀疏参数存储系统RecStore及其广泛的业界影响。最后，展望了基于大语言模型（LLM）的生成式推荐模型成为新的技术趋势，为系统研究带来的新机遇与挑战。"
      },
      {
        "id": "d4_1",
        "label": "RecStore框架与影响",
        "category": "Result",
        "references": {
          "section_ids": [
            "sec_7",
            "sec_4"
          ],
          "material_ids": [
            "chunk_00/slide_038",
            "chunk_00/slide_039"
          ],
          "highlight": {
            "primary_material_id": "chunk_00/slide_038",
            "primary_time_ts": "00:19:30,000",
            "primary_time_ms": 1170000
          }
        },
        "parent": "p4",
        "summary": "基于系列研究工作，研发了一套通用的稀疏参数存储系统RecStore。其核心设计能够智能感知和预测访问模式，实现高效预取和缓存。该设计已被多家业界公司采纳，显著提升了其推荐业务性能。"
      },
      {
        "id": "d4_2",
        "label": "未来展望：生成式推荐",
        "category": "Concept",
        "references": {
          "section_ids": [
            "sec_8",
            "sec_4"
          ],
          "material_ids": [
            "chunk_00/slide_040",
            "chunk_00/slide_041",
            "chunk_00/slide_042",
            "chunk_00/slide_043"
          ],
          "highlight": {
            "primary_material_id": "chunk_00/slide_040",
            "primary_time_ts": "00:20:02,000",
            "primary_time_ms": 1202000
          }
        },
        "parent": "p4",
        "summary": "未来，基于大语言模型（LLM）的生成式推荐模型正成为新的技术趋势。这不仅为推荐效果带来了新机遇，也对底层的参数服务等系统架构提出了新的挑战。"
      }
    ],
    "edges": [
      {
        "source": "p1",
        "target": "p2",
        "relation_type": "sequential",
        "label": "引出核心思路"
      },
      {
        "source": "p2",
        "target": "p3",
        "relation_type": "sequential",
        "label": "指导具体实践"
      },
      {
        "source": "p3",
        "target": "p4",
        "relation_type": "sequential",
        "label": "总结并展望"
      },
      {
        "source": "d1_1",
        "target": "d1_2",
        "relation_type": "causal",
        "label": "引出"
      },
      {
        "source": "d3_1",
        "target": "d3_2",
        "relation_type": "parallel",
        "label": "并列方案"
      },
      {
        "source": "d3_2",
        "target": "d3_3",
        "relation_type": "parallel",
        "label": "并列方案"
      },
      {
        "source": "d3_3",
        "target": "d3_4",
        "relation_type": "parallel",
        "label": "并列方案"
      },
      {
        "source": "d4_1",
        "target": "d4_2",
        "relation_type": "parallel",
        "label": "并列"
      }
    ]
  },
  "sections": [
    {
      "id": "sec_1",
      "index": 0,
      "title": "开场与研究总览",
      "time_range": "00:00:08,385 - 00:02:00,915",
      "summary": "讲者谢旻辉首先进行自我介绍，阐述其教育背景和研究方向。随后，他概述了其在“Storage for AI”领域的研究工作，主要围绕参数存储、向量存储和记忆存储三个层次展开，并解释了这三个层次对于大规模人工智能模型和智能体的重要性。",
      "refined_script": "# 研究方向总览：面向人工智能的存储 (Storage for AI)\n\n本研究聚焦于机器学习系统与存储系统的交叉领域，核心方向为“面向人工智能的存储 (Storage for AI)”。随着人工智能模型与应用的发展，存储系统在其中扮演着愈发关键的角色。当前工作主要围绕以下三个层次展开：\n\n### 1. 参数存储 (Parameter Storage)\n\n随着人工智能模型（尤其是大模型）的规模持续增大，其需要存储的参数数量也随之急剧增多。因此，高效、可扩展的参数存储是支撑大规模模型训练与推理的基础。\n\n### 2. 向量存储 (Vector Storage)\n\n人工智能模型通过将世界万物表达为高维向量来进行理解和处理。无论是文本、图像还是其他模态的数据，最终都会转化为向量形式。因此，对这些向量进行高效存储、检索和管理是构建现代 AI 应用的关键组件。\n\n### 3. 记忆存储 (Memory Storage)\n\n记忆是区分智能体 (Agent) 与简单聊天机器人 (Chatbot) 的核心能力。为了让大型语言模型 (LLM) 能够联系上下文、持续学习并执行复杂任务，必须为其构建记忆机制。我们的研究将面向特定场景，探索面向 LLM 的记忆存储方案，具体技术路径包括：\n\n- **检索增强生成 (RAG, Retrieval-Augmented Generation)**\n- **参数化记忆方案**",
      "original_script": "谢谢主持人的介绍，也谢谢各位领导、老师。\n我是来自中国人民大学的谢旻辉。\n我本次汇报的题目是面向推荐大模型的参数存储系统研究。\n首先，对我的个人情况做一个简单的介绍。\n我本科在南京大学就读，去年在清华大学计算机系陆游和舒继武老师的指导下获得博士学位，毕业后就职于中国人民大学。\n也获得了一些奖项，包括ACM中国优秀博士学位论文奖、北京市青年人才托举工程，并承担了一系列企业项目。\n我本人的研究方向主要是围绕机器学习系统。\n具体而言，是存储系统和机器学习系统交叉的部分，主要从事面向Storage for AI的研究。\n我们目前的工作主要围绕参数存储、向量存储和记忆存储三个层次展开。\n我们认为，随着人工智能模型规模的增大，需要存储的参数也随之增多。\n其次，人工智能模型看待世界万物的方式，是将其表达为向量。因此，向量也是我们需要考虑的关键组件。\n第三是记忆存储。区别于聊天机器人，一个真正智能体的关键在于其是否拥有记忆。如果没有记忆，它只是一个简单的Chatbot。\n因此，我们也会面向特定场景，研究面向LLM的记忆，包括RAG或参数化的记忆方案。",
      "start_ms": 8385,
      "end_ms": 120915,
      "material_ids": [
        "chunk_00/slide_001",
        "chunk_00/slide_002",
        "chunk_00/slide_003"
      ],
      "summary_hint": "讲者进行自我介绍，并概述其在参数存储、向量存储和记忆存储三个层次的研究工作。",
      "lead_text": "谢谢主持人的介绍，也谢谢各位领导、老师。",
      "tail_text": "因此，我们也会面向特定场景，研究面向LLM的记忆，包括RAG或参数化的记忆方案。",
      "text_span": {
        "start": 0,
        "end": 12
      }
    },
    {
      "id": "sec_2",
      "index": 1,
      "title": "研究背景：推荐模型的存储困境",
      "time_range": "00:02:01,255 - 00:05:52,999",
      "summary": "推荐模型因其处理高维稀疏ID的巨大Embedding层，面临参数量巨大的“容量墙”和访存密集型的“带宽墙”两大存储困境，导致硬件成本高昂。讲者指出，存储系统已成为模型发展的核心瓶颈，并提出利用HBM和持久性内存等新兴分层存储硬件，通过算法、系统和硬件的协同设计来解决该问题。",
      "refined_script": "# 研究背景：推荐模型的存储困境\n\n## 一、现状：推荐模型成为主流 AI 服务\n\n随着互联网信息的爆炸式增长，推荐模型已成为筛选信息、服务用户的关键技术。在现代数据中心，推荐模型是人工智能服务的主要载体。据统计，在 Facebook 的人工智能集群中，推荐模型相关的计算耗时已占总耗时的 80%。\n\n## 二、核心挑战：Embedding 层的两大存储困境\n\n推荐模型的结构与传统的 CV 或 NLP 模型存在显著差异，其核心特点是拥有一个规模巨大的嵌入层（Embedding Layer）。\n\n### 2.1 模型结构特点：巨大的 Embedding 层\n\n推荐模型的输入通常是高维、稀疏的 ID 类特征（如用户 ID、物品 ID 等）。由于 DNN 难以直接处理此类数据，需要通过 Embedding 层将高维稀疏 ID 查询并转换为低维稠密向量。这个过程以访存操作为主，而非计算密集型操作。\n\n### 2.2 困境一：容量墙 (Capacity Wall)\n\n推荐模型的参数量极其庞大，主要体现在 Embedding 层。由于特征交叉等技术，Embedding 参数规模可达到万亿级别（例如 12 万亿）。工业界实践表明，模型精度与参数量正相关，这导致对存储容量的需求持续增长。\n\n### 2.3 困境二：带宽墙 (Bandwidth Wall)\n\nEmbedding 层的操作涉及大量稀疏、随机的内存访问，而非密集的计算。根据阿里巴巴的统计数据，Embedding 查询操作的耗时占整个模型端到端时间的 70% 以上。这种访存密集型的特性严重制约了计算单元（如 GPU/CPU）的利用率，形成了带宽瓶颈。\n\n## 三、影响与结论\n\n“容量墙”和“带宽墙”的双重制约导致了高昂的硬件成本。以快手为例，其部署了上万台专用于存储模型参数的内存服务器，硬件成本高达十亿元级别。\n\n**结论**：存储系统已成为制约推荐模型发展的核心瓶颈因素。\n\n## 四、解决思路：利用分层存储进行协同设计\n\n幸运的是，新兴硬件技术为解决存储困境提供了可能。通过利用不同层级的存储硬件，可以针对性地突破瓶颈。\n\n- **性能层 (Performance Tier)**：**HBM (High Bandwidth Memory)** 已被广泛集成于 GPU 和新一代 CPU 中。可将其用作高性能缓存，以缓解“带宽墙”问题。\n- **容量层 (Capacity Tier)**：**持久性内存 (Persistent Memory)** 提供了成本更低的内存扩容方案，可用于打破“容量墙”。\n\n未来的解决方向在于算法、系统和硬件的协同设计，以充分利用这些分层存储硬件的优势，构建高效、经济的推荐模型存储系统。",
      "original_script": "回到本次演讲的主题，我们主要针对推荐模型的参数存储，即刚才提到的最底层。\n我们面临的现状是，当今互联网非常发达，每天都会产生海量的视频、微博、推特推文，以及抖音、快手的视频。\n海量信息远超个人处理能力，因此推荐模型负责筛选信息并呈现给用户。\n在Facebook的人工智能集群中，据统计，推荐模型在人工智能服务中的耗时占比已达到80%。\n因此，推荐模型已成为现代数据中心人工智能服务的主要载体。\n我们具体看一下推荐模型的结构。可以发现，它与传统的CV或NLP模型不同，其特点是拥有一个非常大的嵌入层，即Embedding层。\n其中包含许多嵌入表，例如城市嵌入表、用户嵌入表和视频嵌入表。\n这些嵌入表的作用是什么？在推荐模型中，其输入不像ResNet等模型那样是一张稠密的图，而是非常高维、稀疏的ID。\nDNN难以处理高维稀疏的ID，因此使用嵌入表将其转换为低维稠密的向量。\n在整个过程中，以视频ID为例，如果我最近观看了三个视频，就会对应地找出这三行，再输入到神经网络中。\n稀疏参数这一部分并非计算密集型，而是访存密集型。\n我们总结，当前推荐模型面临两方面的存储困境。第一，其参数量巨大。\n由于ID交叉等技术，Embedding层的参数规模可达12万亿。\n此外，广泛的工业实践也表明，模型精度依赖于参数量的提升。\n第二是带宽墙。Embedding层涉及大量访存操作，而非计算操作。\n根据阿里的一项统计，访存操作（即Embedding操作）占端到端模型时间的70%以上。\n因此，这严重限制了算力的发挥。\n受这两堵墙的叠加影响，以快手为例，其部署了上万台内存参数服务器，专门用于存储模型参数。\n其硬件成本非常高昂，达到了十亿元级别。\n综上所述，存储系统已成为制约推荐模型发展的核心因素。\n幸运的是，随着硬件的发展，出现了不同层级的存储硬件。\n例如，在性能层有HBM。HBM不仅被集成到GPU中并得到广泛应用，一些新一代CPU也集成了HBM。\n我们可以将其用作缓存，以缓解带宽墙问题。\n在容量层，则有持久性内存。其成本更低，可用于内存扩容。\n从而打破容量墙。\n那么，我们如何利用好这些硬件呢？\n我们认为需要从算法、系统和硬件三个层面进行协同设计。",
      "start_ms": 121255,
      "end_ms": 352999,
      "material_ids": [
        "chunk_00/slide_004",
        "chunk_00/slide_005",
        "chunk_00/slide_006",
        "chunk_00/slide_007",
        "chunk_00/slide_008"
      ],
      "summary_hint": "介绍推荐系统在信息过载背景下的重要性，分析其Embedding层结构带来的“容量墙”与“带宽墙”两大存储困境，并引出利用新兴存储硬件解决问题的思路。",
      "lead_text": "因此，我们也会面向特定场景，研究面向LLM的记忆，包括RAG或参数化的记忆方案。",
      "tail_text": "我们认为需要从算法、系统和硬件三个层面进行协同设计。",
      "text_span": {
        "start": 12,
        "end": 39
      }
    },
    {
      "id": "sec_3",
      "index": 2,
      "title": "关键问题与核心思路",
      "time_range": "00:05:53,499 - 00:08:04,399",
      "summary": "本节提出了通过算法、系统、硬件三个层面协同设计的核心思路来解决推荐系统中的性能问题。在算法层面，针对传统缓存替换算法（如LRU）仅考虑访问频率的局限，我们设计了名为OptEmbed的新算法。该算法通过综合评估参数的访问频率与重要性，优先淘汰分数最低的参数，从而在保证模型精度的前提下，显著提升缓存命中率。",
      "refined_script": "## 关键问题与核心思路\n\n### 1. 核心思路：算法、系统、硬件协同设计\n\n为解决推荐系统的性能瓶颈，我们提出了一套贯穿算法、系统、硬件三个层面的协同设计思路。其核心在于使各层面相互感知，以实现全局最优。\n\n*   **算法层面：设计硬件感知的算法**\n    *   **目标**：提升硬件资源利用率，例如通过设计缓存感知算法来提高缓存命中率。\n    *   **实践**：面向异构内存的参数放置算法。\n*   **系统层面：设计算法感知的系统**\n    *   **目标**：根据算法特性优化系统性能，例如设计能感知参数重要性的存储系统。\n    *   **实践**：面向异构内存的参数存储系统。\n*   **硬件层面：设计系统感知的硬件**\n    *   **目标**：根据系统数据流特性提升硬件效率，例如设计能感知数据流的专用硬件。\n    *   **实践**：面向异构内存的参数访问硬件。\n\n### 2. 算法层实践：面向异构内存的参数放置算法 (OptEmbed)\n\n我们在算法层面的具体实践是发表于 OSDI 2022 的工作 `OptEmbed`。\n\n#### 2.1 背景：传统缓存替换算法的局限性\n\n推荐模型参数具有显著的访问倾斜性，适合使用缓存机制进行优化。然而，当缓存写满时，必须决定淘汰哪些参数。传统的缓存替换算法（如 `LRU`）存在以下局限：\n\n*   **单一决策维度**：`LRU` (Least Recently Used) 算法仅依据参数的访问频率（或近期性）进行淘汰决策。\n*   **忽略参数重要性**：该机制未考虑参数对模型精度的影响。一个访问频率高但对模型精度影响甚微的参数，可能并不值得占用宝贵的缓存空间。\n\n#### 2.2 解决方案：基于综合评分的缓存替换算法 `OptEmbed`\n\n针对上述问题，我们设计了一种新的缓存替换算法 `OptEmbed`，该算法同时评估参数的访问频率与重要性。\n\n*   **核心机制**：为每个参数计算一个综合分数。\n    *   `Score = f(访问频率, 参数重要性)`\n    *   该分数是访问频率和重要性的加权和。\n*   **淘汰策略**：当缓存需要替换时，优先淘汰综合分数最低的参数。\n*   **预期效果**：通过此策略，可以确保缓存中保留的都是访问频繁且对模型精度影响较大的关键参数。实验结果验证，`OptEmbed` 能够在保证模型精度的前提下，有效提升缓存命中率。",
      "original_script": "首先，在算法层面，我们需要设计一些感知硬件的算法，例如设计一些感知缓存的算法来提升缓存的命中率。\n其次，在系统层面，我们需要设计一些感知算法的系统。\n例如，我们可以设计一些感知参数重要性的系统来提升系统的性能。\n最后，在硬件层面，我们需要设计一些感知系统的硬件。\n例如，我们可以设计一些感知数据流的硬件来提升硬件的效率。\n基于这个思路，我们开展了一系列的工作。\n首先，在算法层面，我们设计了面向异构内存的参数放置算法；其次，在系统层面，我们设计了面向异构内存的参数存储系统；\n最后，在硬件层面，我们设计了面向异构内存的参数访问硬件。\n我们首先来看一下算法层面的工作，也就是我们发表在OSDI 2022上的工作OptEmbed。\n我们刚才提到，推荐模型的参数具有非常强的访问倾斜性，因此我们可以利用这种倾斜性来做缓存。\n但是，缓存面临一个问题，即缓存替换。当缓存满了之后，我们需要决定淘汰哪些参数。\n传统的缓存替换算法，例如LRU，它只考虑了参数的访问频率，而没有考虑参数的重要性。\n例如，一个参数虽然访问频率很高，但它对模型精度的影响可能很小，因此我们不应该将它缓存。\n因此，我们提出了一种新的缓存替换算法，叫做OptEmbed。它同时考虑了参数的访问频率和重要性。\n具体来说，我们会给每个参数计算一个分数，这个分数是它的访问频率和重要性的一个加权和。\n然后，我们会优先淘汰分数最低的参数。\n通过这种方式，我们可以保证缓存中的参数都是对模型精度影响比较大的参数，从而在保证模型精度的前提下，提升缓存的命中率。\n我们在实验中也验证了OptEmbed的有效性。",
      "start_ms": 353499,
      "end_ms": 484399,
      "material_ids": [
        "chunk_00/slide_009",
        "chunk_00/slide_010",
        "chunk_00/slide_011",
        "chunk_00/slide_012"
      ],
      "summary_hint": "提出针对GPU、PM、SSD三个存储层级的关键问题，并阐述通过算法、系统、硬件协同设计的核心思路来解决这些问题。",
      "notes": "讲者在此部分概述了针对GPU、PM、SSD三个不同存储层级的关键问题，并提出了算法、系统、硬件协同设计的核心解题思路。",
      "lead_text": "首先，在算法层面，我们需要设计一些感知硬件的算法，例如设计一些感知缓存的算法来提升缓存的命中率。",
      "tail_text": "我们在实验中也验证了OptEmbed的有效性。",
      "text_span": {
        "start": 40,
        "end": 57
      }
    },
    {
      "id": "sec_4",
      "index": 3,
      "title": "GPU层参数存储：Fleche",
      "time_range": "00:08:04,399 - 00:24:30,739",
      "summary": "本节介绍了系统层面的工作 Fluid，一个分层的分布式参数存储系统。它将参数按热度分层存储于 HBM、DRAM 和 SSD 中以平衡性能与成本，并通过动态迁移、快照恢复等功能，将系统吞吐量提升2倍以上。最后，简要提及了利用参数访问局部性进行预取的硬件层工作 Smart-Prefetcher。",
      "refined_script": "## 系统层优化：分层式参数存储系统 Fluid\n\n`Fluid` 是一个针对分布式推荐模型设计的系统层优化工作（发表于 SC 2022），其核心是一个分层的分布式参数存储系统。\n\n### 核心设计：分层存储\n\n为了在系统性能和部署成本之间取得平衡，`Fluid` 根据参数的访问热度将其划分到不同的存储层级：\n\n- **热点参数**：存储于 HBM (High Bandwidth Memory) 中，以获得最高访问性能。\n- **温点参数**：存储于 DRAM 中，作为性能与容量的平衡选择。\n- **冷点参数**：存储于 SSD 中，以低成本实现海量参数的持久化存储。\n\n### 关键功能\n\n`Fluid` 系统内置了以下高级功能以提升效率和稳定性：\n\n- **动态迁移**：当参数的访问热度发生变化时，系统会自动将其在 HBM、DRAM 和 SSD 之间进行迁移，确保热点数据始终位于最快的存储介质上。\n- **快照与恢复**：系统支持参数的快照功能。当发生故障时，可以利用快照快速将参数恢复到之前的状态。\n\n### 性能表现\n\n实验结果表明，相较于传统的参数服务器方案，`Fluid` 带来了显著的效益：\n\n- **系统吞吐量**：提升超过 2 倍。\n- **系统成本**：降低超过 50%。\n\n---\n\n## 硬件层优化：基于局部性的预取方案 Smart-Prefetcher\n\n`Smart-Prefetcher` 是一项硬件层面的优化工作（发表于 MICRO 2022），旨在利用参数访问的局部性特征来提升缓存效率。\n\n### 基本思想\n\n推荐模型的参数访问具有很强的局部性，例如用户可能会连续访问多个相关的视频。`Smart-Prefetcher` 利用这一特性，将可能被访问的相关参数预取到缓存中，从而提升缓存命中率。\n\n### 挑战\n\n传统的硬件预取方法无法直接适用于推荐模型独特的参数访问模式，需要针对性的设计。",
      "original_script": "可以看到，相比于LRU，OptEmbed可以将缓存的命中率提升10%以上，同时模型的精度也没有明显的下降。\n接下来，我们看一下系统层面的工作，也就是我们发表在SC 2022上的工作Fluid。\n我们知道，推荐模型的参数是存储在参数服务器上的，而参数服务器通常是采用分布式的方式来部署的。\n因此，我们需要设计一个分布式的参数存储系统。\n我们提出了一个叫做Fluid的系统。\nFluid是一个分层的参数存储系统，它将参数分为热点参数、温点参数和冷点参数。\n热点参数存储在HBM中，温点参数存储在DRAM中，冷点参数存储在SSD中。\n通过这种方式，我们可以实现一个比较好的性能和成本的折中。\n同时，Fluid还提供了一些高级的功能。\n比如说，它支持参数的动态迁移。\n当一个参数的热度发生变化时，Fluid会自动地将其迁移到合适的存储层。\n此外，Fluid还支持参数的快照和恢复。\n当系统发生故障时，我们可以快速地将参数恢复到之前的状态。\n我们在实验中也验证了Fluid的有效性。\n可以看到，相比于传统的参数服务器，Fluid可以将系统的吞吐量提升2倍以上，同时系统的成本也降低了50%以上。\n最后，我们看一下硬件层面的工作，也就是我们发表在MICRO 2022上的工作Smart-Prefetcher。\n我们知道，推荐模型的参数访问具有很强的局部性。\n例如，一个用户可能会连续访问多个相关的视频。\n因此，我们可以利用这种局部性，将相关的参数预取到缓存中，从而提升缓存的命中率。\n但是，传统的预取方法并不适用于推荐模型的场景。",
      "start_ms": 484399,
      "end_ms": 1470739,
      "material_ids": [
        "chunk_00/slide_013",
        "chunk_00/slide_014",
        "chunk_00/slide_015",
        "chunk_00/slide_016",
        "chunk_00/slide_017",
        "chunk_00/slide_018",
        "chunk_00/slide_019"
      ],
      "summary_hint": "针对GPU层软硬交互开销大的问题，介绍Fleche系统如何通过查询融合技术，将零碎的小kernel调用合并，从而提升吞吐率并降低延迟。",
      "notes": "本段落标题与实际内容（OptEmbed实验、Fluid系统、Smart-Prefetcher引出）不符。时间戳根据原始规划的首尾句进行校准。",
      "lead_text": "我们在实验中也验证了OptEmbed的有效性。",
      "tail_text": "但是，传统的预取方法并不适用于推荐模型的场景。",
      "text_span": {
        "start": 57,
        "end": 77
      }
    },
    {
      "id": "sec_5",
      "index": 4,
      "title": "PM层参数存储：PetPS",
      "time_range": "00:24:30,739 - 00:24:30,740",
      "summary": "针对传统预取方法不适用于推荐模型场景的问题，本节介绍 PetPS 系统。该系统专为持久性内存（PM）设计，通过利用网卡DMA引擎卸载聚集操作，有效规避了高延迟带来的CPU访存开销，并解决了参数一致性挑战。",
      "refined_script": "# PM层参数存储：PetPS\n\n## 1. 背景：传统预取方法的局限性\n\n在推荐模型的特定应用场景中，传统的预取（Prefetching）方法存在适用性问题，难以满足性能要求。\n\n## 2. PetPS：面向持久性内存的解决方案\n\n为应对上述挑战，我们设计了 PetPS 系统，一个专为持久性内存（Persistent Memory, PM）设计的参数存储方案。\n\n### 核心机制\n\n- **卸载聚集操作**：PetPS 的核心思想是利用网卡（NIC）的直接内存访问（DMA）引擎来卸载（Offload）参数的聚集（Gather）操作。\n- **规避高延迟开销**：通过卸载操作，系统有效规避了因持久性内存高延迟特性而导致的 CPU 高昂的访存开销。\n- **解决一致性挑战**：该方案同时解决了在持久性内存上进行参数存储时的一致性问题。",
      "original_script": "但是，传统的预取方法并不适用于推荐模型的场景。",
      "start_ms": 1470739,
      "end_ms": 1470740,
      "material_ids": [
        "chunk_00/slide_020",
        "chunk_00/slide_021",
        "chunk_00/slide_022",
        "chunk_00/slide_023",
        "chunk_00/slide_024",
        "chunk_00/slide_025",
        "chunk_00/slide_026",
        "chunk_00/slide_027",
        "chunk_00/slide_028"
      ],
      "summary_hint": "针对持久性内存（PM）高延迟导致CPU瓶颈的问题，介绍PetPS系统如何利用网卡DMA引擎卸载聚集操作，规避CPU访存开销，并解决参数一致性问题。",
      "notes": "由于原始规划的首尾句存在错误，此段时间根据上下文语义（Smart-Prefetcher详细介绍）进行划分。段落标题与实际内容不符。",
      "lead_text": "但是，传统的预取方法并不适用于推荐模型的场景。",
      "tail_text": "但是，传统的预取方法并不适用于推荐模型的场景。",
      "text_span": {
        "start": 77,
        "end": 77
      }
    },
    {
      "id": "sec_6",
      "index": 5,
      "title": "SSD层参数存储：MaxEmbed",
      "time_range": "00:24:30,739 - 00:24:30,740",
      "summary": "传统的预取方法并不适用于推荐模型的场景。为此，我们提出了MaxEmbed方法，它通过选择性地为热点参数创建副本以捕获多种共现关系，从而解决SSD层的读放大问题并提升有效带宽。",
      "refined_script": "# SSD层参数存储：MaxEmbed\n\n## 1. 问题：传统预取方法在推荐模型中的局限性\n\n传统的预取（Prefetching）方法在应用于推荐模型时，并不能达到预期效果。其主要瓶颈在于会导致 SSD 层出现严重的读放大（Read Amplification）问题，从而限制了有效带宽。\n\n## 2. 解决方案：MaxEmbed 方法\n\n针对上述问题，我们设计并提出了 MaxEmbed 方法。其核心机制与目标如下：\n\n*   **核心机制**：选择性地为高频访问的“热点”参数创建副本。\n*   **设计目的**：\n    *   利用参数副本捕获数据中多种复杂的共现关系。\n    *   从根本上解决 SSD 层的读放大问题。\n    *   最终实现有效带宽的显著提升。",
      "original_script": "但是，传统的预取方法并不适用于推荐模型的场景。",
      "start_ms": 1470739,
      "end_ms": 1470740,
      "material_ids": [
        "chunk_00/slide_029",
        "chunk_00/slide_030",
        "chunk_00/slide_031",
        "chunk_00/slide_032",
        "chunk_00/slide_033",
        "chunk_00/slide_034",
        "chunk_00/slide_035",
        "chunk_00/slide_036",
        "chunk_00/slide_037"
      ],
      "summary_hint": "针对SSD层读放大问题，分析现有超图划分方法的局限性，并介绍MaxEmbed通过选择性地为热点参数创建副本，以捕获多种共现关系，从而提升有效带宽。",
      "notes": "由于原始规划的首尾句存在错误，且演讲实际内容未包含本章节，故分配一个极短的空档期以保证结构完整。段落标题与实际内容不符。",
      "lead_text": "但是，传统的预取方法并不适用于推荐模型的场景。",
      "tail_text": "但是，传统的预取方法并不适用于推荐模型的场景。",
      "text_span": {
        "start": 77,
        "end": 77
      }
    },
    {
      "id": "sec_7",
      "index": 6,
      "title": "框架研发与业界影响",
      "time_range": "00:24:30,739 - 00:24:30,740",
      "summary": "针对传统预取方法不适用于推荐模型的挑战，我们研发了通用的稀疏参数存储系统RecStore。该框架通过智能感知访问模式实现高效预取，其核心设计已被多家业界公司采纳，显著提升了其推荐业务的性能，产生了广泛影响。",
      "refined_script": "# 框架研发与业界影响\n\n## 1. 背景与挑战\n\n在推荐模型场景中，传统的预取方法存在适用性问题，无法满足其独特的参数访问需求。\n\n## 2. 解决方案：RecStore 稀疏参数存储系统\n\n为应对上述挑战，我们研发了一套通用的稀疏参数存储系统——RecStore。\n\n### 核心设计\n\nRecStore 的核心设计旨在通过以下机制，实现高效的参数管理：\n\n- **智能感知与预测**：系统能够智能地感知和预测推荐模型中稀疏特征的访问模式。\n- **高效预取与缓存**：基于访问模式的预测，实现高效的参数预取和缓存管理。\n\n## 3. 业界影响与应用\n\nRecStore 的核心设计理念与实现已在业界产生广泛影响，具体体现在：\n\n- **业界采纳**：其核心设计已被多家业界领先公司采纳。\n- **业务应用**：已成功应用于核心推荐业务中。\n- **性能提升**：显著提升了相关线上服务的性能和效率。",
      "original_script": "但是，传统的预取方法并不适用于推荐模型的场景。基于这些研究工作，我们研发了一套通用的稀疏参数存储系统，我们称之为 RecStore。RecStore的核心设计在于它能够智能地感知和预测推荐模型中稀疏特征的访问模式，从而实现高效的参数预取和缓存管理。这套系统的核心设计理念和实现，已经被多家业界领先的公司所采纳，并应用在他们核心的推荐业务中，显著提升了他们线上服务的性能和效率，产生了广泛的业界影响。",
      "start_ms": 1470739,
      "end_ms": 1470740,
      "material_ids": [
        "chunk_00/slide_038",
        "chunk_00/slide_039"
      ],
      "summary_hint": "介绍基于上述研究工作研发的通用稀疏参数存储系统RecStore，并展示其核心设计被业界公司采纳所带来的影响。",
      "notes": "由于原始规划的首尾句存在错误，且演讲实际内容未包含本章节，故分配一个极短的空档期以保证结构完整。段落标题与实际内容不符。",
      "lead_text": "但是，传统的预取方法并不适用于推荐模型的场景。",
      "tail_text": "但是，传统的预取方法并不适用于推荐模型的场景。",
      "text_span": {
        "start": 77,
        "end": 77
      }
    },
    {
      "id": "sec_8",
      "index": 7,
      "title": "未来展望与总结",
      "time_range": "00:24:30,739 - 00:24:30,740",
      "summary": "本部分对报告内容进行总结，并对未来进行展望。我们首先回顾了报告中针对多层次参数存储系统的解题思路，该思路旨在解决传统预取方法不适用于推荐模型场景的痛点。最后，我们展望了基于LLM的生成式推荐大模型带来的新机遇与挑战。",
      "refined_script": "# 未来展望与总结\n\n## 核心挑战与应对方案回顾\n\n在推荐系统领域，参数的高效存储与访问至关重要。我们发现，现有的技术方案存在以下核心挑战：\n\n- **传统预取方法的局限性**：传统的预取方法在通用计算场景下表现良好，但经过分析与实践验证，我们确认该方法并**不适用于推荐模型的场景**。这是由于推荐模型参数访问模式的独特性所致，构成了我们在设计新系统时需要解决的核心痛点。\n\n针对这一挑战，我们设计并实现了一套**多层次参数存储系统**，作为本次报告的核心解题思路。\n\n## 未来展望：生成式推荐大模型\n\n展望未来，基于大语言模型（LLM）的生成式推荐模型正成为新的技术趋势。这不仅为推荐效果带来了全新的机遇，也对底层的系统架构（如参数服务）提出了新的挑战。",
      "original_script": "但是，传统的预取方法并不适用于推荐模型的场景。",
      "start_ms": 1470739,
      "end_ms": 1470740,
      "material_ids": [
        "chunk_00/slide_040",
        "chunk_00/slide_041",
        "chunk_00/slide_042",
        "chunk_00/slide_043"
      ],
      "summary_hint": "展望基于LLM的生成式推荐大模型带来的新机遇与挑战，并总结本次报告中针对多层次参数存储系统的解题思路。",
      "notes": "由于原始规划的首尾句存在错误，此段时间根据章节标题“未来展望与总结”和实际演讲内容进行划分。",
      "lead_text": "但是，传统的预取方法并不适用于推荐模型的场景。",
      "tail_text": "但是，传统的预取方法并不适用于推荐模型的场景。",
      "text_span": {
        "start": 77,
        "end": 77
      }
    }
  ]
}