{
  "address": "ai_session/part_00/chunk_00/07_capture_frame/slide_003",
  "status": "completed",
  "input": {
    "video": "output/ai_session/part_00/chunk_00/01_cut_chunk/artifacts/chunk_high.mp4",
    "timestamp": "00:02:37.500",
    "frame_id": "slide_003",
    "output_ext": ".png"
  },
  "output": "output/ai_session/part_00/chunk_00/07_capture_frame/slide_003/artifacts/slide_003.png",
  "artifacts": [
    "output/ai_session/part_00/chunk_00/07_capture_frame/slide_003/artifacts/slide_003.png"
  ],
  "metadata": {
    "timestamp": "00:02:37.500",
    "frame_id": "slide_003",
    "ffmpeg": "/opt/homebrew/bin/ffmpeg"
  },
  "trace_id": null,
  "duration_ms": 2458,
  "started_at": "2025-12-15T21:21:14.769887",
  "completed_at": "2025-12-15T13:21:17.235980",
  "step_config": {},
  "dependencies": [
    "slide_timeline"
  ]
}