{
  "address": "ScienceEducationInnovation/part_04/chunk_00/08_crop_decision/slide_020",
  "status": "completed",
  "input": {
    "image_path": "output/ScienceEducationInnovation/part_04/chunk_00/07_capture_frame/slide_020/artifacts/slide_020.png",
    "slide_index": 20,
    "slide_title": "探索方向 2：AI 基础设施稳定性和可靠性 概述故障检测、定位、诊断及恢复的整体技术路径。"
  },
  "output": null,
  "artifacts": [
    "output/ScienceEducationInnovation/part_04/chunk_00/07_capture_frame/slide_020/artifacts/slide_020.png"
  ],
  "metadata": {
    "needs_crop": false,
    "reason": "MANUAL_NO_CROP",
    "manual_override": true
  },
  "trace_id": null,
  "duration_ms": 0,
  "started_at": "2025-12-21T23:27:05.889281",
  "completed_at": "2025-12-21T15:27:05.910993",
  "step_config": {
    "model": "gemini-3-flash-preview",
    "temperature": 0.1,
    "prompt_file": "/Users/lichuan/Codes/TalkDistill/config/prompts/crop_decision.md",
    "schema_file": "/Users/lichuan/Codes/TalkDistill/config/schemas/crop_decision.json"
  },
  "dependencies": [
    "capture_frame"
  ]
}