{
  "address": "ScienceEducationInnovation/part_03/chunk_00/09_apply_crop/slide_031",
  "status": "completed",
  "input": {
    "image_path": "output/ScienceEducationInnovation/part_03/chunk_00/07_capture_frame/slide_031/artifacts/slide_031.png",
    "crop_region": {
      "x": 288,
      "y": 140,
      "width": 1632,
      "height": 939
    }
  },
  "output": "output/ScienceEducationInnovation/part_03/chunk_00/09_apply_crop/slide_031/artifacts/slide_031.png",
  "artifacts": [
    "output/ScienceEducationInnovation/part_03/chunk_00/09_apply_crop/slide_031/artifacts/slide_031.png"
  ],
  "metadata": {
    "source": "output/ScienceEducationInnovation/part_03/chunk_00/07_capture_frame/slide_031/artifacts/slide_031.png",
    "applied": true,
    "crop_region": {
      "x": 288,
      "y": 140,
      "width": 1632,
      "height": 939
    },
    "size": {
      "width": 1632,
      "height": 939
    }
  },
  "trace_id": null,
  "duration_ms": 353,
  "started_at": "2025-12-17T13:30:52.675021",
  "completed_at": "2025-12-17T05:30:53.029039",
  "step_config": {},
  "dependencies": [
    "capture_frame",
    "crop_decision"
  ]
}