{
  "address": "day1_main/part_05/final/04_part_downscale",
  "status": "completed",
  "input": {
    "source": "output/day1_main/part_05/final/03_part_cut/artifacts/part_high.mp4",
    "duration": 935.28,
    "original_fps": 49.99807976366322,
    "output_name": "part_low.mp4"
  },
  "output": {
    "path": "output/day1_main/part_05/final/04_part_downscale/artifacts/part_low.mp4",
    "duration": 935.28,
    "original_fps": 49.99807976366322,
    "target_fps": 8
  },
  "artifacts": [
    "output/day1_main/part_05/final/04_part_downscale/artifacts/part_low.mp4"
  ],
  "metadata": {
    "ffmpeg": "/opt/homebrew/bin/ffmpeg",
    "target_size_mb": 25.0,
    "original_fps": 49.99807976366322,
    "target_fps": 8,
    "min_video_bitrate": 80000,
    "audio_bitrate": 32000,
    "scale_height": 720,
    "prefer_hwaccel": false,
    "size_bytes": 19363413
  },
  "trace_id": null,
  "duration_ms": 25272,
  "started_at": "2025-12-17T19:18:38.471284",
  "completed_at": "2025-12-17T11:19:03.746062",
  "step_config": {},
  "dependencies": [
    "part_cut"
  ]
}