{
  "id": "sec_4",
  "index": 3,
  "title": "推出“宝智灵”RAG一体机，实现成本与性能的最佳平衡",
  "time_range": "00:02:41,010 - 00:05:25,840",
  "script": "就是这个。\n所以，我们跟欧拉交流完之后，我们觉得欧拉的选择更符合我们。\n因为在这之前，其实我们像跟国内其他几个厂家，我们其实都交流过，我们自己内部也搭了系统，也在实践。\n但是我们也碰到了很多问题。\n今天我们在这里跟欧拉一直推出我们叫“宝智灵”的RAG一体机，这个会作为宝德后续在我们推理领域的一个解决方案品牌一直往前在走。\n那么跟欧拉在这做完之后，我们是整个基于我们的一个4U、一机十卡的机器，这个卡是昇腾310 Duo。\n可以把我们整个硬件的成本降到30万级别。\n第二，我们是可以整个预装，预装完之后把整个一套软件全部直接预装，给客户一体机进行交付。\n然后，我们现在所有的软件在我们的实验室都是经过测试过的。\n我们对它的定位是什么？就是我们定位是追求中小型的客户，完了之后有一定并发量，几十路，不会要求高并发。\n我们不跟训练去比高并发。\n我们在8路、32路情况下，实际上是跟910B基本上在并发的数据量上可以达到一个相当的水平，但是我们的硬件成本就做到大幅降低。\n主要追求是这个东西。\n我们追求极致的性价比，在针对我们这种几十路并发下，我们的性能足够好，成本足够低。\n然后我们运维、交付足够简单。\n这个是我们整个方案在追求的目标。\n所以在这里的话，我们直面成本和性能的挑战，从整个系统的角度，某种程度上我们打破过去的软硬件解耦，我们想纵向去进行耦合，去实现整体系统性能的最佳平衡。\n我还记得当时我们跟欧拉第一次交流的时候，欧拉在给我们演示的时候，是用三台910B，大家可以估算出来，这个是在300万级别的做多模态。\n但是通过几个月工作下来，我们今天是用的一台机器、十张310 Duo的卡，整个硬件平台降到了30万级别。\n这个进步是非常大的。\n在这里面，通过我们的软硬件协同调优，通过异构并行融合，通过组合量化策略，通过AI辅助敏捷开发等多种手段。\n可以看到这几个月我们进步非常快，整个完了之后，我们在一个相对来说，一个相对廉价的平台上，达到了一个足够好的性能，做了这件事情。",
  "summary": "宝德联合欧拉推出“宝智灵”RAG一体机，专为追求极致性价比的中小客户设计。该方案通过软硬件深度协同优化，将硬件平台成本从百万级大幅降低至30万级别，同时在几十路并发的推理场景下实现了足够好的性能，达成了成本与性能的最佳平衡。"
}