{
  "address": "ai_session/part_07/chunk_00/07_capture_frame/slide_014",
  "status": "completed",
  "input": {
    "video": "output/ai_session/part_07/chunk_00/01_cut_chunk/artifacts/chunk_high.mp4",
    "timestamp": "00:15:16.300",
    "frame_id": "slide_014",
    "output_ext": ".png"
  },
  "output": "output/ai_session/part_07/chunk_00/07_capture_frame/slide_014/artifacts/slide_014.png",
  "artifacts": [
    "output/ai_session/part_07/chunk_00/07_capture_frame/slide_014/artifacts/slide_014.png"
  ],
  "metadata": {
    "timestamp": "00:15:16.300",
    "frame_id": "slide_014",
    "ffmpeg": "/opt/homebrew/bin/ffmpeg"
  },
  "trace_id": null,
  "duration_ms": 1418,
  "started_at": "2025-12-16T00:21:03.381131",
  "completed_at": "2025-12-15T16:21:04.800605",
  "step_config": {},
  "dependencies": [
    "slide_timeline"
  ]
}