{
  "address": "ScienceEducationInnovation/part_02/chunk_00/07_capture_frame/slide_033",
  "status": "completed",
  "input": {
    "video": "output/ScienceEducationInnovation/part_02/chunk_00/01_cut_chunk/artifacts/chunk_high.mp4",
    "timestamp": "00:16:48.980",
    "frame_id": "slide_033",
    "output_ext": ".png"
  },
  "output": "output/ScienceEducationInnovation/part_02/chunk_00/07_capture_frame/slide_033/artifacts/slide_033.png",
  "artifacts": [
    "output/ScienceEducationInnovation/part_02/chunk_00/07_capture_frame/slide_033/artifacts/slide_033.png"
  ],
  "metadata": {
    "timestamp": "00:16:48.980",
    "frame_id": "slide_033",
    "ffmpeg": "/opt/homebrew/bin/ffmpeg"
  },
  "trace_id": null,
  "duration_ms": 3656,
  "started_at": "2025-12-17T10:50:27.902264",
  "completed_at": "2025-12-17T02:50:31.562025",
  "step_config": {},
  "dependencies": [
    "slide_timeline"
  ]
}