{
  "id": "sec_1",
  "index": 0,
  "title": "开场与主题介绍",
  "time_range": "00:00:00,000 - 00:00:28,075",
  "script": "下面，有请华为技术有限公司AI工程师李宇振先生，为我们带来《通算/智算大模型推理加速协同探索与实践》。大家欢迎。\n大家好。\n我是来自华为的李宇振。今天给大家带来的是《通算/智算大模型推理加速协同探索与实践》。",
  "summary": "主持人邀请华为技术有限公司的AI工程师李宇振先生上台。讲者李宇振向观众问好，并介绍了本次分享的主题：《通算/智算大模型推理加速协同探索与实践》。"
}