{
  "address": "ScienceEducationInnovation/part_02/final/07_script_refine/4",
  "status": "completed",
  "input": {
    "narrative": {
      "id": "sec_005",
      "index": 4,
      "title": "PM层参数存储：PetPS网卡聚集机制利用网卡的SG-DMA功能代替CPU完成参数序列化，规避持久性内存（PM）的高延迟导致的CPU瓶颈。利用网卡的SG-DMA功能代替CPU完成参数序列化，规避持久性内存（PM）的高延迟导致的CPU瓶颈。",
      "time_range": "00:11:52,760 - 00:15:30,665",
      "script": "在 PM 层，第二个工作 PetPS 针对参数服务器换用 PM 后的 CPU 瓶颈问题。\n我们发现 CPU 利用率达到 100%，成为瓶颈。分析 PS 的工作流发现，参数的序列化和聚集过程消耗了大量 CPU 资源，占比约 35%。\n为什么在 DRAM 上这不是问题，换成 PM 就成了问题？\n因为 PM 较慢，在序列化过程中，CPU 需要逐个将参数拷贝到缓冲区，高延迟导致 CPU 耗时显著增加。\n我们的核心想法是利用商用网卡中常被忽视的 SG-DMA（Scatter-Gather DMA）功能。\n它可以代替 CPU 完成 PM 上参数的序列化。CPU 只需向网卡提交包含源地址和目的地址的描述符，网卡即可自动完成内存聚集。\n基于此，我们设计了“网卡聚集机制”。\nCPU 只需发射描述符，由网卡负责拉取参数。整个过程中 CPU 无需直接访问 PM，从而规避了 PM 的高加载延迟，提升了吞吐量。\n当然，这也会带来参数一致性问题。例如网卡正在拉取参数时，参数版本发生了更新。\n网卡对此并不知情，可能导致拉取的数据新旧版本混杂。\n我们通过写时拷贝（Copy-on-Write）和基于 Epoch 的空间回收机制来维护参数一致性，此处不再展开。\n性能测试显示，PetPS 相比经典 PS 系统吞吐量大幅提升，且相比纯 DRAM 系统，延迟基本相当，同时成本降低了 30%。\n小结：针对 PM 延迟导致的 CPU 瓶颈，我们利用网卡 DMA 能力实现了协同访存。",
      "summary": ""
    }
  },
  "output": {
    "section_id": "sec_005",
    "index": 4,
    "title": "PM层参数存储：PetPS网卡聚集机制利用网卡的SG-DMA功能代替CPU完成参数序列化，规避持久性内存（PM）的高延迟导致的CPU瓶颈。利用网卡的SG-DMA功能代替CPU完成参数序列化，规避持久性内存（PM）的高延迟导致的CPU瓶颈。",
    "time_range": "00:11:52,760 - 00:15:30,665",
    "refined_script": "# PetPS：基于网卡 SG-DMA 的高性能持久性内存（PM）参数存储机制\n\n## 1. 背景与挑战\n在参数服务器（Parameter Server, PS）架构中，引入持久性内存（Persistent Memory, PM）旨在平衡存储容量与成本。然而，实际部署中发现系统吞吐量受限于 CPU 瓶颈（利用率达 100%），而非网络或存储带宽。\n\n### 1.1 核心痛点：序列化开销\n*   **资源消耗**：参数的序列化与聚集（Aggregation）过程占据了约 35% 的 CPU 资源。\n*   **性能衰减诱因**：在 DRAM 环境下，序列化开销尚可接受；但在 PM 环境下，由于 PM 的访问延迟高于 DRAM，CPU 在执行逐个参数拷贝至缓冲区的过程中，高加载延迟导致 CPU 耗时显著增加，形成严重的性能瓶颈。\n\n## 2. 核心设计：网卡聚集机制 (NIC Aggregation)\n为了规避 CPU 直接访问 PM 带来的延迟瓶颈，PetPS 利用商用网卡中常被忽视的 **SG-DMA（Scatter-Gather DMA）** 功能，将参数聚集任务从 CPU 卸载（Offload）至网卡。\n\n### 2.1 工作流程\n1.  **描述符发射**：CPU 不再直接执行内存拷贝，而是构建包含参数源地址（PM 空间）和目的地址的描述符（Descriptors）。\n2.  **异步聚集**：CPU 将描述符提交给网卡后即可释放，由网卡硬件自动完成内存数据的拉取与聚集。\n3.  **协同访存**：整个过程实现了 CPU 与网卡的协同工作，CPU 无需直接参与 PM 数据的搬运，从而有效规避了 PM 的高加载延迟。\n\n## 3. 数据一致性保障\n由于网卡异步拉取数据与 CPU 更新参数可能存在并发冲突（即网卡读取时参数版本发生更新），PetPS 设计了专门的一致性维护机制：\n\n*   **写时拷贝 (Copy-on-Write, CoW)**：当参数需要更新时，不直接覆盖原数据，确保网卡读取的是一致的历史版本。\n*   **空间回收**：引入**基于 Epoch 的空间回收机制**，确保已失效的旧版本参数在所有读取操作完成后能被安全回收。\n\n## 4. 性能表现与价值\n实验数据表明，PetPS 在保持高性能的同时显著优化了成本结构：\n\n| 维度 | 表现描述 |\n| :--- | :--- |\n| **吞吐量** | 较经典 PS 系统有大幅提升 |\n| **延迟** | 与纯 DRAM 系统基本持平 |\n| **成本** | 相比纯 DRAM 方案降低了约 30% |\n\n## 5. 小结\nPetPS 通过利用网卡的硬件 DMA 能力，成功解决了 PM 存储层中的 CPU 瓶颈问题。这种“协同访存”的设计思路，为高延迟存储介质在高性能计算场景中的应用提供了有效的参考路径。",
    "summary": "",
    "original_script": "在 PM 层，第二个工作 PetPS 针对参数服务器换用 PM 后的 CPU 瓶颈问题。\n我们发现 CPU 利用率达到 100%，成为瓶颈。分析 PS 的工作流发现，参数的序列化和聚集过程消耗了大量 CPU 资源，占比约 35%。\n为什么在 DRAM 上这不是问题，换成 PM 就成了问题？\n因为 PM 较慢，在序列化过程中，CPU 需要逐个将参数拷贝到缓冲区，高延迟导致 CPU 耗时显著增加。\n我们的核心想法是利用商用网卡中常被忽视的 SG-DMA（Scatter-Gather DMA）功能。\n它可以代替 CPU 完成 PM 上参数的序列化。CPU 只需向网卡提交包含源地址和目的地址的描述符，网卡即可自动完成内存聚集。\n基于此，我们设计了“网卡聚集机制”。\nCPU 只需发射描述符，由网卡负责拉取参数。整个过程中 CPU 无需直接访问 PM，从而规避了 PM 的高加载延迟，提升了吞吐量。\n当然，这也会带来参数一致性问题。例如网卡正在拉取参数时，参数版本发生了更新。\n网卡对此并不知情，可能导致拉取的数据新旧版本混杂。\n我们通过写时拷贝（Copy-on-Write）和基于 Epoch 的空间回收机制来维护参数一致性，此处不再展开。\n性能测试显示，PetPS 相比经典 PS 系统吞吐量大幅提升，且相比纯 DRAM 系统，延迟基本相当，同时成本降低了 30%。\n小结：针对 PM 延迟导致的 CPU 瓶颈，我们利用网卡 DMA 能力实现了协同访存。"
  },
  "artifacts": [
    "output/ScienceEducationInnovation/part_02/final/07_script_refine/4/artifacts/section_sec_005_refined.md"
  ],
  "metadata": {
    "refined_length": 1210,
    "original_length": 628,
    "summary_length": 0
  },
  "trace_id": "bbad2067-f5fd-4d1f-af04-0ea3591fab31",
  "duration_ms": 25873,
  "started_at": "2025-12-19T00:56:09.942605",
  "completed_at": "2025-12-18T16:56:35.816564",
  "step_config": {
    "model": "gemini-3-flash-preview",
    "temperature": 0.2,
    "prompt_file": "/Users/lichuan/Codes/TalkDistill/config/prompts/script_refine.md",
    "schema_file": "/Users/lichuan/Codes/TalkDistill/config/schemas/script_refine.json"
  },
  "dependencies": [
    "section_timing"
  ]
}