{
  "address": "ai_session/part_09/chunk_00/09_apply_crop/slide_016",
  "status": "completed",
  "input": {
    "image_path": "output/ai_session/part_09/chunk_00/07_capture_frame/slide_016/artifacts/slide_016.png",
    "crop_region": {
      "x": 0,
      "y": 0,
      "width": 902,
      "height": 1080
    }
  },
  "output": "output/ai_session/part_09/chunk_00/09_apply_crop/slide_016/artifacts/slide_016.png",
  "artifacts": [
    "output/ai_session/part_09/chunk_00/09_apply_crop/slide_016/artifacts/slide_016.png"
  ],
  "metadata": {
    "source": "output/ai_session/part_09/chunk_00/07_capture_frame/slide_016/artifacts/slide_016.png",
    "applied": true,
    "crop_region": {
      "x": 0,
      "y": 0,
      "width": 902,
      "height": 1080
    },
    "size": {
      "width": 902,
      "height": 1080
    }
  },
  "trace_id": null,
  "duration_ms": 165,
  "started_at": "2025-12-16T01:06:51.505815",
  "completed_at": "2025-12-15T17:06:51.671638",
  "step_config": {},
  "dependencies": [
    "capture_frame",
    "crop_decision"
  ]
}