{
  "address": "ai_session/part_03/chunk_00/09_apply_crop/slide_018",
  "status": "completed",
  "input": {
    "image_path": "output/ai_session/part_03/chunk_00/07_capture_frame/slide_018/artifacts/slide_018.png",
    "crop_region": {
      "x": 464,
      "y": 140,
      "width": 1455,
      "height": 939
    }
  },
  "output": "output/ai_session/part_03/chunk_00/09_apply_crop/slide_018/artifacts/slide_018.png",
  "artifacts": [
    "output/ai_session/part_03/chunk_00/09_apply_crop/slide_018/artifacts/slide_018.png"
  ],
  "metadata": {
    "source": "output/ai_session/part_03/chunk_00/07_capture_frame/slide_018/artifacts/slide_018.png",
    "applied": true,
    "crop_region": {
      "x": 464,
      "y": 140,
      "width": 1455,
      "height": 939
    },
    "size": {
      "width": 1455,
      "height": 939
    }
  },
  "trace_id": null,
  "duration_ms": 472,
  "started_at": "2025-12-15T23:21:59.369163",
  "completed_at": "2025-12-15T15:21:59.842538",
  "step_config": {},
  "dependencies": [
    "capture_frame",
    "crop_decision"
  ]
}