{
  "address": "ScienceEducationInnovation/part_02/chunk_00/01_cut_chunk",
  "status": "completed",
  "input": {
    "video": "/Users/lichuan/Codes/TalkDistill/ScienceEducationInnovation.mp4",
    "start": 1921.105,
    "duration": 1470.7399999999998,
    "output_name": "chunk_high.mp4"
  },
  "output": {
    "path": "output/ScienceEducationInnovation/part_02/chunk_00/01_cut_chunk/artifacts/chunk_high.mp4",
    "start": 1921.105,
    "duration": 1470.7399999999998
  },
  "artifacts": [
    "output/ScienceEducationInnovation/part_02/chunk_00/01_cut_chunk/artifacts/chunk_high.mp4"
  ],
  "metadata": {
    "ffmpeg": "/opt/homebrew/bin/ffmpeg",
    "start": 1921.105,
    "duration": 1470.7399999999998,
    "size_bytes": 765082793
  },
  "trace_id": null,
  "duration_ms": 658,
  "started_at": "2025-12-16T22:36:32.630181",
  "completed_at": "2025-12-16T14:36:33.290849",
  "step_config": {},
  "dependencies": []
}