{
  "address": "ai_session/part_03/chunk_00/07_capture_frame/slide_016",
  "status": "completed",
  "input": {
    "video": "output/ai_session/part_03/chunk_00/01_cut_chunk/artifacts/chunk_high.mp4",
    "timestamp": "00:13:46.200",
    "frame_id": "slide_016",
    "output_ext": ".png"
  },
  "output": "output/ai_session/part_03/chunk_00/07_capture_frame/slide_016/artifacts/slide_016.png",
  "artifacts": [
    "output/ai_session/part_03/chunk_00/07_capture_frame/slide_016/artifacts/slide_016.png"
  ],
  "metadata": {
    "timestamp": "00:13:46.200",
    "frame_id": "slide_016",
    "ffmpeg": "/opt/homebrew/bin/ffmpeg"
  },
  "trace_id": null,
  "duration_ms": 2568,
  "started_at": "2025-12-15T23:19:15.560620",
  "completed_at": "2025-12-15T15:19:18.131068",
  "step_config": {},
  "dependencies": [
    "slide_timeline"
  ]
}