{
  "id": "sec_5",
  "index": 4,
  "title": "下一步工作方向",
  "time_range": "00:10:46,140 - 00:12:19,515",
  "script": "那基于客户的反馈以及实际落地中的痛点，我们也梳理了下一步的重点的一个工作方向。首先我们是希望能够从手工融合走向一个自动融合，去结合我们之前已经积累的大量的人工调优的一个经验，去共建更通用的一个自动图融合的策略，来提升我们融合的一个泛化能力，去灵活地覆盖到更多场景的一个融合诉求。第二点的话就是去提升我们编译器对动态batch的一个支持能力，来适应更好的适应就是当前真实业务中的一个流量波动。因为我们当，我们我们现在的编译器是只支持静态shape，它在面对变长输入的时候，它会再次进行触发编译，这个过程就会增加我们的编译耗时以及它会生成一些大量冗余的一个编译结果。那第三点的话就是去增强算子算子间并行的一个优化。我们当前的图算融合会把多个小的算子去融合成一个单个算子的一个调用，那这个过程虽然减少了调度的开销，但是也降低了一个inter-op级别的一个并行性。那我们未来将去解决这个问题，去充分地去发挥这个多核CPU的一个并发性能，让我们的融合算子也能在CPU中进行一个并发的一个执行。然后最后在量化方面的话，我们也是计划去打造一套面向CPU的高精度搜推场景的自动PTQ工具链。",
  "summary": "基于客户反馈和落地痛点，我们梳理了下一步的重点工作方向。这包括从手工融合走向自动融合，增强编译器对动态batch的支持，优化算子间的并行执行以发挥多核CPU性能，以及打造面向CPU的自动PTQ量化工具链。"
}