{
  "address": "day1_main/part_07/chunk_00/09_apply_crop/slide_002",
  "status": "completed",
  "input": {
    "image_path": "output/day1_main/part_07/chunk_00/07_capture_frame/slide_002/artifacts/slide_002.png",
    "crop_region": {
      "x": 566,
      "y": 0,
      "width": 1353,
      "height": 1080
    }
  },
  "output": "output/day1_main/part_07/chunk_00/09_apply_crop/slide_002/artifacts/slide_002.png",
  "artifacts": [
    "output/day1_main/part_07/chunk_00/09_apply_crop/slide_002/artifacts/slide_002.png"
  ],
  "metadata": {
    "source": "output/day1_main/part_07/chunk_00/07_capture_frame/slide_002/artifacts/slide_002.png",
    "applied": true,
    "crop_region": {
      "x": 566,
      "y": 0,
      "width": 1353,
      "height": 1080
    },
    "size": {
      "width": 1353,
      "height": 1080
    }
  },
  "trace_id": null,
  "duration_ms": 69,
  "started_at": "2025-12-17T19:50:37.785573",
  "completed_at": "2025-12-17T11:50:37.856256",
  "step_config": {},
  "dependencies": [
    "capture_frame",
    "crop_decision"
  ]
}