{
  "address": "ai_session/part_03/chunk_00/09_apply_crop/slide_012",
  "status": "completed",
  "input": {
    "image_path": "output/ai_session/part_03/chunk_00/07_capture_frame/slide_012/artifacts/slide_012.png",
    "crop_region": {
      "x": 618,
      "y": 194,
      "width": 1301,
      "height": 756
    }
  },
  "output": "output/ai_session/part_03/chunk_00/09_apply_crop/slide_012/artifacts/slide_012.png",
  "artifacts": [
    "output/ai_session/part_03/chunk_00/09_apply_crop/slide_012/artifacts/slide_012.png"
  ],
  "metadata": {
    "source": "output/ai_session/part_03/chunk_00/07_capture_frame/slide_012/artifacts/slide_012.png",
    "applied": true,
    "crop_region": {
      "x": 618,
      "y": 194,
      "width": 1301,
      "height": 756
    },
    "size": {
      "width": 1301,
      "height": 756
    }
  },
  "trace_id": null,
  "duration_ms": 235,
  "started_at": "2025-12-15T23:21:59.367960",
  "completed_at": "2025-12-15T15:21:59.663273",
  "step_config": {},
  "dependencies": [
    "capture_frame",
    "crop_decision"
  ]
}