{
  "address": "ScienceEducationInnovation/part_02/chunk_00/07_capture_frame/slide_029",
  "status": "completed",
  "input": {
    "video": "output/ScienceEducationInnovation/part_02/chunk_00/01_cut_chunk/artifacts/chunk_high.mp4",
    "timestamp": "00:15:05.380",
    "frame_id": "slide_029",
    "output_ext": ".png"
  },
  "output": "output/ScienceEducationInnovation/part_02/chunk_00/07_capture_frame/slide_029/artifacts/slide_029.png",
  "artifacts": [
    "output/ScienceEducationInnovation/part_02/chunk_00/07_capture_frame/slide_029/artifacts/slide_029.png"
  ],
  "metadata": {
    "timestamp": "00:15:05.380",
    "frame_id": "slide_029",
    "ffmpeg": "/opt/homebrew/bin/ffmpeg"
  },
  "trace_id": null,
  "duration_ms": 3332,
  "started_at": "2025-12-17T10:50:27.902221",
  "completed_at": "2025-12-17T02:50:31.236000",
  "step_config": {},
  "dependencies": [
    "slide_timeline"
  ]
}