{
  "address": "ai_session/part_06/chunk_00/09_apply_crop/slide_007",
  "status": "completed",
  "input": {
    "image_path": "output/ai_session/part_06/chunk_00/07_capture_frame/slide_007/artifacts/slide_007.png",
    "crop_region": {
      "x": 614,
      "y": 172,
      "width": 1305,
      "height": 907
    }
  },
  "output": "output/ai_session/part_06/chunk_00/09_apply_crop/slide_007/artifacts/slide_007.png",
  "artifacts": [
    "output/ai_session/part_06/chunk_00/09_apply_crop/slide_007/artifacts/slide_007.png"
  ],
  "metadata": {
    "source": "output/ai_session/part_06/chunk_00/07_capture_frame/slide_007/artifacts/slide_007.png",
    "applied": true,
    "crop_region": {
      "x": 614,
      "y": 172,
      "width": 1305,
      "height": 907
    },
    "size": {
      "width": 1305,
      "height": 907
    }
  },
  "trace_id": null,
  "duration_ms": 116,
  "started_at": "2025-12-15T23:49:14.309838",
  "completed_at": "2025-12-15T15:49:14.426931",
  "step_config": {},
  "dependencies": [
    "capture_frame",
    "crop_decision"
  ]
}