{
  "address": "ai_session/part_03/chunk_00/09_apply_crop/slide_011",
  "status": "completed",
  "input": {
    "image_path": "output/ai_session/part_03/chunk_00/07_capture_frame/slide_011/artifacts/slide_011.png",
    "crop_region": {
      "x": 570,
      "y": 135,
      "width": 1349,
      "height": 945
    }
  },
  "output": "output/ai_session/part_03/chunk_00/09_apply_crop/slide_011/artifacts/slide_011.png",
  "artifacts": [
    "output/ai_session/part_03/chunk_00/09_apply_crop/slide_011/artifacts/slide_011.png"
  ],
  "metadata": {
    "source": "output/ai_session/part_03/chunk_00/07_capture_frame/slide_011/artifacts/slide_011.png",
    "applied": true,
    "crop_region": {
      "x": 570,
      "y": 135,
      "width": 1349,
      "height": 945
    },
    "size": {
      "width": 1349,
      "height": 945
    }
  },
  "trace_id": null,
  "duration_ms": 290,
  "started_at": "2025-12-15T23:21:59.367697",
  "completed_at": "2025-12-15T15:21:59.691568",
  "step_config": {},
  "dependencies": [
    "capture_frame",
    "crop_decision"
  ]
}