{
  "address": "ai_session/part_06/final/10_part_digest",
  "status": "completed",
  "input": {
    "part_index": 6,
    "part_start_s": 5926.23,
    "part_duration_s": 721.5800000000008,
    "sections": [
      {
        "id": "sec_001",
        "index": 0,
        "title": "开场与介绍",
        "time_range": "00:00:00,511 - 00:00:26,460",
        "summary": "主持人邀请北京凝思软件股份有限公司的研发经理钟茂恒先生上台分享。钟茂恒进行自我介绍，并引出本次分享的主题：关于公司在AIOps领域的一些思考和实践。",
        "start_ms": 511,
        "end_ms": 26460,
        "material_ids": [
          "chunk_00/slide_001",
          "chunk_00/slide_002"
        ]
      },
      {
        "id": "sec_002",
        "index": 1,
        "title": "当前运维面临的挑战",
        "time_range": "00:00:28,520 - 00:02:07,615",
        "summary": "讲者指出，在混合云和微服务成为常态的背景下，运维工作面临着复杂性剧增、故障定位困难、安全风险高和人力成本高四大挑战。这些深刻的痛点催生了对自动化运维解决方案的需求。",
        "start_ms": 28520,
        "end_ms": 127615,
        "material_ids": [
          "chunk_00/slide_003",
          "chunk_00/slide_004"
        ]
      },
      {
        "id": "sec_003",
        "index": 2,
        "title": "解决方案总览",
        "time_range": "00:02:08,949 - 00:02:34,445",
        "summary": "本节介绍了凝思软件的智能运维平台。该平台基于 openEuler intelligence 的 agent 基座，提供了一套完整的解决方案，其核心能力包括全面监控、主动预警、智能分析、自动化作业以及故障自愈。",
        "start_ms": 128949,
        "end_ms": 154445,
        "material_ids": [
          "chunk_00/slide_005"
        ]
      },
      {
        "id": "sec_004",
        "index": 3,
        "title": "平台技术架构",
        "time_range": "00:02:35,390 - 00:05:26,825",
        "summary": "该平台技术架构自下而上地展示了数据流转与价值提炼的过程，从全面、低开销的底层数据采集，到模型抽象与实时告警分析，再到上层的开箱即用运维工具。平台通过高可用网络架构保障系统可靠性，并已支持接入国网光明、南网大问头及千问等多种主流大模型。",
        "start_ms": 155390,
        "end_ms": 326825,
        "material_ids": [
          "chunk_00/slide_006",
          "chunk_00/slide_007"
        ]
      },
      {
        "id": "sec_005",
        "index": 4,
        "title": "核心能力：双模型协同与产品演示",
        "time_range": "00:05:29,400 - 00:09:36,635",
        "summary": "该平台采用创新的双模型协同设计，由大模型担任指挥官理解用户意图，专精小模型则作为特种部队高效执行异常检测等具体任务。以根因分析智能体为例，大模型在小模型预警后介入，通过日志分析、指标关联等步骤推理出故障根因并提供解决方案。最后，通过产品界面预览，展示了机器Top视图、详细指标监控和根因分析报告等核心功能。",
        "start_ms": 329400,
        "end_ms": 576635,
        "material_ids": [
          "chunk_00/slide_008",
          "chunk_00/slide_009",
          "chunk_00/slide_010",
          "chunk_00/slide_011"
        ]
      },
      {
        "id": "sec_006",
        "index": 5,
        "title": "未来展望",
        "time_range": "00:09:38,270 - 00:10:56,030",
        "summary": "产品的未来目标是形成一个完整的、自治的智能运维闭环，实现从故障预测、智能调优到深度分析和故障自愈。所有运维经验将沉淀到知识库中形成持续反馈，反向优化AI模型，让整个系统越用越智能。",
        "start_ms": 578270,
        "end_ms": 656030,
        "material_ids": [
          "chunk_00/slide_012"
        ]
      },
      {
        "id": "sec_007",
        "index": 6,
        "title": "应用场景",
        "time_range": "00:11:05,000 - 00:11:25,025",
        "summary": "我们的智能运维产品已在能源、金融、交通、电信等多个关键领域成功实践。我们期待与更多行业伙伴合作，共同探索智能运维的未来与无限可能。",
        "start_ms": 665000,
        "end_ms": 685025,
        "material_ids": [
          "chunk_00/slide_013"
        ]
      },
      {
        "id": "sec_008",
        "index": 7,
        "title": "总结与致谢",
        "time_range": "00:11:26,250 - 00:12:01,580",
        "summary": "讲者结束分享后，主持人进行了总结。他强调，凝思的AI智能运维平台通过结合eBPF、RAG及大小模型，实现了从被动故障分析到主动运维的转变，构建了感知、决策、优化的运维自治新体验。",
        "start_ms": 686250,
        "end_ms": 721580,
        "material_ids": [
          "chunk_00/slide_014",
          "chunk_00/slide_015"
        ]
      }
    ],
    "materials": [
      {
        "id": "chunk_00/slide_001",
        "type": "slide",
        "title": "AI分论坛 开场背景页",
        "start_ms": 500,
        "end_ms": 5500,
        "best_capture_ms": null
      },
      {
        "id": "chunk_00/slide_002",
        "type": "slide",
        "title": "凝思智能运维平台 演讲标题页，演讲者：钟茂恒",
        "start_ms": 7500,
        "end_ms": 26500,
        "best_capture_ms": null
      },
      {
        "id": "chunk_00/slide_003",
        "type": "slide",
        "title": "复杂性剧增 / 故障定位难 列出三点挑战（复杂性、故障定位、安全风险）",
        "start_ms": 28500,
        "end_ms": 36500,
        "best_capture_ms": null
      },
      {
        "id": "chunk_00/slide_004",
        "type": "slide",
        "title": "当前运维挑战 列出四点挑战（增加人力成本高），版式变为四列图标",
        "start_ms": 38500,
        "end_ms": 127500,
        "best_capture_ms": null
      },
      {
        "id": "chunk_00/slide_005",
        "type": "slide",
        "title": "我们的解决方案——传承开源，聚智赋能 金字塔结构图，底部 openEuler intelligence",
        "start_ms": 129500,
        "end_ms": 154500,
        "best_capture_ms": null
      },
      {
        "id": "chunk_00/slide_006",
        "type": "slide",
        "title": "凝思智能运维平台架构 复杂的系统架构方框图",
        "start_ms": 156500,
        "end_ms": 290500,
        "best_capture_ms": null
      },
      {
        "id": "chunk_00/slide_007",
        "type": "slide",
        "title": "网络架构 展示全交设备、智能集群、算力大模型等网络拓扑",
        "start_ms": 292500,
        "end_ms": 327500,
        "best_capture_ms": null
      },
      {
        "id": "chunk_00/slide_008",
        "type": "slide",
        "title": "双模型协同 小模型与大模型协同工作的示意图",
        "start_ms": 329500,
        "end_ms": 434500,
        "best_capture_ms": null
      },
      {
        "id": "chunk_00/slide_009",
        "type": "slide",
        "title": "产品预览 展示四张系统界面截图（短暂出现）",
        "start_ms": 436000,
        "end_ms": 437800,
        "best_capture_ms": null
      },
      {
        "id": "chunk_00/slide_010",
        "type": "slide",
        "title": "根因分析智能体 流程图：问题检测 -> 任务拆解 -> 根因报告",
        "start_ms": 439500,
        "end_ms": 522500,
        "best_capture_ms": null
      },
      {
        "id": "chunk_00/slide_011",
        "type": "slide",
        "title": "产品预览 展示四张系统界面截图（再次出现并详细讲解）",
        "start_ms": 524500,
        "end_ms": 576500,
        "best_capture_ms": null
      },
      {
        "id": "chunk_00/slide_012",
        "type": "slide",
        "title": "未来展望 智能体与大模型闭环反馈示意图",
        "start_ms": 578500,
        "end_ms": 663500,
        "best_capture_ms": null
      },
      {
        "id": "chunk_00/slide_013",
        "type": "slide",
        "title": "应用场景 展示能源、金融、交通、电信四个垂直领域图片",
        "start_ms": 665500,
        "end_ms": 684500,
        "best_capture_ms": null
      },
      {
        "id": "chunk_00/slide_014",
        "type": "slide",
        "title": "THANKS 结束致谢页",
        "start_ms": 686000,
        "end_ms": 688500,
        "best_capture_ms": null
      },
      {
        "id": "chunk_00/slide_015",
        "type": "slide",
        "title": "AI分论坛 主持人总结，屏幕切回通用背景",
        "start_ms": 690500,
        "end_ms": 721000,
        "best_capture_ms": null
      }
    ],
    "graph": {
      "nodes": [
        {
          "id": "p1",
          "label": "当前运维面临的挑战",
          "category": "Pillar",
          "references": {
            "section_ids": [
              "sec_002"
            ],
            "material_ids": [
              "chunk_00/slide_003",
              "chunk_00/slide_004"
            ],
            "highlight": {
              "primary_material_id": "chunk_00/slide_004",
              "primary_time_ts": "00:00:38,500",
              "primary_time_ms": 38500
            }
          },
          "parent": null,
          "summary": "在混合云和微服务成为常态的背景下，现代IT运维工作面临复杂性剧增、故障定位困难、安全风险高和人力成本高四大核心挑战。"
        },
        {
          "id": "d1_1",
          "label": "复杂性剧增",
          "category": "Problem",
          "references": {
            "section_ids": [
              "sec_002"
            ],
            "material_ids": [
              "chunk_00/slide_003",
              "chunk_00/slide_004"
            ],
            "highlight": {
              "primary_material_id": "chunk_00/slide_003",
              "primary_time_ts": "00:00:28,500",
              "primary_time_ms": 28500
            }
          },
          "parent": "p1",
          "summary": "由于混合云和微服务架构的普及，运维监控对象的数量呈爆炸式增长，显著提升了管理和维护的复杂度。"
        },
        {
          "id": "d1_2",
          "label": "故障定位困难",
          "category": "Problem",
          "references": {
            "section_ids": [
              "sec_002"
            ],
            "material_ids": [
              "chunk_00/slide_003",
              "chunk_00/slide_004"
            ],
            "highlight": {
              "primary_material_id": "chunk_00/slide_003",
              "primary_time_ts": "00:00:28,500",
              "primary_time_ms": 28500
            }
          },
          "parent": "p1",
          "summary": "运维团队常陷入“救火式”的被动响应，海量告警淹没了分析根因的精力，导致平均修复时间（MTTR）延长。"
        },
        {
          "id": "d1_3",
          "label": "安全风险高",
          "category": "Problem",
          "references": {
            "section_ids": [
              "sec_002"
            ],
            "material_ids": [
              "chunk_00/slide_003",
              "chunk_00/slide_004"
            ],
            "highlight": {
              "primary_material_id": "chunk_00/slide_003",
              "primary_time_ts": "00:00:28,500",
              "primary_time_ms": 28500
            }
          },
          "parent": "p1",
          "summary": "系统持续面临来自软件漏洞和配置偏差等安全威胁，任何疏忽都可能引发严重的安全事件。"
        },
        {
          "id": "d1_4",
          "label": "人力成本高",
          "category": "Problem",
          "references": {
            "section_ids": [
              "sec_002"
            ],
            "material_ids": [
              "chunk_00/slide_004"
            ],
            "highlight": {
              "primary_material_id": "chunk_00/slide_004",
              "primary_time_ts": "00:00:38,500",
              "primary_time_ms": 38500
            }
          },
          "parent": "p1",
          "summary": "运维团队需要7x24小时值守，且精力被大量重复、低价值的告警处理工作消耗，导致人力成本攀升。"
        },
        {
          "id": "p2",
          "label": "凝思智能运维平台解决方案",
          "category": "Pillar",
          "references": {
            "section_ids": [
              "sec_003",
              "sec_004",
              "sec_005"
            ],
            "material_ids": [
              "chunk_00/slide_005",
              "chunk_00/slide_006",
              "chunk_00/slide_007",
              "chunk_00/slide_008",
              "chunk_00/slide_010",
              "chunk_00/slide_011"
            ],
            "highlight": {
              "primary_material_id": "chunk_00/slide_005",
              "primary_time_ts": "00:02:09,500",
              "primary_time_ms": 129500
            }
          },
          "parent": null,
          "summary": "一套基于openEuler intelligence的完整解决方案，通过分层技术架构和创新的双模型协同设计，提供全面监控、智能分析和故障自愈等核心能力。"
        },
        {
          "id": "d2_1",
          "label": "分层技术架构",
          "category": "Concept",
          "references": {
            "section_ids": [
              "sec_004"
            ],
            "material_ids": [
              "chunk_00/slide_006",
              "chunk_00/slide_007"
            ],
            "highlight": {
              "primary_material_id": "chunk_00/slide_006",
              "primary_time_ts": "00:02:36,500",
              "primary_time_ms": 156500
            }
          },
          "parent": "p2",
          "summary": "平台采用自下而上的分层架构，从底层全面的数据采集，到中层的数据模型抽象与实时分析，再到上层开箱即用的运维工具，并由高可用网络架构保障可靠性。"
        },
        {
          "id": "d2_2",
          "label": "核心能力：双模型协同",
          "category": "Technology",
          "references": {
            "section_ids": [
              "sec_005"
            ],
            "material_ids": [
              "chunk_00/slide_008"
            ],
            "highlight": {
              "primary_material_id": "chunk_00/slide_008",
              "primary_time_ts": "00:05:29,500",
              "primary_time_ms": 329500
            }
          },
          "parent": "p2",
          "summary": "平台采用创新的“指挥官+特种部队”模式，由大模型理解用户意图并进行任务规划，由专精小模型高效执行异常检测等具体任务。"
        },
        {
          "id": "d2_3",
          "label": "应用：根因分析智能体",
          "category": "Technology",
          "references": {
            "section_ids": [
              "sec_005"
            ],
            "material_ids": [
              "chunk_00/slide_010"
            ],
            "highlight": {
              "primary_material_id": "chunk_00/slide_010",
              "primary_time_ts": "00:07:19,500",
              "primary_time_ms": 439500
            }
          },
          "parent": "p2",
          "summary": "双模型协同的典型应用。当小模型预测到故障时，将触发大模型介入，启动根因分析智能体进行日志分析、指标关联等深度诊断，最终输出分析报告和解决方案。"
        },
        {
          "id": "d2_4",
          "label": "能力：多厂商大模型集成",
          "category": "Technology",
          "references": {
            "section_ids": [
              "sec_004"
            ],
            "material_ids": [
              "chunk_00/slide_007"
            ],
            "highlight": {
              "primary_material_id": "chunk_00/slide_007",
              "primary_time_ts": "00:05:20,000",
              "primary_time_ms": 320000
            }
          },
          "parent": "p2",
          "summary": "平台具备灵活的大模型接入能力，已支持国网光明、南网大问头等行业模型，以及通义千问、DeepSeek等通用主流模型。"
        },
        {
          "id": "p3",
          "label": "未来展望与核心价值",
          "category": "Pillar",
          "references": {
            "section_ids": [
              "sec_006",
              "sec_007",
              "sec_008"
            ],
            "material_ids": [
              "chunk_00/slide_012",
              "chunk_00/slide_013",
              "chunk_00/slide_015"
            ],
            "highlight": {
              "primary_material_id": "chunk_00/slide_012",
              "primary_time_ts": "00:09:38,500",
              "primary_time_ms": 578500
            }
          },
          "parent": null,
          "summary": "产品的长期目标是构建一个从故障预测到自愈的自治智能运维闭环，并通过知识库沉淀持续优化AI模型，最终实现感知、决策、优化的运维自治新体验。"
        },
        {
          "id": "d3_1",
          "label": "目标：自治的智能运维闭环",
          "category": "Concept",
          "references": {
            "section_ids": [
              "sec_006"
            ],
            "material_ids": [
              "chunk_00/slide_012"
            ],
            "highlight": {
              "primary_material_id": "chunk_00/slide_012",
              "primary_time_ts": "00:09:38,500",
              "primary_time_ms": 578500
            }
          },
          "parent": "p3",
          "summary": "未来规划的核心是形成一个完整的、自治的闭环，覆盖事前预测调优（防患于未然）和事后分析自愈（自动恢复）的全流程。"
        },
        {
          "id": "d3_2",
          "label": "机制：知识库驱动模型优化",
          "category": "Technology",
          "references": {
            "section_ids": [
              "sec_006"
            ],
            "material_ids": [
              "chunk_00/slide_012"
            ],
            "highlight": {
              "primary_material_id": "chunk_00/slide_012",
              "primary_time_ts": "00:10:35,000",
              "primary_time_ms": 635000
            }
          },
          "parent": "p3",
          "summary": "所有运维经验和操作结果都将沉淀到知识库中，形成持续反馈，反向优化AI模型，使整个系统具备自我进化能力，越用越智能。"
        },
        {
          "id": "d3_3",
          "label": "价值：构建运维自治体系",
          "category": "Result",
          "references": {
            "section_ids": [
              "sec_008"
            ],
            "material_ids": [
              "chunk_00/slide_015"
            ],
            "highlight": {
              "primary_material_id": "chunk_00/slide_015",
              "primary_time_ts": "00:11:30,500",
              "primary_time_ms": 690500
            }
          },
          "parent": "p3",
          "summary": "通过整合eBPF、RAG和大小模型技术，平台实现了从被动故障分析到主动运维的转变，构建了“感知-决策-优化”的运维自治新体验。"
        }
      ],
      "edges": [
        {
          "source": "p1",
          "target": "p2",
          "relation_type": "causal",
          "label": "催生解决方案"
        },
        {
          "source": "p2",
          "target": "p3",
          "relation_type": "sequential",
          "label": "引向未来"
        },
        {
          "source": "d1_1",
          "target": "d1_2",
          "relation_type": "parallel",
          "label": "并列挑战"
        },
        {
          "source": "d1_2",
          "target": "d1_3",
          "relation_type": "parallel",
          "label": "并列挑战"
        },
        {
          "source": "d1_3",
          "target": "d1_4",
          "relation_type": "parallel",
          "label": "并列挑战"
        },
        {
          "source": "d2_1",
          "target": "d2_2",
          "relation_type": "compositional",
          "label": "包含"
        },
        {
          "source": "d2_2",
          "target": "d2_3",
          "relation_type": "causal",
          "label": "实现"
        },
        {
          "source": "d2_1",
          "target": "d2_4",
          "relation_type": "compositional",
          "label": "支持"
        },
        {
          "source": "d3_2",
          "target": "d3_1",
          "relation_type": "causal",
          "label": "驱动"
        },
        {
          "source": "d3_1",
          "target": "d3_3",
          "relation_type": "causal",
          "label": "构建"
        }
      ]
    }
  },
  "output": {
    "part_index": 6,
    "title": "凝思软件智能运维平台实践：双模型协同与自治闭环",
    "type_tag": "行业解决方案分享",
    "tech_tags": [
      "AIOps",
      "智能运维",
      "双模型协同",
      "大模型",
      "小模型",
      "根因分析",
      "故障自愈",
      "openEuler intelligence",
      "eBPF",
      "RAG",
      "智能体"
    ],
    "domain_tags": [
      "运维管理",
      "混合云",
      "微服务",
      "能源行业",
      "金融科技"
    ],
    "summary": "北京凝思软件分享了应对混合云与微服务架构下运维挑战的AIOps实践。针对故障定位难与人力成本高等痛点，推出了基于openEuler intelligence的智能运维平台。该平台采用创新的“大模型指挥+小模型执行”双模型协同架构，利用小模型高效检测异常，触发大模型智能体进行根因分析与处置。系统融合eBPF数据采集与RAG知识增强技术，支持多厂商大模型接入，致力于构建涵盖故障预测、调优到自愈的自治运维闭环，并通过知识库反馈机制实现系统的持续进化。",
    "highlights": [
      "运维挑战：混合云与微服务导致系统复杂性剧增及故障定位困难",
      "解决方案：基于openEuler intelligence构建的分层智能运维平台",
      "核心架构：创新“指挥官+特种部队”双模型协同，大模型规划、小模型执行",
      "关键能力：根因分析智能体通过日志分析与指标关联实现故障自动诊断",
      "技术融合：结合eBPF数据采集、RAG知识增强及多厂商大模型集成",
      "未来展望：打造从预测到自愈的自治闭环，利用知识库持续进化模型",
      "落地应用：产品已在能源、金融、交通、电信等行业成功实践"
    ]
  },
  "artifacts": [
    "output/ai_session/part_06/final/10_part_digest/artifacts/part_digest.json"
  ],
  "metadata": {
    "part_index": 6,
    "title": "凝思软件智能运维平台实践：双模型协同与自治闭环",
    "type_tag": "行业解决方案分享",
    "tech_tags": 11,
    "domain_tags": 5
  },
  "trace_id": "ac6b7f00-30a0-475b-a0d2-58947949c766",
  "duration_ms": 18999,
  "started_at": "2025-12-16T12:51:04.814840",
  "completed_at": "2025-12-16T04:51:23.815777",
  "step_config": {
    "model": "gemini-3-pro-preview",
    "temperature": 0.2,
    "prompt_file": "/Users/lichuan/Codes/TalkDistill/config/prompts/part_digest.md",
    "schema_file": "/Users/lichuan/Codes/TalkDistill/config/schemas/part_digest.json"
  },
  "dependencies": [
    "graph_gen"
  ]
}