{
  "address": "ScienceEducationInnovation/part_03/chunk_00/07_capture_frame/slide_006",
  "status": "completed",
  "input": {
    "video": "output/ScienceEducationInnovation/part_03/chunk_00/01_cut_chunk/artifacts/chunk_high.mp4",
    "timestamp": "00:02:47.120",
    "frame_id": "slide_006",
    "output_ext": ".png"
  },
  "output": "output/ScienceEducationInnovation/part_03/chunk_00/07_capture_frame/slide_006/artifacts/slide_006.png",
  "artifacts": [
    "output/ScienceEducationInnovation/part_03/chunk_00/07_capture_frame/slide_006/artifacts/slide_006.png"
  ],
  "metadata": {
    "timestamp": "00:02:47.120",
    "frame_id": "slide_006",
    "ffmpeg": "/opt/homebrew/bin/ffmpeg"
  },
  "trace_id": null,
  "duration_ms": 629,
  "started_at": "2025-12-19T01:07:58.329082",
  "completed_at": "2025-12-18T17:07:58.959449",
  "step_config": {},
  "dependencies": [
    "slide_timeline"
  ]
}