{
  "id": "sec_1",
  "index": 0,
  "title": "开场与主题介绍",
  "time_range": "00:00:00,000 - 00:00:32,365",
  "script": "下面有请北京东方通科技股份有限公司的产品经理李进静先生，为我们带来关于中间件智能体的分享，大家欢迎。非常开心今天有机会来到AI分论坛，为大家分享一款我们公司近几年鼎力制作的智能产品——中间件智能体。",
  "summary": "主持人邀请东方通产品经理李进静先生上台分享。讲者开场并介绍本次分享的主题：东方通公司近年鼎力制作的智能产品——中间件智能体。"
}