{
  "address": "ai_session/part_04/chunk_00/09_apply_crop/slide_006",
  "status": "completed",
  "input": {
    "image_path": "output/ai_session/part_04/chunk_00/07_capture_frame/slide_006/artifacts/slide_006.png",
    "crop_region": {
      "x": 410,
      "y": 108,
      "width": 869,
      "height": 612
    }
  },
  "output": "output/ai_session/part_04/chunk_00/09_apply_crop/slide_006/artifacts/slide_006.png",
  "artifacts": [
    "output/ai_session/part_04/chunk_00/09_apply_crop/slide_006/artifacts/slide_006.png"
  ],
  "metadata": {
    "source": "output/ai_session/part_04/chunk_00/07_capture_frame/slide_006/artifacts/slide_006.png",
    "applied": true,
    "crop_region": {
      "x": 410,
      "y": 108,
      "width": 869,
      "height": 612
    },
    "size": {
      "width": 869,
      "height": 612
    }
  },
  "trace_id": null,
  "duration_ms": 186,
  "started_at": "2025-12-15T17:52:40.834257",
  "completed_at": "2025-12-15T09:52:41.033109",
  "step_config": {},
  "dependencies": [
    "capture_frame",
    "crop_decision"
  ]
}