{
  "address": "ai_session/part_11/chunk_00/09_apply_crop/slide_017",
  "status": "completed",
  "input": {
    "image_path": "output/ai_session/part_11/chunk_00/07_capture_frame/slide_017/artifacts/slide_017.png",
    "crop_region": null
  },
  "output": "output/ai_session/part_11/chunk_00/09_apply_crop/slide_017/artifacts/slide_017.png",
  "artifacts": [
    "output/ai_session/part_11/chunk_00/09_apply_crop/slide_017/artifacts/slide_017.png"
  ],
  "metadata": {
    "source": "output/ai_session/part_11/chunk_00/07_capture_frame/slide_017/artifacts/slide_017.png",
    "applied": false
  },
  "trace_id": null,
  "duration_ms": 104,
  "started_at": "2025-12-16T01:36:02.933340",
  "completed_at": "2025-12-15T17:36:03.039248",
  "step_config": {},
  "dependencies": [
    "capture_frame",
    "crop_decision"
  ]
}