{
  "address": "day2_main/part_05/chunk_00/07_capture_frame/slide_002",
  "status": "completed",
  "input": {
    "video": "output/day2_main/part_05/chunk_00/01_cut_chunk/artifacts/chunk_high.mp4",
    "timestamp": "00:00:54.800",
    "frame_id": "slide_002",
    "output_ext": ".png"
  },
  "output": "output/day2_main/part_05/chunk_00/07_capture_frame/slide_002/artifacts/slide_002.png",
  "artifacts": [
    "output/day2_main/part_05/chunk_00/07_capture_frame/slide_002/artifacts/slide_002.png"
  ],
  "metadata": {
    "timestamp": "00:00:54.800",
    "frame_id": "slide_002",
    "ffmpeg": "/opt/homebrew/bin/ffmpeg"
  },
  "trace_id": null,
  "duration_ms": 432,
  "started_at": "2025-12-17T21:08:46.268216",
  "completed_at": "2025-12-17T13:08:46.701598",
  "step_config": {},
  "dependencies": [
    "slide_timeline"
  ]
}