{
  "address": "ai_session/part_11/chunk_00/09_apply_crop/slide_013",
  "status": "completed",
  "input": {
    "image_path": "output/ai_session/part_11/chunk_00/07_capture_frame/slide_013/artifacts/slide_013.png",
    "crop_region": {
      "x": 574,
      "y": 243,
      "width": 1314,
      "height": 690
    }
  },
  "output": "output/ai_session/part_11/chunk_00/09_apply_crop/slide_013/artifacts/slide_013.png",
  "artifacts": [
    "output/ai_session/part_11/chunk_00/09_apply_crop/slide_013/artifacts/slide_013.png"
  ],
  "metadata": {
    "source": "output/ai_session/part_11/chunk_00/07_capture_frame/slide_013/artifacts/slide_013.png",
    "applied": true,
    "crop_region": {
      "x": 574,
      "y": 243,
      "width": 1314,
      "height": 690
    },
    "size": {
      "width": 1314,
      "height": 690
    }
  },
  "trace_id": null,
  "duration_ms": 128,
  "started_at": "2025-12-16T01:36:02.933046",
  "completed_at": "2025-12-15T17:36:03.062130",
  "step_config": {},
  "dependencies": [
    "capture_frame",
    "crop_decision"
  ]
}