{
  "address": "ai_session/part_10/chunk_00/03_srt_slice",
  "status": "completed",
  "input": {
    "global_srt": "output/ai_session/part_-01/chunk_-01/00_global_funasr/artifacts/global.srt",
    "start_ms": 9815250.0,
    "end_ms": 10607000.0,
    "output_name": "chunk_baseline.srt"
  },
  "output": [
    {
      "index": 1,
      "start": 0,
      "end": 4.79,
      "text": "然后下面有请华为技术有限公司的软件工程师正成惠女士。"
    },
    {
      "index": 2,
      "start": 4.81,
      "end": 8.79,
      "text": "我们这次的维丽女士给我们来带来那个 ANC。"
    },
    {
      "index": 3,
      "start": 9.33,
      "end": 9.57,
      "text": "呃，"
    },
    {
      "index": 4,
      "start": 9.59,
      "end": 12.61,
      "text": "基于叉 LA 的呃深度学习图，"
    },
    {
      "index": 5,
      "start": 12.63,
      "end": 16.55,
      "text": "编译器器的技术在速推场景的探索应用分享。"
    },
    {
      "index": 6,
      "start": 16.63,
      "end": 22.55,
      "text": "欢迎啊，"
    },
    {
      "index": 7,
      "start": 22.61,
      "end": 23.75,
      "text": "大家好啊，"
    },
    {
      "index": 8,
      "start": 23.75,
      "end": 27.13,
      "text": "然后我是来自华为技术有限公司的软件工程师郑成慧。"
    },
    {
      "index": 9,
      "start": 27.41,
      "end": 32.57,
      "text": "然后今天呢是呃想给大家分享一下我们团队最新的一个呃研究呃，"
    },
    {
      "index": 10,
      "start": 32.75,
      "end": 34.23,
      "text": "一个成果就是 ANC。"
    },
    {
      "index": 11,
      "start": 34.23,
      "end": 40.205,
      "text": "这是一款就是呃面向 CPU 的呃加速深度学习模型推理的一款 AI 编译器。"
    },
    {
      "index": 12,
      "start": 40.95,
      "end": 41.19,
      "text": "啊，"
    },
    {
      "index": 13,
      "start": 41.29,
      "end": 44.57,
      "text": "那首先让我们从一个简单的问题作为导入啊，"
    },
    {
      "index": 14,
      "start": 44.71,
      "end": 46.19,
      "text": "可能很多人都很好奇，"
    },
    {
      "index": 15,
      "start": 46.21,
      "end": 51.27,
      "text": "就是说呃在 GPU 嗯 NPU 等异构算力蓬勃发展的今天，"
    },
    {
      "index": 16,
      "start": 51.27,
      "end": 53.91,
      "text": "我们为什么还要在 CPU 上进行 AI 推理？"
    },
    {
      "index": 17,
      "start": 54.11,
      "end": 54.33,
      "text": "啊，"
    },
    {
      "index": 18,
      "start": 54.33,
      "end": 58.89,
      "text": "那我们从性能和成本的两个方面啊给出了我们的一个分析啊，"
    },
    {
      "index": 19,
      "start": 58.89,
      "end": 60.73,
      "text": "首先在性能层面啊，"
    },
    {
      "index": 20,
      "start": 60.81,
      "end": 63.65,
      "text": "CPU 在处理某些特定的场景时啊，"
    },
    {
      "index": 21,
      "start": 63.65,
      "end": 68.47,
      "text": "它相相比于 AI 专用 AI 加速器是没有呃性能劣势的，"
    },
    {
      "index": 22,
      "start": 68.47,
      "end": 71.68,
      "text": "甚至会有一些啊它的一些性能优势啊，"
    },
    {
      "index": 23,
      "start": 71.7,
      "end": 76.14,
      "text": "像在呃搜推广告场景中比较常用的一些呃操作，"
    },
    {
      "index": 24,
      "start": 76.16,
      "end": 77.82,
      "text": "像呃 in bending 查表，"
    },
    {
      "index": 25,
      "start": 78.26,
      "end": 79.8,
      "text": "然后序列解码等等。"
    },
    {
      "index": 26,
      "start": 79.94,
      "end": 80.16,
      "text": "啊，"
    },
    {
      "index": 27,
      "start": 80.16,
      "end": 83.56,
      "text": "那这些操作的它的特征就是呃比较稀疏啊，"
    },
    {
      "index": 28,
      "start": 83.56,
      "end": 86.98,
      "text": "然后它的数据访问的呃规则是呃不是不规则的，"
    },
    {
      "index": 29,
      "start": 87.06,
      "end": 88.84,
      "text": "然后也是呃计算密度比较低。"
    },
    {
      "index": 30,
      "start": 89.06,
      "end": 92.78,
      "text": "那 CPU 的一个呃多层级开始的一个优势，"
    },
    {
      "index": 31,
      "start": 92.96,
      "end": 95.98,
      "text": "就可以在呃让它在处理这类数据时啊，"
    },
    {
      "index": 32,
      "start": 95.98,
      "end": 98.58,
      "text": "它的表现会比呃 GPU 更为出色。"
    },
    {
      "index": 33,
      "start": 99.02,
      "end": 104.17,
      "text": "然后另一类的话就是对嗯端到端实验要求比较呃高的场景，"
    },
    {
      "index": 34,
      "start": 104.17,
      "end": 105.39,
      "text": "比如说广告啊，"
    },
    {
      "index": 35,
      "start": 105.39,
      "end": 106.59,
      "text": "实时推荐等啊。"
    },
    {
      "index": 36,
      "start": 106.59,
      "end": 111.49,
      "text": "那纯 CPU 推理的话就减少了模型下发呃数据拷贝等操作啊，"
    },
    {
      "index": 37,
      "start": 111.49,
      "end": 116.17,
      "text": "并且也不需要呃在 CPU 和叉 PU 之间进行一个通信啊，"
    },
    {
      "index": 38,
      "start": 116.17,
      "end": 118.09,
      "text": "减小了这样的一个通信开销啊，"
    },
    {
      "index": 39,
      "start": 118.13,
      "end": 119.97,
      "text": "特别是当就是模型比较小，"
    },
    {
      "index": 40,
      "start": 119.99,
      "end": 124.27,
      "text": "计算量比较呃小的时候这种优势就会更加的明显啊。"
    },
    {
      "index": 41,
      "start": 124.27,
      "end": 126.37,
      "text": "那从成本的角度上面可以看到，"
    },
    {
      "index": 42,
      "start": 126.45,
      "end": 130.25,
      "text": "就是说呃在低算力要求的一个情况下啊，"
    },
    {
      "index": 43,
      "start": 130.27,
      "end": 132.86,
      "text": "CPU 做的它硬件成本会更低啊，"
    },
    {
      "index": 44,
      "start": 132.86,
      "end": 137.1,
      "text": "以及它在软件呃软件站站的程度呃角度来说，"
    },
    {
      "index": 45,
      "start": 137.1,
      "end": 137.98,
      "text": "它会比较成熟。"
    },
    {
      "index": 46,
      "start": 138.2,
      "end": 138.44,
      "text": "呃，"
    },
    {
      "index": 47,
      "start": 138.46,
      "end": 142.18,
      "text": "在后续的一个开发和维护的成本也相对要更低啊。"
    },
    {
      "index": 48,
      "start": 142.22,
      "end": 146.28,
      "text": "然后呃基于此我们也发现啊呃很多的互联网公司，"
    },
    {
      "index": 49,
      "start": 146.3,
      "end": 150.34,
      "text": "尤其是在呃搜推粗排以及广告等这些核心的业务中，"
    },
    {
      "index": 50,
      "start": 150.58,
      "end": 150.78,
      "text": "呃，"
    },
    {
      "index": 51,
      "start": 150.78,
      "end": 155.145,
      "text": "普遍都有一些非常可观的呃纯 CPU 的算力部署。"
    },
    {
      "index": 52,
      "start": 156.39,
      "end": 158.35,
      "text": "那基于这样的一个背景啊，"
    },
    {
      "index": 53,
      "start": 158.35,
      "end": 161.69,
      "text": "我们就构建了一套面向 CPU 的呃神经网络推理，"
    },
    {
      "index": 54,
      "start": 161.69,
      "end": 163.65,
      "text": "加速编译器 NNC 啊，"
    },
    {
      "index": 55,
      "start": 163.65,
      "end": 167.57,
      "text": "然后可以看一下左边就是我们 ANC 的一个呃整体架构啊，"
    },
    {
      "index": 56,
      "start": 167.59,
      "end": 171.87,
      "text": "然后我们是 ANC 是对上呃向上去对接呃 TESOLF，"
    },
    {
      "index": 57,
      "start": 171.87,
      "end": 174.51,
      "text": "low 拍套去等一系列的开源框架啊，"
    },
    {
      "index": 58,
      "start": 174.51,
      "end": 176.655,
      "text": "向下是亲和我们的鲲鹏硬件。"
    },
    {
      "index": 59,
      "start": 177.54,
      "end": 181.66,
      "text": "那我们的编译器它是它的优化是覆盖了框架层和编译层，"
    },
    {
      "index": 60,
      "start": 181.84,
      "end": 182.04,
      "text": "呃，"
    },
    {
      "index": 61,
      "start": 182.04,
      "end": 185.24,
      "text": "实现了一个呃就是端到端的一个优化的一个闭环。"
    },
    {
      "index": 62,
      "start": 185.54,
      "end": 185.74,
      "text": "啊，"
    },
    {
      "index": 63,
      "start": 185.74,
      "end": 187.0,
      "text": "我们在框架层的话，"
    },
    {
      "index": 64,
      "start": 187.0,
      "end": 191.6,
      "text": "主要是一些呃包括一些自定义和通用的一些图算融合优化。"
    },
    {
      "index": 65,
      "start": 191.78,
      "end": 192.02,
      "text": "呃，"
    },
    {
      "index": 66,
      "start": 192.02,
      "end": 200.4,
      "text": "这个主要是通过呃算法等价的方式去将多个独立的小算子去融合成一个呃大的算子来减少计算的开销，"
    },
    {
      "index": 67,
      "start": 200.4,
      "end": 201.88,
      "text": "以及呃内存的占用。"
    },
    {
      "index": 68,
      "start": 202.64,
      "end": 207.69,
      "text": "那在编译部分的前端是主要是一些呃与硬件无关的一些图图优化，"
    },
    {
      "index": 69,
      "start": 207.69,
      "end": 209.75,
      "text": "包括呃融合算冗合、"
    },
    {
      "index": 70,
      "start": 210.01,
      "end": 210.25,
      "text": "呃，"
    },
    {
      "index": 71,
      "start": 210.25,
      "end": 213.41,
      "text": "冗余算子的一个消除呃 CPU 感知的图优化，"
    },
    {
      "index": 72,
      "start": 213.43,
      "end": 216.09,
      "text": "以及呃多内核搜索等等策略。"
    },
    {
      "index": 73,
      "start": 216.35,
      "end": 221.47,
      "text": "然后后端的话主要是一些呃算子层面的与硬件亲和的一些优化。"
    },
    {
      "index": 74,
      "start": 221.71,
      "end": 221.95,
      "text": "呃，"
    },
    {
      "index": 75,
      "start": 222.47,
      "end": 229.15,
      "text": "包括像嗯自动算自动生成算子呃代码呃代码代码的指令级别的优化啊，"
    },
    {
      "index": 76,
      "start": 229.15,
      "end": 233.39,
      "text": "以及我们也可以支持对接一些呃开源的成熟的一些算子库。"
    },
    {
      "index": 77,
      "start": 233.95,
      "end": 235.49,
      "text": "那在实际应用中的话，"
    },
    {
      "index": 78,
      "start": 235.49,
      "end": 241.78,
      "text": "我们的 ANC 在呃多各开源的呃推荐模型下获得了百分之二十的一个性能提升。"
    },
    {
      "index": 79,
      "start": 242.06,
      "end": 242.28,
      "text": "啊，"
    },
    {
      "index": 80,
      "start": 242.28,
      "end": 245.6,
      "text": "然后在呃某个客户推荐的一个呃模型下，"
    },
    {
      "index": 81,
      "start": 245.72,
      "end": 248.575,
      "text": "能够获得一个百分之呃二十五的性能提升。"
    },
    {
      "index": 82,
      "start": 252.33,
      "end": 257.07,
      "text": "然后具体来呃介绍一下我们 ANC 的几个呃关键的一些优化特性。"
    },
    {
      "index": 83,
      "start": 257.25,
      "end": 260.169,
      "text": "首先是针对这个矩阵乘算子的数据布局优化。"
    },
    {
      "index": 84,
      "start": 260.47,
      "end": 260.69,
      "text": "啊，"
    },
    {
      "index": 85,
      "start": 260.69,
      "end": 264.73,
      "text": "那在传统 CPU 在处理这个呃矩阵乘算子的时候，"
    },
    {
      "index": 86,
      "start": 264.85,
      "end": 269.87,
      "text": "传统的做法是需要在运行时对呃输入数据进行一个重排打包。"
    },
    {
      "index": 87,
      "start": 270.11,
      "end": 270.35,
      "text": "呃，"
    },
    {
      "index": 88,
      "start": 270.63,
      "end": 276.83,
      "text": "然后去呃这个目的就是为了让数据去适适配呃 CPU 的它的一个呃缓存大小，"
    },
    {
      "index": 89,
      "start": 276.83,
      "end": 279.21,
      "text": "以及它的一个呃内存访问的一个模式。"
    },
    {
      "index": 90,
      "start": 279.45,
      "end": 279.63,
      "text": "啊，"
    },
    {
      "index": 91,
      "start": 279.63,
      "end": 283.72,
      "text": "那这个过程这个动态的过程就会带来一一定的运行时的性能开销。"
    },
    {
      "index": 92,
      "start": 284.0,
      "end": 284.22,
      "text": "啊，"
    },
    {
      "index": 93,
      "start": 284.22,
      "end": 289.66,
      "text": "那我们的优化就是呃将这个过程去呃前前移到编译期。"
    },
    {
      "index": 94,
      "start": 289.96,
      "end": 292.7,
      "text": "在呃对于就是常量输入，"
    },
    {
      "index": 95,
      "start": 292.7,
      "end": 297.08,
      "text": "就是类似呃就是呃举重的权重这之类常量输入。"
    },
    {
      "index": 96,
      "start": 297.26,
      "end": 301.98,
      "text": "我们直接在编译期对它进行一个呃静态的一个数据打包啊，"
    },
    {
      "index": 97,
      "start": 302.08,
      "end": 307.92,
      "text": "然后同时在呃对多个连续的一个三连续的矩阵成算子来说，"
    },
    {
      "index": 98,
      "start": 307.92,
      "end": 311.945,
      "text": "我们会对他们在在他们之间进行一个呃最优的布局传递。"
    },
    {
      "index": 99,
      "start": 312.29,
      "end": 312.47,
      "text": "呃，"
    },
    {
      "index": 100,
      "start": 312.47,
      "end": 319.1,
      "text": "就像呃右边这个图是比如说有这样子 ABC 三个矩阵乘算子，"
    },
    {
      "index": 101,
      "start": 319.26,
      "end": 319.5,
      "text": "呃，"
    },
    {
      "index": 102,
      "start": 319.52,
      "end": 321.62,
      "text": "像 b 的输出就是 c 的输入。"
    },
    {
      "index": 103,
      "start": 321.76,
      "end": 325.62,
      "text": "那我们就可以在 b 的输出写入写入内存的时候，"
    },
    {
      "index": 104,
      "start": 325.62,
      "end": 330.54,
      "text": "直接就是按照呃 c 的最佳佳输输入的布局进进行一个写入啊，"
    },
    {
      "index": 105,
      "start": 330.54,
      "end": 331.24,
      "text": "那这样子的话，"
    },
    {
      "index": 106,
      "start": 331.24,
      "end": 335.3,
      "text": "我们的运行时无需进行行何的一些动动重重排操作。"
    },
    {
      "index": 107,
      "start": 335.3,
      "end": 335.42,
      "text": "嗯，"
    },
    {
      "index": 108,
      "start": 335.42,
      "end": 339.8,
      "text": "这样子所有的数据已经以呃最适合当前 CPU 硬件的布局。"
    },
    {
      "index": 109,
      "start": 340.0,
      "end": 340.24,
      "text": "呃，"
    },
    {
      "index": 110,
      "start": 340.38,
      "end": 341.18,
      "text": "准备好了。"
    },
    {
      "index": 111,
      "start": 341.26,
      "end": 341.5,
      "text": "呃，"
    },
    {
      "index": 112,
      "start": 341.5,
      "end": 342.02,
      "text": "这样子的话，"
    },
    {
      "index": 113,
      "start": 342.02,
      "end": 345.75,
      "text": "我们就不就再再去进行一个呃重排操作啊，"
    },
    {
      "index": 114,
      "start": 345.75,
      "end": 348.685,
      "text": "这样子就显著的呃降低了一个缓存开销。"
    },
    {
      "index": 115,
      "start": 349.72,
      "end": 352.92,
      "text": "那我们这个优化的话是在开源推荐模型当中呃，"
    },
    {
      "index": 116,
      "start": 352.92,
      "end": 355.095,
      "text": "提升了百分之五的一个吞吐率。"
    },
    {
      "index": 117,
      "start": 357.05,
      "end": 368.79,
      "text": "然后这是一个是呃面向呃利用了 CPU 的一些嗯嗯 cache line 指令集的特性去嗯呃设计的一个呃自适应的算子优化和快速生成的一个技术。"
    },
    {
      "index": 118,
      "start": 368.97,
      "end": 373.83,
      "text": "然后我们是主要是对 mate mall 等等键键算子进行了一个呃模板化抽象。"
    },
    {
      "index": 119,
      "start": 373.83,
      "end": 373.99,
      "text": "嗯，"
    },
    {
      "index": 120,
      "start": 373.99,
      "end": 380.69,
      "text": "通过一些高级别的一个模板编译去快速生成适配当前硬件的呃不同形状的一个最优算子。"
    },
    {
      "index": 121,
      "start": 380.69,
      "end": 383.41,
      "text": "然后我们这个方案的话主要有三大特点啊，"
    },
    {
      "index": 122,
      "start": 383.41,
      "end": 385.61,
      "text": "首先是硬件啊感知优化。"
    },
    {
      "index": 123,
      "start": 385.77,
      "end": 396.18,
      "text": "然后我们的编一些后端可以感知到呃就是 CPU 的一些硬件信息去自动生成当前呃对呃对算子生成的一个代码进行一个针对性的一个优化。"
    },
    {
      "index": 124,
      "start": 396.54,
      "end": 396.76,
      "text": "呃，"
    },
    {
      "index": 125,
      "start": 396.76,
      "end": 401.38,
      "text": "然后第二个是终端的一个呃智能的一个呃优化。"
    },
    {
      "index": 126,
      "start": 401.42,
      "end": 411.06,
      "text": "它会我们是基于 MLIR 去完成了一个呃像 tilling packing 呃 buffer 复用等的一些呃数据流与控制流的一些优化。"
    },
    {
      "index": 127,
      "start": 411.42,
      "end": 411.66,
      "text": "呃，"
    },
    {
      "index": 128,
      "start": 411.68,
      "end": 414.26,
      "text": "第三个是呃通过模板化设计的话，"
    },
    {
      "index": 129,
      "start": 414.26,
      "end": 417.15,
      "text": "我们可以快速快速的呃修改呃，"
    },
    {
      "index": 130,
      "start": 417.15,
      "end": 419.19,
      "text": "调整算子各种参数呃，"
    },
    {
      "index": 131,
      "start": 419.23,
      "end": 422.105,
      "text": "来生成一个最佳的一个呃融合算子。"
    },
    {
      "index": 132,
      "start": 423.37,
      "end": 424.53,
      "text": "那实测表明的话，"
    },
    {
      "index": 133,
      "start": 424.53,
      "end": 426.71,
      "text": "我们生成的算子对比呃，"
    },
    {
      "index": 134,
      "start": 426.87,
      "end": 432.19,
      "text": "open plus 可以获得一个百分之九到百分之一百二十三的一个性能收益。"
    },
    {
      "index": 135,
      "start": 432.35,
      "end": 432.59,
      "text": "嗯，"
    },
    {
      "index": 136,
      "start": 432.63,
      "end": 435.49,
      "text": "并且由于我们这个是模板化的一个算子生成，"
    },
    {
      "index": 137,
      "start": 435.65,
      "end": 435.89,
      "text": "嗯，"
    },
    {
      "index": 138,
      "start": 435.89,
      "end": 440.09,
      "text": "可以大幅度的提高一个呃调试以及快速迭代的一个效率。"
    },
    {
      "index": 139,
      "start": 440.45,
      "end": 444.45,
      "text": "那未来我们这个相关的一些 pass 也会在 open one 拉社区开源。"
    },
    {
      "index": 140,
      "start": 444.69,
      "end": 445.65,
      "text": "然后下一步的话，"
    },
    {
      "index": 141,
      "start": 445.65,
      "end": 450.745,
      "text": "我们也是计划去结合 triiton 去提供呃一个更强的一个算子生成能力。"
    },
    {
      "index": 142,
      "start": 452.95,
      "end": 455.65,
      "text": "然后接下来我将结合具体的一个场景，"
    },
    {
      "index": 143,
      "start": 455.65,
      "end": 460.31,
      "text": "就是呃呃分享几个我们在客户场景中成功落地的两个案例。"
    },
    {
      "index": 144,
      "start": 460.67,
      "end": 460.89,
      "text": "呃，"
    },
    {
      "index": 145,
      "start": 460.89,
      "end": 464.29,
      "text": "那首先是针对这个 invanding 层的一个图算融合的优化。"
    },
    {
      "index": 146,
      "start": 464.49,
      "end": 464.73,
      "text": "啊，"
    },
    {
      "index": 147,
      "start": 464.73,
      "end": 470.35,
      "text": "我们发现 inmbedding 层在我们客户的广告模型当中嗯占比高达百分之三十到四十，"
    },
    {
      "index": 148,
      "start": 470.57,
      "end": 470.81,
      "text": "呃，"
    },
    {
      "index": 149,
      "start": 470.89,
      "end": 472.73,
      "text": "这个优化空间还是比较大的。"
    },
    {
      "index": 150,
      "start": 472.83,
      "end": 473.07,
      "text": "呃，"
    },
    {
      "index": 151,
      "start": 473.07,
      "end": 480.61,
      "text": "然后呃 invanding 层它的这个特点就是说呃它又包含大量的一些呃小算子以及呃频繁的内存操作。"
    },
    {
      "index": 152,
      "start": 480.83,
      "end": 481.07,
      "text": "呃，"
    },
    {
      "index": 153,
      "start": 481.11,
      "end": 483.88,
      "text": "它的性能的瓶颈不在于它的计算，"
    },
    {
      "index": 154,
      "start": 483.88,
      "end": 486.56,
      "text": "而在于它的那个呃调度和访存。"
    },
    {
      "index": 155,
      "start": 486.92,
      "end": 487.16,
      "text": "呃，"
    },
    {
      "index": 156,
      "start": 487.16,
      "end": 489.78,
      "text": "然后由于它的那个逻辑结构会比较复杂，"
    },
    {
      "index": 157,
      "start": 489.8,
      "end": 492.46,
      "text": "所以通用的图优化呃难度会比较大。"
    },
    {
      "index": 158,
      "start": 492.6,
      "end": 497.235,
      "text": "那这里的话我们就是采用了呃人工的一个呃图融合的一个方案。"
    },
    {
      "index": 159,
      "start": 498.32,
      "end": 501.74,
      "text": "我们会基于就是呃 profiling 采集的一些信息，"
    },
    {
      "index": 160,
      "start": 502.04,
      "end": 502.28,
      "text": "呃，"
    },
    {
      "index": 161,
      "start": 502.48,
      "end": 508.26,
      "text": "去拆去定位到 embedding 层的呃 inbeinding 层的性能瓶颈的一个呃一个部分。"
    },
    {
      "index": 162,
      "start": 508.26,
      "end": 513.52,
      "text": "然后再去呃基于算法原理呃去拆解出呃可融合，"
    },
    {
      "index": 163,
      "start": 513.52,
      "end": 515.34,
      "text": "并且呃高频可调、"
    },
    {
      "index": 164,
      "start": 515.34,
      "end": 518.06,
      "text": "可高频可复用的一些呃 pattern。"
    },
    {
      "index": 165,
      "start": 518.06,
      "end": 519.78,
      "text": "然后具体的实现上来说的话，"
    },
    {
      "index": 166,
      "start": 519.78,
      "end": 522.4,
      "text": "主要是分为两个关键的呃步骤。"
    },
    {
      "index": 167,
      "start": 522.4,
      "end": 522.54,
      "text": "呃，"
    },
    {
      "index": 168,
      "start": 522.54,
      "end": 523.9,
      "text": "首先是在图层面，"
    },
    {
      "index": 169,
      "start": 523.9,
      "end": 525.82,
      "text": "我们会对节点进行一个融合。"
    },
    {
      "index": 170,
      "start": 526.06,
      "end": 528.45,
      "text": "在原生的 TF 框架中，"
    },
    {
      "index": 171,
      "start": 528.45,
      "end": 531.03,
      "text": "我们去插入了一个自定义的图重写模块。"
    },
    {
      "index": 172,
      "start": 531.25,
      "end": 531.49,
      "text": "嗯，"
    },
    {
      "index": 173,
      "start": 531.53,
      "end": 534.99,
      "text": "让去让图去匹配我们设定的一些融合 pattern，"
    },
    {
      "index": 174,
      "start": 534.99,
      "end": 537.645,
      "text": "并将它改写成一个大的一个融合算子。"
    },
    {
      "index": 175,
      "start": 538.79,
      "end": 541.65,
      "text": "然后第二个的话就是我们去为每一个融合 pattern，"
    },
    {
      "index": 176,
      "start": 541.65,
      "end": 545.81,
      "text": "去手写了一个高性能的一个呃融合算子 kernel。"
    },
    {
      "index": 177,
      "start": 545.81,
      "end": 546.03,
      "text": "呃，"
    },
    {
      "index": 178,
      "start": 546.03,
      "end": 550.95,
      "text": "通过呃鲲鹏 CPU 的一些呃特殊的向量化指令去呃优化，"
    },
    {
      "index": 179,
      "start": 551.17,
      "end": 551.37,
      "text": "呃，"
    },
    {
      "index": 180,
      "start": 551.37,
      "end": 554.65,
      "text": "去充分发挥我们的鲲鹏 CPU 的一个硬件性能。"
    },
    {
      "index": 181,
      "start": 554.85,
      "end": 560.945,
      "text": "那这项优化的话也在客户模型当呃简层面去提升了一个百分之五的一个呃推理性能。"
    },
    {
      "index": 182,
      "start": 563.3,
      "end": 563.5,
      "text": "呃，"
    },
    {
      "index": 183,
      "start": 563.5,
      "end": 569.68,
      "text": "第二个案例是针对这个呃 met more all 加 yass 的 adbatatnorm 的一个常量折叠优化啊。"
    },
    {
      "index": 184,
      "start": 569.7,
      "end": 572.88,
      "text": "我我发现由于就是客户户型的一个构图问题啊，"
    },
    {
      "index": 185,
      "start": 572.9,
      "end": 577.4,
      "text": "batchonnorm 它这个这个算子被拆分成了多个细粒度的算子啊，"
    },
    {
      "index": 186,
      "start": 577.4,
      "end": 583.02,
      "text": "那原生 TF 它是无法识别到这类呃就是呃拆分后的一些细粒度的呃，"
    },
    {
      "index": 187,
      "start": 583.02,
      "end": 586.56,
      "text": "它它无法去识别到这个呃这些细粒度算子一个整体语义。"
    },
    {
      "index": 188,
      "start": 586.8,
      "end": 587.04,
      "text": "呃，"
    },
    {
      "index": 189,
      "start": 587.26,
      "end": 590.28,
      "text": "所以就无法去使用它的一个原生的一个融合特性。"
    },
    {
      "index": 190,
      "start": 590.52,
      "end": 591.66,
      "text": "那我们从算法，"
    },
    {
      "index": 191,
      "start": 591.84,
      "end": 594.31,
      "text": "我们从呃数据原理上可以分析到，"
    },
    {
      "index": 192,
      "start": 594.45,
      "end": 594.69,
      "text": "呃，"
    },
    {
      "index": 193,
      "start": 594.73,
      "end": 596.93,
      "text": "就是当矩阵乘的权重啊，"
    },
    {
      "index": 194,
      "start": 596.93,
      "end": 600.63,
      "text": "bis i 的偏置以及 batch norm 的参数都是常量的时候。"
    },
    {
      "index": 195,
      "start": 600.77,
      "end": 601.01,
      "text": "啊，"
    },
    {
      "index": 196,
      "start": 601.07,
      "end": 607.49,
      "text": "这些操作其实可以通过一个呃数学的线性变换去嗯做一个等效变换。"
    },
    {
      "index": 197,
      "start": 607.63,
      "end": 607.87,
      "text": "呃，"
    },
    {
      "index": 198,
      "start": 607.87,
      "end": 613.09,
      "text": "融合后的话就会呃等价成一个呃 met mall 加 by SI 的一个操作。"
    },
    {
      "index": 199,
      "start": 613.37,
      "end": 613.61,
      "text": "呃，"
    },
    {
      "index": 200,
      "start": 613.77,
      "end": 617.75,
      "text": "这这个当中就相当于去省省掉了一个 batch norm 的一个操作。"
    },
    {
      "index": 201,
      "start": 617.75,
      "end": 622.07,
      "text": "这个操作的话实际就包含了有七个呃细碎的一个小 app。"
    },
    {
      "index": 202,
      "start": 622.07,
      "end": 623.77,
      "text": "然后在具体实践过程中的话，"
    },
    {
      "index": 203,
      "start": 623.77,
      "end": 626.73,
      "text": "我们是对呃 TF 做了一个轻量式的一个修改。"
    },
    {
      "index": 204,
      "start": 626.95,
      "end": 627.17,
      "text": "呃，"
    },
    {
      "index": 205,
      "start": 627.17,
      "end": 633.51,
      "text": "我们需要再去在模型呃加载的阶段去获取到所有的呃我们需要的一个轻量数据。"
    },
    {
      "index": 206,
      "start": 633.69,
      "end": 638.48,
      "text": "然后在后续的图优化阶段去嗯读取并完成我们的折叠操作。"
    },
    {
      "index": 207,
      "start": 638.8,
      "end": 644.255,
      "text": "那这个优化的话是最终在单个模型上的推力时延嗯降低了百分之十左右。"
    },
    {
      "index": 208,
      "start": 646.14,
      "end": 649.64,
      "text": "那基于客户的反馈以及实际落地中的痛点，"
    },
    {
      "index": 209,
      "start": 649.78,
      "end": 649.98,
      "text": "呃，"
    },
    {
      "index": 210,
      "start": 649.98,
      "end": 653.36,
      "text": "我们也梳理了下一步的呃重点的一个工作方向。"
    },
    {
      "index": 211,
      "start": 653.56,
      "end": 653.8,
      "text": "呃，"
    },
    {
      "index": 212,
      "start": 653.8,
      "end": 657.96,
      "text": "首先我们是希望能够从呃手工融合走向一个自动融合，"
    },
    {
      "index": 213,
      "start": 658.16,
      "end": 663.46,
      "text": "去呃呃结合我们之前已经呃积累的大量的人工调优的一个经验，"
    },
    {
      "index": 214,
      "start": 663.6,
      "end": 667.24,
      "text": "去共建呃更通用的一个自动图融合的策略，"
    },
    {
      "index": 215,
      "start": 667.32,
      "end": 669.92,
      "text": "来提升我们融合的一个呃泛化能力，"
    },
    {
      "index": 216,
      "start": 669.92,
      "end": 673.16,
      "text": "去呃灵活的覆盖到更多场景的一个融合诉求。"
    },
    {
      "index": 217,
      "start": 673.58,
      "end": 673.82,
      "text": "呃，"
    },
    {
      "index": 218,
      "start": 673.84,
      "end": 679.53,
      "text": "第二点的话就是去呃提升我们呃编译器对动态取的一个支持支持能力啊，"
    },
    {
      "index": 219,
      "start": 679.99,
      "end": 681.51,
      "text": "来适应更好的适应。"
    },
    {
      "index": 220,
      "start": 681.51,
      "end": 684.33,
      "text": "就是当前嗯真实业务中的一个流量波动。"
    },
    {
      "index": 221,
      "start": 684.33,
      "end": 687.61,
      "text": "因为我们当前我们我们现在的编译器是只支持静态 bship，"
    },
    {
      "index": 222,
      "start": 687.95,
      "end": 690.73,
      "text": "它在呃面对呃变长输入的时候，"
    },
    {
      "index": 223,
      "start": 690.73,
      "end": 692.45,
      "text": "它会再次进行触发编译。"
    },
    {
      "index": 224,
      "start": 692.45,
      "end": 695.51,
      "text": "这个过程就会呃增加我们的编译耗时，"
    },
    {
      "index": 225,
      "start": 695.59,
      "end": 698.67,
      "text": "以及它会生成一些大量冗余的一个编译结果。"
    },
    {
      "index": 226,
      "start": 699.17,
      "end": 703.47,
      "text": "那第三点的话就是去增强呃算子算子间并行的一个优化。"
    },
    {
      "index": 227,
      "start": 703.63,
      "end": 703.83,
      "text": "呃，"
    },
    {
      "index": 228,
      "start": 703.83,
      "end": 709.7,
      "text": "我们当前的图算融合会把呃多个小的算子去融合成一个单个算子的一个调用。"
    },
    {
      "index": 229,
      "start": 709.9,
      "end": 713.879,
      "text": "那这个过程虽然提升了一个呃虽然减少了调度开销，"
    },
    {
      "index": 230,
      "start": 714.1,
      "end": 718.24,
      "text": "但是会但是也呃降低了一个 interup 级别的一个并行性。"
    },
    {
      "index": 231,
      "start": 718.44,
      "end": 722.57,
      "text": "那我们未来将呃呃去解决这个问题，"
    },
    {
      "index": 232,
      "start": 722.65,
      "end": 726.59,
      "text": "去充分的去发挥呃这个多核 CPU 的一个并发性能。"
    },
    {
      "index": 233,
      "start": 726.59,
      "end": 730.75,
      "text": "让呃我们的融合算子也能在呃 CPU 中进行一个并发的一个执行。"
    },
    {
      "index": 234,
      "start": 731.27,
      "end": 733.33,
      "text": "然后最后在量化量化方面的话，"
    },
    {
      "index": 235,
      "start": 733.33,
      "end": 739.515,
      "text": "我们也是计划去打造一套面向 CPU 的呃高精度搜推场景的自动 PTQ 工具链。"
    },
    {
      "index": 236,
      "start": 742.36,
      "end": 748.9,
      "text": "然后呃最后的话就是我们 ANC 的源代码以及相关的呃文档已经在欧蓬拉社区开源了。"
    },
    {
      "index": 237,
      "start": 749.0,
      "end": 751.26,
      "text": "然后希望呃欢迎大家去下载使用，"
    },
    {
      "index": 238,
      "start": 751.26,
      "end": 752.82,
      "text": "也给我们提出一些宝贵的意见。"
    },
    {
      "index": 239,
      "start": 752.82,
      "end": 757.08,
      "text": "那我们未来后续的优一些优化也会继续贡献到欧蓬罗拉社区啊。"
    },
    {
      "index": 240,
      "start": 757.62,
      "end": 759.12,
      "text": "以上就是我的分享啊，"
    },
    {
      "index": 241,
      "start": 759.14,
      "end": 764.31,
      "text": "谢谢大家好，"
    },
    {
      "index": 242,
      "start": 764.55,
      "end": 767.05,
      "text": "那个非常感谢郑老师的这个精彩分享哈。"
    },
    {
      "index": 243,
      "start": 767.05,
      "end": 769.31,
      "text": "就是呃其实大家可以看到，"
    },
    {
      "index": 244,
      "start": 769.31,
      "end": 771.23,
      "text": "我们在这个搜推广的这个技术，"
    },
    {
      "index": 245,
      "start": 771.23,
      "end": 775.53,
      "text": "常见从编译的方式就可以获得这个不错的一个性能。"
    },
    {
      "index": 246,
      "start": 775.53,
      "end": 776.03,
      "text": "这个性能。"
    },
    {
      "index": 247,
      "start": 776.03,
      "end": 778.81,
      "text": "并且还不需要去这个编译器，"
    },
    {
      "index": 248,
      "start": 778.81,
      "end": 780.91,
      "text": "能够继速的自动完成这些相关的工作。"
    },
    {
      "index": 249,
      "start": 781.21,
      "end": 784.99,
      "text": "那包括刚才提到的那个融合算子产量折叠的两个框，"
    },
    {
      "index": 250,
      "start": 784.99,
      "end": 788.99,
      "text": "相关的案例给我们得到这个那那个吞吐的提升，"
    },
    {
      "index": 251,
      "start": 789.23,
      "end": 789.47,
      "text": "嗯，"
    },
    {
      "index": 252,
      "start": 789.67,
      "end": 790.95,
      "text": "非常棒的一个分享啊。"
    },
    {
      "index": 253,
      "start": 791.15,
      "end": 791.75,
      "text": "像好，"
    },
    {
      "index": 254,
      "start": 791.75,
      "end": 804.16,
      "text": "下面有请我们那个呃天翼云科技有限公司的那个后端这个开发工程师吴开顺先生给我们带来呃 CT 云呃 CT 云 OS 智能安全中心的一个分享。"
    }
  ],
  "artifacts": [
    "output/ai_session/part_10/chunk_00/03_srt_slice/artifacts/chunk_baseline.srt"
  ],
  "metadata": {},
  "trace_id": null,
  "duration_ms": 0,
  "started_at": "2025-12-16T01:12:27.508511",
  "completed_at": "2025-12-15T17:12:27.572349",
  "step_config": {},
  "dependencies": [
    "downscale"
  ]
}