{
  "address": "ai_session/part_01/chunk_00/01_cut_chunk",
  "status": "completed",
  "input": {
    "video": "/Users/lichuan/Codes/TalkDistill/ai_session.mp4",
    "start": 1202.359,
    "duration": 826.4010000000001,
    "output_name": "chunk_high.mp4"
  },
  "output": {
    "path": "output/ai_session/part_01/chunk_00/01_cut_chunk/artifacts/chunk_high.mp4",
    "start": 1202.359,
    "duration": 826.4010000000001
  },
  "artifacts": [
    "output/ai_session/part_01/chunk_00/01_cut_chunk/artifacts/chunk_high.mp4"
  ],
  "metadata": {
    "ffmpeg": "/opt/homebrew/bin/ffmpeg",
    "start": 1202.359,
    "duration": 826.4010000000001,
    "size_bytes": 430264480
  },
  "trace_id": null,
  "duration_ms": 875,
  "started_at": "2025-12-15T21:59:45.509179",
  "completed_at": "2025-12-15T13:59:46.387691",
  "step_config": {},
  "dependencies": []
}