{
  "address": "day1_main/part_07/chunk_00/07_capture_frame/slide_009",
  "status": "completed",
  "input": {
    "video": "output/day1_main/part_07/chunk_00/01_cut_chunk/artifacts/chunk_high.mp4",
    "timestamp": "00:13:34.300",
    "frame_id": "slide_009",
    "output_ext": ".png"
  },
  "output": "output/day1_main/part_07/chunk_00/07_capture_frame/slide_009/artifacts/slide_009.png",
  "artifacts": [
    "output/day1_main/part_07/chunk_00/07_capture_frame/slide_009/artifacts/slide_009.png"
  ],
  "metadata": {
    "timestamp": "00:13:34.300",
    "frame_id": "slide_009",
    "ffmpeg": "/opt/homebrew/bin/ffmpeg"
  },
  "trace_id": null,
  "duration_ms": 1324,
  "started_at": "2025-12-17T19:28:02.259743",
  "completed_at": "2025-12-17T11:28:03.585199",
  "step_config": {},
  "dependencies": [
    "slide_timeline"
  ]
}