{
  "address": "ai_session/part_11/chunk_00/09_apply_crop/slide_015",
  "status": "completed",
  "input": {
    "image_path": "output/ai_session/part_11/chunk_00/07_capture_frame/slide_015/artifacts/slide_015.png",
    "crop_region": {
      "x": 577,
      "y": 170,
      "width": 1322,
      "height": 866
    }
  },
  "output": "output/ai_session/part_11/chunk_00/09_apply_crop/slide_015/artifacts/slide_015.png",
  "artifacts": [
    "output/ai_session/part_11/chunk_00/09_apply_crop/slide_015/artifacts/slide_015.png"
  ],
  "metadata": {
    "source": "output/ai_session/part_11/chunk_00/07_capture_frame/slide_015/artifacts/slide_015.png",
    "applied": true,
    "crop_region": {
      "x": 577,
      "y": 170,
      "width": 1322,
      "height": 866
    },
    "size": {
      "width": 1322,
      "height": 866
    }
  },
  "trace_id": null,
  "duration_ms": 132,
  "started_at": "2025-12-16T01:36:02.933192",
  "completed_at": "2025-12-15T17:36:03.066526",
  "step_config": {},
  "dependencies": [
    "capture_frame",
    "crop_decision"
  ]
}