{
  "address": "day1_main/part_07/final/03_part_cut",
  "status": "completed",
  "input": {
    "video": "/Users/lichuan/Codes/TalkDistill/day1_main.mp4",
    "start": 3410.78,
    "duration": 861.3899999999999,
    "output_name": "part_high.mp4"
  },
  "output": {
    "path": "output/day1_main/part_07/final/03_part_cut/artifacts/part_high.mp4",
    "start": 3410.78,
    "duration": 861.3899999999999
  },
  "artifacts": [
    "output/day1_main/part_07/final/03_part_cut/artifacts/part_high.mp4"
  ],
  "metadata": {
    "ffmpeg": "/opt/homebrew/bin/ffmpeg",
    "start": 3410.78,
    "duration": 861.3899999999999,
    "size_bytes": 499931715
  },
  "trace_id": null,
  "duration_ms": 755,
  "started_at": "2025-12-17T19:50:53.081431",
  "completed_at": "2025-12-17T11:50:53.840874",
  "step_config": {},
  "dependencies": []
}