{
  "part_index": 1,
  "title": "破局医疗孤岛：基于openEuler的新一代CDSS智能引擎实践",
  "type_tag": "医疗AI技术实践",
  "tech_tags": [
    "CDSS",
    "openEuler",
    "openEuler Intelligence",
    "IntelliCore",
    "NPU加速",
    "向量化检索",
    "GoRules",
    "文本转规则",
    "规则引擎",
    "NLP"
  ],
  "domain_tags": [
    "智慧医疗",
    "临床决策",
    "医疗信息化",
    "人工智能"
  ],
  "summary": "针对传统CDSS面临的数据孤岛、静态模型维护难及算力受限等困境，本分享提出了基于openEuler的新一代智能引擎构想。讲者详细介绍了如何通过一体化架构打破“烟囱式”建设，利用openEuler Intelligence构建支持向量化检索的临床知识库，满足四级诊疗需求；同时展示了自研的HM IntelliCore决策引擎，通过“文本转规则”技术结合GoRules通用引擎，解决了高级别临床决策的实时性与准确性难题，并分享了CDSS一体机等商业化落地成果。",
  "highlights": [
    "分析传统CDSS在数据、算法、协同与算力方面的四大核心困境",
    "提出从“堆烟囱”向一体化智能融合架构转型的技术构想",
    "基于openEuler Intelligence构建支持向量化检索的临床知识库",
    "发布CDSS一体机，覆盖医学循证问答与智能病例分析场景",
    "自研HM IntelliCore引擎，利用“文本转规则”技术实现高效决策",
    "引入GoRules通用规则引擎，降低业务逻辑与算法模型的耦合度"
  ]
}