{
  "address": "ai_session/part_04/chunk_00/07_capture_frame/slide_004",
  "status": "completed",
  "input": {
    "video": "output/ai_session/part_04/chunk_00/02_downscale/artifacts/chunk_low.mp4",
    "timestamp": "00:00:43.760",
    "frame_id": "slide_004",
    "output_ext": ".png"
  },
  "output": "output/ai_session/part_04/chunk_00/07_capture_frame/slide_004/artifacts/slide_004.png",
  "artifacts": [
    "output/ai_session/part_04/chunk_00/07_capture_frame/slide_004/artifacts/slide_004.png"
  ],
  "metadata": {
    "timestamp": "00:00:43.760",
    "frame_id": "slide_004",
    "ffmpeg": "/opt/homebrew/bin/ffmpeg"
  },
  "trace_id": null,
  "duration_ms": 869,
  "started_at": "2025-12-15T17:51:31.599849",
  "completed_at": "2025-12-15T09:51:32.472544",
  "step_config": {},
  "dependencies": [
    "slide_timeline"
  ]
}