{
  "address": "ai_session/part_04/final/01_merge_slides",
  "status": "completed",
  "input": {
    "part_start": 4619.73,
    "part_duration": 437.35000000000036,
    "chunk_indices": [
      0
    ],
    "neighbor_slides": 2,
    "output_name": "materials.json"
  },
  "output": [
    {
      "id": "chunk_00/slide_001",
      "type": "slide",
      "start_ms": 500,
      "end_ms": 7500,
      "title": "AI分论坛背景页",
      "description": "",
      "asset_name": null,
      "source": null,
      "best_capture_ms": null,
      "crop_region": null,
      "text_span": null,
      "attributes": {
        "chunk": 0,
        "slide_id": "slide_001",
        "slide_index": 1,
        "offset_ms": 0
      },
      "kept": true,
      "duplicate_of": null,
      "duplicates": [],
      "notes": ""
    },
    {
      "id": "chunk_00/slide_002",
      "type": "slide",
      "start_ms": 8500,
      "end_ms": 15500,
      "title": "演讲嘉宾介绍：金龙 宝德解决方案部总监",
      "description": "",
      "asset_name": null,
      "source": null,
      "best_capture_ms": null,
      "crop_region": null,
      "text_span": null,
      "attributes": {
        "chunk": 0,
        "slide_id": "slide_002",
        "slide_index": 2,
        "offset_ms": 0
      },
      "kept": true,
      "duplicate_of": null,
      "duplicates": [],
      "notes": ""
    },
    {
      "id": "chunk_00/slide_003",
      "type": "slide",
      "start_ms": 24500,
      "end_ms": 32800,
      "title": "宝德“宝智灵”解决方案基于 intelligence boom 推理实践分享 演讲人：金龙",
      "description": "",
      "asset_name": null,
      "source": null,
      "best_capture_ms": null,
      "crop_region": null,
      "text_span": null,
      "attributes": {
        "chunk": 0,
        "slide_id": "slide_003",
        "slide_index": 3,
        "offset_ms": 0
      },
      "kept": true,
      "duplicate_of": null,
      "duplicates": [],
      "notes": ""
    },
    {
      "id": "chunk_00/slide_004",
      "type": "slide",
      "start_ms": 33500,
      "end_ms": 84800,
      "title": "宝德是一家自主创新的公司 公司概况与发展历程",
      "description": "",
      "asset_name": null,
      "source": null,
      "best_capture_ms": null,
      "crop_region": null,
      "text_span": null,
      "attributes": {
        "chunk": 0,
        "slide_id": "slide_004",
        "slide_index": 4,
        "offset_ms": 0
      },
      "kept": true,
      "duplicate_of": null,
      "duplicates": [],
      "notes": ""
    },
    {
      "id": "chunk_00/slide_005",
      "type": "slide",
      "start_ms": 85500,
      "end_ms": 160800,
      "title": "中小中型单位部署DeepSeek大模型面临算力与成本的挑战 算力、成本、技术门槛分析",
      "description": "",
      "asset_name": null,
      "source": null,
      "best_capture_ms": null,
      "crop_region": null,
      "text_span": null,
      "attributes": {
        "chunk": 0,
        "slide_id": "slide_005",
        "slide_index": 5,
        "offset_ms": 0
      },
      "kept": true,
      "duplicate_of": null,
      "duplicates": [],
      "notes": ""
    },
    {
      "id": "chunk_00/slide_006",
      "type": "slide",
      "start_ms": 161500,
      "end_ms": 260800,
      "title": "宝德联合openEuler推出“宝智灵”RAG一体机 预装全套智能底座",
      "description": "",
      "asset_name": null,
      "source": null,
      "best_capture_ms": null,
      "crop_region": null,
      "text_span": null,
      "attributes": {
        "chunk": 0,
        "slide_id": "slide_006",
        "slide_index": 6,
        "offset_ms": 0
      },
      "kept": true,
      "duplicate_of": null,
      "duplicates": [],
      "notes": ""
    },
    {
      "id": "chunk_00/slide_007",
      "type": "slide",
      "start_ms": 261500,
      "end_ms": 322800,
      "title": "直面成本与性能挑战，从软硬件系统维度，持续挖潜 实现最佳平衡",
      "description": "",
      "asset_name": null,
      "source": null,
      "best_capture_ms": null,
      "crop_region": null,
      "text_span": null,
      "attributes": {
        "chunk": 0,
        "slide_id": "slide_007",
        "slide_index": 7,
        "offset_ms": 0
      },
      "kept": true,
      "duplicate_of": null,
      "duplicates": [],
      "notes": ""
    },
    {
      "id": "chunk_00/slide_008",
      "type": "slide",
      "start_ms": 323500,
      "end_ms": 386800,
      "title": "全栈深耕全栈联合，打造行业智能化竞争力 发展路线图与关键技术节点",
      "description": "",
      "asset_name": null,
      "source": null,
      "best_capture_ms": null,
      "crop_region": null,
      "text_span": null,
      "attributes": {
        "chunk": 0,
        "slide_id": "slide_008",
        "slide_index": 8,
        "offset_ms": 0
      },
      "kept": true,
      "duplicate_of": null,
      "duplicates": [],
      "notes": ""
    },
    {
      "id": "chunk_00/slide_009",
      "type": "slide",
      "start_ms": 387500,
      "end_ms": 401500,
      "title": "感谢聆听",
      "description": "",
      "asset_name": null,
      "source": null,
      "best_capture_ms": null,
      "crop_region": null,
      "text_span": null,
      "attributes": {
        "chunk": 0,
        "slide_id": "slide_009",
        "slide_index": 9,
        "offset_ms": 0
      },
      "kept": true,
      "duplicate_of": null,
      "duplicates": [],
      "notes": ""
    },
    {
      "id": "chunk_00/slide_010",
      "type": "slide",
      "start_ms": 403500,
      "end_ms": 437000,
      "title": "AI分论坛背景页",
      "description": "",
      "asset_name": null,
      "source": null,
      "best_capture_ms": null,
      "crop_region": null,
      "text_span": null,
      "attributes": {
        "chunk": 0,
        "slide_id": "slide_010",
        "slide_index": 10,
        "offset_ms": 0
      },
      "kept": true,
      "duplicate_of": null,
      "duplicates": [],
      "notes": ""
    }
  ],
  "artifacts": [
    "output/ai_session/part_04/final/01_merge_slides/artifacts/materials.json"
  ],
  "metadata": {
    "chunks": 1,
    "materials_total": 10,
    "materials_kept": 10,
    "boundary_dedupe_pairs": 0
  },
  "trace_id": null,
  "duration_ms": 9,
  "started_at": "2025-12-15T17:53:11.919843",
  "completed_at": "2025-12-15T09:53:11.936212",
  "step_config": {},
  "dependencies": []
}