{
  "address": "ScienceEducationInnovation/part_04/chunk_00/08_crop_decision/slide_015",
  "status": "completed",
  "input": {
    "image_path": "output/ScienceEducationInnovation/part_04/chunk_00/07_capture_frame/slide_015/artifacts/slide_015.png",
    "slide_index": 15,
    "slide_title": "工作 2：面向 LLM 推理的异构算力调度（背景与动机） 分析推理阶段 Prefill 和 Decode 的算力需求差异及成本效率问题。"
  },
  "output": null,
  "artifacts": [
    "output/ScienceEducationInnovation/part_04/chunk_00/07_capture_frame/slide_015/artifacts/slide_015.png"
  ],
  "metadata": {
    "needs_crop": false,
    "reason": "MANUAL_NO_CROP",
    "manual_override": true
  },
  "trace_id": null,
  "duration_ms": 0,
  "started_at": "2025-12-21T23:27:05.888594",
  "completed_at": "2025-12-21T15:27:05.907391",
  "step_config": {
    "model": "gemini-3-flash-preview",
    "temperature": 0.1,
    "prompt_file": "/Users/lichuan/Codes/TalkDistill/config/prompts/crop_decision.md",
    "schema_file": "/Users/lichuan/Codes/TalkDistill/config/schemas/crop_decision.json"
  },
  "dependencies": [
    "capture_frame"
  ]
}