{
  "address": "ScienceEducationInnovation/part_04/final/06_section_timing",
  "status": "completed",
  "input": {
    "sections": [
      {
        "id": "sec_001",
        "title": "开场致辞与背景介绍：异构融合的 AI Infra 系统软件资源管理与可靠性保障",
        "material_ids": [
          "chunk_00/slide_001"
        ],
        "start_ms": 8840,
        "end_ms": 52645,
        "summary_hint": "",
        "notes": "首句对应字幕2，尾句对应字幕4。",
        "text_span": {
          "start": 1,
          "end": 3
        },
        "lead_text": "接下来，我们将有请北京航空航天大学的杨任宇老师，带来《异构融合的 AI Infra 系统软件资源管理与可靠性保障》的分享。",
        "tail_text": "各位老师、同学，大家下午好。今天很荣幸代表团队分享在大规模 AI 基础设施环境下，从系统软件视角如何进行资源管理、稳定性及可靠性保障。"
      },
      {
        "id": "sec_002",
        "title": "大模型时代的挑战：云原生演进与新型模型架构需求",
        "material_ids": [
          "chunk_00/slide_002",
          "chunk_00/slide_003",
          "chunk_00/slide_004",
          "chunk_00/slide_005"
        ],
        "start_ms": 55780,
        "end_ms": 198965,
        "summary_hint": "",
        "notes": "首句对应字幕5，尾句对应字幕8。",
        "text_span": {
          "start": 4,
          "end": 7
        },
        "lead_text": "首先，云计算已发展十余年，许多应用“生于云、长于云”。AI 智能服务与应用也不例外，其开发、执行、运维均在云平台或基础设施环境下进行。",
        "tail_text": "除了大语言领域，大模型在互联网搜广推等场景下的数据处理也已成为实现商业价值闭环的关键。因此，无论是稀疏场景还是稠密场景，都对软件层算力管理与设计提出了更高要求。"
      },
      {
        "id": "sec_003",
        "title": "AI 基础设施现状：超异构计算时代与系统软件整体思路",
        "material_ids": [
          "chunk_00/slide_006",
          "chunk_00/slide_007",
          "chunk_00/slide_008",
          "chunk_00/slide_009",
          "chunk_00/slide_010",
          "chunk_00/slide_011"
        ],
        "start_ms": 199660,
        "end_ms": 452055,
        "summary_hint": "",
        "notes": "首句对应字幕9，尾句对应字幕14。",
        "text_span": {
          "start": 8,
          "end": 13
        },
        "lead_text": "从硬件来看，AI 已进入超异构时代。为满足多样化智能需求，基础设施需从底层资源管理到上层编程 API、编译框架、工具链及软件栈，全面感知并利用异构算力。",
        "tail_text": "整体思路是：对异构资源进行合理、一致的抽象，在运行时对算力（尤其是国产卡）进行高效适配与优化。同时，支持多租户、多模型环境下的高效训练与推理，并实现软硬件状态的良好观测与追踪。"
      },
      {
        "id": "sec_004",
        "title": "探索方向 1：异构融合运行时调度与多作业混部优化",
        "material_ids": [
          "chunk_00/slide_012",
          "chunk_00/slide_013",
          "chunk_00/slide_014"
        ],
        "start_ms": 453090,
        "end_ms": 659915,
        "summary_hint": "",
        "notes": "首句对应字幕15，尾句对应字幕18。",
        "text_span": {
          "start": 14,
          "end": 17
        },
        "lead_text": "探索方向一：异构融合运行时调度与配置优化。我们观测到，不同模型在不同异构卡上执行时性能差异巨大。当多个作业在同一组算力上混部时，执行表现呈现非对称性。此外，在异构环境下部署 Serving 时，满足相同 QoS 的成本也各不相同。",
        "tail_text": "我们利用图匹配算法解决多作业调度问题，相关系统已在快手千卡集群中进行实验。结果显示，作业完成率提升了 44.7%，JCT（作业周转时间）缩短了近两倍。"
      },
      {
        "id": "sec_005",
        "title": "面向 LLM 推理的异构算力调度：GPU Combo 资源套餐",
        "material_ids": [
          "chunk_00/slide_015",
          "chunk_00/slide_016",
          "chunk_00/slide_017"
        ],
        "start_ms": 661000,
        "end_ms": 787985,
        "summary_hint": "",
        "notes": "首句对应字幕19，尾句对应字幕20。",
        "text_span": {
          "start": 18,
          "end": 19
        },
        "lead_text": "工作 2：面向 LLM 推理的异构算力调度。推理包含 Prefill 和 Decode 阶段，算力需求与执行模式差异显著。我们提出以 GPU Combo（资源套餐）形式满足特定 PD 配比，并在云原生环境下精确分析不同配比的部署成本。",
        "tail_text": "当 PD 实例在 NPU 和 GPU 上部署后，系统可动态响应请求，在 Combo 间及 Combo 内进行动态部署，以满足实时 QoS 需求。初步实验表明，性能提升了 25%-38%。"
      },
      {
        "id": "sec_006",
        "title": "Expert Kit：以 Expert 为中心的异构融合推理系统",
        "material_ids": [
          "chunk_00/slide_018",
          "chunk_00/slide_019"
        ],
        "start_ms": 789490,
        "end_ms": 915665,
        "summary_hint": "",
        "notes": "首句对应字幕21，尾句对应字幕22。",
        "text_span": {
          "start": 20,
          "end": 21
        },
        "lead_text": "工作 3：Expert Kit——以 Expert 为中心的异构推理系统。针对 MoE 模型，在资源受限或算力需求极高时，我们利用 Expert 的冷热差异，在运行时实现 CPU 与 XPU 的协同调度与 Offloading。",
        "tail_text": "我们进一步实现了 Attention 与 Expert 的解耦，优化了分布式异构存储与计算。该项目得到了华为与北航联合实验室的支持，通过软件定义视角，实现了集群范围内高效的算力分配与请求适配。"
      },
      {
        "id": "sec_007",
        "title": "探索方向 2：AI 基础设施稳定性、异常检测与根因分析",
        "material_ids": [
          "chunk_00/slide_020",
          "chunk_00/slide_021",
          "chunk_00/slide_022"
        ],
        "start_ms": 917720,
        "end_ms": 1091460,
        "summary_hint": "",
        "notes": "首句对应字幕23，尾句对应字幕25。",
        "text_span": {
          "start": 22,
          "end": 24
        },
        "lead_text": "探索方向二：AI 基础设施稳定性与可靠性。大模型训练中失效频发，恢复成本极高。我们建立了从追踪、故障隔离到 Checkpoint 读写及运行时恢复的完整链路。在网络层，针对 NCCL 通信实现失效后的及时恢复，并动态剔除故障节点。",
        "tail_text": "通过跨节点数据收集与聚合，利用统计手段定位 Straggler。我们还引入图学习与 RAG 技术进行根因分析，相关系统已集成至快手平台，将诊断耗时从半小时缩短至分钟级，效率提升数十倍。"
      },
      {
        "id": "sec_008",
        "title": "可靠性保障技术：Checkpoint 优化与快速失效恢复",
        "material_ids": [
          "chunk_00/slide_023",
          "chunk_00/slide_024"
        ],
        "start_ms": 1091860,
        "end_ms": 1156655,
        "summary_hint": "",
        "notes": "首句对应字幕26，尾句对应字幕27。",
        "text_span": {
          "start": 25,
          "end": 26
        },
        "lead_text": "工作 2：面向大规模推荐模型训练的 Checkpoint 优化。针对 Embedding 层的冷热特征，实现自适应 Checkpoint 策略。通过 Pipeline 编排，使 Checkpoint 过程不影响正常的训练任务。",
        "tail_text": "工作 3：基于动态重建的快速失效恢复技术。在运行时通过 Device Proxy 和 Flexible CCL 实现通信链路的动态重构，降低失效恢复成本。"
      },
      {
        "id": "sec_009",
        "title": "平台化落地：Crater 多租户异构集群智能调度系统",
        "material_ids": [
          "chunk_00/slide_025",
          "chunk_00/slide_026",
          "chunk_00/slide_027",
          "chunk_00/slide_028"
        ],
        "start_ms": 1157950,
        "end_ms": 1231025,
        "summary_hint": "",
        "notes": "首句对应字幕28，尾句对应字幕31。",
        "text_span": {
          "start": 27,
          "end": 30
        },
        "lead_text": "相关研究得到了多个国家级项目及工业伙伴的支持，并在训练、推理及异常检测层面发表了多篇高水平论文。",
        "tail_text": "Crater 简化了异构算力的操作流程，助力多种场景快速落地。目前该系统已正式上线运行一年，累计执行任务超 2 万个。"
      },
      {
        "id": "sec_010",
        "title": "总结与致谢",
        "material_ids": [
          "chunk_00/slide_029",
          "chunk_00/slide_030"
        ],
        "start_ms": 1234320,
        "end_ms": 1293409,
        "summary_hint": "",
        "notes": "首句对应字幕32，尾句对应字幕34。",
        "text_span": {
          "start": 31,
          "end": 33
        },
        "lead_text": "最后，感谢各位同事与同学。我们是来自北航分布式系统可靠与智能系统团队（RAIDS Lab）。谢谢聆听，请批评指正。",
        "tail_text": "再次感谢杨老师的精彩呈现。从资源调度到可靠性保障，杨老师的研究为异构融合 AI Infra 系统的发展提供了有力支撑。"
      }
    ],
    "subtitles": [
      {
        "index": 1,
        "start": 0.0,
        "end": 8.14,
        "text": "端到端的攻击检测技术为人工智能系统筑牢了安全防线，也为相关领域的研究提供了重要参考。"
      },
      {
        "index": 2,
        "start": 8.84,
        "end": 19.82,
        "text": "接下来，我们将有请北京航空航天大学的杨任宇老师，带来《异构融合的 AI Infra 系统软件资源管理与可靠性保障》的分享。"
      },
      {
        "index": 3,
        "start": 20.3,
        "end": 27.325,
        "text": "AI Infra 系统的资源管理与可靠性是开源生态建设的核心议题，让我们掌声欢迎杨老师。"
      },
      {
        "index": 4,
        "start": 34.28,
        "end": 52.645,
        "text": "各位老师、同学，大家下午好。今天很荣幸代表团队分享在大规模 AI 基础设施环境下，从系统软件视角如何进行资源管理、稳定性及可靠性保障。"
      },
      {
        "index": 5,
        "start": 55.78,
        "end": 77.68,
        "text": "首先，云计算已发展十余年，许多应用“生于云、长于云”。AI 智能服务与应用也不例外，其开发、执行、运维均在云平台或基础设施环境下进行。"
      },
      {
        "index": 6,
        "start": 78.04,
        "end": 106.795,
        "text": "随着 AI 进入大模型时代，从单模态到多模态，模型功能日益强大。模型训练与推理对算力的需求呈爆炸式增长，尤其是近年来推理侧的算力需求持续攀升。"
      },
      {
        "index": 7,
        "start": 107.69,
        "end": 148.76,
        "text": "在架构方面，主流框架无论是自然语言处理、多模态视觉，还是推荐系统，均已向 MoE（混合专家系统）架构演进。MoE 通过稀疏激活和 Top-K 选择，在保证大模型服务能力的同时，维持推理效率。"
      },
      {
        "index": 8,
        "start": 149.16,
        "end": 198.965,
        "text": "除了大语言领域，大模型在互联网搜广推等场景下的数据处理也已成为实现商业价值闭环的关键。因此，无论是稀疏场景还是稠密场景，都对软件层算力管理与设计提出了更高要求。"
      },
      {
        "index": 9,
        "start": 199.66,
        "end": 241.285,
        "text": "从硬件来看，AI 已进入超异构时代。为满足多样化智能需求，基础设施需从底层资源管理到上层编程 API、编译框架、工具链及软件栈，全面感知并利用异构算力。"
      },
      {
        "index": 10,
        "start": 243.1,
        "end": 285.4,
        "text": "在此背景下，AI 基础设施建设如火如荼。截至 2025 年第一季度，全国已建成 165 个智算中心，千卡、万卡集群成为标配。然而，算力资源利用率普遍较低（仅 10%-15%），亟需从软件层面进行高效管理与调度。"
      },
      {
        "index": 11,
        "start": 285.86,
        "end": 350.475,
        "text": "借鉴操作系统思路，我们希望构建“云 OS”，向下管理各类异构资源，向上为软件 App 与服务提供统一编程接口，屏蔽底层复杂性。在 AI 时代，基础设施层需支持离线批处理训练与在线大模型 Serving，以满足用户对性能与成本的多样化需求。"
      },
      {
        "index": 12,
        "start": 351.7,
        "end": 380.2,
        "text": "目前，我们在框架层与运行时仍面临资源利用率低、服务质量保障难、失效概率高及可观测性差等挑战。"
      },
      {
        "index": 13,
        "start": 380.2,
        "end": 410.015,
        "text": "当系统规模扩大，故障恢复慢、损失大等现象加剧。我们希望从容错（Fault Tolerance）视角，实现及时的故障检测、精准定位、全面诊断及快速失效恢复。"
      },
      {
        "index": 14,
        "start": 411.02,
        "end": 452.055,
        "text": "整体思路是：对异构资源进行合理、一致的抽象，在运行时对算力（尤其是国产卡）进行高效适配与优化。同时，支持多租户、多模型环境下的高效训练与推理，并实现软硬件状态的良好观测与追踪。"
      },
      {
        "index": 15,
        "start": 453.09,
        "end": 514.19,
        "text": "探索方向一：异构融合运行时调度与配置优化。我们观测到，不同模型在不同异构卡上执行时性能差异巨大。当多个作业在同一组算力上混部时，执行表现呈现非对称性。此外，在异构环境下部署 Serving 时，满足相同 QoS 的成本也各不相同。"
      },
      {
        "index": 16,
        "start": 514.33,
        "end": 551.71,
        "text": "当 GPU/NPU 负载较高时，CPU 侧仍有大量空闲算力。如何实现 CPU 与 NPU 的互补，是异构融合的关键。我们围绕算力运行时调度与合理配置策略展开了研究。"
      },
      {
        "index": 17,
        "start": 553.28,
        "end": 617.295,
        "text": "工作 1：异构感知的多作业封装与混部。在训练场景下，除了考虑异构性，还需关注互联网场景下的潮汐现象。所有作业需在截止时间（Deadline）内完成。我们将执行时间与异构性共同建模，通过作业组视角实现组内并行交错执行。"
      },
      {
        "index": 18,
        "start": 618.1,
        "end": 659.915,
        "text": "我们利用图匹配算法解决多作业调度问题，相关系统已在快手千卡集群中进行实验。结果显示，作业完成率提升了 44.7%，JCT（作业周转时间）缩短了近两倍。"
      },
      {
        "index": 19,
        "start": 661.0,
        "end": 743.92,
        "text": "工作 2：面向 LLM 推理的异构算力调度。推理包含 Prefill 和 Decode 阶段，算力需求与执行模式差异显著。我们提出以 GPU Combo（资源套餐）形式满足特定 PD 配比，并在云原生环境下精确分析不同配比的部署成本。"
      },
      {
        "index": 20,
        "start": 745.0,
        "end": 787.985,
        "text": "当 PD 实例在 NPU 和 GPU 上部署后，系统可动态响应请求，在 Combo 间及 Combo 内进行动态部署，以满足实时 QoS 需求。初步实验表明，性能提升了 25%-38%。"
      },
      {
        "index": 21,
        "start": 789.49,
        "end": 861.33,
        "text": "工作 3：Expert Kit——以 Expert 为中心的异构推理系统。针对 MoE 模型，在资源受限或算力需求极高时，我们利用 Expert 的冷热差异，在运行时实现 CPU 与 XPU 的协同调度与 Offloading。"
      },
      {
        "index": 22,
        "start": 861.57,
        "end": 915.665,
        "text": "我们进一步实现了 Attention 与 Expert 的解耦，优化了分布式异构存储与计算。该项目得到了华为与北航联合实验室的支持，通过软件定义视角，实现了集群范围内高效的算力分配与请求适配。"
      },
      {
        "index": 23,
        "start": 917.72,
        "end": 972.57,
        "text": "探索方向二：AI 基础设施稳定性与可靠性。大模型训练中失效频发，恢复成本极高。我们建立了从追踪、故障隔离到 Checkpoint 读写及运行时恢复的完整链路。在网络层，针对 NCCL 通信实现失效后的及时恢复，并动态剔除故障节点。"
      },
      {
        "index": 24,
        "start": 973.0,
        "end": 1017.805,
        "text": "我们定义了 AI 环境下的五大类、十余种失效类型。工作 1 重点研究分布式训练与推理中的 Straggler（掉队者）检测与根因分析。"
      },
      {
        "index": 25,
        "start": 1018.9,
        "end": 1091.46,
        "text": "通过跨节点数据收集与聚合，利用统计手段定位 Straggler。我们还引入图学习与 RAG 技术进行根因分析，相关系统已集成至快手平台，将诊断耗时从半小时缩短至分钟级，效率提升数十倍。"
      },
      {
        "index": 26,
        "start": 1091.86,
        "end": 1131.65,
        "text": "工作 2：面向大规模推荐模型训练的 Checkpoint 优化。针对 Embedding 层的冷热特征，实现自适应 Checkpoint 策略。通过 Pipeline 编排，使 Checkpoint 过程不影响正常的训练任务。"
      },
      {
        "index": 27,
        "start": 1132.19,
        "end": 1156.655,
        "text": "工作 3：基于动态重建的快速失效恢复技术。在运行时通过 Device Proxy 和 Flexible CCL 实现通信链路的动态重构，降低失效恢复成本。"
      },
      {
        "index": 28,
        "start": 1157.95,
        "end": 1176.655,
        "text": "相关研究得到了多个国家级项目及工业伙伴的支持，并在训练、推理及异常检测层面发表了多篇高水平论文。"
      },
      {
        "index": 29,
        "start": 1178.03,
        "end": 1188.87,
        "text": "除了技术研发，我们还实现了 AI Infra 平台级解决方案——Crater。"
      },
      {
        "index": 30,
        "start": 1189.29,
        "end": 1210.41,
        "text": "Crater 系统支持多租户异构集群监控与资源管理，集成了异构算力管理、多维资源数据管理，并支持从深度学习到 DeepSeek 分布式推理的多种场景。"
      },
      {
        "index": 31,
        "start": 1211.0,
        "end": 1231.025,
        "text": "Crater 简化了异构算力的操作流程，助力多种场景快速落地。目前该系统已正式上线运行一年，累计执行任务超 2 万个。"
      },
      {
        "index": 32,
        "start": 1234.32,
        "end": 1254.425,
        "text": "最后，感谢各位同事与同学。我们是来自北航分布式系统可靠与智能系统团队（RAIDS Lab）。谢谢聆听，请批评指正。"
      },
      {
        "index": 33,
        "start": 1255.83,
        "end": 1275.445,
        "text": "好的，谢谢杨老师。请您留步，现场有没有朋友要提问？大家可以随时举手示意我们的工作人员。"
      },
      {
        "index": 34,
        "start": 1276.27,
        "end": 1293.41,
        "text": "再次感谢杨老师的精彩呈现。从资源调度到可靠性保障，杨老师的研究为异构融合 AI Infra 系统的发展提供了有力支撑。"
      }
    ],
    "duration_ms": 1293409,
    "chunk_label": "part_04/final"
  },
  "output": {
    "sections": [
      {
        "id": "sec_001",
        "title": "开场致辞与背景介绍：异构融合的 AI Infra 系统软件资源管理与可靠性保障",
        "material_ids": [
          "chunk_00/slide_001"
        ],
        "start_ms": 8840,
        "end_ms": 52645,
        "summary_hint": "",
        "notes": "首句对应字幕2，尾句对应字幕4。",
        "text_span": {
          "start": 1,
          "end": 3
        },
        "lead_text": "接下来，我们将有请北京航空航天大学的杨任宇老师，带来《异构融合的 AI Infra 系统软件资源管理与可靠性保障》的分享。",
        "tail_text": "各位老师、同学，大家下午好。今天很荣幸代表团队分享在大规模 AI 基础设施环境下，从系统软件视角如何进行资源管理、稳定性及可靠性保障。"
      },
      {
        "id": "sec_002",
        "title": "大模型时代的挑战：云原生演进与新型模型架构需求",
        "material_ids": [
          "chunk_00/slide_002",
          "chunk_00/slide_003",
          "chunk_00/slide_004",
          "chunk_00/slide_005"
        ],
        "start_ms": 55780,
        "end_ms": 198965,
        "summary_hint": "",
        "notes": "首句对应字幕5，尾句对应字幕8。",
        "text_span": {
          "start": 4,
          "end": 7
        },
        "lead_text": "首先，云计算已发展十余年，许多应用“生于云、长于云”。AI 智能服务与应用也不例外，其开发、执行、运维均在云平台或基础设施环境下进行。",
        "tail_text": "除了大语言领域，大模型在互联网搜广推等场景下的数据处理也已成为实现商业价值闭环的关键。因此，无论是稀疏场景还是稠密场景，都对软件层算力管理与设计提出了更高要求。"
      },
      {
        "id": "sec_003",
        "title": "AI 基础设施现状：超异构计算时代与系统软件整体思路",
        "material_ids": [
          "chunk_00/slide_006",
          "chunk_00/slide_007",
          "chunk_00/slide_008",
          "chunk_00/slide_009",
          "chunk_00/slide_010",
          "chunk_00/slide_011"
        ],
        "start_ms": 199660,
        "end_ms": 452055,
        "summary_hint": "",
        "notes": "首句对应字幕9，尾句对应字幕14。",
        "text_span": {
          "start": 8,
          "end": 13
        },
        "lead_text": "从硬件来看，AI 已进入超异构时代。为满足多样化智能需求，基础设施需从底层资源管理到上层编程 API、编译框架、工具链及软件栈，全面感知并利用异构算力。",
        "tail_text": "整体思路是：对异构资源进行合理、一致的抽象，在运行时对算力（尤其是国产卡）进行高效适配与优化。同时，支持多租户、多模型环境下的高效训练与推理，并实现软硬件状态的良好观测与追踪。"
      },
      {
        "id": "sec_004",
        "title": "探索方向 1：异构融合运行时调度与多作业混部优化",
        "material_ids": [
          "chunk_00/slide_012",
          "chunk_00/slide_013",
          "chunk_00/slide_014"
        ],
        "start_ms": 453090,
        "end_ms": 659915,
        "summary_hint": "",
        "notes": "首句对应字幕15，尾句对应字幕18。",
        "text_span": {
          "start": 14,
          "end": 17
        },
        "lead_text": "探索方向一：异构融合运行时调度与配置优化。我们观测到，不同模型在不同异构卡上执行时性能差异巨大。当多个作业在同一组算力上混部时，执行表现呈现非对称性。此外，在异构环境下部署 Serving 时，满足相同 QoS 的成本也各不相同。",
        "tail_text": "我们利用图匹配算法解决多作业调度问题，相关系统已在快手千卡集群中进行实验。结果显示，作业完成率提升了 44.7%，JCT（作业周转时间）缩短了近两倍。"
      },
      {
        "id": "sec_005",
        "title": "面向 LLM 推理的异构算力调度：GPU Combo 资源套餐",
        "material_ids": [
          "chunk_00/slide_015",
          "chunk_00/slide_016",
          "chunk_00/slide_017"
        ],
        "start_ms": 661000,
        "end_ms": 787985,
        "summary_hint": "",
        "notes": "首句对应字幕19，尾句对应字幕20。",
        "text_span": {
          "start": 18,
          "end": 19
        },
        "lead_text": "工作 2：面向 LLM 推理的异构算力调度。推理包含 Prefill 和 Decode 阶段，算力需求与执行模式差异显著。我们提出以 GPU Combo（资源套餐）形式满足特定 PD 配比，并在云原生环境下精确分析不同配比的部署成本。",
        "tail_text": "当 PD 实例在 NPU 和 GPU 上部署后，系统可动态响应请求，在 Combo 间及 Combo 内进行动态部署，以满足实时 QoS 需求。初步实验表明，性能提升了 25%-38%。"
      },
      {
        "id": "sec_006",
        "title": "Expert Kit：以 Expert 为中心的异构融合推理系统",
        "material_ids": [
          "chunk_00/slide_018",
          "chunk_00/slide_019"
        ],
        "start_ms": 789490,
        "end_ms": 915665,
        "summary_hint": "",
        "notes": "首句对应字幕21，尾句对应字幕22。",
        "text_span": {
          "start": 20,
          "end": 21
        },
        "lead_text": "工作 3：Expert Kit——以 Expert 为中心的异构推理系统。针对 MoE 模型，在资源受限或算力需求极高时，我们利用 Expert 的冷热差异，在运行时实现 CPU 与 XPU 的协同调度与 Offloading。",
        "tail_text": "我们进一步实现了 Attention 与 Expert 的解耦，优化了分布式异构存储与计算。该项目得到了华为与北航联合实验室的支持，通过软件定义视角，实现了集群范围内高效的算力分配与请求适配。"
      },
      {
        "id": "sec_007",
        "title": "探索方向 2：AI 基础设施稳定性、异常检测与根因分析",
        "material_ids": [
          "chunk_00/slide_020",
          "chunk_00/slide_021",
          "chunk_00/slide_022"
        ],
        "start_ms": 917720,
        "end_ms": 1091460,
        "summary_hint": "",
        "notes": "首句对应字幕23，尾句对应字幕25。",
        "text_span": {
          "start": 22,
          "end": 24
        },
        "lead_text": "探索方向二：AI 基础设施稳定性与可靠性。大模型训练中失效频发，恢复成本极高。我们建立了从追踪、故障隔离到 Checkpoint 读写及运行时恢复的完整链路。在网络层，针对 NCCL 通信实现失效后的及时恢复，并动态剔除故障节点。",
        "tail_text": "通过跨节点数据收集与聚合，利用统计手段定位 Straggler。我们还引入图学习与 RAG 技术进行根因分析，相关系统已集成至快手平台，将诊断耗时从半小时缩短至分钟级，效率提升数十倍。"
      },
      {
        "id": "sec_008",
        "title": "可靠性保障技术：Checkpoint 优化与快速失效恢复",
        "material_ids": [
          "chunk_00/slide_023",
          "chunk_00/slide_024"
        ],
        "start_ms": 1091860,
        "end_ms": 1156655,
        "summary_hint": "",
        "notes": "首句对应字幕26，尾句对应字幕27。",
        "text_span": {
          "start": 25,
          "end": 26
        },
        "lead_text": "工作 2：面向大规模推荐模型训练的 Checkpoint 优化。针对 Embedding 层的冷热特征，实现自适应 Checkpoint 策略。通过 Pipeline 编排，使 Checkpoint 过程不影响正常的训练任务。",
        "tail_text": "工作 3：基于动态重建的快速失效恢复技术。在运行时通过 Device Proxy 和 Flexible CCL 实现通信链路的动态重构，降低失效恢复成本。"
      },
      {
        "id": "sec_009",
        "title": "平台化落地：Crater 多租户异构集群智能调度系统",
        "material_ids": [
          "chunk_00/slide_025",
          "chunk_00/slide_026",
          "chunk_00/slide_027",
          "chunk_00/slide_028"
        ],
        "start_ms": 1157950,
        "end_ms": 1231025,
        "summary_hint": "",
        "notes": "首句对应字幕28，尾句对应字幕31。",
        "text_span": {
          "start": 27,
          "end": 30
        },
        "lead_text": "相关研究得到了多个国家级项目及工业伙伴的支持，并在训练、推理及异常检测层面发表了多篇高水平论文。",
        "tail_text": "Crater 简化了异构算力的操作流程，助力多种场景快速落地。目前该系统已正式上线运行一年，累计执行任务超 2 万个。"
      },
      {
        "id": "sec_010",
        "title": "总结与致谢",
        "material_ids": [
          "chunk_00/slide_029",
          "chunk_00/slide_030"
        ],
        "start_ms": 1234320,
        "end_ms": 1293409,
        "summary_hint": "",
        "notes": "首句对应字幕32，尾句对应字幕34。",
        "text_span": {
          "start": 31,
          "end": 33
        },
        "lead_text": "最后，感谢各位同事与同学。我们是来自北航分布式系统可靠与智能系统团队（RAIDS Lab）。谢谢聆听，请批评指正。",
        "tail_text": "再次感谢杨老师的精彩呈现。从资源调度到可靠性保障，杨老师的研究为异构融合 AI Infra 系统的发展提供了有力支撑。"
      }
    ]
  },
  "artifacts": [
    "output/ScienceEducationInnovation/part_04/final/06_section_timing/artifacts/section_manifest_aligned.json"
  ],
  "metadata": {
    "sections": 10,
    "notes": "所有时间轴已根据字幕起止点精确对齐。Section 009 包含了对 Crater 平台的详细介绍，Section 010 包含了演讲结束后的主持致辞。"
  },
  "trace_id": "c95c9bba-9086-4f9b-b0f3-318b8a6600b4",
  "duration_ms": 6071,
  "started_at": "2025-12-21T23:41:09.961716",
  "completed_at": "2025-12-21T15:41:16.034263",
  "step_config": {
    "model": "gemini-3-flash-preview",
    "temperature": 0.1,
    "prompt_file": "/Users/lichuan/Codes/TalkDistill/config/prompts/section_timing.md",
    "schema_file": "/Users/lichuan/Codes/TalkDistill/config/schemas/section_timing.json"
  },
  "dependencies": [
    "merge_subtitles",
    "section_plan"
  ]
}