{
  "address": "ai_session/part_07/chunk_00/09_apply_crop/slide_002",
  "status": "completed",
  "input": {
    "image_path": "output/ai_session/part_07/chunk_00/07_capture_frame/slide_002/artifacts/slide_002.png",
    "crop_region": {
      "x": 190,
      "y": 85,
      "width": 1535,
      "height": 890
    }
  },
  "output": "output/ai_session/part_07/chunk_00/09_apply_crop/slide_002/artifacts/slide_002.png",
  "artifacts": [
    "output/ai_session/part_07/chunk_00/09_apply_crop/slide_002/artifacts/slide_002.png"
  ],
  "metadata": {
    "source": "output/ai_session/part_07/chunk_00/07_capture_frame/slide_002/artifacts/slide_002.png",
    "applied": true,
    "crop_region": {
      "x": 190,
      "y": 85,
      "width": 1535,
      "height": 890
    },
    "size": {
      "width": 1535,
      "height": 890
    }
  },
  "trace_id": null,
  "duration_ms": 122,
  "started_at": "2025-12-16T00:31:41.596371",
  "completed_at": "2025-12-15T16:31:41.719553",
  "step_config": {},
  "dependencies": [
    "capture_frame",
    "crop_decision"
  ]
}