{
  "address": "ai_session/part_04/chunk_00/09_apply_crop/slide_008",
  "status": "completed",
  "input": {
    "image_path": "output/ai_session/part_04/chunk_00/07_capture_frame/slide_008/artifacts/slide_008.png",
    "crop_region": {
      "x": 428,
      "y": 129,
      "width": 851,
      "height": 561
    }
  },
  "output": "output/ai_session/part_04/chunk_00/09_apply_crop/slide_008/artifacts/slide_008.png",
  "artifacts": [
    "output/ai_session/part_04/chunk_00/09_apply_crop/slide_008/artifacts/slide_008.png"
  ],
  "metadata": {
    "source": "output/ai_session/part_04/chunk_00/07_capture_frame/slide_008/artifacts/slide_008.png",
    "applied": true,
    "crop_region": {
      "x": 428,
      "y": 129,
      "width": 851,
      "height": 561
    },
    "size": {
      "width": 851,
      "height": 561
    }
  },
  "trace_id": null,
  "duration_ms": 183,
  "started_at": "2025-12-15T17:52:40.834720",
  "completed_at": "2025-12-15T09:52:41.024818",
  "step_config": {},
  "dependencies": [
    "capture_frame",
    "crop_decision"
  ]
}