{
  "address": "ScienceEducationInnovation/part_02/chunk_00/07_capture_frame/slide_043",
  "status": "completed",
  "input": {
    "video": "output/ScienceEducationInnovation/part_02/chunk_00/01_cut_chunk/artifacts/chunk_high.mp4",
    "timestamp": "00:21:28.600",
    "frame_id": "slide_043",
    "output_ext": ".png"
  },
  "output": "output/ScienceEducationInnovation/part_02/chunk_00/07_capture_frame/slide_043/artifacts/slide_043.png",
  "artifacts": [
    "output/ScienceEducationInnovation/part_02/chunk_00/07_capture_frame/slide_043/artifacts/slide_043.png"
  ],
  "metadata": {
    "timestamp": "00:21:28.600",
    "frame_id": "slide_043",
    "ffmpeg": "/opt/homebrew/bin/ffmpeg"
  },
  "trace_id": null,
  "duration_ms": 4678,
  "started_at": "2025-12-17T10:50:27.902369",
  "completed_at": "2025-12-17T02:50:32.582625",
  "step_config": {},
  "dependencies": [
    "slide_timeline"
  ]
}