{
  "address": "ai_session/part_00/chunk_00/09_apply_crop/slide_012",
  "status": "completed",
  "input": {
    "image_path": "output/ai_session/part_00/chunk_00/07_capture_frame/slide_012/artifacts/slide_012.png",
    "crop_region": {
      "x": 289,
      "y": 230,
      "width": 1445,
      "height": 754
    }
  },
  "output": "output/ai_session/part_00/chunk_00/09_apply_crop/slide_012/artifacts/slide_012.png",
  "artifacts": [
    "output/ai_session/part_00/chunk_00/09_apply_crop/slide_012/artifacts/slide_012.png"
  ],
  "metadata": {
    "source": "output/ai_session/part_00/chunk_00/07_capture_frame/slide_012/artifacts/slide_012.png",
    "applied": true,
    "crop_region": {
      "x": 289,
      "y": 230,
      "width": 1445,
      "height": 754
    },
    "size": {
      "width": 1445,
      "height": 754
    }
  },
  "trace_id": null,
  "duration_ms": 1086,
  "started_at": "2025-12-15T21:22:58.818201",
  "completed_at": "2025-12-15T13:22:59.907810",
  "step_config": {},
  "dependencies": [
    "capture_frame",
    "crop_decision"
  ]
}