{
  "materials": [
    {
      "id": "chunk_00/slide_001",
      "type": "slide",
      "start_ms": 0,
      "end_ms": 5500,
      "title": "AI分论坛 背景主视觉",
      "description": "",
      "kept": true,
      "attributes": {
        "chunk": 0,
        "slide_id": "slide_001",
        "slide_index": 1,
        "offset_ms": 0
      }
    },
    {
      "id": "chunk_00/slide_002",
      "type": "slide",
      "start_ms": 7000,
      "end_ms": 31500,
      "title": "东方通中间件智能体 演讲主题页",
      "description": "",
      "kept": true,
      "attributes": {
        "chunk": 0,
        "slide_id": "slide_002",
        "slide_index": 2,
        "offset_ms": 0
      }
    },
    {
      "id": "chunk_00/slide_003",
      "type": "slide",
      "start_ms": 33000,
      "end_ms": 49500,
      "title": "目录 01.中间件产品介绍 02.中间件智能体介绍",
      "description": "",
      "kept": true,
      "attributes": {
        "chunk": 0,
        "slide_id": "slide_003",
        "slide_index": 3,
        "offset_ms": 0
      }
    },
    {
      "id": "chunk_00/slide_004",
      "type": "slide",
      "start_ms": 51000,
      "end_ms": 86500,
      "title": "东方通中间件业务发展历程 时间轴图表",
      "description": "",
      "kept": true,
      "attributes": {
        "chunk": 0,
        "slide_id": "slide_004",
        "slide_index": 4,
        "offset_ms": 0
      }
    },
    {
      "id": "chunk_00/slide_005",
      "type": "slide",
      "start_ms": 88000,
      "end_ms": 186500,
      "title": "东方通基础软件产品线 业务类与基础类架构图",
      "description": "",
      "kept": true,
      "attributes": {
        "chunk": 0,
        "slide_id": "slide_005",
        "slide_index": 5,
        "offset_ms": 0
      }
    },
    {
      "id": "chunk_00/slide_006",
      "type": "slide",
      "start_ms": 187500,
      "end_ms": 189500,
      "title": "目录 02.中间件智能体介绍",
      "description": "",
      "kept": true,
      "attributes": {
        "chunk": 0,
        "slide_id": "slide_006",
        "slide_index": 6,
        "offset_ms": 0
      }
    },
    {
      "id": "chunk_00/slide_007",
      "type": "slide",
      "start_ms": 191000,
      "end_ms": 373500,
      "title": "传统的中间件运维 痛点分析：开发复杂、运维被动等",
      "description": "",
      "kept": true,
      "attributes": {
        "chunk": 0,
        "slide_id": "slide_007",
        "slide_index": 7,
        "offset_ms": 0
      }
    },
    {
      "id": "chunk_00/slide_008",
      "type": "slide",
      "start_ms": 375000,
      "end_ms": 454500,
      "title": "中间件智能体简介 定义与核心概念",
      "description": "",
      "kept": true,
      "attributes": {
        "chunk": 0,
        "slide_id": "slide_008",
        "slide_index": 8,
        "offset_ms": 0
      }
    },
    {
      "id": "chunk_00/slide_009",
      "type": "slide",
      "start_ms": 456000,
      "end_ms": 527500,
      "title": "中间件智能体系统架构 服务层、能力中心、模型层",
      "description": "",
      "kept": true,
      "attributes": {
        "chunk": 0,
        "slide_id": "slide_009",
        "slide_index": 9,
        "offset_ms": 0
      }
    },
    {
      "id": "chunk_00/slide_010",
      "type": "slide",
      "start_ms": 529000,
      "end_ms": 671500,
      "title": "中间件智能体核心能力 智能规划、智能配置、智能检测等",
      "description": "",
      "kept": true,
      "attributes": {
        "chunk": 0,
        "slide_id": "slide_010",
        "slide_index": 10,
        "offset_ms": 0
      }
    },
    {
      "id": "chunk_00/slide_011",
      "type": "slide",
      "start_ms": 673000,
      "end_ms": 761500,
      "title": "中间件智能体核心价值 降本增效、稳定运行、智慧赋能",
      "description": "",
      "kept": true,
      "attributes": {
        "chunk": 0,
        "slide_id": "slide_011",
        "slide_index": 11,
        "offset_ms": 0
      }
    },
    {
      "id": "chunk_00/slide_012",
      "type": "slide",
      "start_ms": 763000,
      "end_ms": 826500,
      "title": "东方通中间件智能体发展优势 数据积累、专业、产品生态、安全",
      "description": "",
      "kept": true,
      "attributes": {
        "chunk": 0,
        "slide_id": "slide_012",
        "slide_index": 12,
        "offset_ms": 0
      }
    },
    {
      "id": "chunk_00/slide_013",
      "type": "slide",
      "start_ms": 828000,
      "end_ms": 904500,
      "title": "中间件智能体应用场景 - 智能调优 智能监控与智能配置循环",
      "description": "",
      "kept": true,
      "attributes": {
        "chunk": 0,
        "slide_id": "slide_013",
        "slide_index": 13,
        "offset_ms": 0
      }
    },
    {
      "id": "chunk_00/slide_014",
      "type": "slide",
      "start_ms": 906000,
      "end_ms": 957500,
      "title": "中间件智能体应用场景 - 智能编码 代码生成与测试",
      "description": "",
      "kept": true,
      "attributes": {
        "chunk": 0,
        "slide_id": "slide_014",
        "slide_index": 14,
        "offset_ms": 0
      }
    },
    {
      "id": "chunk_00/slide_015",
      "type": "slide",
      "start_ms": 959000,
      "end_ms": 986500,
      "title": "中间件智能体应用场景 新业务快速上线、新系统开发等四宫格",
      "description": "",
      "kept": true,
      "attributes": {
        "chunk": 0,
        "slide_id": "slide_015",
        "slide_index": 15,
        "offset_ms": 0
      }
    },
    {
      "id": "chunk_00/slide_016",
      "type": "slide",
      "start_ms": 988000,
      "end_ms": 1035500,
      "title": "总结 它是谁？能做什么？价值几何？",
      "description": "",
      "kept": true,
      "attributes": {
        "chunk": 0,
        "slide_id": "slide_016",
        "slide_index": 16,
        "offset_ms": 0
      }
    },
    {
      "id": "chunk_00/slide_017",
      "type": "slide",
      "start_ms": 1037000,
      "end_ms": 1097000,
      "title": "AI分论坛 结束背景页",
      "description": "",
      "kept": true,
      "attributes": {
        "chunk": 0,
        "slide_id": "slide_017",
        "slide_index": 17,
        "offset_ms": 0
      }
    }
  ]
}