{
  "address": "ai_session/part_09/chunk_00/09_apply_crop/slide_001",
  "status": "completed",
  "input": {
    "image_path": "output/ai_session/part_09/chunk_00/07_capture_frame/slide_001/artifacts/slide_001.png",
    "crop_region": {
      "x": 182,
      "y": 123,
      "width": 1416,
      "height": 797
    }
  },
  "output": "output/ai_session/part_09/chunk_00/09_apply_crop/slide_001/artifacts/slide_001.png",
  "artifacts": [
    "output/ai_session/part_09/chunk_00/09_apply_crop/slide_001/artifacts/slide_001.png"
  ],
  "metadata": {
    "source": "output/ai_session/part_09/chunk_00/07_capture_frame/slide_001/artifacts/slide_001.png",
    "applied": true,
    "crop_region": {
      "x": 182,
      "y": 123,
      "width": 1416,
      "height": 797
    },
    "size": {
      "width": 1416,
      "height": 797
    }
  },
  "trace_id": null,
  "duration_ms": 148,
  "started_at": "2025-12-16T01:06:51.502566",
  "completed_at": "2025-12-15T17:06:51.652054",
  "step_config": {},
  "dependencies": [
    "capture_frame",
    "crop_decision"
  ]
}