{
  "address": "ScienceEducationInnovation/part_03/chunk_00/07_capture_frame/slide_032",
  "status": "completed",
  "input": {
    "video": "output/ScienceEducationInnovation/part_03/chunk_00/01_cut_chunk/artifacts/chunk_high.mp4",
    "timestamp": "00:19:55.140",
    "frame_id": "slide_032",
    "output_ext": ".png"
  },
  "output": "output/ScienceEducationInnovation/part_03/chunk_00/07_capture_frame/slide_032/artifacts/slide_032.png",
  "artifacts": [
    "output/ScienceEducationInnovation/part_03/chunk_00/07_capture_frame/slide_032/artifacts/slide_032.png"
  ],
  "metadata": {
    "timestamp": "00:19:55.140",
    "frame_id": "slide_032",
    "ffmpeg": "/opt/homebrew/bin/ffmpeg"
  },
  "trace_id": null,
  "duration_ms": 2845,
  "started_at": "2025-12-17T11:54:02.177529",
  "completed_at": "2025-12-17T03:54:05.023381",
  "step_config": {},
  "dependencies": [
    "slide_timeline"
  ]
}