{
  "address": "ScienceEducationInnovation/part_02/chunk_00/08_crop_decision/slide_035",
  "status": "completed",
  "input": {
    "image_path": "output/ScienceEducationInnovation/part_02/chunk_00/07_capture_frame/slide_035/artifacts/slide_035.png",
    "slide_index": 35,
    "slide_title": "MaxEmbed - 核心想法 选择性副本热点参数，在空间开销内捕获组合共现关系"
  },
  "output": null,
  "artifacts": [
    "output/ScienceEducationInnovation/part_02/chunk_00/07_capture_frame/slide_035/artifacts/slide_035.png"
  ],
  "metadata": {
    "needs_crop": false,
    "reason": "MANUAL_NO_CROP",
    "manual_override": true
  },
  "trace_id": null,
  "duration_ms": 0,
  "started_at": "2025-12-18T16:37:52.032969",
  "completed_at": "2025-12-18T16:37:52.032969",
  "step_config": {
    "manual_override": true
  },
  "dependencies": [
    "capture_frame"
  ]
}