{
  "address": "ai_session/part_02/chunk_00/07_capture_frame/slide_012",
  "status": "completed",
  "input": {
    "video": "output/ai_session/part_02/chunk_00/01_cut_chunk/artifacts/chunk_high.mp4",
    "timestamp": "00:13:14.600",
    "frame_id": "slide_012",
    "output_ext": ".png"
  },
  "output": "output/ai_session/part_02/chunk_00/07_capture_frame/slide_012/artifacts/slide_012.png",
  "artifacts": [
    "output/ai_session/part_02/chunk_00/07_capture_frame/slide_012/artifacts/slide_012.png"
  ],
  "metadata": {
    "timestamp": "00:13:14.600",
    "frame_id": "slide_012",
    "ffmpeg": "/opt/homebrew/bin/ffmpeg"
  },
  "trace_id": null,
  "duration_ms": 2764,
  "started_at": "2025-12-15T23:00:01.444018",
  "completed_at": "2025-12-15T15:00:04.211624",
  "step_config": {},
  "dependencies": [
    "slide_timeline"
  ]
}