{
  "address": "day2_main/part_05/chunk_00/09_apply_crop/slide_008",
  "status": "completed",
  "input": {
    "image_path": "output/day2_main/part_05/chunk_00/07_capture_frame/slide_008/artifacts/slide_008.png",
    "crop_region": {
      "x": 322,
      "y": 421,
      "width": 1274,
      "height": 367
    }
  },
  "output": "output/day2_main/part_05/chunk_00/09_apply_crop/slide_008/artifacts/slide_008.png",
  "artifacts": [
    "output/day2_main/part_05/chunk_00/09_apply_crop/slide_008/artifacts/slide_008.png"
  ],
  "metadata": {
    "source": "output/day2_main/part_05/chunk_00/07_capture_frame/slide_008/artifacts/slide_008.png",
    "applied": true,
    "crop_region": {
      "x": 322,
      "y": 421,
      "width": 1274,
      "height": 367
    },
    "size": {
      "width": 1274,
      "height": 367
    }
  },
  "trace_id": null,
  "duration_ms": 137,
  "started_at": "2025-12-17T21:35:09.863297",
  "completed_at": "2025-12-17T13:35:10.002315",
  "step_config": {},
  "dependencies": [
    "capture_frame",
    "crop_decision"
  ]
}