{
  "address": "ai_session/part_07/chunk_00/09_apply_crop/slide_006",
  "status": "completed",
  "input": {
    "image_path": "output/ai_session/part_07/chunk_00/07_capture_frame/slide_006/artifacts/slide_006.png",
    "crop_region": {
      "x": 639,
      "y": 143,
      "width": 1280,
      "height": 936
    }
  },
  "output": "output/ai_session/part_07/chunk_00/09_apply_crop/slide_006/artifacts/slide_006.png",
  "artifacts": [
    "output/ai_session/part_07/chunk_00/09_apply_crop/slide_006/artifacts/slide_006.png"
  ],
  "metadata": {
    "source": "output/ai_session/part_07/chunk_00/07_capture_frame/slide_006/artifacts/slide_006.png",
    "applied": true,
    "crop_region": {
      "x": 639,
      "y": 143,
      "width": 1280,
      "height": 936
    },
    "size": {
      "width": 1280,
      "height": 936
    }
  },
  "trace_id": null,
  "duration_ms": 64,
  "started_at": "2025-12-16T00:31:41.596664",
  "completed_at": "2025-12-15T16:31:41.662602",
  "step_config": {},
  "dependencies": [
    "capture_frame",
    "crop_decision"
  ]
}