{
  "address": "ai_session/part_09/chunk_00/01_cut_chunk",
  "status": "completed",
  "input": {
    "video": "/Users/lichuan/Codes/TalkDistill/ai_session.mp4",
    "start": 8747.58,
    "duration": 1067.67,
    "output_name": "chunk_high.mp4"
  },
  "output": {
    "path": "output/ai_session/part_09/chunk_00/01_cut_chunk/artifacts/chunk_high.mp4",
    "start": 8747.58,
    "duration": 1067.67
  },
  "artifacts": [
    "output/ai_session/part_09/chunk_00/01_cut_chunk/artifacts/chunk_high.mp4"
  ],
  "metadata": {
    "ffmpeg": "/opt/homebrew/bin/ffmpeg",
    "start": 8747.58,
    "duration": 1067.67,
    "size_bytes": 554683688
  },
  "trace_id": null,
  "duration_ms": 592,
  "started_at": "2025-12-16T00:53:51.789919",
  "completed_at": "2025-12-15T16:53:52.383205",
  "step_config": {},
  "dependencies": []
}