{
  "id": "sec_7",
  "index": 6,
  "title": "框架研发与业界影响",
  "time_range": "00:24:30,739 - 00:24:30,740",
  "script": "但是，传统的预取方法并不适用于推荐模型的场景。基于这些研究工作，我们研发了一套通用的稀疏参数存储系统，我们称之为 RecStore。RecStore的核心设计在于它能够智能地感知和预测推荐模型中稀疏特征的访问模式，从而实现高效的参数预取和缓存管理。这套系统的核心设计理念和实现，已经被多家业界领先的公司所采纳，并应用在他们核心的推荐业务中，显著提升了他们线上服务的性能和效率，产生了广泛的业界影响。",
  "summary": "针对传统预取方法不适用于推荐模型的挑战，我们研发了通用的稀疏参数存储系统RecStore。该框架通过智能感知访问模式实现高效预取，其核心设计已被多家业界公司采纳，显著提升了其推荐业务的性能，产生了广泛影响。"
}