{
  "address": "day1_main/part_07/chunk_00/07_capture_frame/slide_005",
  "status": "completed",
  "input": {
    "video": "output/day1_main/part_07/chunk_00/01_cut_chunk/artifacts/chunk_high.mp4",
    "timestamp": "00:07:35.300",
    "frame_id": "slide_005",
    "output_ext": ".png"
  },
  "output": "output/day1_main/part_07/chunk_00/07_capture_frame/slide_005/artifacts/slide_005.png",
  "artifacts": [
    "output/day1_main/part_07/chunk_00/07_capture_frame/slide_005/artifacts/slide_005.png"
  ],
  "metadata": {
    "timestamp": "00:07:35.300",
    "frame_id": "slide_005",
    "ffmpeg": "/opt/homebrew/bin/ffmpeg"
  },
  "trace_id": null,
  "duration_ms": 841,
  "started_at": "2025-12-17T19:28:02.259065",
  "completed_at": "2025-12-17T11:28:03.102935",
  "step_config": {},
  "dependencies": [
    "slide_timeline"
  ]
}