{
  "address": "day2_main/part_05/chunk_00/07_capture_frame/slide_012",
  "status": "completed",
  "input": {
    "video": "output/day2_main/part_05/chunk_00/01_cut_chunk/artifacts/chunk_high.mp4",
    "timestamp": "00:15:33.200",
    "frame_id": "slide_012",
    "output_ext": ".png"
  },
  "output": "output/day2_main/part_05/chunk_00/07_capture_frame/slide_012/artifacts/slide_012.png",
  "artifacts": [
    "output/day2_main/part_05/chunk_00/07_capture_frame/slide_012/artifacts/slide_012.png"
  ],
  "metadata": {
    "timestamp": "00:15:33.200",
    "frame_id": "slide_012",
    "ffmpeg": "/opt/homebrew/bin/ffmpeg"
  },
  "trace_id": null,
  "duration_ms": 2001,
  "started_at": "2025-12-17T21:08:46.270114",
  "completed_at": "2025-12-17T13:08:48.272618",
  "step_config": {},
  "dependencies": [
    "slide_timeline"
  ]
}