{
  "address": "day2_main/part_05/chunk_00/09_apply_crop/slide_004",
  "status": "completed",
  "input": {
    "image_path": "output/day2_main/part_05/chunk_00/07_capture_frame/slide_004/artifacts/slide_004.png",
    "crop_region": {
      "x": 470,
      "y": 442,
      "width": 979,
      "height": 302
    }
  },
  "output": "output/day2_main/part_05/chunk_00/09_apply_crop/slide_004/artifacts/slide_004.png",
  "artifacts": [
    "output/day2_main/part_05/chunk_00/09_apply_crop/slide_004/artifacts/slide_004.png"
  ],
  "metadata": {
    "source": "output/day2_main/part_05/chunk_00/07_capture_frame/slide_004/artifacts/slide_004.png",
    "applied": true,
    "crop_region": {
      "x": 470,
      "y": 442,
      "width": 979,
      "height": 302
    },
    "size": {
      "width": 979,
      "height": 302
    }
  },
  "trace_id": null,
  "duration_ms": 127,
  "started_at": "2025-12-17T21:35:09.862365",
  "completed_at": "2025-12-17T13:35:09.990655",
  "step_config": {},
  "dependencies": [
    "capture_frame",
    "crop_decision"
  ]
}