{
  "id": "sec_1",
  "index": 0,
  "title": "开场与议程介绍",
  "time_range": "00:00:00,000 - 00:00:59,235",
  "script": "下面有请华为技术有限公司AI通信专家韩远坤先生，为我们带来《昇腾亲和的通信加速库CAM关键技术和生态介绍》。大家欢迎。大家好，我是华为公司的韩远坤。现在负责AI通信这一块。下面我分享一下昇腾亲和的通信加速库CAM的关键技术和生态介绍。今天主要分三个部分。第一部分是AI通信技术的趋势演进和通信诉求。第二部分是灵雀通信软件UMDK的总体架构介绍。最后一部分是昇腾亲和的通信加速库CAM的关键技术介绍。",
  "summary": "华为AI通信专家韩远坤先生进行自我介绍，并预告了本次分享的主题——《昇腾亲和的通信加速库CAM关键技术和生态介绍》。他将从AI通信技术趋势、灵雀通信软件UMDK架构以及CAM关键技术三个方面展开介绍。"
}