{
  "address": "day1_main/part_07/chunk_00/07_capture_frame/slide_007",
  "status": "completed",
  "input": {
    "video": "output/day1_main/part_07/chunk_00/01_cut_chunk/artifacts/chunk_high.mp4",
    "timestamp": "00:11:25.700",
    "frame_id": "slide_007",
    "output_ext": ".png"
  },
  "output": "output/day1_main/part_07/chunk_00/07_capture_frame/slide_007/artifacts/slide_007.png",
  "artifacts": [
    "output/day1_main/part_07/chunk_00/07_capture_frame/slide_007/artifacts/slide_007.png"
  ],
  "metadata": {
    "timestamp": "00:11:25.700",
    "frame_id": "slide_007",
    "ffmpeg": "/opt/homebrew/bin/ffmpeg"
  },
  "trace_id": null,
  "duration_ms": 1080,
  "started_at": "2025-12-17T19:28:02.259408",
  "completed_at": "2025-12-17T11:28:03.341740",
  "step_config": {},
  "dependencies": [
    "slide_timeline"
  ]
}