{
  "address": "day2_main/part_05/chunk_00/07_capture_frame/slide_009",
  "status": "completed",
  "input": {
    "video": "output/day2_main/part_05/chunk_00/01_cut_chunk/artifacts/chunk_high.mp4",
    "timestamp": "00:10:35.800",
    "frame_id": "slide_009",
    "output_ext": ".png"
  },
  "output": "output/day2_main/part_05/chunk_00/07_capture_frame/slide_009/artifacts/slide_009.png",
  "artifacts": [
    "output/day2_main/part_05/chunk_00/07_capture_frame/slide_009/artifacts/slide_009.png"
  ],
  "metadata": {
    "timestamp": "00:10:35.800",
    "frame_id": "slide_009",
    "ffmpeg": "/opt/homebrew/bin/ffmpeg"
  },
  "trace_id": null,
  "duration_ms": 1634,
  "started_at": "2025-12-17T21:08:46.269582",
  "completed_at": "2025-12-17T13:08:47.905726",
  "step_config": {},
  "dependencies": [
    "slide_timeline"
  ]
}