{
  "address": "ai_session/part_08/final/03_part_cut",
  "status": "completed",
  "input": {
    "video": "/Users/lichuan/Codes/TalkDistill/ai_session.mp4",
    "start": 7745.1,
    "duration": 1002.4799999999996,
    "output_name": "part_high.mp4"
  },
  "output": {
    "path": "output/ai_session/part_08/final/03_part_cut/artifacts/part_high.mp4",
    "start": 7745.1,
    "duration": 1002.4799999999996
  },
  "artifacts": [
    "output/ai_session/part_08/final/03_part_cut/artifacts/part_high.mp4"
  ],
  "metadata": {
    "ffmpeg": "/opt/homebrew/bin/ffmpeg",
    "start": 7745.1,
    "duration": 1002.4799999999996,
    "size_bytes": 514754289
  },
  "trace_id": null,
  "duration_ms": 648,
  "started_at": "2025-12-16T00:48:46.111599",
  "completed_at": "2025-12-15T16:48:46.761129",
  "step_config": {},
  "dependencies": []
}