{
  "address": "ScienceEducationInnovation/part_04/final/07_script_refine/5",
  "status": "completed",
  "input": {
    "narrative": {
      "id": "sec_006",
      "index": 5,
      "title": "Expert Kit：以 Expert 为中心的异构融合推理系统",
      "time_range": "00:13:09,490 - 00:15:15,665",
      "script": "工作 3：Expert Kit——以 Expert 为中心的异构推理系统。针对 MoE 模型，在资源受限或算力需求极高时，我们利用 Expert 的冷热差异，在运行时实现 CPU 与 XPU 的协同调度与 Offloading。\n我们进一步实现了 Attention 与 Expert 的解耦，优化了分布式异构存储与计算。该项目得到了华为与北航联合实验室的支持，通过软件定义视角，实现了集群范围内高效的算力分配与请求适配。",
      "summary": ""
    }
  },
  "output": {
    "section_id": "sec_006",
    "index": 5,
    "title": "Expert Kit：以 Expert 为中心的异构融合推理系统",
    "time_range": "00:13:09,490 - 00:15:15,665",
    "refined_script": "# Expert Kit：以 Expert 为中心的异构融合推理系统\n\n## 1. 背景与核心挑战\n在大规模混合专家模型（MoE）的推理场景中，系统常面临资源受限或极端算力需求的挑战。由于 MoE 模型参数量巨大，传统的单一硬件部署难以平衡成本与性能。\n\n## 2. 核心设计理念：以 Expert 为中心的异构调度\nExpert Kit 提出了一种**以 Expert 为核心单元**的异构融合推理架构，通过软件定义的方式实现集群资源的动态优化。\n\n### 2.1 运行时协同调度与 Offloading\n- **冷热感知**：利用模型运行过程中不同 Expert 激活频率的差异（冷热性），动态识别高频与低频专家模块。\n- **CPU/XPU 协同**：打破单一加速卡的限制，在运行时实现 CPU 与 XPU（各类加速芯片）之间的计算任务协同与权重卸载（Offloading），确保核心算力聚焦于热点 Expert。\n\n### 2.2 解耦优化策略\n- **计算解耦**：实现了 **Attention（注意力机制）与 Expert（专家模块）的解耦**，允许针对不同类型的计算任务独立配置存储与计算资源。\n- **异构存储管理**：优化了分布式环境下的异构存储布局，提升了跨节点、跨硬件的数据读取与交换效率。\n\n## 3. 系统架构优势\n- **软件定义算力**：从软件定义视角出发，实现了集群范围内的高效算力分配。\n- **请求适配**：系统能够根据实时请求压力，自动适配并调度最合适的异构资源组合。\n\n## 4. 项目背景与支持\n该项目由**华为与北京航空航天大学联合实验室**支持开发，旨在解决超大规模 MoE 模型在异构集群上的落地难题。",
    "summary": "",
    "original_script": "工作 3：Expert Kit——以 Expert 为中心的异构推理系统。针对 MoE 模型，在资源受限或算力需求极高时，我们利用 Expert 的冷热差异，在运行时实现 CPU 与 XPU 的协同调度与 Offloading。\n我们进一步实现了 Attention 与 Expert 的解耦，优化了分布式异构存储与计算。该项目得到了华为与北航联合实验室的支持，通过软件定义视角，实现了集群范围内高效的算力分配与请求适配。"
  },
  "artifacts": [
    "output/ScienceEducationInnovation/part_04/final/07_script_refine/5/artifacts/section_sec_006_refined.md"
  ],
  "metadata": {
    "refined_length": 726,
    "original_length": 211,
    "summary_length": 0
  },
  "trace_id": "f473df76-a330-419c-b93d-779dffd36f8f",
  "duration_ms": 42565,
  "started_at": "2025-12-21T23:41:16.037109",
  "completed_at": "2025-12-21T15:41:58.602927",
  "step_config": {
    "model": "gemini-3-flash-preview",
    "temperature": 0.2,
    "prompt_file": "/Users/lichuan/Codes/TalkDistill/config/prompts/script_refine.md",
    "schema_file": "/Users/lichuan/Codes/TalkDistill/config/schemas/script_refine.json"
  },
  "dependencies": [
    "section_timing"
  ]
}