{
  "address": "ai_session/part_05/chunk_00/09_apply_crop/slide_001",
  "status": "completed",
  "input": {
    "image_path": "output/ai_session/part_05/chunk_00/07_capture_frame/slide_001/artifacts/slide_001.png",
    "crop_region": {
      "x": 87,
      "y": 58,
      "width": 1079,
      "height": 534
    }
  },
  "output": "output/ai_session/part_05/chunk_00/09_apply_crop/slide_001/artifacts/slide_001.png",
  "artifacts": [
    "output/ai_session/part_05/chunk_00/09_apply_crop/slide_001/artifacts/slide_001.png"
  ],
  "metadata": {
    "source": "output/ai_session/part_05/chunk_00/07_capture_frame/slide_001/artifacts/slide_001.png",
    "applied": true,
    "crop_region": {
      "x": 87,
      "y": 58,
      "width": 1079,
      "height": 534
    },
    "size": {
      "width": 1079,
      "height": 534
    }
  },
  "trace_id": null,
  "duration_ms": 81,
  "started_at": "2025-12-15T18:13:40.453181",
  "completed_at": "2025-12-15T10:13:40.535472",
  "step_config": {},
  "dependencies": [
    "capture_frame",
    "crop_decision"
  ]
}