{
  "address": "ai_session/part_04/chunk_00/02_downscale",
  "status": "completed",
  "input": {
    "source": "output/ai_session/part_04/chunk_00/01_cut_chunk/artifacts/chunk_high.mp4",
    "duration": 437.35000000000036,
    "original_fps": 24.999911229471817,
    "output_name": "chunk_low.mp4"
  },
  "output": {
    "path": "output/ai_session/part_04/chunk_00/02_downscale/artifacts/chunk_low.mp4",
    "duration": 437.35000000000036,
    "original_fps": 24.999911229471817,
    "target_fps": 8
  },
  "artifacts": [
    "output/ai_session/part_04/chunk_00/02_downscale/artifacts/chunk_low.mp4"
  ],
  "metadata": {
    "ffmpeg": "/opt/homebrew/bin/ffmpeg",
    "target_size_mb": 25.0,
    "original_fps": 24.999911229471817,
    "target_fps": 8,
    "min_video_bitrate": 80000,
    "audio_bitrate": 32000,
    "scale_height": 720,
    "prefer_hwaccel": false,
    "size_bytes": 22206226
  },
  "trace_id": null,
  "duration_ms": 14490,
  "started_at": "2025-12-15T17:44:59.452999",
  "completed_at": "2025-12-15T09:45:13.949810",
  "step_config": {},
  "dependencies": [
    "cut_chunk"
  ]
}