{
  "address": "ScienceEducationInnovation/part_02/chunk_00/07_capture_frame/slide_027",
  "status": "completed",
  "input": {
    "video": "output/ScienceEducationInnovation/part_02/chunk_00/01_cut_chunk/artifacts/chunk_high.mp4",
    "timestamp": "00:14:27.180",
    "frame_id": "slide_027",
    "output_ext": ".png"
  },
  "output": "output/ScienceEducationInnovation/part_02/chunk_00/07_capture_frame/slide_027/artifacts/slide_027.png",
  "artifacts": [
    "output/ScienceEducationInnovation/part_02/chunk_00/07_capture_frame/slide_027/artifacts/slide_027.png"
  ],
  "metadata": {
    "timestamp": "00:14:27.180",
    "frame_id": "slide_027",
    "ffmpeg": "/opt/homebrew/bin/ffmpeg"
  },
  "trace_id": null,
  "duration_ms": 3157,
  "started_at": "2025-12-17T10:50:27.902066",
  "completed_at": "2025-12-17T02:50:31.060933",
  "step_config": {},
  "dependencies": [
    "slide_timeline"
  ]
}