{
  "address": "ai_session/part_02/chunk_00/09_apply_crop/slide_021",
  "status": "completed",
  "input": {
    "image_path": "output/ai_session/part_02/chunk_00/07_capture_frame/slide_021/artifacts/slide_021.png",
    "crop_region": null
  },
  "output": "output/ai_session/part_02/chunk_00/09_apply_crop/slide_021/artifacts/slide_021.png",
  "artifacts": [
    "output/ai_session/part_02/chunk_00/09_apply_crop/slide_021/artifacts/slide_021.png"
  ],
  "metadata": {
    "source": "output/ai_session/part_02/chunk_00/07_capture_frame/slide_021/artifacts/slide_021.png",
    "applied": false
  },
  "trace_id": null,
  "duration_ms": 185,
  "started_at": "2025-12-15T23:02:57.631196",
  "completed_at": "2025-12-15T15:02:57.820671",
  "step_config": {},
  "dependencies": [
    "capture_frame",
    "crop_decision"
  ]
}