{
  "address": "ScienceEducationInnovation/part_04/final/07_script_refine/0",
  "status": "completed",
  "input": {
    "narrative": {
      "id": "sec_001",
      "index": 0,
      "title": "开场致辞与背景介绍：异构融合的 AI Infra 系统软件资源管理与可靠性保障",
      "time_range": "00:00:08,840 - 00:00:52,645",
      "script": "接下来，我们将有请北京航空航天大学的杨任宇老师，带来《异构融合的 AI Infra 系统软件资源管理与可靠性保障》的分享。\nAI Infra 系统的资源管理与可靠性是开源生态建设的核心议题，让我们掌声欢迎杨老师。\n各位老师、同学，大家下午好。今天很荣幸代表团队分享在大规模 AI 基础设施环境下，从系统软件视角如何进行资源管理、稳定性及可靠性保障。",
      "summary": ""
    }
  },
  "output": {
    "section_id": "sec_001",
    "index": 0,
    "title": "开场致辞与背景介绍：异构融合的 AI Infra 系统软件资源管理与可靠性保障",
    "time_range": "00:00:08,840 - 00:00:52,645",
    "refined_script": "# 异构融合 AI Infra 系统软件：资源管理与可靠性保障\n\n## 1. 背景与核心价值\n在当前大规模 AI 基础设施（AI Infra）的演进过程中，系统软件的**资源管理**与**可靠性保障**已成为开源生态建设的核心议题。随着异构计算需求的爆发，如何确保底层系统在复杂环境下的高效运行与持续稳定，是提升 AI 生产力的关键。\n\n## 2. 核心研究方向\n本报告立足于系统软件视角，重点探讨在大规模 AI 基础设施环境下的两大核心任务：\n\n*   **资源管理（Resource Management）**：针对异构融合环境，研究如何实现计算资源的高效调度与优化配置。\n*   **稳定性与可靠性（Stability & Reliability）**：构建系统级的保障机制，确保大规模集群在处理高强度 AI 任务时的鲁棒性。\n\n## 3. 报告目标\n分享北京航空航天大学团队在 AI Infra 领域的最新研究成果与实践经验，解析如何通过系统软件层的技术创新，解决异构环境下的资源瓶颈与运行风险，助力开源生态的稳健发展。",
    "summary": "",
    "original_script": "接下来，我们将有请北京航空航天大学的杨任宇老师，带来《异构融合的 AI Infra 系统软件资源管理与可靠性保障》的分享。\nAI Infra 系统的资源管理与可靠性是开源生态建设的核心议题，让我们掌声欢迎杨老师。\n各位老师、同学，大家下午好。今天很荣幸代表团队分享在大规模 AI 基础设施环境下，从系统软件视角如何进行资源管理、稳定性及可靠性保障。"
  },
  "artifacts": [
    "output/ScienceEducationInnovation/part_04/final/07_script_refine/0/artifacts/section_sec_001_refined.md"
  ],
  "metadata": {
    "refined_length": 464,
    "original_length": 174,
    "summary_length": 0
  },
  "trace_id": "ff84aaeb-fd9f-4f3f-aa34-0ecddd920891",
  "duration_ms": 9478,
  "started_at": "2025-12-21T23:41:16.035274",
  "completed_at": "2025-12-21T15:41:25.514440",
  "step_config": {
    "model": "gemini-3-flash-preview",
    "temperature": 0.2,
    "prompt_file": "/Users/lichuan/Codes/TalkDistill/config/prompts/script_refine.md",
    "schema_file": "/Users/lichuan/Codes/TalkDistill/config/schemas/script_refine.json"
  },
  "dependencies": [
    "section_timing"
  ]
}