{
  "address": "day1_main/part_05/chunk_00/09_apply_crop/slide_006",
  "status": "completed",
  "input": {
    "image_path": "output/day1_main/part_05/chunk_00/07_capture_frame/slide_006/artifacts/slide_006.png",
    "crop_region": {
      "x": 595,
      "y": 162,
      "width": 1324,
      "height": 810
    }
  },
  "output": "output/day1_main/part_05/chunk_00/09_apply_crop/slide_006/artifacts/slide_006.png",
  "artifacts": [
    "output/day1_main/part_05/chunk_00/09_apply_crop/slide_006/artifacts/slide_006.png"
  ],
  "metadata": {
    "source": "output/day1_main/part_05/chunk_00/07_capture_frame/slide_006/artifacts/slide_006.png",
    "applied": true,
    "crop_region": {
      "x": 595,
      "y": 162,
      "width": 1324,
      "height": 810
    },
    "size": {
      "width": 1324,
      "height": 810
    }
  },
  "trace_id": null,
  "duration_ms": 78,
  "started_at": "2025-12-17T19:18:27.641236",
  "completed_at": "2025-12-17T11:18:27.720743",
  "step_config": {},
  "dependencies": [
    "capture_frame",
    "crop_decision"
  ]
}