{
  "address": "ai_session/part_01/chunk_00/09_apply_crop/slide_011",
  "status": "completed",
  "input": {
    "image_path": "output/ai_session/part_01/chunk_00/07_capture_frame/slide_011/artifacts/slide_011.png",
    "crop_region": {
      "x": 499,
      "y": 0,
      "width": 1420,
      "height": 1080
    }
  },
  "output": "output/ai_session/part_01/chunk_00/09_apply_crop/slide_011/artifacts/slide_011.png",
  "artifacts": [
    "output/ai_session/part_01/chunk_00/09_apply_crop/slide_011/artifacts/slide_011.png"
  ],
  "metadata": {
    "source": "output/ai_session/part_01/chunk_00/07_capture_frame/slide_011/artifacts/slide_011.png",
    "applied": true,
    "crop_region": {
      "x": 499,
      "y": 0,
      "width": 1420,
      "height": 1080
    },
    "size": {
      "width": 1420,
      "height": 1080
    }
  },
  "trace_id": null,
  "duration_ms": 301,
  "started_at": "2025-12-15T22:21:11.738413",
  "completed_at": "2025-12-15T14:21:12.041064",
  "step_config": {},
  "dependencies": [
    "capture_frame",
    "crop_decision"
  ]
}