{
  "address": "ScienceEducationInnovation/part_03/chunk_00/07_capture_frame/slide_012",
  "status": "completed",
  "input": {
    "video": "output/ScienceEducationInnovation/part_03/chunk_00/01_cut_chunk/artifacts/chunk_high.mp4",
    "timestamp": "00:08:29.920",
    "frame_id": "slide_012",
    "output_ext": ".png"
  },
  "output": "output/ScienceEducationInnovation/part_03/chunk_00/07_capture_frame/slide_012/artifacts/slide_012.png",
  "artifacts": [
    "output/ScienceEducationInnovation/part_03/chunk_00/07_capture_frame/slide_012/artifacts/slide_012.png"
  ],
  "metadata": {
    "timestamp": "00:08:29.920",
    "frame_id": "slide_012",
    "ffmpeg": "/opt/homebrew/bin/ffmpeg"
  },
  "trace_id": null,
  "duration_ms": 1083,
  "started_at": "2025-12-19T01:07:58.331865",
  "completed_at": "2025-12-18T17:07:59.417166",
  "step_config": {},
  "dependencies": [
    "slide_timeline"
  ]
}