{
  "part_index": 2,
  "title": "面向推荐大模型的参数存储系统软硬协同设计",
  "type_tag": "AI参数存储系统",
  "tech_tags": [
    "Storage for AI",
    "Embedding",
    "HBM",
    "持久性内存",
    "SSD",
    "OptEmbed",
    "Fleche",
    "PetPS",
    "MaxEmbed",
    "RecStore",
    "DMA",
    "软硬协同设计"
  ],
  "domain_tags": [
    "人工智能",
    "推荐系统",
    "存储系统",
    "计算机体系结构"
  ],
  "summary": "讲者谢旻辉探讨了面向推荐大模型的参数存储系统挑战，指出Embedding层面临参数量巨大的“容量墙”与访存密集的“带宽墙”困境。为此，提出了算法、系统与硬件协同设计的核心思路。具体方案涵盖：算法层OptEmbed优化缓存替换策略；GPU层Fleche通过查询融合降低交互开销；PM层PetPS利用网卡DMA卸载聚集操作规避高延迟；SSD层MaxEmbed采用选择性副本解决读放大。最终研发了通用框架RecStore，并展望了生成式推荐带来的新机遇。",
  "highlights": [
    "揭示推荐模型Embedding层面临的“容量墙”与“带宽墙”存储瓶颈",
    "提出贯穿算法、系统、硬件三层的参数存储协同设计核心思路",
    "OptEmbed算法：综合评估参数频率与重要性，优化缓存命中率",
    "Fleche系统：利用查询融合技术，显著降低GPU层的软硬交互开销",
    "PetPS系统：利用网卡DMA卸载聚集操作，解决持久性内存高延迟问题",
    "MaxEmbed方法：通过热点参数选择性副本机制，有效缓解SSD读放大",
    "展望基于LLM的生成式推荐大模型对存储系统带来的新挑战"
  ]
}