{
  "address": "ScienceEducationInnovation/part_04/final/03_part_cut",
  "status": "completed",
  "input": {
    "video": "ScienceEducationInnovation.mp4",
    "start": 4601.25,
    "duration": 1293.4099999999999,
    "output_name": "part_high.mp4"
  },
  "output": {
    "path": "output/ScienceEducationInnovation/part_04/final/03_part_cut/artifacts/part_high.mp4",
    "start": 4601.25,
    "duration": 1293.4099999999999
  },
  "artifacts": [
    "output/ScienceEducationInnovation/part_04/final/03_part_cut/artifacts/part_high.mp4"
  ],
  "metadata": {
    "ffmpeg": "/opt/homebrew/bin/ffmpeg",
    "start": 4601.25,
    "duration": 1293.4099999999999,
    "size_bytes": 666233975
  },
  "trace_id": null,
  "duration_ms": 1430,
  "started_at": "2025-12-21T23:38:22.171911",
  "completed_at": "2025-12-21T15:38:23.603786",
  "step_config": {},
  "dependencies": []
}