{
  "address": "ScienceEducationInnovation/part_04/chunk_00/07_capture_frame/slide_020",
  "status": "completed",
  "input": {
    "video": "output/ScienceEducationInnovation/part_04/chunk_00/01_cut_chunk/artifacts/chunk_high.mp4",
    "timestamp": "00:15:37.500",
    "frame_id": "slide_020",
    "output_ext": ".png"
  },
  "output": "output/ScienceEducationInnovation/part_04/chunk_00/07_capture_frame/slide_020/artifacts/slide_020.png",
  "artifacts": [
    "output/ScienceEducationInnovation/part_04/chunk_00/07_capture_frame/slide_020/artifacts/slide_020.png"
  ],
  "metadata": {
    "timestamp": "00:15:37.500",
    "frame_id": "slide_020",
    "ffmpeg": "/opt/homebrew/bin/ffmpeg"
  },
  "trace_id": null,
  "duration_ms": 2120,
  "started_at": "2025-12-21T23:17:27.055862",
  "completed_at": "2025-12-21T15:17:29.177404",
  "step_config": {},
  "dependencies": [
    "slide_timeline"
  ]
}