{
  "address": "ScienceEducationInnovation/part_04/chunk_00/08_crop_decision/slide_010",
  "status": "completed",
  "input": {
    "image_path": "output/ScienceEducationInnovation/part_04/chunk_00/07_capture_frame/slide_010/artifacts/slide_010.png",
    "slide_index": 10,
    "slide_title": "AI 基础设施可靠性与训推任务稳定性 探讨大规模集群下的故障检测、定位、诊断及失效恢复挑战。"
  },
  "output": null,
  "artifacts": [
    "output/ScienceEducationInnovation/part_04/chunk_00/07_capture_frame/slide_010/artifacts/slide_010.png"
  ],
  "metadata": {
    "needs_crop": false,
    "reason": "MANUAL_NO_CROP",
    "manual_override": true
  },
  "trace_id": null,
  "duration_ms": 0,
  "started_at": "2025-12-21T23:27:05.888164",
  "completed_at": "2025-12-21T15:27:05.903665",
  "step_config": {
    "model": "gemini-3-flash-preview",
    "temperature": 0.1,
    "prompt_file": "/Users/lichuan/Codes/TalkDistill/config/prompts/crop_decision.md",
    "schema_file": "/Users/lichuan/Codes/TalkDistill/config/schemas/crop_decision.json"
  },
  "dependencies": [
    "capture_frame"
  ]
}