{
  "id": "sec_5",
  "index": 4,
  "title": "异构机密计算方案：保障算力使用安全",
  "time_range": "00:09:50,170 - 00:11:08,165",
  "script": "当我们基本解决算力建得好和用得好的问题，下一个要跨越的问题就是安全，也就是解决如何能用得安心的问题。\n保障模型与数据在运行时的安全，成为释放算力潜能的核心命题。\n当前，尽管数据在存储和传输中已经进行了加密保护，但在实际计算中还是以明文形态存储在内存，存在严重的安全隐患。\n机密计算是破解这一问题的关键技术。\n为此，通过BaiduLinux CloudOS和openEuler的深度融合，我们打造了高安全、高易用、低开销的异构机密计算的解决方案。\n通过硬件级的隔离与内存加密的技术，实现了数据在计算状态的全周期、全生命周期安全可信。\n另外，方案原生支持机密虚拟机，兼容现有生态，显著降低了迁移成本。\n我们还创新的使用了机密直通技术，实现机密虚拟机可以直接访问加速卡，告别数据中转，保障了使用性能。",
  "summary": "为解决算力“用得安心”的安全问题，讲者介绍了异构机密计算方案。该方案通过BaiduLinux CloudOS与openEuler的深度融合，利用硬件隔离和内存加密技术，保障了数据在计算运行时的全生命周期安全，并通过机密直通技术保障了性能。"
}