{
  "id": "sec_4",
  "index": 3,
  "title": "未来探索方向",
  "time_range": "00:16:36,260 - 00:17:15,895",
  "script": "最后，我将汇报我们团队未来的探索方向。\n主要有三个方向。第一，软FP4技术研发。\n因为昇腾硬件即将支持FP8，所以我们需要向下探索。\n也就是研发软FP4技术。\n第二，我们将继续深度挖掘昇腾芯片的算力潜力。\n第三，也是我们明年的工作重点，即生态扩展。\n我们将与生态产生更紧密的联系，做出更多贡献。我的分享到此结束，谢谢大家。",
  "summary": "讲者分享了团队未来的三个探索方向：首先是进行软FP4技术研发；其次是继续深度挖掘昇腾芯片的算力潜力；最后，将生态扩展作为明年的工作重点，与生态建立更紧密的联系。"
}