{
  "address": "ScienceEducationInnovation/part_03/chunk_00/07_capture_frame/slide_028",
  "status": "completed",
  "input": {
    "video": "output/ScienceEducationInnovation/part_03/chunk_00/01_cut_chunk/artifacts/chunk_high.mp4",
    "timestamp": "00:17:47.280",
    "frame_id": "slide_028",
    "output_ext": ".png"
  },
  "output": "output/ScienceEducationInnovation/part_03/chunk_00/07_capture_frame/slide_028/artifacts/slide_028.png",
  "artifacts": [
    "output/ScienceEducationInnovation/part_03/chunk_00/07_capture_frame/slide_028/artifacts/slide_028.png"
  ],
  "metadata": {
    "timestamp": "00:17:47.280",
    "frame_id": "slide_028",
    "ffmpeg": "/opt/homebrew/bin/ffmpeg"
  },
  "trace_id": null,
  "duration_ms": 2219,
  "started_at": "2025-12-19T01:07:58.338716",
  "completed_at": "2025-12-18T17:08:00.559125",
  "step_config": {},
  "dependencies": [
    "slide_timeline"
  ]
}