{
  "address": "ScienceEducationInnovation/part_03/chunk_00/07_capture_frame/slide_010",
  "status": "completed",
  "input": {
    "video": "output/ScienceEducationInnovation/part_03/chunk_00/01_cut_chunk/artifacts/chunk_high.mp4",
    "timestamp": "00:06:48.080",
    "frame_id": "slide_010",
    "output_ext": ".png"
  },
  "output": "output/ScienceEducationInnovation/part_03/chunk_00/07_capture_frame/slide_010/artifacts/slide_010.png",
  "artifacts": [
    "output/ScienceEducationInnovation/part_03/chunk_00/07_capture_frame/slide_010/artifacts/slide_010.png"
  ],
  "metadata": {
    "timestamp": "00:06:48.080",
    "frame_id": "slide_010",
    "ffmpeg": "/opt/homebrew/bin/ffmpeg"
  },
  "trace_id": null,
  "duration_ms": 937,
  "started_at": "2025-12-19T01:07:58.330997",
  "completed_at": "2025-12-18T17:07:59.269874",
  "step_config": {},
  "dependencies": [
    "slide_timeline"
  ]
}