{
  "address": "day2_main/part_05/chunk_00/07_capture_frame/slide_007",
  "status": "completed",
  "input": {
    "video": "output/day2_main/part_05/chunk_00/01_cut_chunk/artifacts/chunk_high.mp4",
    "timestamp": "00:06:28.400",
    "frame_id": "slide_007",
    "output_ext": ".png"
  },
  "output": "output/day2_main/part_05/chunk_00/07_capture_frame/slide_007/artifacts/slide_007.png",
  "artifacts": [
    "output/day2_main/part_05/chunk_00/07_capture_frame/slide_007/artifacts/slide_007.png"
  ],
  "metadata": {
    "timestamp": "00:06:28.400",
    "frame_id": "slide_007",
    "ffmpeg": "/opt/homebrew/bin/ffmpeg"
  },
  "trace_id": null,
  "duration_ms": 1270,
  "started_at": "2025-12-17T21:08:46.269208",
  "completed_at": "2025-12-17T13:08:47.540238",
  "step_config": {},
  "dependencies": [
    "slide_timeline"
  ]
}