{
  "address": "ai_session/part_07/chunk_00/09_apply_crop/slide_016",
  "status": "completed",
  "input": {
    "image_path": "output/ai_session/part_07/chunk_00/07_capture_frame/slide_016/artifacts/slide_016.png",
    "crop_region": {
      "x": 682,
      "y": 154,
      "width": 1237,
      "height": 925
    }
  },
  "output": "output/ai_session/part_07/chunk_00/09_apply_crop/slide_016/artifacts/slide_016.png",
  "artifacts": [
    "output/ai_session/part_07/chunk_00/09_apply_crop/slide_016/artifacts/slide_016.png"
  ],
  "metadata": {
    "source": "output/ai_session/part_07/chunk_00/07_capture_frame/slide_016/artifacts/slide_016.png",
    "applied": true,
    "crop_region": {
      "x": 682,
      "y": 154,
      "width": 1237,
      "height": 925
    },
    "size": {
      "width": 1237,
      "height": 925
    }
  },
  "trace_id": null,
  "duration_ms": 123,
  "started_at": "2025-12-16T00:31:41.597355",
  "completed_at": "2025-12-15T16:31:41.721508",
  "step_config": {},
  "dependencies": [
    "capture_frame",
    "crop_decision"
  ]
}