{
  "address": "ai_session/part_09/chunk_00/07_capture_frame/slide_010",
  "status": "completed",
  "input": {
    "video": "output/ai_session/part_09/chunk_00/01_cut_chunk/artifacts/chunk_high.mp4",
    "timestamp": "00:11:02.600",
    "frame_id": "slide_010",
    "output_ext": ".png"
  },
  "output": "output/ai_session/part_09/chunk_00/07_capture_frame/slide_010/artifacts/slide_010.png",
  "artifacts": [
    "output/ai_session/part_09/chunk_00/07_capture_frame/slide_010/artifacts/slide_010.png"
  ],
  "metadata": {
    "timestamp": "00:11:02.600",
    "frame_id": "slide_010",
    "ffmpeg": "/opt/homebrew/bin/ffmpeg"
  },
  "trace_id": null,
  "duration_ms": 869,
  "started_at": "2025-12-16T01:03:37.763251",
  "completed_at": "2025-12-15T17:03:38.633255",
  "step_config": {},
  "dependencies": [
    "slide_timeline"
  ]
}