{
  "address": "ai_session/part_10/chunk_00/09_apply_crop/slide_004",
  "status": "completed",
  "input": {
    "image_path": "output/ai_session/part_10/chunk_00/07_capture_frame/slide_004/artifacts/slide_004.png",
    "crop_region": {
      "x": 635,
      "y": 149,
      "width": 1284,
      "height": 930
    }
  },
  "output": "output/ai_session/part_10/chunk_00/09_apply_crop/slide_004/artifacts/slide_004.png",
  "artifacts": [
    "output/ai_session/part_10/chunk_00/09_apply_crop/slide_004/artifacts/slide_004.png"
  ],
  "metadata": {
    "source": "output/ai_session/part_10/chunk_00/07_capture_frame/slide_004/artifacts/slide_004.png",
    "applied": true,
    "crop_region": {
      "x": 635,
      "y": 149,
      "width": 1284,
      "height": 930
    },
    "size": {
      "width": 1284,
      "height": 930
    }
  },
  "trace_id": null,
  "duration_ms": 99,
  "started_at": "2025-12-16T01:21:34.120052",
  "completed_at": "2025-12-15T17:21:34.220343",
  "step_config": {},
  "dependencies": [
    "capture_frame",
    "crop_decision"
  ]
}