{
  "id": "sec_2",
  "index": 1,
  "title": "演讲目录",
  "time_range": "00:00:33,920 - 00:00:50,475",
  "script": "首先，我这次会通过几部分向大家介绍我们这个中间件智能体。第一是向大家介绍一下我们目前公司的整体状况。第二部分，我们会详细介绍一下我们这个中间件智能体。然后后续我们会去做一些场景的展示。",
  "summary": "讲者首先介绍了本次分享的整体结构。分享将分为三个部分：介绍公司整体状况，详细介绍中间件智能体，以及进行后续的场景展示。"
}