{
  "address": "ai_session/part_00/chunk_00/09_apply_crop/slide_004",
  "status": "completed",
  "input": {
    "image_path": "output/ai_session/part_00/chunk_00/07_capture_frame/slide_004/artifacts/slide_004.png",
    "crop_region": {
      "x": 577,
      "y": 162,
      "width": 1342,
      "height": 918
    }
  },
  "output": "output/ai_session/part_00/chunk_00/09_apply_crop/slide_004/artifacts/slide_004.png",
  "artifacts": [
    "output/ai_session/part_00/chunk_00/09_apply_crop/slide_004/artifacts/slide_004.png"
  ],
  "metadata": {
    "source": "output/ai_session/part_00/chunk_00/07_capture_frame/slide_004/artifacts/slide_004.png",
    "applied": true,
    "crop_region": {
      "x": 577,
      "y": 162,
      "width": 1342,
      "height": 918
    },
    "size": {
      "width": 1342,
      "height": 918
    }
  },
  "trace_id": null,
  "duration_ms": 660,
  "started_at": "2025-12-15T21:22:58.818027",
  "completed_at": "2025-12-15T13:22:59.482586",
  "step_config": {},
  "dependencies": [
    "capture_frame",
    "crop_decision"
  ]
}