{
  "address": "ai_session/part_07/final/03_part_cut",
  "status": "completed",
  "input": {
    "video": "/Users/lichuan/Codes/TalkDistill/ai_session.mp4",
    "start": 6647.81,
    "duration": 1097.29,
    "output_name": "part_high.mp4"
  },
  "output": {
    "path": "output/ai_session/part_07/final/03_part_cut/artifacts/part_high.mp4",
    "start": 6647.81,
    "duration": 1097.29
  },
  "artifacts": [
    "output/ai_session/part_07/final/03_part_cut/artifacts/part_high.mp4"
  ],
  "metadata": {
    "ffmpeg": "/opt/homebrew/bin/ffmpeg",
    "start": 6647.81,
    "duration": 1097.29,
    "size_bytes": 568521091
  },
  "trace_id": null,
  "duration_ms": 696,
  "started_at": "2025-12-16T00:32:33.198072",
  "completed_at": "2025-12-15T16:32:33.895501",
  "step_config": {},
  "dependencies": []
}