{
  "address": "ScienceEducationInnovation/part_04/final/04_part_downscale",
  "status": "completed",
  "input": {
    "source": "output/ScienceEducationInnovation/part_04/final/03_part_cut/artifacts/part_high.mp4",
    "duration": 1293.4099999999999,
    "original_fps": 25.0,
    "output_name": "part_low.mp4"
  },
  "output": {
    "path": "output/ScienceEducationInnovation/part_04/final/04_part_downscale/artifacts/part_low.mp4",
    "duration": 1293.4099999999999,
    "original_fps": 25.0,
    "target_fps": 8
  },
  "artifacts": [
    "output/ScienceEducationInnovation/part_04/final/04_part_downscale/artifacts/part_low.mp4"
  ],
  "metadata": {
    "ffmpeg": "/opt/homebrew/bin/ffmpeg",
    "target_size_mb": 25.0,
    "original_fps": 25.0,
    "target_fps": 8,
    "min_video_bitrate": 80000,
    "audio_bitrate": 32000,
    "scale_height": 720,
    "prefer_hwaccel": false,
    "size_bytes": 20870498
  },
  "trace_id": null,
  "duration_ms": 44797,
  "started_at": "2025-12-21T23:38:23.607490",
  "completed_at": "2025-12-21T15:39:08.406983",
  "step_config": {},
  "dependencies": [
    "part_cut"
  ]
}