{
  "graph_data": {
    "nodes": [
      {
        "id": "p1",
        "label": "算力架构革新",
        "category": "Pillar",
        "references": {
          "section_ids": [
            "sec_1",
            "sec_2",
            "sec_3"
          ],
          "material_ids": [
            "chunk_00/slide_001",
            "chunk_00/slide_002",
            "chunk_00/slide_003",
            "chunk_00/slide_004"
          ],
          "highlight": {
            "primary_material_id": "chunk_00/slide_004",
            "primary_time_ts": "00:04:17,500",
            "primary_time_ms": 257500
          }
        },
        "parent": null,
        "summary": "随着AI算力需求从千卡演进至万卡乃至十万卡级别，传统的算力架构面临瓶颈。百度通过横向扩展（Scale-out）和纵向扩展（Scale-up）两个维度进行架构革新，以构建支持超大规模训练的智算集群。"
      },
      {
        "id": "p2",
        "label": "算力效能提升",
        "category": "Pillar",
        "references": {
          "section_ids": [
            "sec_4"
          ],
          "material_ids": [
            "chunk_00/slide_005"
          ],
          "highlight": {
            "primary_material_id": "chunk_00/slide_005",
            "primary_time_ts": "00:07:03,740",
            "primary_time_ms": 423740
          }
        },
        "parent": null,
        "summary": "在建成大规模算力基础设施后，行业焦点转向如何高效利用算力。通过从模型到芯片的全链路协同优化，并结合一站式智能运维平台，实现算力资源向AI生产力的高效转化。"
      },
      {
        "id": "p3",
        "label": "算力安全保障",
        "category": "Pillar",
        "references": {
          "section_ids": [
            "sec_5"
          ],
          "material_ids": [
            "chunk_00/slide_006"
          ],
          "highlight": {
            "primary_material_id": "chunk_00/slide_006",
            "primary_time_ts": "00:09:50,170",
            "primary_time_ms": 590170
          }
        },
        "parent": null,
        "summary": "为解决数据和模型在计算过程中的安全隐患，百度推出了异构机密计算方案。该方案利用硬件级隔离和内存加密技术，保障数据在运行时的全生命周期安全，解决“用得安心”的问题。"
      },
      {
        "id": "p4",
        "label": "开源社区合作",
        "category": "Pillar",
        "references": {
          "section_ids": [
            "sec_6",
            "sec_7"
          ],
          "material_ids": [
            "chunk_00/slide_007",
            "chunk_00/slide_008",
            "chunk_00/slide_009"
          ],
          "highlight": {
            "primary_material_id": "chunk_00/slide_007",
            "primary_time_ts": "00:11:09,890",
            "primary_time_ms": 669890
          }
        },
        "parent": null,
        "summary": "百度与openEuler等开源社区深度合作，共同演进BaiduLinux智能云操作系统，并计划在机密计算、异构融合标准等领域持续投入，通过社区共建和技术联创，服务千行百业。"
      },
      {
        "id": "d1_1",
        "label": "Scale-out: 横向扩展",
        "category": "Technology",
        "references": {
          "section_ids": [
            "sec_3"
          ],
          "material_ids": [
            "chunk_00/slide_004"
          ],
          "highlight": {
            "primary_material_id": "chunk_00/slide_004",
            "primary_time_ts": "00:04:23,000",
            "primary_time_ms": 263000
          }
        },
        "parent": "p1",
        "summary": "通过跨园区RDMA长传方案和超大规模组网技术，突破单一数据中心的物理限制，构建了支持10万卡规模的分布式智算集群架构。"
      },
      {
        "id": "d1_2",
        "label": "Scale-up: 纵向扩展",
        "category": "Technology",
        "references": {
          "section_ids": [
            "sec_3"
          ],
          "material_ids": [
            "chunk_00/slide_004"
          ],
          "highlight": {
            "primary_material_id": "chunk_00/slide_004",
            "primary_time_ts": "00:05:00,000",
            "primary_time_ms": 300000
          }
        },
        "parent": "p1",
        "summary": "通过“超节点”产品，利用高速互联技术（如XPU-Link）将多台服务器内的加速卡紧密耦合，形成统一的高性能算力单元，从根本上解决单机算力不足和跨机通信瓶颈。"
      },
      {
        "id": "d2_1",
        "label": "全链路协同优化",
        "category": "Concept",
        "references": {
          "section_ids": [
            "sec_4"
          ],
          "material_ids": [
            "chunk_00/slide_005"
          ],
          "highlight": {
            "primary_material_id": "chunk_00/slide_005",
            "primary_time_ts": "00:07:15,000",
            "primary_time_ms": 435000
          }
        },
        "parent": "p2",
        "summary": "实施从上层AI任务（模型、框架）到资源管理层（云原生调度）再到基础设施层（操作系统、芯片）的端到端协同优化，以奠定全局效能最优的基础。"
      },
      {
        "id": "d2_2",
        "label": "一站式智能运维",
        "category": "Technology",
        "references": {
          "section_ids": [
            "sec_4"
          ],
          "material_ids": [
            "chunk_00/slide_005"
          ],
          "highlight": {
            "primary_material_id": "chunk_00/slide_005",
            "primary_time_ts": "00:08:20,000",
            "primary_time_ms": 500000
          }
        },
        "parent": "p2",
        "summary": "与openEuler联合打造的运维平台，通过整合全栈监控工具，实现跨层数据统一采集与智能分析，能自动定位超95%的慢节点问题，保障算力持续高效输出。"
      },
      {
        "id": "d3_1",
        "label": "异构机密计算方案",
        "category": "Technology",
        "references": {
          "section_ids": [
            "sec_5"
          ],
          "material_ids": [
            "chunk_00/slide_006"
          ],
          "highlight": {
            "primary_material_id": "chunk_00/slide_006",
            "primary_time_ts": "00:10:10,000",
            "primary_time_ms": 610000
          }
        },
        "parent": "p3",
        "summary": "基于BaiduLinux CloudOS与openEuler的深度融合，利用硬件隔离和内存加密技术，为计算过程提供可信执行环境，保障数据在运行时安全。"
      },
      {
        "id": "d3_2",
        "label": "机密直通技术",
        "category": "Technology",
        "references": {
          "section_ids": [
            "sec_5"
          ],
          "material_ids": [
            "chunk_00/slide_006"
          ],
          "highlight": {
            "primary_material_id": "chunk_00/slide_006",
            "primary_time_ts": "00:10:50,000",
            "primary_time_ms": 650000
          }
        },
        "parent": "p3",
        "summary": "一项创新技术，允许机密虚拟机直接访问物理加速卡，避免了数据在主机和虚拟机间中转带来的性能开销，实现了高安全与高性能的统一。"
      },
      {
        "id": "d4_1",
        "label": "BaiduLinux CloudOS",
        "category": "Technology",
        "references": {
          "section_ids": [
            "sec_2",
            "sec_6"
          ],
          "material_ids": [
            "chunk_00/slide_003",
            "chunk_00/slide_007"
          ],
          "highlight": {
            "primary_material_id": "chunk_00/slide_007",
            "primary_time_ts": "00:11:15,000",
            "primary_time_ms": 675000
          }
        },
        "parent": "p4",
        "summary": "百度与openEuler社区联合发布并持续演进的智能原生底座操作系统，作为智算集群架构承上启下的关键，全面支撑千帆大模型和百舸异构计算平台。"
      },
      {
        "id": "d4_2",
        "label": "未来合作方向",
        "category": "Concept",
        "references": {
          "section_ids": [
            "sec_7"
          ],
          "material_ids": [
            "chunk_00/slide_008",
            "chunk_00/slide_009"
          ],
          "highlight": {
            "primary_material_id": "chunk_00/slide_009",
            "primary_time_ts": "00:13:24,500",
            "primary_time_ms": 804500
          }
        },
        "parent": "p4",
        "summary": "未来将与社区在社区共建（Arm CCA机密计算、异构融合标准、AI工作组）和技术联创（超节点原生OS、系统智能化、机密计算容器化）两方面持续投入。"
      }
    ],
    "edges": [
      {
        "source": "p1",
        "target": "p2",
        "relation_type": "sequential",
        "label": "奠定基础"
      },
      {
        "source": "p2",
        "target": "p3",
        "relation_type": "sequential",
        "label": "保障使用"
      },
      {
        "source": "p3",
        "target": "p4",
        "relation_type": "compositional",
        "label": "依赖生态"
      },
      {
        "source": "d1_1",
        "target": "d1_2",
        "relation_type": "parallel",
        "label": "并列维度"
      },
      {
        "source": "d2_1",
        "target": "d2_2",
        "relation_type": "parallel",
        "label": "并列举措"
      },
      {
        "source": "d3_1",
        "target": "d3_2",
        "relation_type": "compositional",
        "label": "包含"
      },
      {
        "source": "d4_1",
        "target": "d4_2",
        "relation_type": "sequential",
        "label": "展望未来"
      }
    ]
  },
  "sections": [
    {
      "id": "sec_1",
      "index": 0,
      "title": "AI算力的极限挑战与大规模智算集群的兴起",
      "time_range": "00:01:17,580 - 00:03:05,335",
      "summary": "随着AI技术发展，超大规模智算集群已成为下一代AI技术的基础。作为先行者，百度深度参与此进程，并成功点亮了3.2万卡的全国产化超大规模智算集群。该集群实现了从芯片到框架的完整技术栈自主创新，在算力规模、训练能效和运行稳定性方面均达到领先水平。",
      "refined_script": "## 1. 背景：AI 算力的演进与挑战\n\n随着人工智能技术的飞速发展，AI 基础设施面临着前所未有的机遇与挑战。在国家大力引导智算中心高质量发展的战略背景下，我国的智算算力实现了跨越式增长，集群规模已从百卡、千卡演进至万卡级别。超大规模智算集群正成为支撑下一代 AI 技术发展的核心基础。\n\n## 2. 百度实践：构建全国产化超大规模智算集群\n\n作为国内 AI 领域的先行者，百度深度参与了这一进程，并于 2024 年 4 月成功点亮了一个拥有 3.2 万张加速卡的全国产化超大规模智算集群。该集群是百度在 AI 基础设施领域建设实践的集中体现。\n\n### 2.1 核心特征\n\n该集群在多个维度上达到了业界领先水平：\n\n*   **技术栈自主创新**：实现了从底层芯片、云底座、操作系统到上层深度学习框架的完整技术栈自主可控。\n*   **算力规模**：整体算力规模达到万 P (PetaFLOPS) 级别。\n*   **训练能效**：万卡规模下的有效训练时间和能效均达到国内乃至国际领先水平。\n*   **运行稳定性**：自建成以来，集群保持稳定运行，并获得了唯一的“万卡规模智算集群服务稳定性五星级认证”。\n\n### 2.2 实践意义\n\n该集群的成功落地，不仅标志着百度在超大规模集群基础设施建设方面的技术实力，也为我国实现核心技术自主创新、构建强大的 AI 算力底座提供了关键范例。",
      "original_script": "随着人工智能技术的飞速发展，作为AI基础设施的服务提供者，百度混合云产品也遇到了新机遇和新的挑战。这也带来了我今天想与大家分享的主题：AI算力的极限挑战：BaiduLinux支持超大规模集群基础设施建设实践。当下在国家大力引导智算中心高质量发展的战略背景下，我国的智算算力实现了跨越式的增长。从百卡、千卡，再到当前万卡的集群规模，可以说超大规模智算集群将会成为下一代AI技术的基础。作为国内AI领域的先行者，百度深度参与了这一进程，成功打造了多个大规模智算集群。特别是今年4月，我们正式点亮了全国产化算力的3.2万卡的超大规模的智算集群。这也是我们整个国产化从芯片到云底座、到操作系统、到框架，完整技术栈的集中体现。首先，这个集群采用了自主的算力，实现了核心技术的自主创新。此外，集群的整体算力规模达到了万P以上，并且能够做到万卡的有效训练时间以及能效都做到了国内和国际的领先水平。同时在建成后，集群到目前都维持了稳定的运行状态，拿到了唯一的万卡规模智算集群服务稳定性的五星级认证。",
      "start_ms": 77580,
      "end_ms": 185335,
      "material_ids": [
        "chunk_00/slide_001",
        "chunk_00/slide_002"
      ],
      "summary_hint": "讲者首先介绍了AI算力发展的背景，指出超大规模智算集群已成为下一代人工智能基础设施，并提及百度在此领域的实践，特别是点亮了3.2万卡的全国产化超大规模智算集群。",
      "lead_text": "随着人工智能技术的飞速发展，作为AI基础设施的服务提供者，百度混合云产品也遇到了新机遇和新的挑战。",
      "tail_text": "同时在建成后，集群到目前都维持了稳定的运行状态，拿到了唯一的万卡规模智算集群服务稳定性的五星级认证。",
      "text_span": {
        "start": 6,
        "end": 15
      }
    },
    {
      "id": "sec_2",
      "index": 1,
      "title": "超万卡集群建设方案",
      "time_range": "00:03:07,480 - 00:04:15,640",
      "summary": "讲者介绍了基于混合云升级的超万卡智算集群产品方案，该方案融合了智算核心技术与混合云能力，提供从机房建设到智能运维的全栈服务。方案强调了以智能化操作系统BaiduLinux CloudOS作为云底座，为大规模智算集群提供稳定高效的运行环境，并预告将分享在架构、效能及安全方面的革新。",
      "refined_script": "### 1. 方案概述：超万卡智算集群产品方案\n\n我们推出基于混合云架构升级的超万卡智算集群产品方案。该方案深度融合了智算核心技术与混合云的成熟能力，旨在提供一个覆盖从基础设施建设到上层应用全生命周期的一站式解决方案。\n\n### 2. 核心架构与服务体系\n\n本方案提供覆盖建设与使用全生命周期的全栈产品与服务体系，具体包括：\n\n- **基础设施层**：提供机房建设服务。\n- **平台层**：负责云平台部署与管理。\n- **调度与运维层**：实现算力调度与智能运维。\n\n### 3. 技术基石：智能化操作系统 BaiduLinux CloudOS\n\n大规模智算集群的稳定与高效运行，离不开坚实的底层技术支撑。在本方案的整体架构中，云底座的核心是我们的智能化操作系统 **BaiduLinux CloudOS**。它为整个超万卡集群提供稳定、高效的底层运行环境。\n\n### 4. 技术革新方向\n\n随着智算领域进入高速发展的关键阶段，技术架构的升级与解决方案的迭代势在必行。接下来，我们将重点分享在以下几个方面的技术革新与解决思路：\n\n- **架构革新**\n- **效能提升**\n- **安全保障**",
      "original_script": "结合实际经验，我们今年以混合云为基础，升级了超万卡智算集群的产品方案，把智算的核心技术与混合云的安全与扩展能力进行了融合。提供从机房建设、云平台部署到算力调度与智能运维的全栈产品和服务体系，可以覆盖建设与使用的全生命周期。构建大规模智算集群，离不开底层技术的支撑。在整个超大集群架构当中，云底座层的基础就是我们的智能化操作系统BaiduLinux CloudOS，它也为整个集群提供稳定、高效的运行环境。当前智算领域进入高速发展的关键阶段，也带来了技术架构的升级与解决方案的持续迭代。接下来，我要分享一下在这个背景下，我们在架构、效能以及安全方面做的相关革新，以及我们的解决思路。",
      "start_ms": 187480,
      "end_ms": 255640,
      "material_ids": [
        "chunk_00/slide_003"
      ],
      "summary_hint": "讲者介绍了百度基于混合云升级的超万卡智算集群产品方案，该方案提供从机房建设到智能运维的全栈服务，并强调了BaiduLinux CloudOS作为云底座的重要性。",
      "lead_text": "结合实际经验，我们今年以混合云为基础，升级了超万卡智算集群的产品方案，把智算的核心技术与混合云的安全与扩展能力进行了融合。",
      "tail_text": "接下来，我要分享一下在这个背景下，我们在架构、效能以及安全方面做的相关革新，以及我们的解决思路。",
      "text_span": {
        "start": 16,
        "end": 21
      }
    },
    {
      "id": "sec_3",
      "index": 2,
      "title": "算力架构的趋势与变革",
      "time_range": "00:04:17,350 - 00:07:01,885",
      "summary": "算力规模的扩大推动了算力架构的革新。在Scale-out方面，通过跨园区RDMA长传和大规模组网技术，构建了支持10万卡规模的智算集群。在Scale-up方面，超节点产品通过高速互联和操作系统优化，解决了单机算力瓶颈，并协同生态伙伴共同推动国产AI算力发展。",
      "refined_script": "## 算力架构的趋势与变革：应对规模化挑战\n\n随着算力需求的急剧增长，算力集群的规模不断扩大，这直接推动了算力架构的革新。为了应对这一挑战，我们从横向扩展（Scale-out）和纵向扩展（Scale-up）两个维度进行了深入探索与实践。\n\n### 一、 横向扩展（Scale-out）：构建超大规模智算集群\n\n在横向扩展层面，核心目标是突破物理空间的限制，构建更大规模、更高性能的分布式集群。我们主要通过以下关键技术实现：\n\n*   **跨园区RDMA长传方案**\n    *   **背景**：单一园区或数据中心的电力与空间资源有限，成为制约集群规模进一步扩大的瓶颈。\n    *   **方案**：推出跨园区RDMA（远程直接内存访问）长传方案，实现远距离无损数据传输。\n    *   **效果**：\n        *   支持最远 **150公里** 的无损传输。\n        *   在大模型训练场景下，跨园区通信带来的性能损耗控制在 **3%** 以内。\n\n*   **超大规模组网技术**\n    *   **背景**：集群规模的扩大对网络架构的路由能力和负载均衡提出了严峻挑战。\n    *   **方案**：采用路由聚合与多平面组网等先进技术。\n    *   **效果**：成功构建了支持 **10万卡规模** 的高性能、高可靠智算集群架构。\n\n### 二、 纵向扩展（Scale-up）：打造高性能“超节点”算力单元\n\n在纵向扩展层面，我们致力于通过“超节点”（SuperNode）产品，从根本上解决单机算力不足和跨机通信的瓶颈问题。\n\n#### 1. 核心理念与架构\n\n超节点通过高速互联技术，将多台物理服务器内的加速卡（XPU）紧密耦合，形成一个统一的高性能算力单元。这种高度集成的设计，使得整个超节点在逻辑上表现为一台“超级计算机”，从而大幅提升算力密度和通信效率。\n\n#### 2. 关键技术与生态合作\n\n*   **操作系统层优化**\n    *   **挑战**：高密度的算力集成需要操作系统层面的深度支持，以实现资源的统一管理和高效调度。\n    *   **合作**：我们与 openEuler 和 BaiduLinux CloudOS 社区及团队紧密协作。\n    *   **技术实现**：\n        *   **统一内存管理**：实现跨设备、跨节点的内存统一视图。\n        *   **异构调度框架**：智能地将计算任务分配给最合适的计算单元（CPU 或 XPU）。\n        *   **数据零拷贝**：优化数据在不同硬件单元间的流动路径，避免不必要的内存拷贝，提升效率。\n\n*   **高速互联协议**\n    *   **挑战**：实现节点内加速卡之间的高带宽、低延迟通信是超节点性能的关键。\n    *   **业界方案**：业内在此方向积极探索，例如华为推出的“灵虬”方案，并已开源成为通用能力。\n    *   **百度实践**：基于开放兼容的理念，我们推出了自研的 **XPU-Link** 互联通信协议。\n        *   **兼容性**：兼容业界主流的 Scale-up 通信标准。\n        *   **生态合作**：携手生态伙伴，共同推动国产AI算力生态的发展。\n\n#### 3. 产品与应用\n\n我们已陆续发布多款不同规格的超节点产品，以满足不同规模和目标用户的需求。例如，在百度世界大会上发布的 **百度天池超节点** 产品，显著提升了卡间互联带宽和性能。其强大的算力甚至使得单个超节点产品也能独立完成万亿参数级别的大模型训练任务。",
      "original_script": "首先是算力规模的扩大，直接带来了算力架构的革新。在整个Scale-out的方向上，集群规模迅速扩大，对组网、路由和负载均衡都提出了新的要求。为突破单元区电力与空间的限制，我们也推出了跨园区的RDMA长传方案，可以实现150公里的无损传输，并将大模型训练的损耗控制在3%以内。同时面对超大规模组网的挑战，我们采用路由聚合与多平面组网等技术，构建了支持10万卡规模的高性能、高可靠智算集群架构。在Scale-up的方向上，超节点产品通过高速互联技术将多台服务器内的加速卡做紧密耦合，形成统一的高性能算力单元。这一革新从根本上解决了单机算力不足和跨机通信的瓶颈问题。业内围绕算力密度这一目标有不少的方案推出。比如，我们今年也陆续发布了多款超节点产品，包括昨天在百度世界大会上发布的百度天池超节点产品，大幅提升了卡间的互联带宽和性能，甚至单个超节点产品也能完成万亿参数的模型训练。这些不同规格的超节点产品可以为不同规模和目标的用户提供合适的“算力单元”。对于超节点整个高密度的算力集群而言，算力的高度集成化离不开操作系统的支撑。openEuler和BaiduLinux CloudOS，我们共同协作，通过统一内存管理、异构调度框架等技术，智能分配计算任务到CPU或者是XPU，实现数据的零拷贝流动，真正将硬件集群转化为一台统一高效的超级计算机。超节点的另一个核心技术是高速互联。在这个方向，业内也在积极突破，比如华为也推出了“灵虬”方案，也看到正式的开源作为整个业内的通用能力。百度也基于开放兼容的理念，推出了自研互联通信协议XPU-Link，可以兼容主流的Scale-up的通信标准，同时也携手生态伙伴共同推动国产AI的算力发展。",
      "start_ms": 257350,
      "end_ms": 421885,
      "material_ids": [
        "chunk_00/slide_004"
      ],
      "summary_hint": "讲者分析了算力规模扩大带来的架构革新，包括跨园区RDMA长传方案和支持10万卡规模的组网技术，以应对超大规模集群的挑战。",
      "lead_text": "首先是算力规模的扩大，直接带来了算力架构的革新。",
      "tail_text": "百度也基于开放兼容的理念，推出了自研互联通信协议XPU-Link，可以兼容主流的Scale-up的通信标准，同时也携手生态伙伴共同推动国产AI的算力发展。",
      "text_span": {
        "start": 22,
        "end": 36
      }
    },
    {
      "id": "sec_4",
      "index": 3,
      "title": "算力效能的全面提升",
      "time_range": "00:07:03,740 - 00:09:48,455",
      "summary": "讲者指出，智算领域的焦点已从“建好”基础设施转向“用好”算力。他从两个维度分享了如何高效释放算力：一是通过模型、框架、系统到芯片的全链路协同优化来奠定基础；二是通过与openEuler联合打造的一站式智能运维平台来保障算力的持续高效输出，从而将算力资源可靠地转化为AI生产力。",
      "refined_script": "## 算力效能全面提升：从“建好”到“用好”\n\n当前，智能计算领域的行业焦点已从基础设施的“建设”阶段，全面转向算力的“应用与效能释放”阶段。本文将从两大核心维度——**全链路协同优化**与**一站式智能运维**——阐述如何将算力资源高效、可靠地转化为AI生产力。\n\n### 一、 全链路协同优化：奠定效能基础\n\nAI训练与推理是复杂的系统级工程，任何单点优化都难以保证全局效能最优。因此，必须实施从上层模型到底层芯片的全链路协同优化。我们主要在以下三个层面进行了深度协同：\n\n1.  **AI任务层：算法与引擎协同**\n    - 通过对模型结构、训练策略和推理引擎的联合优化，显著提升单卡吞吐量与整体任务性能。\n\n2.  **资源管理层：云原生调度优化**\n    - **底座**：基于云原生架构。\n    - **调度**：通过智能调度算法优化，实现毫秒级的操作响应，并具备在分钟级内完成上百个AI任务调度的能力。\n\n3.  **基础设施层：操作系统与硬件协同**\n    - **核心技术**：在 BaiduLinux CloudOS 中应用异构算力协同技术与可编程缓存技术。\n    - **性能提升**：\n        - **推理性能**：单机推理性能提升一倍以上。\n        - **加载延迟**：显著降低模型加载延迟。\n\n### 二、 一站式智能运维：保障持续高效输出\n\n随着模型参数规模突破万亿、集群规模迈向万卡，系统的复杂度和故障率急剧上升，给运维带来了三大挑战：\n\n- **故障复现成本高**：难以重现问题场景。\n- **性能问题定位难**：根因分析耗时费力。\n- **异构工具协同复杂**：缺乏统一的管理与分析平台。\n\n为应对这些挑战，我们与 openEuler 社区联合打造了一站式智能运维平台，其核心能力如下：\n\n- **统一数据采集与分析**\n    - **方法**：整合全栈监控工具，实现从硬件到应用层的跨层数据统一采集。\n    - **能力**：基于采集的数据进行智能分析，关联不同层级的指标与日志。\n\n- **自动化故障定位与诊断**\n    - **慢节点定位**：平台能够自动定位超过 95% 的慢节点问题。\n    - **性能问题诊断**：快速将性能问题归因到具体的故障节点和根本原因。\n\n- **全局可视化与运维自动化**\n    - **界面**：提供全局可视化界面，集中展示系统状态、故障信息与根因分析结果。\n    - **联动**：将运维团队的工具链、自动化运维脚本与故障节点快速关联，实现自动化处理与恢复。\n\n### 结论\n\n通过**全链路协同优化**与**一站式智能运维**的双轮驱动，我们构建了一套行之有效的方法论，确保算力资源能够被高效、可靠地利用，最终转化为驱动业务发展的AI生产力。",
      "original_script": "当前在智算领域，我们观察到一个明显的趋势，行业的焦点正从如何把基础设施建好，全面转向如何把算力用好。今天我想从两个关键维度来分享一下，算力如何进行高效的释放。第一，全链路优化是整个算力效能释放的基础。AI训练和推理是紧密关联的系统级任务，任何单点的优化都很难保障效能的全局最优，因此必须要进行从模型到框架、到操作系统、再到芯片层的全链路协同优化。我们也是做了三个层面的深度协同。在基础设施层，BaiduLinux CloudOS通过异构算力协同技术，把单机推理性能提升了一倍以上，并且通过可编程的缓存技术，显著降低了模型的加载延迟。在资源管理层，我们基于云原生底座和智能调度优化，实现了毫秒级的操作响应，并能在分钟级完成上百个任务的调度。在AI任务层，通过模型结构、训练策略和推理引擎的协同优化，全面提升了单卡吞吐和整体的性能。第二，高效运维是保障算力持续输出的关键。随着模型参数突破万亿，集群规模迈向万卡，系统的复杂度和故障率大幅提升。我们也面临多个挑战：第一是故障复现成本高；第二是性能问题定位困难；第三是异构工具协同复杂。为此，我们和openEuler联合打造了一站式的运维平台，通过整合全栈监控工具，实现跨层数据的统一采集和智能分析。平台能够自动定位95%以上的慢节点问题，并将性能问题定位和定位到快速的故障发生节点。并且通过全局的可视化界面，把运维团队能够提供的工具链和能够提供的自动化运维工具和故障节点和故障根因进行快速关联，实现自动化运维。总的来说，通过以上两点全链路优化和智能运维的双轮驱动，可以把算力资源高效、可靠地转化为AI生产力。",
      "start_ms": 423740,
      "end_ms": 588455,
      "material_ids": [
        "chunk_00/slide_005"
      ],
      "summary_hint": "讲者指出行业焦点已从“建好”转向“用好”算力，并从全链路优化和异构算力统一调度两个维度，分享了如何高效释放算力效能。",
      "lead_text": "当前在智算领域，我们观察到一个明显的趋势，行业的焦点正从如何把基础设施建好，全面转向如何把算力用好。",
      "tail_text": "总的来说，通过以上两点全链路优化和智能运维的双轮驱动，可以把算力资源高效、可靠地转化为AI生产力。",
      "text_span": {
        "start": 37,
        "end": 51
      }
    },
    {
      "id": "sec_5",
      "index": 4,
      "title": "异构机密计算方案：保障算力使用安全",
      "time_range": "00:09:50,170 - 00:11:08,165",
      "summary": "为解决算力“用得安心”的安全问题，讲者介绍了异构机密计算方案。该方案通过BaiduLinux CloudOS与openEuler的深度融合，利用硬件隔离和内存加密技术，保障了数据在计算运行时的全生命周期安全，并通过机密直通技术保障了性能。",
      "refined_script": "### 1. 背景：算力使用中的安全挑战\n\n在解决了算力的构建与高效使用问题后，下一个核心挑战是保障其使用过程的安全性，即“用得安心”。当前，尽管数据在存储和传输阶段已普遍采用加密保护，但在计算运行时，数据通常以明文形态存在于内存中，这构成了严重的安全隐患。因此，保障模型与数据在计算运行时的安全，成为释放算力潜能的关键。\n\n### 2. 解决方案：异构机密计算\n\n为应对上述挑战，我们推出了高安全、高易用、低开销的异构机密计算解决方案。该方案基于 **BaiduLinux CloudOS** 与 **openEuler** 的深度融合，旨在通过机密计算技术破解数据在内存中的安全难题。\n\n#### 2.1 核心设计理念\n\n方案的核心在于利用硬件级的安全能力，为计算过程提供一个可信的执行环境（Trusted Execution Environment, TEE），确保数据在整个生命周期内（包括计算状态）的机密性与完整性。\n\n#### 2.2 关键技术特性\n\n- **全生命周期安全**：通过硬件级的隔离与内存加密技术，实现数据在计算状态下的端到端安全可信，弥补了传统安全方案在运行时环节的短板。\n\n- **低迁移成本与高生态兼容性**：\n  - 方案原生支持**机密虚拟机（Confidential VMs）**。\n  - 用户无需修改现有应用代码，即可将工作负载迁移至机密环境中，显著降低了技术改造和迁移成本。\n\n- **高性能保障**：\n  - 创新性地采用**机密直通技术（Confidential Passthrough）**。\n  - 该技术允许机密虚拟机直接访问物理加速卡（如 GPU），避免了传统方案中因数据在主机和虚拟机之间中转所带来的性能开销，从而保障了计算任务的执行效率。",
      "original_script": "当我们基本解决算力建得好和用得好的问题，下一个要跨越的问题就是安全，也就是解决如何能用得安心的问题。\n保障模型与数据在运行时的安全，成为释放算力潜能的核心命题。\n当前，尽管数据在存储和传输中已经进行了加密保护，但在实际计算中还是以明文形态存储在内存，存在严重的安全隐患。\n机密计算是破解这一问题的关键技术。\n为此，通过BaiduLinux CloudOS和openEuler的深度融合，我们打造了高安全、高易用、低开销的异构机密计算的解决方案。\n通过硬件级的隔离与内存加密的技术，实现了数据在计算状态的全周期、全生命周期安全可信。\n另外，方案原生支持机密虚拟机，兼容现有生态，显著降低了迁移成本。\n我们还创新的使用了机密直通技术，实现机密虚拟机可以直接访问加速卡，告别数据中转，保障了使用性能。",
      "start_ms": 590170,
      "end_ms": 668165,
      "material_ids": [
        "chunk_00/slide_006"
      ],
      "summary_hint": "在解决“建好”和“用好”之后，讲者提出了“用得安心”的安全问题，并介绍了通过BaiduLinux CloudOS和openEuler深度融合打造的异构机密计算方案，以保障模型与数据在运行时的安全。",
      "lead_text": "当我们基本解决算力建得好和用得好的问题，下一个要跨越的问题就是安全，也就是解决如何能用得安心的问题。",
      "tail_text": "我们还创新的使用了机密直通技术，实现机密虚拟机可以直接访问加速卡，告别数据中转，保障了使用性能。",
      "text_span": {
        "start": 52,
        "end": 59
      }
    },
    {
      "id": "sec_6",
      "index": 5,
      "title": "百度与openEuler的合作与成果",
      "time_range": "00:11:09,890 - 00:12:31,725",
      "summary": "百度自2021年起与openEuler社区深度合作，共同演进BaiduLinux智能云操作系统，目前部署规模已超2万套。该系统作为智能原生底座，全面支撑了千帆大模型及百舸异构计算平台，通过集成全栈观测与机密计算能力，显著提升了智算场景的运维效率与安全性。",
      "refined_script": "### 1. 合作背景与历程\n\n自2021年起，百度与 openEuler 社区启动深度合作，共同致力于打造面向智能计算时代的新一代操作系统。百度作为 openEuler 用户委员会的委员单位，持续参与社区的共建与发展。\n\n- **2021年**：双方开始合作，共同发布并持续演进 **BaiduLinux 智能云操作系统**。\n- **后续发展**：该系统升级为**智能原生底座操作系统**，成为百度智能计算体系的核心组成部分。\n\n### 2. 核心成果：BaiduLinux 智能原生底座操作系统\n\nBaiduLinux 是百度与 openEuler 社区联合创新的核心成果，定位为承接上层智能应用与底层硬件资源的枢纽，在智算集群架构中扮演着承上启下的关键角色。\n\n- **部署规模**：截至目前，已在百度内外多个场景部署超过 **20,000 套**。\n- **核心支撑**：全面支撑以下百度核心业务平台：\n  - **千帆大模型平台**\n  - **百舸异构计算平台**\n\n### 3. 技术特性与优势\n\n该操作系统深度集成了 openEuler 在生态、运维及创新方面的优势，并针对智算场景进行了专项增强，显著提升了运维效率与安全水平。\n\n- **全栈可观测性**\n  - 集成了 openEuler 的全栈观测与协同分析能力，为复杂的智算集群提供了高效的运维监控手段。\n\n- **增强的安全性**\n  - 引入了基于**机密计算（Confidential Computing）**的大模型运行时安全机制，保障了模型训练与推理过程中的数据与算法安全。",
      "original_script": "那么回到百度和openEuler的合作。实际上从2021年起，百度就与openEuler社区展开了密切的合作。我们共同发布并持续演进了BaiduLinux智能云操作系统，随后又将其升级为现在的智能原生底座操作系统，全面支撑百度的千帆大模型平台和百舸异构计算平台。到目前已在内外多场景部署的规模超过2万套。百度也同时作为用户委员会的委员，持续参与社区共建。作为我们和openEuler重要的合作成果，BaiduLinux CloudOS在智算集群架构中处于重要的位置，承担我们整个智算体系当中承上启下的重要作用。这也是我们跟openEuler深度协同，充分借助其在生态、运维与创新方面的优势，经过一年多的联合创新，共同打造的新一代操作系统。集成了openEuler全栈观测与协同分析的能力，并且引入了基于机密计算的大模型运行时安全机制，提升智算场景下的运维效率和安全水平。",
      "start_ms": 669890,
      "end_ms": 751725,
      "material_ids": [
        "chunk_00/slide_007"
      ],
      "summary_hint": "讲者回顾了百度自2021年起与openEuler社区的合作历程，共同发布并演进了BaiduLinux，支撑了百度的大模型和异构计算平台，并取得了超过2万套的部署规模。",
      "lead_text": "那么回到百度和openEuler的合作。",
      "tail_text": "集成了openEuler全栈观测与协同分析的能力，并且引入了基于机密计算的大模型运行时安全机制，提升智算场景下的运维效率和安全水平。",
      "text_span": {
        "start": 60,
        "end": 67
      }
    },
    {
      "id": "sec_7",
      "index": 6,
      "title": "联合社区持续创新，服务千行百业",
      "time_range": "00:12:32,820 - 00:14:14,140",
      "summary": "百度将持续与开源社区合作，在社区共建和技术联创两方面投入。社区共建方面，将重点投入Arm CCA机密计算、异构融合软件标准和AI工作组三个方向。技术联创方面，将聚焦超节点原生操作系统、系统智能化和机密计算容器化演进三个领域，以服务千行百业。",
      "refined_script": "### 1. 总体战略：联合社区，持续创新\n\n百度将基于 Baidu Linux CloudOS 在全场景的实践经验，提炼共性需求，并持续与开源社区（如 openEuler）开展联合创新，共同推动操作系统技术在千行百业的落地与应用。\n\n我们的合作战略主要围绕两大核心：**社区共建**与**技术联创**。\n\n### 2. 社区共建：聚焦三大方向\n\n在社区共建层面，我们将重点投入以下三个方向：\n\n*   **Arm CCA 机密计算**\n    *   **目标**：联合社区发布业内首个基于 Arm CCA（Confidential Compute Architecture）的机密计算解决方案。\n    *   **愿景**：推动该技术从通用计算领域拓展至智能计算领域。\n\n*   **异构融合软件标准**\n    *   **身份**：作为异构融合产学研联盟的首批成员。\n    *   **行动**：与社区共同建设和完善异构计算的软件标准。\n\n*   **AI 工作组**\n    *   **行动**：积极参与 AI 工作组的活动。\n    *   **目标**：打造先进的智能化平台，助力企业完成智能化转型。\n\n### 3. 技术联创：深耕三大领域\n\n在技术联合创新层面，我们将聚焦以下三个核心领域：\n\n*   **超节点原生操作系统**\n    *   **目标**：构建为“超节点”（Supernode）设计的原生操作系统。\n    *   **关键技术攻关**：\n        *   内存池化 (Memory Pooling)\n        *   设备池化 (Device Pooling)\n        *   通信加速 (Communication Acceleration)\n\n*   **系统智能化**\n    *   **目标**：打造操作系统领域的旗舰产品。\n    *   **核心价值**：显著提升系统的部署与运维效率。\n\n*   **机密计算容器化演进**\n    *   **技术路线**：推动机密计算的实现方式从虚拟机（VM）向容器（Container）演进。\n    *   **最终目标**：构建端到端的全栈安全解决方案。",
      "original_script": "面向未来，百度也将持续与开源社区合作。我们将基于BaiduLinux CloudOS在全场景的实践，提炼共性需求，与社区开展联合创新，共同推动操作系统技术在更多行业落地。在社区共建上，未来我们也将重点投入在三个方向。第一，联合发布业内首个Arm CCA机密计算解决方案，并推动该技术从通用计算走向智能计算。第二，作为异构融合产学研联盟首批成员，和社区共建软件标准。第三，积极参加AI工作组，打造智能化平台，助力企业进行智能化转型。在技术联创方面，我们也将聚焦三个领域：第一，面向超节点，攻关内存池化、设备池化、通信加速等核心技术，打造超节点原生的操作系统。第二，在系统智能化方面，打造操作系统领域的旗舰产品，提升系统部署和运维效率。第三，在机密计算领域，推进机密计算从虚拟机向容器演进，构建全栈安全方案。最后，再次感谢openEuler的邀请。智能生成无限可能，也欢迎大家进一步来了解百度智能云，了解我们的智算原生混合云产品。谢谢大家。",
      "start_ms": 752820,
      "end_ms": 854140,
      "material_ids": [
        "chunk_00/slide_008",
        "chunk_00/slide_009"
      ],
      "summary_hint": "讲者展望了未来与openEuler社区的合作方向，包括在社区共建和技术联创两方面持续投入，重点聚焦于机密计算、异构融合、超节点原生操作系统、系统智能化等领域，以服务千行百业。",
      "lead_text": "面向未来，百度也将持续与开源社区合作。",
      "tail_text": "智能生成无限可能，也欢迎大家进一步来了解百度智能云，了解我们的智算原生混合云产品。谢谢大家。",
      "text_span": {
        "start": 68,
        "end": 78
      }
    }
  ]
}