{
  "address": "ai_session/part_02/chunk_00/07_capture_frame/slide_026",
  "status": "completed",
  "input": {
    "video": "output/ai_session/part_02/chunk_00/01_cut_chunk/artifacts/chunk_high.mp4",
    "timestamp": "00:21:22.400",
    "frame_id": "slide_026",
    "output_ext": ".png"
  },
  "output": "output/ai_session/part_02/chunk_00/07_capture_frame/slide_026/artifacts/slide_026.png",
  "artifacts": [
    "output/ai_session/part_02/chunk_00/07_capture_frame/slide_026/artifacts/slide_026.png"
  ],
  "metadata": {
    "timestamp": "00:21:22.400",
    "frame_id": "slide_026",
    "ffmpeg": "/opt/homebrew/bin/ffmpeg"
  },
  "trace_id": null,
  "duration_ms": 5218,
  "started_at": "2025-12-15T23:00:01.449843",
  "completed_at": "2025-12-15T15:00:06.669835",
  "step_config": {},
  "dependencies": [
    "slide_timeline"
  ]
}