{
  "graph_data": {
    "nodes": [
      {
        "id": "p1",
        "label": "回顾与展望",
        "category": "Pillar",
        "references": {
          "section_ids": [
            "sec_2"
          ],
          "material_ids": [
            "chunk_00/slide_002"
          ],
          "highlight": {
            "primary_material_id": "chunk_00/slide_002",
            "primary_time_ts": "00:01:27,500",
            "primary_time_ms": 87500
          }
        },
        "parent": null,
        "summary": "回顾openEuler过去五年的发展，实现了市场份额第一、集齐三大芯片厂商支持等成就，并展望未来五年将从“跟随”转向“引领”，拥抱超级节点与AI，并走向全球化。"
      },
      {
        "id": "p2",
        "label": "拥抱超级节点",
        "category": "Pillar",
        "references": {
          "section_ids": [
            "sec_3"
          ],
          "material_ids": [
            "chunk_00/slide_003",
            "chunk_00/slide_004",
            "chunk_00/slide_005"
          ],
          "highlight": {
            "primary_material_id": "chunk_00/slide_003",
            "primary_time_ts": "00:03:11,000",
            "primary_time_ms": 191000
          }
        },
        "parent": null,
        "summary": "为应对超级节点带来的算力匹配、业务迁移和原生开发三大挑战，openEuler正在构建从池化底座到用户态框架的操作系统新底座，并计划发布首个支持超级节点的版本24.03 LTS SP3。"
      },
      {
        "id": "p3",
        "label": "拥抱AI",
        "category": "Pillar",
        "references": {
          "section_ids": [
            "sec_2",
            "sec_3",
            "sec_4"
          ],
          "material_ids": [
            "chunk_00/slide_006",
            "chunk_00/slide_007",
            "chunk_00/slide_010"
          ],
          "highlight": {
            "primary_material_id": "chunk_00/slide_006",
            "primary_time_ts": "00:07:02,500",
            "primary_time_ms": 422500
          }
        },
        "parent": null,
        "summary": "openEuler通过自研的Intelligence BoooM框架将AI应用于社区治理，并推出开箱即用的AI全栈解决方案，以解决AI应用开发痛点，提升开发效率，并将能力延伸至嵌入式场景。"
      },
      {
        "id": "p4",
        "label": "拓展嵌入式领域",
        "category": "Pillar",
        "references": {
          "section_ids": [
            "sec_5"
          ],
          "material_ids": [
            "chunk_00/slide_008"
          ],
          "highlight": {
            "primary_material_id": "chunk_00/slide_008",
            "primary_time_ts": "00:08:40,300",
            "primary_time_ms": 520300
          }
        },
        "parent": null,
        "summary": "为应对工业控制领域OT/IT融合、AI下沉等变革，openEuler凭借MICA架构和Intelligence BoooM嵌入式版本两大抓手，为vPLC、机器人等新型工业化场景提供解决方案。"
      },
      {
        "id": "d1_1",
        "label": "五年成就",
        "category": "Result",
        "references": {
          "section_ids": [
            "sec_2"
          ],
          "material_ids": [
            "chunk_00/slide_002"
          ],
          "highlight": {
            "primary_material_id": "chunk_00/slide_002",
            "primary_time_ts": "00:01:31,000",
            "primary_time_ms": 91000
          }
        },
        "parent": "p1",
        "summary": "openEuler在过去五年取得了显著成就，包括2023年成为中国新增市场份额第一，与Zephyr、LF AI & Data基金会合作，并获得Intel、AMD、Arm三大芯片厂商支持。"
      },
      {
        "id": "d1_2",
        "label": "未来五年战略",
        "category": "Concept",
        "references": {
          "section_ids": [
            "sec_2"
          ],
          "material_ids": [
            "chunk_00/slide_002"
          ],
          "highlight": {
            "primary_material_id": "chunk_00/slide_002",
            "primary_time_ts": "00:02:30,000",
            "primary_time_ms": 150000
          }
        },
        "parent": "p1",
        "summary": "未来五年，openEuler的目标是从“跟随”转向“引领”，技术上拥抱超级节点和AI，战略上坚定地走向全球化。"
      },
      {
        "id": "d2_1",
        "label": "超级节点的挑战",
        "category": "Problem",
        "references": {
          "section_ids": [
            "sec_3"
          ],
          "material_ids": [
            "chunk_00/slide_003"
          ],
          "highlight": {
            "primary_material_id": "chunk_00/slide_003",
            "primary_time_ts": "00:03:45,000",
            "primary_time_ms": 225000
          }
        },
        "parent": "p2",
        "summary": "超级节点架构给操作系统带来了三大挑战：如何实现业务算力与硬件算力的精确匹配、如何确保存量业务的平滑迁移，以及如何支持原生应用的开发。"
      },
      {
        "id": "d2_2",
        "label": "超级节点OS新底座",
        "category": "Technology",
        "references": {
          "section_ids": [
            "sec_3"
          ],
          "material_ids": [
            "chunk_00/slide_004"
          ],
          "highlight": {
            "primary_material_id": "chunk_00/slide_004",
            "primary_time_ts": "00:04:27,300",
            "primary_time_ms": 267300
          }
        },
        "parent": "p2",
        "summary": "为应对挑战，openEuler构建了分三层的操作系统新底座：底层的池化底座（全局资源抽象），中间的内核态核心子系统（基础能力构建），以及上层的用户态框架与接口（应用使能）。"
      },
      {
        "id": "d2_3",
        "label": "24.03 LTS SP3版本",
        "category": "Result",
        "references": {
          "section_ids": [
            "sec_3"
          ],
          "material_ids": [
            "chunk_00/slide_005"
          ],
          "highlight": {
            "primary_material_id": "chunk_00/slide_005",
            "primary_time_ts": "00:06:15,000",
            "primary_time_ms": 375000
          }
        },
        "parent": "p2",
        "summary": "openEuler社区将于2023年12月30日发布首个正式支持超级节点的版本——24.03 LTS SP3，提供基础框架并支持基于鲲鹏总线等硬件构建的超级节点。"
      },
      {
        "id": "d3_1",
        "label": "AI应用于社区治理",
        "category": "Technology",
        "references": {
          "section_ids": [
            "sec_2",
            "sec_3",
            "sec_6"
          ],
          "material_ids": [
            "chunk_00/slide_010"
          ],
          "highlight": {
            "primary_material_id": "chunk_00/slide_010",
            "primary_time_ts": "00:11:38,500",
            "primary_time_ms": 698500
          }
        },
        "parent": "p3",
        "summary": "openEuler已开始将自研的AI框架(Intelligence BoooM)应用于社区治理，试点场景包括软件包自动升级、Bug自动修复和AI智能推送，以提升效率、节省人力。"
      },
      {
        "id": "d3_2",
        "label": "Intelligence Boom解决方案",
        "category": "Technology",
        "references": {
          "section_ids": [
            "sec_4"
          ],
          "material_ids": [
            "chunk_00/slide_006",
            "chunk_00/slide_007"
          ],
          "highlight": {
            "primary_material_id": "chunk_00/slide_006",
            "primary_time_ts": "00:07:02,500",
            "primary_time_ms": 422500
          }
        },
        "parent": "p3",
        "summary": "为解决AI应用开发中环境配置复杂、硬件适配困难的痛点，社区发起Intelligence Boom项目，提供开箱即用的AI全开源全栈解决方案，已在多家企业落地，将开发效率从周级缩短到天级。"
      },
      {
        "id": "d4_1",
        "label": "嵌入式领域变革",
        "category": "Problem",
        "references": {
          "section_ids": [
            "sec_5"
          ],
          "material_ids": [
            "chunk_00/slide_008"
          ],
          "highlight": {
            "primary_material_id": "chunk_00/slide_008",
            "primary_time_ts": "00:08:58,000",
            "primary_time_ms": 538000
          }
        },
        "parent": "p4",
        "summary": "工业控制与嵌入式领域正经历深刻变革，体现在OT/IT融合、AI能力下沉、实时与非实时业务混合部署，以及对硬件灵活调度的需求增长。"
      },
      {
        "id": "d4_2",
        "label": "嵌入式解决方案",
        "category": "Technology",
        "references": {
          "section_ids": [
            "sec_5"
          ],
          "material_ids": [
            "chunk_00/slide_008"
          ],
          "highlight": {
            "primary_material_id": "chunk_00/slide_008",
            "primary_time_ts": "00:09:15,000",
            "primary_time_ms": 555000
          }
        },
        "parent": "p4",
        "summary": "openEuler提供两大核心技术抓手应对嵌入式变革：一是支持混合业务编排的MICA架构，二是专为嵌入式场景设计的Intelligence BoooM嵌入式版本。"
      }
    ],
    "edges": [
      {
        "source": "p1",
        "target": "p2",
        "relation_type": "sequential",
        "label": "引出技术方向"
      },
      {
        "source": "p2",
        "target": "p3",
        "relation_type": "parallel",
        "label": "并列技术方向"
      },
      {
        "source": "p3",
        "target": "p4",
        "relation_type": "sequential",
        "label": "延伸应用领域"
      },
      {
        "source": "d1_1",
        "target": "d1_2",
        "relation_type": "causal",
        "label": "驱动战略转型"
      },
      {
        "source": "d2_1",
        "target": "d2_2",
        "relation_type": "causal",
        "label": "催生技术方案"
      },
      {
        "source": "d2_2",
        "target": "d2_3",
        "relation_type": "compositional",
        "label": "具体实现为"
      },
      {
        "source": "d3_1",
        "target": "d3_2",
        "relation_type": "compositional",
        "label": "构成"
      },
      {
        "source": "d4_1",
        "target": "d4_2",
        "relation_type": "causal",
        "label": "催生解决方案"
      }
    ]
  },
  "sections": [
    {
      "id": "sec_1",
      "index": 0,
      "title": "智跃无界 openEuler引领AI时代操作系统",
      "time_range": "00:01:15,540 - 00:01:26,225",
      "summary": "演讲者预告了接下来的精彩内容，并揭晓了本次议题的名称：《智跃无界 openEuler引领AI时代的操作系统》。",
      "refined_script": "# 议题：智跃无界 openEuler引领AI时代的操作系统\n\n本议题将探讨 openEuler 如何在人工智能（AI）时代发挥引领作用，成为支持 AI 发展的关键操作系统。",
      "original_script": "那这个非常精彩，等会儿大家可以尽情期待。我们今天的议题名字叫《智跃无界 openEuler引领AI时代的操作系统》。",
      "start_ms": 75540,
      "end_ms": 86225,
      "material_ids": [
        "chunk_00/slide_001"
      ],
      "notes": "首句字幕与上一段落的尾句字幕有重叠，根据语义选择00:01:15,540作为起点。",
      "lead_text": "那这个非常精彩，等会儿大家可以尽情期待。",
      "tail_text": "我们今天的议题名字叫《智跃无界 openEuler引领AI时代的操作系统》。",
      "text_span": {
        "start": 14,
        "end": 15
      }
    },
    {
      "id": "sec_2",
      "index": 1,
      "title": "首个五年：openEuler成为中国新增市场份额第一",
      "time_range": "00:01:27,160 - 00:03:10,300",
      "summary": "在过去五年，openEuler发展迅速，2023年已成为中国新增市场份额第一的操作系统，并与Zephyr、LF AI & Data等基金会达成合作，集齐了Intel、AMD、Arm三大芯片厂商支持。展望未来五年，openEuler将拥抱超级节点与AI，坚定地走向全球化，并已开始尝试将AI应用于软件包升级、Bug修复等场景，目标从跟随转向引领。",
      "refined_script": "# 首个五年：openEuler成为中国新增市场份额第一\n\n## 一、过去五年回顾与成就\n\nopenEuler 社区在过去五年中取得了快速发展，在市场份额、生态合作和社区建设方面均有显著成就。\n\n### 市场表现\n\n- **2023年**：openEuler 在中国操作系统新增市场份额中排名第一。\n\n### 生态与社区合作\n\n- **基金会合作**：新增与两个基金会达成合作，互相成为准会员（Associate Member）：\n  - Zephyr Foundation\n  - Linux Foundation AI & Data Foundation (LF AI & Data)\n- **芯片厂商支持**：openEuler 已获得全球三大主流芯片厂商 Intel、AMD、Arm 的支持与捐赠，实现了广泛的芯片支持。\n- **新增捐赠人**：2024年新增三家捐赠人：\n  - AMD\n  - 浪潮云\n  - 神州数码\n\n### 社区规模\n\n- **累计开发者**：超过 23,000 名。\n- **活跃开发者**：约 4,000 至 5,000 人。\n\n尽管取得了显著进展，但过去五年的工作重心主要在于追赶和弥补基础软件领域的不足，以“跟随”为主。\n\n## 二、未来五年展望\n\n未来五年，openEuler 的目标是从“跟随”转向“引领”，将在技术演进和全球化两个方向上重点发力。\n\n### 技术演进方向\n\n操作系统的发展驱动力源于硬件架构和业务应用的变化。基于此，openEuler 的技术演进将聚焦于以下两点：\n\n1.  **拥抱超级节点 (Super Node)**：应对硬件体系架构的演进趋势。\n2.  **拥抱人工智能 (AI)**：引领应用层面的变革。\n\n### AI 在社区治理中的初步应用\n\n随着社区规模的持续增长，为提升基础设施效率，openEuler 已开始尝试将自研的 AI 框架（openEuler Intelligence BoooM）应用于社区治理场景，以实现自动化并减少人力投入。目前的试点应用包括：\n\n- **软件包自动升级**：已在社区约 7% 的软件包中进行自动化尝试。\n- **Bug 自动修复**\n- **AI 智能推送**\n\n**注**：当前所有 AI 自动化操作的结果仍需人工进行最终审核确认。\n\n### 战略方向\n\n- **技术引领**：实现从跟随到赶超和引领的转变。\n- **全球化**：坚定地走向海外市场，实现真正的全球化布局。海外企业的加入将为这一进程提供重要推动力。",
      "original_script": "那说到我们整个这个嵌入式的话，就不能不提一个非常重要的项目，Zephyr。Zephyr是一个具体的项目，同时也是一个基金会。\nopenEuler到今年已经到了第六年。\n回顾我们前五年，openEuler的发展速度还是很快的。\n我们在23年的时候就已经达到了中国操作系统新增市场份额的第一名，那在去年呢，我们整个市场空间又再创新高。\n那么随着我们的openEuler社区的发展，我们今年新增了两个合作基金会。\n互相成为了associate member，其中一个是Zephyr，其中另外一个就是我们非常火热的Linux Foundation的AI and Data的Foundation。\n应该说，我们基本上完成了立根铸魂这个在最开始阶段，社区建设阶段我们定下的这个目标和愿景。\n所以我们非常欢迎能和更多的基金会形成这个战略协作。同时，今年我们新增了三个捐赠人，他们是AMD、浪潮云和神州数码。\n当然，这是离不开我们所有整个社区的合作伙伴、我们的开发者以及我们的用户的共同努力。\n但是呢，如果我们再用更严格的标准来看的话，虽然我们社区在过去五年，其实行使的更多的工作还是补课，因为整个中国这个基础软件的底子相对比较薄，那么，这个我们做的很多工作还是以跟随为主。\n我们非常欢迎这三个重磅的企业加入openEuler社区，并成为捐赠人。\n那么到此为止呢，openEuler已经集齐了Intel、AMD和Arm这三家全球最顶尖的芯片厂商。\n但跟随从来不是openEuler的目标和我们的基因，最终我们还是希望能实现赶超和这个引领。\n应该帮助我们实现更广泛的芯片支持。同时，这些我们的海外这些企业的加入，也大大推动了openEuler未来全球化的进程。\n与产业各界共同谱写开源繁荣发展的新篇章。\n那在未来的五年或下一个五年周期，我相信这是一个非常关键的时期对我们来。\n那从未来的五年，从技术层面，我们要拥抱超级节点，同时要拥抱AI。\n随着社区的规模的增长，我们社区现在开发者，累计的开发者已经超过23000名。我们在后台也做过统计，活跃的开发者大约有4000到5000人。\n因为操作系统的发展离不开两个因素，一个是硬件体系架构的变化，一个是我们的业务的变化。那这两个方面呢，超级节点就对应了我们的硬件体系架构的变化，而AI就引领了我们的应用层面的变化。\n这个规模是非常庞大，而且每天都在增加。那么，这样的规模一定对我们的技术设施有非常强的要求。我们也不能无限增加人力，所以我们也在试图用我们自己开发的AI框架去解决相关的问题。\n在我们下面这个阶段中，除了我们的技术上面的引领以外，我们还要实现坚定不移地走出去、出海，要真真正正地实现这个全球化。\n所以我们也初步地将openEuler的Intelligence BoooM应用到了我们的软件包自动升级、Bug自动修复以及AI的智能推送等等这些场景。当然我们也是在试点，像软件包自动升级，可能我们现在在社区里尝试对7%左右的软件包进行相关的AI方面的自动化工作，当然这个工作是做了，但是最后确定还是人啊，再审视一下子。",
      "start_ms": 87160,
      "end_ms": 190300,
      "material_ids": [
        "chunk_00/slide_002"
      ],
      "notes": "尾句字幕与下一段落的首句字幕完全重叠，根据规划的结束时间点，将尾句字幕的结束时间00:03:15,650切分到00:03:10,300，以保证与下一段落的衔接。",
      "lead_text": "那说到我们整个这个嵌入式的话，就不能不提一个非常重要的项目，Zephyr。Zephyr是一个具体的项目，同时也是一个基金会。",
      "tail_text": "所以我们也初步地将openEuler的Intelligence BoooM应用到了我们的软件包自动升级、Bug自动修复以及AI的智能推送等等这些场景。当然我们也是在试点，像软件包自动升级，可能我们现在在社区里尝试对7%左右的软件包进行相关的AI方面的自动化工作，当然这个工作是做了，但是最后确定还是人啊，再审视一下子。",
      "text_span": {
        "start": 16,
        "end": 37
      }
    },
    {
      "id": "sec_3",
      "index": 2,
      "title": "拥抱超级节点，构建操作系统新底座",
      "time_range": "00:03:11,000 - 00:07:01,744",
      "summary": "讲者介绍了 openEuler Intelligence BoooM 在软件包升级、Bug 修复等场景的应用，展示了 AI 自动化带来的显著人力节省。面对超级节点带来的挑战，操作系统需要实现算力精确匹配、存量业务平滑迁移和原生应用开发。为此，openEuler 社区将发布首个支持超级节点的版本 24.03 LTS SP3，并持续加强产学研合作，构建从池化底座到用户态框架的完整操作系统新底座。",
      "refined_script": "### 1. AI 在 openEuler 社区的实践：Intelligence BoooM\n\nopenEuler Intelligence BoooM 已初步应用于社区的多个自动化场景，旨在提升开发与维护效率。初步试点数据显示，AI 自动化能显著节省人力成本。\n\n**应用场景及效果：**\n\n- **软件包自动升级**\n  - **范围**：已在社区约 7% 的软件包中进行试点。\n  - **效果**：初步估算节省了约 2400 人天（约 10 人年）的工作量。\n  - **流程**：AI 自动化执行升级工作，但最终发布前仍需人工审核确认。\n\n- **Bug 自动修复**\n  - **范围**：小范围试用。\n  - **效果**：节省了约 1100 人天的工作量。\n\n- **AI 智能推送**\n  - **效果**：节省了约 2400 人天的工作量。\n\n一个值得注意的现象是，openEuler Intelligence BoooM 自身的开发也受益于 AI，其约 50% 的代码由 BoooM 工具自身生成。\n\n### 2. 拥抱超级节点：操作系统的挑战与演进方向\n\n随着超级节点成为业界共识，操作系统需要演进以应对新的硬件架构带来的挑战。主要体现在以下三个方面：\n\n1.  **算力精确匹配**：实现业务算力与超级节点强大算力的精确匹配。\n2.  **存量业务平滑迁移**：确保传统业务能够零修改、平滑地迁移至超级节点架构。\n3.  **原生应用开发**：基于超级节点的新能力、新接口和新框架，开发能够充分利用其性能的原生应用。\n\n### 3. 构建超级节点操作系统新底座\n\n为应对上述挑战，openEuler 正在构建一个从底层硬件抽象到上层用户态框架的完整操作系统新底座。其技术架构分为三个层面：\n\n1.  **池化底座（全局资源抽象）**\n    - **核心能力**：提供内存统一编址、设备池化、内存共享等原子能力。\n    - **实现方式**：通过各类驱动程序实现硬件资源的池化与抽象。\n\n2.  **内核态核心子系统（基础能力构建）**\n    - **核心能力**：在驱动之上构建异构资源融合、大带宽低时延通信、平等互联等基础能力。\n    - **实现方式**：开发异构融合内存、存储、虚拟化等相关的内核核心子系统，提供全局内存服务、池化资源管理、通信管理等功能。\n\n3.  **用户态框架与接口（应用使能）**\n    - **核心能力**：提供全局资源视图、兼容性接口和新的系统接口。\n    - **实现方式**：通过用户态的 SDK、框架（Framework）和开发平台，支持传统业务的平滑迁移，并使能开发者基于新的编程范式开发超级节点原生应用。\n    - **未来形态**：可能会出现跨节点的超级虚机和容器等新模式。\n\n### 4. 初步性能验证与版本发布计划\n\n针对超级节点架构的初步测算和 POC（Proof of Concept）验证显示了显著的性能提升：\n\n- **通用计算领域**\n  - **数据库**：性能提升 2 倍以上。\n  - **虚拟机迁移**：时延减少 50%。\n  - **大数据**：资源利用率提升 40% 以上。\n\n- **智能计算领域**\n  - **AI 推理/训练**：获得数倍的性能提升。\n\n**版本发布计划：**\n\n- **版本名称**：openEuler 24.03 LTS SP3\n- **发布时间**：2023年12月30日\n- **核心特性**：将是首个正式支持超级节点的社区版本，提供基础框架，并支持基于鲲鹏总线等硬件构建的超级节点。\n\n麒麟软件、统信软件、麒麟信安、凝思、超聚变、润和软件和软通动力等合作伙伴也将基于此版本发布相应的商业发行版。\n\n### 5. 产学研合作\n\nopenEuler 社区正持续加强与学术界的合作，以推动操作系统技术的创新。举措包括：\n\n- **学术成果**：已有 33 篇基于 openEuler 的 AI 相关论文被 OSDI、SOSP 等顶级学术会议采纳。\n- **人才培养**：通过举办全球性大赛等活动，吸引了来自 54 个国家和地区的超过 2 万名学生参与。\n- **组织建设**：计划成立新的学术委员会和联盟，以打通产学研合作模式。",
      "original_script": "所以我们也初步地将openEuler的Intelligence BoooM应用到了我们的软件包自动升级、Bug自动修复以及AI的智能推送等等这些场景。当然我们也是在试点，像软件包自动升级，可能我们现在在社区里尝试对7%左右的软件包进行相关的AI方面的自动化工作，当然这个工作是做了，但是最后确定还是人啊，再审视一下子。那我们谈了很多超级节点，超级节点是一个最近非常热的一个词，我在这里就不赘述超级节点以及相关的这个策略和我们的这个业务逻辑了，因为这个已经基本形成我们产业的共识。我们粗步推算一下，大约能节省2400人天，大约就和10人年。7%的工作量就节省了10个人年。那么想想，如果我们全都自动化，我们节省人力是非常可观的。这还不包括我们这个Bug自动修复，小小范围的试用就节省了1100人天。但是从操作系统的角度来讲，当一个新的硬件体系架构出现的时候，有三个非常重要的特征或挑战我们需要去应对。第一个，就是如何将我们的纷繁复杂的业务算力，能够精确地和超级节点这样非常强大的算力进行精确的匹配。我们的智能推送节省2400人天的工作量。所以这都是非常amazing的这个效果。当然，我还透露一个小小的秘密，就是openEuler Intelligence BoooM本身的一些组件也是被openEuler Intelligence BoooM自己所开发的。其中50%的代码是由BoooM自己来生成的。所以这是一个非常有趣的现象和契合。就是AI确实在改变各个行业、各个领域。第二呢，对于我们现有的存量业务，以传统业务如何能平滑地、能零修改地迁移到我们这个超级节点上。当然最后，我们还是希望基于超级节点的新能力、新接口、新的框架，能够真正开发超级节点的原生应用。当然，对于我们的工程师来讲，这个过多的AI的替代也不一定是个好消息啊。但是生活还要继续，我们对于社区人才的培养还会持续地进行构筑。那在过去的几年，我们还是对人才做了非常多的投资。这个上面有几个框，是我们在这2025年所实现的一些具体的工作。比如说我们举办了很多大赛，有全球有2万多名学生，54个国家和地区参加了相关的大赛。那么与此是对应的呢，我们对于操作系统应该有三个层面的重要的抽象。最最下层是我们的全局资源抽象，内存统一编址、设备池化等等这种原子能力。在此之上呢，我们构建了异构资源融合、大带宽低时延的通信，实现平等互联等等这样的基础能力。当然最有趣的我认为是中间这个框，就是很有趣，就是学术界，我们稍微统计了一下，有33篇基于openEuler的AI方面的论文被很多顶会所采纳，比如说OSDI、SOSP等等，这都是顶会啊。当然再往上就是全局资源视图、兼容性接口和系统接口。这是我们的整体的对操作系统的需求。所以这也是我们和学术界加强合作的一个信号。那么如果再往下分解的话，我们左边这幅图就是在我们真正的操作系统在实现这个超级节点OS的时候所要做的工作。那么我再稍微剧透一下，就是在明天上午，openEuler社区会新建立一个成立一个委员会，同时会新建立一个联盟，都是和学术领域相关的，也欢迎大家明天去见证这个历史时刻。那对应对底座就是我们的池化底座，比如说提供了这种统一编址、内存共享这种能力。当然，实现上其实体现出来就是各种各样的驱动。那在原子能力和驱动之上，我们在内核态也会开发这相关的核心子系统。那核心子系统呢，其实就提供了像这个异构融合内存、存储、这种虚拟化这种相关的基础能力。这是基于我们下层这个驱动所做的内核态的工作。那这个内核态做完以后，再往上就是我们在用户态的一些SDK、一些框架、Framework以及我们的开发平台。总而言之，我们希望和我们的学术界能够形成更强烈的这种连接，真正打通产学研的合作模式。心之所向，素履以往。这个我们描绘的这个蓝图还是很漂亮的，这个目标也是很宏大的。我非常喜欢这个英文的翻译，Where passion leads, every step forward counts. 就是远方是美好的，我们所要做的就是一步一步地靠近它。那它提供了这种全局内存服务、池化资源管理、通信管理等等。当然，未来也可能会出现这种跨节点的超级虚机和容器这种新的形态和模式。谢谢大家。对于我们现在对外提供的接口来讲，除了我们提供兼容性接口以外，能使得我们的传统业务能平滑地迁移，当然我们还是希望越来越多的开发者和厂商能基于新的接口、新的编程范式，能够开发超级节点原生应用，能真正使能这个超大算力、超大内存、超大带宽以及超低时延。谢谢。非常感谢熊伟先生给我们带来精彩的分享，请您回席就座。心之所向，当然我们也做了一些初步的测算和POC，这个结果还是非常激动人心的。比如说对于通算领域，数据库我们就能达到两倍以上的性能提升。对虚拟机的迁移，时延时间减少了一半。对我们的大数据，整个资源利用率提升了40%以上。那在智算领域，推理、训练、运行，大家可以看到，基本上都是好几倍的性能提升。这是非常amazing的这个结果。那么，今年的12月30号，那么openEuler社区会首次发布首个支持超级节点的版本，24.03 LTS SP3。那这个超级节点结构版本呢，除了把这个框架提供出来以后，也可以支持，比如华为在9月份刚发布的这个鲲鹏总线，那它所组成的相关超级节点。当然未来我们也希望能支持更多的这种超级节点厂商的产品，也欢迎大家能贡献相关的代码到社区里。我们也很欣喜地看到，像麒麟软件、统信软件、麒麟信安、凝思、超聚变、润和软件和软通动力等这些企业也会跟随我们的SP3版本发布相关的商业版本。再次感谢我们的伙伴。",
      "start_ms": 191000,
      "end_ms": 421744,
      "material_ids": [
        "chunk_00/slide_003",
        "chunk_00/slide_004",
        "chunk_00/slide_005"
      ],
      "notes": "首句字幕与上一段落的尾句字幕完全重叠，根据规划的起始时间点，将首句字幕的开始时间00:03:00,630调整到00:03:11,000。",
      "lead_text": "所以我们也初步地将openEuler的Intelligence BoooM应用到了我们的软件包自动升级、Bug自动修复以及AI的智能推送等等这些场景。当然我们也是在试点，像软件包自动升级，可能我们现在在社区里尝试对7%左右的软件包进行相关的AI方面的自动化工作，当然这个工作是做了，但是最后确定还是人啊，再审视一下子。",
      "tail_text": "我们也很欣喜地看到，像麒麟软件、统信软件、麒麟信安、凝思、超聚变、润和软件和软通动力等这些企业也会跟随我们的SP3版本发布相关的商业版本。再次感谢我们的伙伴。",
      "text_span": {
        "start": 37,
        "end": 74
      }
    },
    {
      "id": "sec_4",
      "index": 3,
      "title": "Intelligence Boom 开源AI解决方案",
      "time_range": "00:07:02,980 - 00:08:40,230",
      "summary": "为解决AI应用开发中环境配置复杂、硬件适配困难等痛点，openEuler社区发起了Intelligence Boom项目，提供开箱即用的AI全开源全栈解决方案。该方案已在多家企业落地，显著将开发效率从周缩短到天，并将发布支持低算力模组的嵌入式版本。",
      "refined_script": "# Intelligence Boom：开源 AI 解决方案\n\n## 1. 背景：AI 应用开发的挑战\n\n随着 AI 技术的普及，AI 应用的开发与部署面临诸多挑战，主要体现在以下几个方面：\n\n- **环境配置复杂**：搭建一套完整的 AI 开发环境，涉及众多组件和依赖，过程繁琐且耗时。\n- **硬件适配困难**：适配各类异构计算硬件并进行性能调优，技术门槛高。\n\n这些因素共同阻碍了 AI 应用的快速开发和落地。\n\n## 2. 解决方案：Intelligence Boom 项目\n\n为应对上述挑战，openEuler 社区发起了 Intelligence Boom 项目，旨在提供一个开箱即用的 AI 全开源全栈解决方案。\n\n### 核心特性\n\n- **全栈解决方案**：提供从底层硬件适配到上层应用开发所需的完整软件栈。\n- **开箱即用**：大幅简化环境配置流程，使开发者能够快速启动 AI 应用开发。\n- **模块化设计**：系统架构可分可合，开发者可以根据需求灵活选用其中的部分组件。\n\n### 应用成效\n\n该方案已在京东、华鲲振宇、宝德等企业中成功落地，取得了显著成效。根据实践反馈，开发效率普遍从**周级**缩短至**天级**。\n\n## 3. 版本与展望\n\n- **首个版本**：于 2024 年 7 月发布。\n- **第二个版本**：计划于 openEuler Summit 第二天正式发布，将引入一项重要特性：\n  - **嵌入式版本支持**：推出适用于低算力模组的 Intelligence Boom 版本，将 AI 能力扩展至嵌入式场景。",
      "original_script": "那我们讲完了这个硬件对操作系统的变化，我们再看看上层软件。从23年以后，AI的整个大潮是非常地火。但是在我们和我们的合作伙伴以及我们的最终用户在沟通的过程中，其实发现还是有很多阻碍我们这个AI运作和这个开发的一个难点。其中非常重要的难点，就是如果我们想开发一个AI应用的话，把这个系统配齐，把这个都配完全，其实还是很复杂的。更不要说去适配各种硬件、异构硬件，同时比如说把这个性能进行调优。那么openEuler社区呢，我们就发起了这个Intelligence BoooM这个项目。我们可以提供一个完整的开箱即用的AI全开源的全栈解决方案。当然，这个系统呢也是可分可合，你单独从里面拿一些组件也是可以用的。那这些，这个方案呢目前已经在京东、华鲲振宇、宝德等等这些企业有了相关的应用落地。大家可以看到，我们很多，基本上开发效率都从周变成了天，所以整个开发效率提升是非常非常显著的。那当然，明天的上午，openEuler Summit第二天呢，我们的技术委员会主席胡欣蔚会正式发布Intelligence BoooM的第二个版本。我们第一个版本是今年7月份发布的，那明天我们会发布第二个版本。而第二个版本中有一个很好的特性，就是我们会发布相关的嵌入式版本。也就是在低算力模组上的Intelligence BoooM的相关版本。",
      "start_ms": 422980,
      "end_ms": 520230,
      "material_ids": [
        "chunk_00/slide_006",
        "chunk_00/slide_007"
      ],
      "lead_text": "那我们讲完了这个硬件对操作系统的变化，我们再看看上层软件。",
      "tail_text": "也就是在低算力模组上的Intelligence BoooM的相关版本。",
      "text_span": {
        "start": 75,
        "end": 86
      }
    },
    {
      "id": "sec_5",
      "index": 4,
      "title": "深入工控控制领域，引领产业智能化转型",
      "time_range": "00:08:41,090 - 00:09:53,710",
      "summary": "openEuler 正在积极拓展嵌入式领域，以应对工业控制领域因 OT/IT 融合、AI 下沉及混合业务部署等需求带来的变革。凭借 MICA 架构和 openEuler Intelligence BoooM 嵌入式版本两大抓手，openEuler 能够为 vPLC、机器人等新型工业化场景提供完整的解决方案，引领产业智能化转型。",
      "refined_script": "### 拓展嵌入式领域，应对产业变革\n\nopenEuler 最初聚焦于服务器与云端场景，自 2022 年起，开始在嵌入式领域进行技术创新与拓展。随着产业发展，工业控制与嵌入式领域正经历深刻变革，主要体现在以下几个方面：\n\n*   **OT/IT 融合**：传统操作技术（OT）与信息技术（IT）加速融合。\n*   **AI 下沉**：人工智能（AI）能力从云端下沉至边缘和端侧设备。\n*   **混合业务部署**：实时业务与非实时业务在同一平台上混合部署的需求日益增长。\n*   **硬件灵活调度**：对硬件资源进行灵活编排与调度的要求越来越高。\n\n### openEuler 嵌入式解决方案\n\n为应对上述变革，openEuler 提供了两大核心技术抓手，为新型工业化场景提供完整的解决方案。\n\n1.  **MICA (Multi-scenario Intelligent Collaborative Architecture) 架构**\n\n    MICA 架构支持在单一系统中对不同业务进行灵活编排，核心能力包括：\n    *   实现实时业务与非实时业务的混合部署与协同工作。\n    *   支持对硬件资源的灵活编排与调度。\n\n2.  **openEuler Intelligence BoooM 嵌入式版本**\n\n    这是一个专为嵌入式场景设计的 openEuler 发行版，与 MICA 架构相结合，能够为以下新型嵌入式与边缘计算场景提供支持：\n    *   虚拟 PLC (vPLC)\n    *   机器人（如巨身智能）\n\n通过这两大抓手，openEuler 致力于为工业控制领域的智能化转型提供坚实的技术底座。",
      "original_script": "为什么我们要发布相关嵌入式领域的版本呢？是因为过往呢，openEuler是从服务器和云起家的。那么在从22年以后，我们发现在嵌入式领域，openEuler也进入了做了非常多的创新。大家在外面的展台可以看到，近两年我们所有的展馆中，嵌入式的区域一定是最有趣的，有非常多的嵌入式的设备在进行展示。同时呢，我们也看到随着OT、IT化的转型以及这种AI下沉到了边缘、下沉到了端侧，同时这种实时、非实时业务的混部的需求的出现，以及对硬件灵活编调度、编排这种需求的出现，所以整个的工业控制领域、嵌入领域已经发生了翻天覆地的变化。那在这个变化的过程中呢，openEuler我们有两个很强力的抓手。第一个就是我们的MICA架构，可以实现我们的实时、非实时业务的混部、混编，同时灵活编排。同时就是我们openEuler Intelligence BoooM的嵌入式版本。有了这两个抓手，我们是可以提为我们的新型的工业化，我们的vPLC、我们的巨身智能等等这种新型的嵌入式、边缘计算场景提供完整的解决方案。",
      "start_ms": 521090,
      "end_ms": 593710,
      "material_ids": [
        "chunk_00/slide_008"
      ],
      "lead_text": "为什么我们要发布相关嵌入式领域的版本呢？是因为过往呢，openEuler是从服务器和云起家的。那么在从22年以后，我们发现在嵌入式领域，openEuler也进入了做了非常多的创新。",
      "tail_text": "嵌入式、边缘计算场景提供完整的解决方案。",
      "text_span": {
        "start": 87,
        "end": 92
      }
    },
    {
      "id": "sec_6",
      "index": 5,
      "title": "社区繁荣发展与成果展望",
      "time_range": "00:09:53,711 - 00:14:58,500",
      "summary": "(暂无文本)",
      "refined_script": "## 社区繁荣发展与成果展望\n\n(暂无文本)",
      "original_script": "(暂无文本)",
      "start_ms": 593711,
      "end_ms": 898500,
      "material_ids": [
        "chunk_00/slide_009",
        "chunk_00/slide_010",
        "chunk_00/slide_011"
      ],
      "notes": "此段落没有提供首尾句，根据上下文语义，从上一段落结束后开始，到下一段落开始前结束。内容主要关于社区发展、人才培养和产学研合作。"
    },
    {
      "id": "sec_7",
      "index": 6,
      "title": "心之所向 素履以往",
      "time_range": "00:14:59,300 - 00:15:35,000",
      "summary": "本节以“心之所向，素履以往”为主题，致敬过去一年中坚守岗位、追逐梦想的平凡人。正是这份对初心的坚守与执着，汇聚成了我们前行的力量。展望未来，虽然挑战与机遇并存，但只要我们坚持不懈，终将实现目标。",
      "refined_script": "## 总结与展望\n\n### 核心回顾\n\n在过去的一年中，团队成员在各自的岗位上为项目贡献了关键力量，这些贡献共同推动了整体目标的实现。个体的努力汇聚成了团队前进的动力。\n\n### 未来展望\n\n未来发展道路依然存在挑战，但也蕴含机遇。团队需要保持持续的努力和专注，以确保最终达成既定目标。\n\n**下一步行动建议：**\n\n- **保持定力**：在充满不确定性的环境中，坚守初心与既定方向。\n- **持续迭代**：保持当前的工作节奏与动力（步履不停），以应对未来的挑战。",
      "original_script": "心之所向，素履以往。生如逆旅，一苇以航。在过去的一年里，我们见证了无数平凡人，用他们的坚守与热爱，书写了不凡的篇章。他们或许没有惊天动地的伟业，却在各自的岗位上，如点点星光，汇聚成璀璨的银河。正是这份对初心的坚守，对梦想的执着，让我们在充满不确定性的时代里，找到了前行的力量和方向。未来已来，道阻且长，但只要我们步履不停，终将抵达梦想的彼岸。",
      "start_ms": 899300,
      "end_ms": 935000,
      "material_ids": [
        "chunk_00/slide_012"
      ],
      "notes": "此段落没有提供首尾句，根据上下文语义，从上一段落结束后开始，到视频结尾。内容主要是总结和感谢。"
    }
  ]
}