{
  "address": "ai_session/part_03/chunk_00/09_apply_crop/slide_014",
  "status": "completed",
  "input": {
    "image_path": "output/ai_session/part_03/chunk_00/07_capture_frame/slide_014/artifacts/slide_014.png",
    "crop_region": {
      "x": 579,
      "y": 144,
      "width": 1340,
      "height": 935
    }
  },
  "output": "output/ai_session/part_03/chunk_00/09_apply_crop/slide_014/artifacts/slide_014.png",
  "artifacts": [
    "output/ai_session/part_03/chunk_00/09_apply_crop/slide_014/artifacts/slide_014.png"
  ],
  "metadata": {
    "source": "output/ai_session/part_03/chunk_00/07_capture_frame/slide_014/artifacts/slide_014.png",
    "applied": true,
    "crop_region": {
      "x": 579,
      "y": 144,
      "width": 1340,
      "height": 935
    },
    "size": {
      "width": 1340,
      "height": 935
    }
  },
  "trace_id": null,
  "duration_ms": 338,
  "started_at": "2025-12-15T23:21:59.368328",
  "completed_at": "2025-12-15T15:21:59.709954",
  "step_config": {},
  "dependencies": [
    "capture_frame",
    "crop_decision"
  ]
}