{
  "address": "ai_session/part_02/chunk_00/07_capture_frame/slide_025",
  "status": "completed",
  "input": {
    "video": "output/ai_session/part_02/chunk_00/01_cut_chunk/artifacts/chunk_high.mp4",
    "timestamp": "00:21:10.800",
    "frame_id": "slide_025",
    "output_ext": ".png"
  },
  "output": "output/ai_session/part_02/chunk_00/07_capture_frame/slide_025/artifacts/slide_025.png",
  "artifacts": [
    "output/ai_session/part_02/chunk_00/07_capture_frame/slide_025/artifacts/slide_025.png"
  ],
  "metadata": {
    "timestamp": "00:21:10.800",
    "frame_id": "slide_025",
    "ffmpeg": "/opt/homebrew/bin/ffmpeg"
  },
  "trace_id": null,
  "duration_ms": 5245,
  "started_at": "2025-12-15T23:00:01.449484",
  "completed_at": "2025-12-15T15:00:06.696093",
  "step_config": {},
  "dependencies": [
    "slide_timeline"
  ]
}