{
  "id": "sec_005",
  "index": 4,
  "title": "核心能力：双模型协同与产品演示",
  "time_range": "00:05:29,400 - 00:09:36,635",
  "script": "我们整个平台也采用了一种新的设计，即双模型协同。\n在运维场景中，我们常会面临一种情况：有些客户在内网环境部署了大模型，而有些客户则没有。\n但他们对运维的需求是同样存在的。因此，我们设计了双模型协同的方案。\n一方面，利用大模型强大的自然语言和生成能力，打造了一个能进行智能对话的AI助手。\n它具备环境感知能力，能理解运维人员的自然语言指令。\n另一方面，我们针对具体的运维场景，如异常检测、趋势预测等，训练了我们专精的小模型。\n这些模型基于成熟的机器学习算法，如US-AD、LSTM或前面专家提到的贝叶斯算法等。\n训练出的小模型速度快、精度高。\n大模型和小模型之间并非孤立，而是通过智能体进行协同工作。\n大模型就像指挥官，能理解意图、规划步骤。\n小模型则像特种部队，能高效地执行或具体分析任务。\n例如，我们的根因分析智能体。\n这是展现双模型协同的一个典型场景。我们有一个时序故障小模型，\n采用US-AD算法预测机器故障。\n当产生预警时，它不一定完全准确，可能存在误报或灵敏度过高的情况。\n那么当产生这种预警的时候呢，就需要大模型的介入。\n当大模型介入之后呢，它就会启动这个根因分析的这么一个智能体，然后这个根因分析这个智能体呢，就会去与用户交互，然后去理解问题的现象，然后它会去组织一系列的那个智能体去进行一个日志分析，还有就是指标关联、拓扑追踪这一系列的這個这个工作，然后一步步地推理出故障的根本原因，或者是排除这到底是不是一个故障，它做这么一个这么一个工作。\n工作完成后，如果确定是故障，那么它会给出了这个具体的优化的一个建议，包括这个故障产生的实际的一个原因。\n这是我们整个产品的预览。\n左上角是对机器的Top视图，直观展示其整体情况。\n右上角是详细指标，包括我刚才提到的系统、应用、动环等数据的监控。\n左下角是趋势性数据的展示。\n右下角是根因分析智能体。它能在告警产生后进行根因分析，生成故障报告和解决方案。",
  "summary": "该平台采用创新的双模型协同设计，由大模型担任指挥官理解用户意图，专精小模型则作为特种部队高效执行异常检测等具体任务。以根因分析智能体为例，大模型在小模型预警后介入，通过日志分析、指标关联等步骤推理出故障根因并提供解决方案。最后，通过产品界面预览，展示了机器Top视图、详细指标监控和根因分析报告等核心功能。"
}