{
  "address": "day2_main/part_05/chunk_00/09_apply_crop/slide_007",
  "status": "completed",
  "input": {
    "image_path": "output/day2_main/part_05/chunk_00/07_capture_frame/slide_007/artifacts/slide_007.png",
    "crop_region": {
      "x": 1919,
      "y": 1079,
      "width": 1920,
      "height": 1080
    }
  },
  "output": "output/day2_main/part_05/chunk_00/09_apply_crop/slide_007/artifacts/slide_007.png",
  "artifacts": [
    "output/day2_main/part_05/chunk_00/09_apply_crop/slide_007/artifacts/slide_007.png"
  ],
  "metadata": {
    "source": "output/day2_main/part_05/chunk_00/07_capture_frame/slide_007/artifacts/slide_007.png",
    "applied": false
  },
  "trace_id": null,
  "duration_ms": 11,
  "started_at": "2025-12-17T21:35:09.863049",
  "completed_at": "2025-12-17T13:35:09.881821",
  "step_config": {},
  "dependencies": [
    "capture_frame",
    "crop_decision"
  ]
}