{
  "address": "ScienceEducationInnovation/part_02/chunk_00/08_crop_decision/slide_019",
  "status": "completed",
  "input": {
    "image_path": "output/ScienceEducationInnovation/part_02/chunk_00/07_capture_frame/slide_019/artifacts/slide_019.png",
    "slide_index": 19,
    "slide_title": "Fleche - 性能评估 吞吐率提升及缓存查询延迟对比"
  },
  "output": null,
  "artifacts": [
    "output/ScienceEducationInnovation/part_02/chunk_00/07_capture_frame/slide_019/artifacts/slide_019.png"
  ],
  "metadata": {
    "needs_crop": false,
    "reason": "MANUAL_NO_CROP",
    "manual_override": true
  },
  "trace_id": null,
  "duration_ms": 0,
  "started_at": "2025-12-18T16:37:52.032969",
  "completed_at": "2025-12-18T16:37:52.032969",
  "step_config": {
    "manual_override": true
  },
  "dependencies": [
    "capture_frame"
  ]
}