{
  "part_index": 3,
  "title": "人工智能端到端的复杂攻击检测技术研究",
  "type_tag": "学术研究与系统实现",
  "tech_tags": [
    "SysArmor",
    "openEuler",
    "APT攻击检测",
    "无监督学习",
    "大语言模型",
    "溯源分析",
    "Provenance Graph",
    "gIoC",
    "DPU卸载",
    "分片式架构",
    "在线斯坦纳树"
  ],
  "domain_tags": [
    "网络安全",
    "系统安全",
    "人工智能安全",
    "操作系统",
    "入侵检测"
  ],
  "summary": "本环节由北京大学李锭老师分享了关于利用AI实现端到端APT攻击检测的研究成果。针对当前攻击检测面临的数据质量差、语义理解难及成本限制大三大挑战，团队提出了系统、算法与硬件协同优化的解决方案。核心思路是基于溯源图（Provenance Graph）进行无监督异常挖掘，并研发了三项关键技术：无监督快速日志过滤、基于大语言模型（LLM）的日志理解与报告生成、以及基于DPU卸载的低开销日志采集。最终集成为原型系统SysArmor并在openEuler社区开源，实现了低开销、高检出率的自动化攻击分析。",
  "highlights": [
    "提出利用AI自动分析原始日志并生成可读攻击报告的端到端检测思路",
    "研发无监督快速日志过滤技术，利用统计异常性将误报率降低两个数量级",
    "设计gIoC中间表述，结合大语言模型弥合底层日志与自然语言的语义鸿沟",
    "实现基于DPU卸载和分片式架构的低开销日志采集，系统开销控制在3%以内",
    "集成研发原型系统SysArmor，并在openEuler社区开源供开发者使用"
  ]
}