{
  "address": "ScienceEducationInnovation/part_02/chunk_00/07_capture_frame/slide_011",
  "status": "completed",
  "input": {
    "video": "output/ScienceEducationInnovation/part_02/chunk_00/01_cut_chunk/artifacts/chunk_high.mp4",
    "timestamp": "00:07:10.780",
    "frame_id": "slide_011",
    "output_ext": ".png"
  },
  "output": "output/ScienceEducationInnovation/part_02/chunk_00/07_capture_frame/slide_011/artifacts/slide_011.png",
  "artifacts": [
    "output/ScienceEducationInnovation/part_02/chunk_00/07_capture_frame/slide_011/artifacts/slide_011.png"
  ],
  "metadata": {
    "timestamp": "00:07:10.780",
    "frame_id": "slide_011",
    "ffmpeg": "/opt/homebrew/bin/ffmpeg"
  },
  "trace_id": null,
  "duration_ms": 1624,
  "started_at": "2025-12-17T10:50:27.899697",
  "completed_at": "2025-12-17T02:50:29.525611",
  "step_config": {},
  "dependencies": [
    "slide_timeline"
  ]
}