{
  "address": "ai_session/part_09/chunk_00/09_apply_crop/slide_006",
  "status": "completed",
  "input": {
    "image_path": "output/ai_session/part_09/chunk_00/07_capture_frame/slide_006/artifacts/slide_006.png",
    "crop_region": {
      "x": 556,
      "y": 0,
      "width": 1363,
      "height": 1026
    }
  },
  "output": "output/ai_session/part_09/chunk_00/09_apply_crop/slide_006/artifacts/slide_006.png",
  "artifacts": [
    "output/ai_session/part_09/chunk_00/09_apply_crop/slide_006/artifacts/slide_006.png"
  ],
  "metadata": {
    "source": "output/ai_session/part_09/chunk_00/07_capture_frame/slide_006/artifacts/slide_006.png",
    "applied": true,
    "crop_region": {
      "x": 556,
      "y": 0,
      "width": 1363,
      "height": 1026
    },
    "size": {
      "width": 1363,
      "height": 1026
    }
  },
  "trace_id": null,
  "duration_ms": 131,
  "started_at": "2025-12-16T01:06:51.503811",
  "completed_at": "2025-12-15T17:06:51.637454",
  "step_config": {},
  "dependencies": [
    "capture_frame",
    "crop_decision"
  ]
}