{
  "id": "sec_3",
  "index": 2,
  "title": "关键问题与核心思路",
  "time_range": "00:05:53,499 - 00:08:04,399",
  "script": "首先，在算法层面，我们需要设计一些感知硬件的算法，例如设计一些感知缓存的算法来提升缓存的命中率。\n其次，在系统层面，我们需要设计一些感知算法的系统。\n例如，我们可以设计一些感知参数重要性的系统来提升系统的性能。\n最后，在硬件层面，我们需要设计一些感知系统的硬件。\n例如，我们可以设计一些感知数据流的硬件来提升硬件的效率。\n基于这个思路，我们开展了一系列的工作。\n首先，在算法层面，我们设计了面向异构内存的参数放置算法；其次，在系统层面，我们设计了面向异构内存的参数存储系统；\n最后，在硬件层面，我们设计了面向异构内存的参数访问硬件。\n我们首先来看一下算法层面的工作，也就是我们发表在OSDI 2022上的工作OptEmbed。\n我们刚才提到，推荐模型的参数具有非常强的访问倾斜性，因此我们可以利用这种倾斜性来做缓存。\n但是，缓存面临一个问题，即缓存替换。当缓存满了之后，我们需要决定淘汰哪些参数。\n传统的缓存替换算法，例如LRU，它只考虑了参数的访问频率，而没有考虑参数的重要性。\n例如，一个参数虽然访问频率很高，但它对模型精度的影响可能很小，因此我们不应该将它缓存。\n因此，我们提出了一种新的缓存替换算法，叫做OptEmbed。它同时考虑了参数的访问频率和重要性。\n具体来说，我们会给每个参数计算一个分数，这个分数是它的访问频率和重要性的一个加权和。\n然后，我们会优先淘汰分数最低的参数。\n通过这种方式，我们可以保证缓存中的参数都是对模型精度影响比较大的参数，从而在保证模型精度的前提下，提升缓存的命中率。\n我们在实验中也验证了OptEmbed的有效性。",
  "summary": "本节提出了通过算法、系统、硬件三个层面协同设计的核心思路来解决推荐系统中的性能问题。在算法层面，针对传统缓存替换算法（如LRU）仅考虑访问频率的局限，我们设计了名为OptEmbed的新算法。该算法通过综合评估参数的访问频率与重要性，优先淘汰分数最低的参数，从而在保证模型精度的前提下，显著提升缓存命中率。"
}