{
  "id": "sec_5",
  "index": 4,
  "title": "创新技术生态建议与共建",
  "time_range": "00:17:45,720 - 00:21:04,915",
  "script": "分享最后呢，其实还是想跟大家同步一下，就是我们的一些下一阶段的一些研究计划，也欢迎大家一起来共建。就一方面我们是希望就是把我们公司专有领域调优模型做进一步的输出，然后使平台它的那个方案能够输出得更专业、精准。\n同时呢，也希望这种高频度的使用这个intelligence，能够跟华为团队一起联创，把整个平台的产品易用性做起来，然后能深度赋能研发团队。\n第三块其实也是一个呼吁，就是希望看看国内同行有没有对这块感兴趣，我们希望就是持续探索一下持续在线学习这个方向。\n它整个方向我觉得它在通用大模型的落地方面应该是一个战略性的一个可行性点，如果这个点不解决的话，通用大模型你要真正做商用落地，你始终没办法解决那些幻觉问题，因为你模型能力没办法持续地适应你落地场景去持续地强化，那你始终就是一个离线训练的一种模式。\n第四块是，我觉得还是可以有比较大的落地价值，然后后续呢应该是也可以可实现性比较高的，就就是现在我们企业有大量的数据嘛，但是企业呢，你如果要去堆卡，特别是中小企业来说，毕竟它单卡那么贵，你不可能堆很多。\n但你如果要作模型的训练，资源消耗也挺大的。\n所以我觉得最终可能比较理想的状态下，你企业应该是主要就负责推理这一侧的人算力资源的积累，你训练这类的资源积累，应该还是依托远端的这种算力平台或者云平台。但是你要能达成这种愿景，你一定要解决你企业那个知识的信息安全的问题。所以我们就跟华为的光猫AI团队，也在探讨这一块的方案，就是说看是不是说它知识库，我们做一些脱敏，当然这个具体技术方案其实也还只是一个意向性想法，就例如可能做了向量化，然后做一些脱敏之后，再远端会有一个专有的算力池给到企业这边，然后企业就在基于这个专有算力池来做训练，训练完之后，你再把这个模型传回给你公司本地，这样就确保你整个数据看上去是没有泄露的。\n当然这个是其实还是个非常宽，初级跟那个开放性的一个构想。\n只是说我们觉得它应该是后续有比较大的商业运行价值。\n这张图如果跟我比较熟的同学应该看过好多次了，因为我每一次分享都会把它放到最后面。就因为整个信创替代确实做得很艰难，然后也有很很多年了，然后差距确实也在不断地缩小。\n但是毕竟国外的平台它积累了几十年嘛，所以你一下子要要赶上他们，其实我觉得也没那么快。\n所以这种情况下只能就是说大家就是说一起来做，然后步骤尽可能地保持一致，就因为你大家都来用，你那些可能的坑啊，或者场景啊方面，你就能使产品能得到更多的锤炼，那就能更快地加速它的一个成熟化。",
  "summary": "讲者分享了下一阶段的研究计划，包括持续调优专有模型、提升平台易用性，并呼吁同行共建技术生态。他重点探讨了一种云端训练与企业端推理相结合的模式，旨在通过数据脱敏等方式，在保障企业信息安全的同时，解决中小企业模型训练成本高昂的难题。"
}