{
  "address": "ScienceEducationInnovation/part_02/final/07_script_refine/0",
  "status": "completed",
  "input": {
    "narrative": {
      "id": "sec_001",
      "index": 0,
      "title": "报告开场与讲者介绍个人背景及研究方向介绍，包括面向 AI 的存储（Storage for AI）领域的工作总览。介绍报告题目《面向推荐大模型的参数存储系统研究》及讲者谢明晖老师的学术背景与研究方向。",
      "time_range": "00:00:09,360 - 00:01:26,765",
      "script": "接下来，让我们有请中国人民大学的谢明晖老师，带来《面向推荐大模型的参数存储系统研究》的分享。\n推荐大模型的参数存储是当前人工智能领域的关键难题，期待谢老师的分享能为我们解开疑惑。掌声欢迎！\n谢谢主持人的介绍，也谢谢各位领导和老师。\n我是来自中国人民大学的谢明晖，本次汇报的题目是《面向推荐大模型的参数存储系统研究》。\n首先对我个人情况做个简单的介绍。\n我本科就读于南京大学，去年在清华大学计算机系陆游游老师和舒继武老师指导下获得博士学位，毕业后加入中国人民大学。\n曾获得ACM优博奖、北京市青托计划等荣誉，并承担了一系列企业项目。\n我的研究方向主要围绕机器学习系统，具体涉及存储系统与机器学习系统的交叉领域，即面向 AI 的存储（Storage for AI）。",
      "summary": ""
    }
  },
  "output": {
    "section_id": "sec_001",
    "index": 0,
    "title": "报告开场与讲者介绍个人背景及研究方向介绍，包括面向 AI 的存储（Storage for AI）领域的工作总览。介绍报告题目《面向推荐大模型的参数存储系统研究》及讲者谢明晖老师的学术背景与研究方向。",
    "time_range": "00:00:09,360 - 00:01:26,765",
    "refined_script": "# 报告概览：面向推荐大模型的参数存储系统研究\n\n## 1. 讲者简介\n**谢明晖**，现任职于中国人民大学，专注于机器学习系统与存储系统的交叉研究。\n\n*   **教育背景**：\n    *   **博士**：清华大学计算机系（师从陆游游教授与舒继武教授）。\n    *   **本科**：南京大学。\n*   **学术荣誉**：\n    *   ACM 中国优秀博士学位论文奖（ACM China Doctoral Dissertation Award）。\n    *   入选北京市青年人才托举工程（青托计划）。\n*   **科研实践**：拥有丰富的学术积累与企业项目合作经验。\n\n## 2. 核心研究方向：面向 AI 的存储 (Storage for AI)\n研究工作主要围绕 **机器学习系统 (MLSys)** 展开，深耕于存储系统与机器学习的交叉领域，即 **Storage for AI**。该方向旨在通过重构底层存储架构，解决大规模 AI 模型在训练与推理过程中的数据吞吐与参数管理瓶颈。\n\n## 3. 报告主题：推荐大模型参数存储系统\n本次技术分享的主题为**《面向推荐大模型的参数存储系统研究》**。\n\n*   **行业背景**：随着推荐模型规模的爆炸式增长，海量参数的存储与高效访问已成为当前人工智能领域的关键技术难题。\n*   **核心议题**：报告将深入探讨如何针对推荐大模型的特性，设计并优化参数存储系统，以应对高并发、低延迟及大规模扩展性的挑战。",
    "summary": "",
    "original_script": "接下来，让我们有请中国人民大学的谢明晖老师，带来《面向推荐大模型的参数存储系统研究》的分享。\n推荐大模型的参数存储是当前人工智能领域的关键难题，期待谢老师的分享能为我们解开疑惑。掌声欢迎！\n谢谢主持人的介绍，也谢谢各位领导和老师。\n我是来自中国人民大学的谢明晖，本次汇报的题目是《面向推荐大模型的参数存储系统研究》。\n首先对我个人情况做个简单的介绍。\n我本科就读于南京大学，去年在清华大学计算机系陆游游老师和舒继武老师指导下获得博士学位，毕业后加入中国人民大学。\n曾获得ACM优博奖、北京市青托计划等荣誉，并承担了一系列企业项目。\n我的研究方向主要围绕机器学习系统，具体涉及存储系统与机器学习系统的交叉领域，即面向 AI 的存储（Storage for AI）。"
  },
  "artifacts": [
    "output/ScienceEducationInnovation/part_02/final/07_script_refine/0/artifacts/section_sec_001_refined.md"
  ],
  "metadata": {
    "refined_length": 638,
    "original_length": 331,
    "summary_length": 0
  },
  "trace_id": "6c2eb275-b265-4005-a892-52ba8ec40232",
  "duration_ms": 6743,
  "started_at": "2025-12-19T00:56:09.941816",
  "completed_at": "2025-12-18T16:56:16.686648",
  "step_config": {
    "model": "gemini-3-flash-preview",
    "temperature": 0.2,
    "prompt_file": "/Users/lichuan/Codes/TalkDistill/config/prompts/script_refine.md",
    "schema_file": "/Users/lichuan/Codes/TalkDistill/config/schemas/script_refine.json"
  },
  "dependencies": [
    "section_timing"
  ]
}