{
  "address": "day2_main/part_05/chunk_00/07_capture_frame/slide_001",
  "status": "completed",
  "input": {
    "video": "output/day2_main/part_05/chunk_00/01_cut_chunk/artifacts/chunk_high.mp4",
    "timestamp": "00:00:03.900",
    "frame_id": "slide_001",
    "output_ext": ".png"
  },
  "output": "output/day2_main/part_05/chunk_00/07_capture_frame/slide_001/artifacts/slide_001.png",
  "artifacts": [
    "output/day2_main/part_05/chunk_00/07_capture_frame/slide_001/artifacts/slide_001.png"
  ],
  "metadata": {
    "timestamp": "00:00:03.900",
    "frame_id": "slide_001",
    "ffmpeg": "/opt/homebrew/bin/ffmpeg"
  },
  "trace_id": null,
  "duration_ms": 567,
  "started_at": "2025-12-17T21:08:46.267984",
  "completed_at": "2025-12-17T13:08:46.836832",
  "step_config": {},
  "dependencies": [
    "slide_timeline"
  ]
}