{
  "address": "ScienceEducationInnovation/part_02/chunk_00/08_crop_decision/slide_023",
  "status": "completed",
  "input": {
    "image_path": "output/ScienceEducationInnovation/part_02/chunk_00/07_capture_frame/slide_023/artifacts/slide_023.png",
    "slide_index": 23,
    "slide_title": "PetPS - 核心想法 PM参数聚集消耗大量CPU指令周期"
  },
  "output": null,
  "artifacts": [
    "output/ScienceEducationInnovation/part_02/chunk_00/07_capture_frame/slide_023/artifacts/slide_023.png"
  ],
  "metadata": {
    "needs_crop": false,
    "reason": "MANUAL_NO_CROP",
    "manual_override": true
  },
  "trace_id": null,
  "duration_ms": 0,
  "started_at": "2025-12-18T16:37:52.032969",
  "completed_at": "2025-12-18T16:37:52.032969",
  "step_config": {
    "manual_override": true
  },
  "dependencies": [
    "capture_frame"
  ]
}