{
  "id": "sec_007",
  "index": 6,
  "title": "应用场景",
  "time_range": "00:11:05,000 - 00:11:25,025",
  "script": "目前，我们的智能运维产品已在能源、金融、交通、电信等领域有了实践。\n我们也期待能与更多行业合作伙伴，共同探索智能运维的无限可能。",
  "summary": "我们的智能运维产品已在能源、金融、交通、电信等多个关键领域成功实践。我们期待与更多行业伙伴合作，共同探索智能运维的未来与无限可能。"
}