{
  "address": "day2_main/part_05/chunk_00/07_capture_frame/slide_008",
  "status": "completed",
  "input": {
    "video": "output/day2_main/part_05/chunk_00/01_cut_chunk/artifacts/chunk_high.mp4",
    "timestamp": "00:09:22.400",
    "frame_id": "slide_008",
    "output_ext": ".png"
  },
  "output": "output/day2_main/part_05/chunk_00/07_capture_frame/slide_008/artifacts/slide_008.png",
  "artifacts": [
    "output/day2_main/part_05/chunk_00/07_capture_frame/slide_008/artifacts/slide_008.png"
  ],
  "metadata": {
    "timestamp": "00:09:22.400",
    "frame_id": "slide_008",
    "ffmpeg": "/opt/homebrew/bin/ffmpeg"
  },
  "trace_id": null,
  "duration_ms": 1597,
  "started_at": "2025-12-17T21:08:46.269400",
  "completed_at": "2025-12-17T13:08:47.867870",
  "step_config": {},
  "dependencies": [
    "slide_timeline"
  ]
}