{
  "address": "ai_session/part_11/chunk_00/09_apply_crop/slide_003",
  "status": "completed",
  "input": {
    "image_path": "output/ai_session/part_11/chunk_00/07_capture_frame/slide_003/artifacts/slide_003.png",
    "crop_region": {
      "x": 151,
      "y": 75,
      "width": 1628,
      "height": 880
    }
  },
  "output": "output/ai_session/part_11/chunk_00/09_apply_crop/slide_003/artifacts/slide_003.png",
  "artifacts": [
    "output/ai_session/part_11/chunk_00/09_apply_crop/slide_003/artifacts/slide_003.png"
  ],
  "metadata": {
    "source": "output/ai_session/part_11/chunk_00/07_capture_frame/slide_003/artifacts/slide_003.png",
    "applied": true,
    "crop_region": {
      "x": 151,
      "y": 75,
      "width": 1628,
      "height": 880
    },
    "size": {
      "width": 1628,
      "height": 880
    }
  },
  "trace_id": null,
  "duration_ms": 153,
  "started_at": "2025-12-16T01:36:02.932273",
  "completed_at": "2025-12-15T17:36:03.086143",
  "step_config": {},
  "dependencies": [
    "capture_frame",
    "crop_decision"
  ]
}