{
  "id": "sec_6",
  "index": 5,
  "title": "总结与资源获取",
  "time_range": "00:12:22,360 - 00:13:11,750",
  "script": "最后的话就是我们ANNC的源代码以及相关的文档已经在openEuler社区开源了，然后欢迎大家去下载使用，也给我们提出一些宝贵的意见，那我们未来后续的一些优化也会继续贡献到openEuler社区。\n以上就是我的分享，谢谢大家。\n好，那个非常感谢郑老师的这个精彩分享。\n就是其实大家可以看到我们在这个搜推广告的技术场景，从编译的方式就可以获得这个不错的性能，这个性能并且还不需要去，那个编译器能够自动完成这些相关的工作。\n那包括刚才提到的那个融合算子、常量折叠的两个相关案例，给我们得到那个吞吐的提升，非常棒的一个分享啊。像，好。",
  "summary": "讲者宣布 ANNC 的源代码及文档已在 openEuler 社区开源，欢迎大家下载使用并提出宝贵意见。主持人随后总结了分享内容，强调通过编译器自动完成的融合算子、常量折叠等优化，可以在搜推广告等场景中获得显著的性能提升。"
}