{
  "address": "ScienceEducationInnovation/part_03/chunk_00/08_crop_decision/slide_021",
  "status": "completed",
  "input": {
    "image_path": "output/ScienceEducationInnovation/part_03/chunk_00/07_capture_frame/slide_021/artifacts/slide_021.png",
    "slide_index": 21,
    "slide_title": "软件隔离：核心问题 现有中心化架构：一个进程监控所有任务，可能更容易被攻击产生威胁"
  },
  "output": null,
  "artifacts": [
    "output/ScienceEducationInnovation/part_03/chunk_00/07_capture_frame/slide_021/artifacts/slide_021.png"
  ],
  "metadata": {
    "needs_crop": false,
    "reason": "MANUAL_NO_CROP",
    "manual_override": true
  },
  "trace_id": null,
  "duration_ms": 0,
  "started_at": "2025-12-18T17:08:07.095258+00:00",
  "completed_at": "2025-12-18T17:08:07.095258+00:00",
  "step_config": {
    "manual_override": true
  },
  "dependencies": [
    "capture_frame"
  ]
}