{
  "address": "ai_session/part_05/chunk_00/09_apply_crop/slide_006",
  "status": "completed",
  "input": {
    "image_path": "output/ai_session/part_05/chunk_00/07_capture_frame/slide_006/artifacts/slide_006.png",
    "crop_region": {
      "x": 320,
      "y": 108,
      "width": 960,
      "height": 576
    }
  },
  "output": "output/ai_session/part_05/chunk_00/09_apply_crop/slide_006/artifacts/slide_006.png",
  "artifacts": [
    "output/ai_session/part_05/chunk_00/09_apply_crop/slide_006/artifacts/slide_006.png"
  ],
  "metadata": {
    "source": "output/ai_session/part_05/chunk_00/07_capture_frame/slide_006/artifacts/slide_006.png",
    "applied": true,
    "crop_region": {
      "x": 320,
      "y": 108,
      "width": 960,
      "height": 576
    },
    "size": {
      "width": 960,
      "height": 576
    }
  },
  "trace_id": null,
  "duration_ms": 70,
  "started_at": "2025-12-15T18:13:40.454504",
  "completed_at": "2025-12-15T10:13:40.525413",
  "step_config": {},
  "dependencies": [
    "capture_frame",
    "crop_decision"
  ]
}