{
  "address": "ai_session/part_00/chunk_00/09_apply_crop/slide_007",
  "status": "completed",
  "input": {
    "image_path": "output/ai_session/part_00/chunk_00/07_capture_frame/slide_007/artifacts/slide_007.png",
    "crop_region": {
      "x": 599,
      "y": 149,
      "width": 1320,
      "height": 930
    }
  },
  "output": "output/ai_session/part_00/chunk_00/09_apply_crop/slide_007/artifacts/slide_007.png",
  "artifacts": [
    "output/ai_session/part_00/chunk_00/09_apply_crop/slide_007/artifacts/slide_007.png"
  ],
  "metadata": {
    "source": "output/ai_session/part_00/chunk_00/07_capture_frame/slide_007/artifacts/slide_007.png",
    "applied": true,
    "crop_region": {
      "x": 599,
      "y": 149,
      "width": 1320,
      "height": 930
    },
    "size": {
      "width": 1320,
      "height": 930
    }
  },
  "trace_id": null,
  "duration_ms": 694,
  "started_at": "2025-12-15T21:22:58.818092",
  "completed_at": "2025-12-15T13:22:59.516535",
  "step_config": {},
  "dependencies": [
    "capture_frame",
    "crop_decision"
  ]
}