{
  "address": "day1_main/part_05/chunk_00/03_srt_slice",
  "status": "completed",
  "input": {
    "global_srt": "output/day1_main/part_-01/chunk_-01/00_global_funasr/artifacts/global.srt",
    "start_ms": 1871910.0,
    "end_ms": 2807190.0,
    "output_name": "chunk_baseline.srt"
  },
  "output": [
    {
      "index": 1,
      "start": 0,
      "end": 1.44,
      "text": "每一个梦想的实现，"
    },
    {
      "index": 2,
      "start": 1.6,
      "end": 4.14,
      "text": "都是对勇气和智慧的见证，"
    },
    {
      "index": 3,
      "start": 4.54,
      "end": 7.44,
      "text": "是对坚持和努力的最高奖赏。"
    },
    {
      "index": 4,
      "start": 7.94,
      "end": 8.74,
      "text": "历在六年，"
    },
    {
      "index": 5,
      "start": 9.0,
      "end": 12.16,
      "text": "作为面向数字基础设施的操作系统，"
    },
    {
      "index": 6,
      "start": 12.4,
      "end": 16.82,
      "text": "open uler 已成为中国行业数字化的中流砥柱。"
    },
    {
      "index": 7,
      "start": 17.36,
      "end": 21.26,
      "text": "人工智能与开源开放天然紧密相连。"
    },
    {
      "index": 8,
      "start": 21.6,
      "end": 26.82,
      "text": "open uler 积极参与人工智能开源技术创新和产业落地，"
    },
    {
      "index": 9,
      "start": 27.1,
      "end": 30.13,
      "text": "与产业各界共同谱写开开源、"
    },
    {
      "index": 10,
      "start": 30.13,
      "end": 32.11,
      "text": "繁荣发展的新篇章。"
    },
    {
      "index": 11,
      "start": 32.99,
      "end": 39.29,
      "text": "接下来让我们有请开放原子开源欧拉委员会主席熊伟先生，"
    },
    {
      "index": 12,
      "start": 39.31,
      "end": 45.37,
      "text": "带来志越无界 open unver 引领 AI 时代操作系统的主题演讲。"
    },
    {
      "index": 13,
      "start": 45.59,
      "end": 47.195,
      "text": "大家掌声有请。"
    },
    {
      "index": 14,
      "start": 65.9,
      "end": 66.14,
      "text": "呃，"
    },
    {
      "index": 15,
      "start": 66.16,
      "end": 66.64,
      "text": "大家好，"
    },
    {
      "index": 16,
      "start": 66.72,
      "end": 67.6,
      "text": "我是熊伟，"
    },
    {
      "index": 17,
      "start": 67.66,
      "end": 69.88,
      "text": "是欧蓬拉社区的委员会主席。"
    },
    {
      "index": 18,
      "start": 70.28,
      "end": 72.68,
      "text": "那今天呢由我来代表社区，"
    },
    {
      "index": 19,
      "start": 72.72,
      "end": 76.82,
      "text": "向大家汇报一下欧蓬拉社区的呃发展规划，"
    },
    {
      "index": 20,
      "start": 76.9,
      "end": 79.02,
      "text": "以及现在这个一些新的进展。"
    },
    {
      "index": 21,
      "start": 79.64,
      "end": 79.88,
      "text": "呃，"
    },
    {
      "index": 22,
      "start": 80.2,
      "end": 86.225,
      "text": "我们的今天的议题名字叫做制约无界欧蓬拉引领 AI 时代的操系统。"
    },
    {
      "index": 23,
      "start": 87.02,
      "end": 87.26,
      "text": "呃，"
    },
    {
      "index": 24,
      "start": 87.3,
      "end": 90.22,
      "text": "欧珀拉到今年已经到了第六年，"
    },
    {
      "index": 25,
      "start": 90.72,
      "end": 90.96,
      "text": "呃，"
    },
    {
      "index": 26,
      "start": 90.96,
      "end": 94.28,
      "text": "回顾我们前五年欧普拉的发展速度还是很快的，"
    },
    {
      "index": 27,
      "start": 94.4,
      "end": 100.54,
      "text": "我们在二三年的时候就已经达到了中国超一统新增市场份额的第一名。"
    },
    {
      "index": 28,
      "start": 100.74,
      "end": 103.88,
      "text": "那在去年呢我们整个市场空间又是再创新高。"
    },
    {
      "index": 29,
      "start": 104.42,
      "end": 104.66,
      "text": "呃，"
    },
    {
      "index": 30,
      "start": 105.1,
      "end": 108.96,
      "text": "应该说我们基本上完成了立根铸魂。"
    },
    {
      "index": 31,
      "start": 109.18,
      "end": 111.52,
      "text": "这个在最开始阶段呃，"
    },
    {
      "index": 32,
      "start": 111.52,
      "end": 112.92,
      "text": "社区建设阶段，"
    },
    {
      "index": 33,
      "start": 112.92,
      "end": 114.82,
      "text": "我们定下了这个目标和愿景。"
    },
    {
      "index": 34,
      "start": 115.26,
      "end": 115.5,
      "text": "呃，"
    },
    {
      "index": 35,
      "start": 115.58,
      "end": 119.49,
      "text": "当然这是离不开我们所有整个社区的合作伙伴，"
    },
    {
      "index": 36,
      "start": 119.69,
      "end": 122.655,
      "text": "我们的开发者有我们的用户的这个共同努力。"
    },
    {
      "index": 37,
      "start": 123.77,
      "end": 127.55,
      "text": "但是呢如果我们在更以更严格的标准来看的话，"
    },
    {
      "index": 38,
      "start": 127.55,
      "end": 133.17,
      "text": "实际上我们呃社区在过去五年其实行使的更多的工作还是补课。"
    },
    {
      "index": 39,
      "start": 133.35,
      "end": 137.33,
      "text": "因为整个中国这个呃基础软件的底子相对比较薄，"
    },
    {
      "index": 40,
      "start": 137.73,
      "end": 141.71,
      "text": "那么这个我们做了很多工作还是以呃跟随为主。"
    },
    {
      "index": 41,
      "start": 142.13,
      "end": 146.29,
      "text": "但最随从来不是拉的目标和我们的基因，"
    },
    {
      "index": 42,
      "start": 146.61,
      "end": 150.59,
      "text": "但最终我们还是期望能实现赶超和这个引领。"
    },
    {
      "index": 43,
      "start": 150.95,
      "end": 153.8,
      "text": "那在未来的五年或下一个五年中期，"
    },
    {
      "index": 44,
      "start": 153.98,
      "end": 156.18,
      "text": "我相信这是一个非常关键的时期。"
    },
    {
      "index": 45,
      "start": 156.2,
      "end": 158.62,
      "text": "对我们来那从未来的五年，"
    },
    {
      "index": 46,
      "start": 158.98,
      "end": 160.0,
      "text": "从技术层面，"
    },
    {
      "index": 47,
      "start": 160.08,
      "end": 161.74,
      "text": "我们要拥抱超节点，"
    },
    {
      "index": 48,
      "start": 161.88,
      "end": 163.16,
      "text": "同时要拥抱 AI。"
    },
    {
      "index": 49,
      "start": 163.48,
      "end": 166.16,
      "text": "因为超级总的发展离不开两个因素，"
    },
    {
      "index": 50,
      "start": 166.24,
      "end": 168.12,
      "text": "一个是硬件体系架构的变化，"
    },
    {
      "index": 51,
      "start": 168.42,
      "end": 169.98,
      "text": "一个是我们的业务的变化。"
    },
    {
      "index": 52,
      "start": 170.24,
      "end": 171.54,
      "text": "那这个两个方面呢，"
    },
    {
      "index": 53,
      "start": 171.54,
      "end": 174.4,
      "text": "超节点就对应了我们的硬件体系架构的变化。"
    },
    {
      "index": 54,
      "start": 174.4,
      "end": 178.46,
      "text": "而 AI 就引领了我们的 AI 这个应用层面的呃变化。"
    },
    {
      "index": 55,
      "start": 179.05999999999977,
      "end": 181.07999999999976,
      "text": "在我们下面这个阶段中，"
    },
    {
      "index": 56,
      "start": 181.16000000000022,
      "end": 183.26500000000024,
      "text": "除了我们的技术上面的引领以外，"
    },
    {
      "index": 57,
      "start": 183.57,
      "end": 189.845,
      "text": "我们还要实现坚定不移的走出去出海要实真正实真正的实现这个全球化。"
    },
    {
      "index": 58,
      "start": 191.3,
      "end": 193.22,
      "text": "那我们谈了很多超节点，"
    },
    {
      "index": 59,
      "start": 193.38,
      "end": 195.66000000000022,
      "text": "超节点是一个最近非常热的一个词，"
    },
    {
      "index": 60,
      "start": 195.8,
      "end": 196.97999999999976,
      "text": "我在这里就不赘述。"
    },
    {
      "index": 61,
      "start": 197.12000000000023,
      "end": 202.57999999999976,
      "text": "超级点以及相关的这个呃策略和我们的呃这个业务逻辑了。"
    },
    {
      "index": 62,
      "start": 202.57999999999976,
      "end": 204.60000000000022,
      "text": "因为这个已经基本形成我们产业的共识。"
    },
    {
      "index": 63,
      "start": 204.99999999999977,
      "end": 206.88,
      "text": "但是从操作系统的角度来讲，"
    },
    {
      "index": 64,
      "start": 206.94,
      "end": 210.05999999999977,
      "text": "当一个新的硬件体系架构出现的时候，"
    },
    {
      "index": 65,
      "start": 210.24,
      "end": 212.88,
      "text": "有三个非常重要的特征或挑战，"
    },
    {
      "index": 66,
      "start": 212.9,
      "end": 213.72,
      "text": "我们需要去应对。"
    },
    {
      "index": 67,
      "start": 214.01999999999975,
      "end": 223.45000000000024,
      "text": "第一个就是如何将我们的纷繁复杂的业务算力能够精确的和超节点这样非常强大的算力进行精确的匹配。"
    },
    {
      "index": 68,
      "start": 223.76999999999975,
      "end": 224.35000000000022,
      "text": "第二呢，"
    },
    {
      "index": 69,
      "start": 224.55,
      "end": 226.57,
      "text": "对于我们现有的存量业务，"
    },
    {
      "index": 70,
      "start": 226.91,
      "end": 232.21,
      "text": "以传统业务如何能平滑的能零修改的迁移到我们这个呃超级点上。"
    },
    {
      "index": 71,
      "start": 232.29,
      "end": 235.35,
      "text": "当然最后我们还是期望基于超越点的新能力、"
    },
    {
      "index": 72,
      "start": 235.37,
      "end": 236.67,
      "text": "新接口新的框架，"
    },
    {
      "index": 73,
      "start": 236.89,
      "end": 239.47,
      "text": "能够真正开发超检的原生应用。"
    },
    {
      "index": 74,
      "start": 239.61,
      "end": 240.73,
      "text": "那么与此对应呢，"
    },
    {
      "index": 75,
      "start": 240.89,
      "end": 243.695,
      "text": "我们对于超系统应该有三个层面的重要的抽象。"
    },
    {
      "index": 76,
      "start": 244.56,
      "end": 247.3,
      "text": "最最最下层是我们的全局资源，"
    },
    {
      "index": 77,
      "start": 247.3,
      "end": 248.18,
      "text": "抽象内存，"
    },
    {
      "index": 78,
      "start": 248.2,
      "end": 252.439,
      "text": "统一编制社区呃设备池化等等这种原原子能力。"
    },
    {
      "index": 79,
      "start": 252.439,
      "end": 253.36,
      "text": "在此之上呢，"
    },
    {
      "index": 80,
      "start": 253.56,
      "end": 255.44,
      "text": "我们构建这种异构的资源融合、"
    },
    {
      "index": 81,
      "start": 255.78,
      "end": 256.34,
      "text": "大带宽、"
    },
    {
      "index": 82,
      "start": 256.34,
      "end": 258.8,
      "text": "低时延的通信以及对等互联、"
    },
    {
      "index": 83,
      "start": 258.8,
      "end": 260.76,
      "text": "平等互联等这样的基础能力。"
    },
    {
      "index": 84,
      "start": 260.84,
      "end": 262.8,
      "text": "当然再往上就是全局资源视图、"
    },
    {
      "index": 85,
      "start": 262.82,
      "end": 264.1,
      "text": "兼容性接口和系统接口，"
    },
    {
      "index": 86,
      "start": 264.24,
      "end": 266.74,
      "text": "这是我们的整体的对超系统的一个需求。"
    },
    {
      "index": 87,
      "start": 267.32,
      "end": 269.36,
      "text": "那么如果再往下分解的话，"
    },
    {
      "index": 88,
      "start": 269.54,
      "end": 275.35,
      "text": "我们左边这幅图就是在我们真正的操影在实现这个超一点 OS 的所要做的工作。"
    },
    {
      "index": 89,
      "start": 275.65,
      "end": 278.11,
      "text": "那对应的最底层就是我们的池化底座。"
    },
    {
      "index": 90,
      "start": 278.19,
      "end": 280.17,
      "text": "比如说提供的这种物流统一编制啊，"
    },
    {
      "index": 91,
      "start": 280.17,
      "end": 281.61,
      "text": "内存介入共享这种能力。"
    },
    {
      "index": 92,
      "start": 281.75,
      "end": 285.33,
      "text": "当然实现上其实体现出来就是各种各样驱动。"
    },
    {
      "index": 93,
      "start": 285.33,
      "end": 286.93,
      "text": "那在原子能力和驱动之上，"
    },
    {
      "index": 94,
      "start": 287.07,
      "end": 292.13,
      "text": "我们在内核态也会呃开发就相关的核心子系统。"
    },
    {
      "index": 95,
      "start": 292.27,
      "end": 295.69,
      "text": "那这个核心子系统呢其实就提供相关呃这个异构融合、"
    },
    {
      "index": 96,
      "start": 295.69,
      "end": 296.27,
      "text": "内存啊、"
    },
    {
      "index": 97,
      "start": 296.29,
      "end": 299.87,
      "text": "存储啊这种虚拟化呀这种呃相关的基础能力。"
    },
    {
      "index": 98,
      "start": 299.87,
      "end": 303.45,
      "text": "这是基于我们下层这个驱动所做的呃内核态的东西。"
    },
    {
      "index": 99,
      "start": 303.69,
      "end": 305.02,
      "text": "那这个内做完以后，"
    },
    {
      "index": 100,
      "start": 305.02,
      "end": 307.64,
      "text": "再往上就是我们在用户态的一些 SDK，"
    },
    {
      "index": 101,
      "start": 308.14,
      "end": 311.2,
      "text": "一些框架 framework k 以及我们的开发平台。"
    },
    {
      "index": 102,
      "start": 311.2,
      "end": 313.12,
      "text": "那它提供这种全局电子服务啊，"
    },
    {
      "index": 103,
      "start": 313.38,
      "end": 315.3,
      "text": "持日化资源管理啊、"
    },
    {
      "index": 104,
      "start": 315.3,
      "end": 316.3,
      "text": "通信管理等等。"
    },
    {
      "index": 105,
      "start": 316.52,
      "end": 323.6,
      "text": "当然未来也可能会出现这种跨节点的超级续机和容器这种新的形态和模式。"
    },
    {
      "index": 106,
      "start": 324.26,
      "end": 324.5,
      "text": "呃，"
    },
    {
      "index": 107,
      "start": 324.5,
      "end": 326.66,
      "text": "对于我们现对外提供的接口来讲，"
    },
    {
      "index": 108,
      "start": 326.66,
      "end": 328.64,
      "text": "除了我们提供兼容性接口以外，"
    },
    {
      "index": 109,
      "start": 328.64,
      "end": 330.78,
      "text": "能使得我们传统业务平滑迁移。"
    },
    {
      "index": 110,
      "start": 330.78,
      "end": 331.42,
      "text": "当然，"
    },
    {
      "index": 111,
      "start": 331.42,
      "end": 337.25,
      "text": "我们还是期望越来越多的开发者和厂商能基于新的接口、"
    },
    {
      "index": 112,
      "start": 337.37,
      "end": 338.45,
      "text": "新的编程范式，"
    },
    {
      "index": 113,
      "start": 338.61,
      "end": 341.57,
      "text": "能够开发这个超简的原生应用，"
    },
    {
      "index": 114,
      "start": 341.57,
      "end": 343.75,
      "text": "能真正使得使能这个超大算力、"
    },
    {
      "index": 115,
      "start": 343.75,
      "end": 344.41,
      "text": "超大内存、"
    },
    {
      "index": 116,
      "start": 344.41,
      "end": 345.95,
      "text": "超大带宽以及长期时延。"
    },
    {
      "index": 117,
      "start": 346.21,
      "end": 349.33,
      "text": "当然我们也做了一些初步的测算和 POC，"
    },
    {
      "index": 118,
      "start": 349.71,
      "end": 351.65,
      "text": "这个结果还是非常激动人心的。"
    },
    {
      "index": 119,
      "start": 351.95,
      "end": 353.31,
      "text": "比如说对于通算领域，"
    },
    {
      "index": 120,
      "start": 353.41,
      "end": 356.73,
      "text": "数据库我们就能达到两倍以上的性能提升，"
    },
    {
      "index": 121,
      "start": 357.09,
      "end": 360.25,
      "text": "对虚拟机的迁移时延时间减少了一半，"
    },
    {
      "index": 122,
      "start": 360.37,
      "end": 361.37,
      "text": "对我们的大数据，"
    },
    {
      "index": 123,
      "start": 361.61,
      "end": 363.85,
      "text": "整个资源利用率提升了百分之四十以上。"
    },
    {
      "index": 124,
      "start": 364.01,
      "end": 367.2,
      "text": "那在智算领域推理训练运行，"
    },
    {
      "index": 125,
      "start": 367.2,
      "end": 370.46,
      "text": "大家可以看到基本上都是好几倍的性能提升，"
    },
    {
      "index": 126,
      "start": 370.6,
      "end": 374.425,
      "text": "这是非常呃呃 amazing 的这个呃结果。"
    },
    {
      "index": 127,
      "start": 375.79,
      "end": 378.81,
      "text": "那么二今年的十二月三十号，"
    },
    {
      "index": 128,
      "start": 378.95,
      "end": 387.27,
      "text": "那么欧鹏 o 社区会首首次发布首个支持超节点的版本二四点零三 LTSSD 三。"
    },
    {
      "index": 129,
      "start": 387.75,
      "end": 387.93,
      "text": "呃，"
    },
    {
      "index": 130,
      "start": 387.93,
      "end": 389.37,
      "text": "那这个超级点结构呃，"
    },
    {
      "index": 131,
      "start": 389.45,
      "end": 393.39,
      "text": "这个版本呢除了把这个框架提供出来以后也可以支持。"
    },
    {
      "index": 132,
      "start": 393.39,
      "end": 397.25,
      "text": "比如华为在九月份刚发布的这个领取总线，"
    },
    {
      "index": 133,
      "start": 397.43,
      "end": 399.17,
      "text": "那它所组成的相关的超级点。"
    },
    {
      "index": 134,
      "start": 399.27,
      "end": 403.59,
      "text": "当然未来我们也期望能支持更多的这种超越点厂商的产品，"
    },
    {
      "index": 135,
      "start": 403.75,
      "end": 406.54,
      "text": "也欢迎大家能贡献相关代码到社区里。"
    },
    {
      "index": 136,
      "start": 406.78,
      "end": 407.02,
      "text": "呃，"
    },
    {
      "index": 137,
      "start": 407.1,
      "end": 410.24,
      "text": "我们也欣喜的看到像麒麟软件统一软件、"
    },
    {
      "index": 138,
      "start": 410.26,
      "end": 412.34,
      "text": "麒麟西安宁思超级变、"
    },
    {
      "index": 139,
      "start": 412.58,
      "end": 414.08,
      "text": "润和软件和软通力等，"
    },
    {
      "index": 140,
      "start": 414.14,
      "end": 420.22,
      "text": "这些企业也会跟随我们的 SP 三版本发布相关的商业版本，"
    },
    {
      "index": 141,
      "start": 420.4,
      "end": 421.744,
      "text": "再次感谢我们的伙伴。"
    },
    {
      "index": 142,
      "start": 422.98,
      "end": 426.76,
      "text": "那我们讲完了这个硬件对操系统的变化，"
    },
    {
      "index": 143,
      "start": 426.82,
      "end": 428.14,
      "text": "我们再看看上层软件。"
    },
    {
      "index": 144,
      "start": 428.68,
      "end": 428.92,
      "text": "呃，"
    },
    {
      "index": 145,
      "start": 428.92,
      "end": 430.0,
      "text": "从二十三年以后，"
    },
    {
      "index": 146,
      "start": 430.16,
      "end": 433.28,
      "text": "AI 的整个大潮是呃非常的火。"
    },
    {
      "index": 147,
      "start": 433.94,
      "end": 439.32,
      "text": "那么但是在我们和我们的呃合作伙伴以及我们的最终用户在沟通过程中，"
    },
    {
      "index": 148,
      "start": 439.32,
      "end": 445.24,
      "text": "其实发现还是有很多阻碍我们这个呃 AI 运作和这个开发的一个呃难点。"
    },
    {
      "index": 149,
      "start": 445.44,
      "end": 446.58,
      "text": "其是非常重要的难点。"
    },
    {
      "index": 150,
      "start": 446.64,
      "end": 449.62,
      "text": "就是如果我们想开发一个 AI 应用的话，"
    },
    {
      "index": 151,
      "start": 449.64,
      "end": 450.88,
      "text": "把这个系统配起来，"
    },
    {
      "index": 152,
      "start": 451.06,
      "end": 453.41,
      "text": "把这个都呃配完全，"
    },
    {
      "index": 153,
      "start": 453.41,
      "end": 455.33,
      "text": "其实还是很呃复复杂的。"
    },
    {
      "index": 154,
      "start": 455.33,
      "end": 458.53,
      "text": "更不要要说去做适配各种硬件呃，"
    },
    {
      "index": 155,
      "start": 458.53,
      "end": 459.37,
      "text": "异构硬件。"
    },
    {
      "index": 156,
      "start": 459.37,
      "end": 461.81,
      "text": "同时呢比如把这个性能进行调优，"
    },
    {
      "index": 157,
      "start": 461.81,
      "end": 462.97,
      "text": "那么 open one 社区呢，"
    },
    {
      "index": 158,
      "start": 462.97,
      "end": 472.35,
      "text": "我们就发起了这个 intension boom 这个项目我们是可以提供为完整的开箱即用的 AI 全开源的全站解决方案。"
    },
    {
      "index": 159,
      "start": 472.65,
      "end": 476.67,
      "text": "当然这个系统呢也是可分可和你单独从里面拿一些组件，"
    },
    {
      "index": 160,
      "start": 476.73,
      "end": 480.49,
      "text": "也是可以用的那这些这个方案呢目前已经在京东、"
    },
    {
      "index": 161,
      "start": 480.49,
      "end": 480.77,
      "text": "华冠、"
    },
    {
      "index": 162,
      "start": 480.77,
      "end": 481.13,
      "text": "振宇、"
    },
    {
      "index": 163,
      "start": 481.27,
      "end": 485.4,
      "text": "保德等等这些企业有了相关的应用呃落地。"
    },
    {
      "index": 164,
      "start": 485.4,
      "end": 486.42,
      "text": "大家可以看到啊，"
    },
    {
      "index": 165,
      "start": 486.42,
      "end": 490.08,
      "text": "我们很多呃基本的开发效率都从周变成了天，"
    },
    {
      "index": 166,
      "start": 490.26,
      "end": 493.02,
      "text": "所以整个开发效率提升是非常非常显著的。"
    },
    {
      "index": 167,
      "start": 493.46,
      "end": 493.7,
      "text": "呃，"
    },
    {
      "index": 168,
      "start": 493.74,
      "end": 497.22,
      "text": "那当然呃明天的上午呃，"
    },
    {
      "index": 169,
      "start": 497.38,
      "end": 498.46,
      "text": "呃呃 open assumit。"
    },
    {
      "index": 170,
      "start": 498.46,
      "end": 506.2,
      "text": "第二天呢大家呃我们的呃技术外汇主席胡兴卫会正式发布这个 intenend boom 的第二个版本。"
    },
    {
      "index": 171,
      "start": 506.24,
      "end": 509.96,
      "text": "我们第一个版本是今年七月份发布的那明天我们会发布第二个版本。"
    },
    {
      "index": 172,
      "start": 510.38,
      "end": 511.5,
      "text": "而第二个版本中呢，"
    },
    {
      "index": 173,
      "start": 511.5,
      "end": 513.25,
      "text": "有个很好的特性，"
    },
    {
      "index": 174,
      "start": 513.25,
      "end": 516.51,
      "text": "就是我们会发布相关的嵌入式版本，"
    },
    {
      "index": 175,
      "start": 516.53,
      "end": 520.23,
      "text": "也就是低低算力模组上的 intense boom 的相关版本。"
    },
    {
      "index": 176,
      "start": 520.869,
      "end": 521.09,
      "text": "呃，"
    },
    {
      "index": 177,
      "start": 521.09,
      "end": 524.29,
      "text": "为什么我们要发布相关嵌入式领域的呃版本呢？"
    },
    {
      "index": 178,
      "start": 524.29,
      "end": 529.87,
      "text": "是因为呃过往的欧蓬拉是从服务器呃和云呃起家的。"
    },
    {
      "index": 179,
      "start": 530.17,
      "end": 531.91,
      "text": "那么在从二二年以后，"
    },
    {
      "index": 180,
      "start": 532.23,
      "end": 534.01,
      "text": "我们发现在嵌入式领域，"
    },
    {
      "index": 181,
      "start": 534.13,
      "end": 536.83,
      "text": "欧蓬拉也进入了呃做了非常多的创新。"
    },
    {
      "index": 182,
      "start": 537.15,
      "end": 538.93,
      "text": "大家在外面的展台可以看到，"
    },
    {
      "index": 183,
      "start": 538.97,
      "end": 542.41,
      "text": "近两年我们所有的展馆中嵌入式的区域。"
    },
    {
      "index": 184,
      "start": 542.49,
      "end": 542.68,
      "text": "一，"
    },
    {
      "index": 185,
      "start": 542.78,
      "end": 543.72,
      "text": "这是最有趣的，"
    },
    {
      "index": 186,
      "start": 543.72,
      "end": 547.02,
      "text": "有非常多的嵌入的设备在进行啊展展。"
    },
    {
      "index": 187,
      "start": 547.48,
      "end": 551.26,
      "text": "同时呢我们也看看随着 OTIT 化的转型，"
    },
    {
      "index": 188,
      "start": 551.44,
      "end": 554.56,
      "text": "以及这种呃 AI 下沉到了边缘，"
    },
    {
      "index": 189,
      "start": 554.62,
      "end": 555.82,
      "text": "下沉到了端侧。"
    },
    {
      "index": 190,
      "start": 556.12,
      "end": 558.999,
      "text": "同时这种实时非实时业务的混部的需求的出现，"
    },
    {
      "index": 191,
      "start": 558.999,
      "end": 564.18,
      "text": "以及对硬件灵活编呃这个调度编排这种需求的出现。"
    },
    {
      "index": 192,
      "start": 564.18,
      "end": 568.94,
      "text": "所以整个的工业控制领域嵌入领域就发生翻翻天覆地的化化。"
    },
    {
      "index": 193,
      "start": 569.34,
      "end": 570.78,
      "text": "那在这个变化过程中呢，"
    },
    {
      "index": 194,
      "start": 570.78,
      "end": 573.93,
      "text": "opppon r 我们有两个很强力的抓手。"
    },
    {
      "index": 195,
      "start": 573.93,
      "end": 577.19,
      "text": "第一个就是我们的 meka 架构，"
    },
    {
      "index": 196,
      "start": 577.19,
      "end": 580.59,
      "text": "可以实现我们的实时非实时业务的混布混编。"
    },
    {
      "index": 197,
      "start": 580.59,
      "end": 581.55,
      "text": "同时零编排，"
    },
    {
      "index": 198,
      "start": 581.97,
      "end": 586.87,
      "text": "同时就是我们 open 欧拉 intelligence boom 的嵌入式版本。"
    },
    {
      "index": 199,
      "start": 586.91,
      "end": 588.69,
      "text": "有了这两个抓手，"
    },
    {
      "index": 200,
      "start": 588.69,
      "end": 591.81,
      "text": "我们是可以为我们的新型的规划，"
    },
    {
      "index": 201,
      "start": 592.09,
      "end": 593.13,
      "text": "我们的 VPLC，"
    },
    {
      "index": 202,
      "start": 593.21,
      "end": 600.93,
      "text": "我们的据身智能等等这种新型的呃呃这个嵌入式边缘计算场景提供完整的这种解决方案。"
    },
    {
      "index": 203,
      "start": 601.25,
      "end": 601.49,
      "text": "呃，"
    },
    {
      "index": 204,
      "start": 602.17,
      "end": 609.04,
      "text": "我们看像菲尼克斯南方电网宝钢股份已经在很多场合下进行了这个落地。"
    },
    {
      "index": 205,
      "start": 609.24,
      "end": 616.32,
      "text": "那等会儿呢那个菲尼克斯斯杨杨总会分享呃欧欧克拉结合在 VPLC 方面的一些实践。"
    },
    {
      "index": 206,
      "start": 616.54,
      "end": 622.0,
      "text": "那么可以支撑我们的呃工业控制柔性工厂这个非常有趣的一个场景。"
    },
    {
      "index": 207,
      "start": 622.26,
      "end": 623.68,
      "text": "那呃这个非常精彩，"
    },
    {
      "index": 208,
      "start": 623.84,
      "end": 625.505,
      "text": "等会儿大家可以敬请期待。"
    },
    {
      "index": 209,
      "start": 627.16,
      "end": 630.08,
      "text": "那说到我们整个这个嵌入式的话，"
    },
    {
      "index": 210,
      "start": 630.08,
      "end": 632.32,
      "text": "就不能不提一个非常重要的项目。"
    },
    {
      "index": 211,
      "start": 632.32,
      "end": 635.24,
      "text": "zefer zefer 是一个具体的项目，"
    },
    {
      "index": 212,
      "start": 635.24,
      "end": 636.36,
      "text": "同时也是一个基金会。"
    },
    {
      "index": 213,
      "start": 636.86,
      "end": 639.64,
      "text": "那么随着我们的 open 拉社区的发展，"
    },
    {
      "index": 214,
      "start": 639.74,
      "end": 643.28,
      "text": "我们今年新增了两个合作基金会，"
    },
    {
      "index": 215,
      "start": 643.28,
      "end": 645.82,
      "text": "互相成为了这个呃 associate member，"
    },
    {
      "index": 216,
      "start": 646.2,
      "end": 647.58,
      "text": "其中一个是 zepher。"
    },
    {
      "index": 217,
      "start": 647.96,
      "end": 653.72,
      "text": "其中另外一个就是我们非常火热的 linse foundation 的 AI and data 的 foundation。"
    },
    {
      "index": 218,
      "start": 654.08,
      "end": 658.75,
      "text": "所以我们非常欢迎能和更多的基金会形成了一个战略协同。"
    },
    {
      "index": 219,
      "start": 658.75,
      "end": 661.77,
      "text": "同时今年我新增增了三个赠，"
    },
    {
      "index": 220,
      "start": 661.77,
      "end": 666.29,
      "text": "赠人他们 a amd 浪潮云和神州数码。"
    },
    {
      "index": 221,
      "start": 666.55,
      "end": 670.49,
      "text": "我们非常欢迎这三个重磅的企业加入欧蓬拉社区，"
    },
    {
      "index": 222,
      "start": 670.49,
      "end": 671.43,
      "text": "并成为捐赠人。"
    },
    {
      "index": 223,
      "start": 671.85,
      "end": 683.91,
      "text": "那么到此为止呢呃欧蓬拉已经呃集齐了 intel AMD 和 arm 这三家全球最顶尖的芯片厂商。"
    },
    {
      "index": 224,
      "start": 684.31,
      "end": 684.55,
      "text": "呃，"
    },
    {
      "index": 225,
      "start": 684.69,
      "end": 688.75,
      "text": "应该是呃帮助我们实际上更广泛的芯片支持。"
    },
    {
      "index": 226,
      "start": 688.99,
      "end": 693.59,
      "text": "同时这些呃我们的海外这些呃企业的加入，"
    },
    {
      "index": 227,
      "start": 693.73,
      "end": 697.255,
      "text": "也大大推动了 open r 社区未来全球化的进程。"
    },
    {
      "index": 228,
      "start": 699.72,
      "end": 699.96,
      "text": "呃，"
    },
    {
      "index": 229,
      "start": 699.98,
      "end": 701.38,
      "text": "随着社区的规模增长，"
    },
    {
      "index": 230,
      "start": 701.38,
      "end": 705.16,
      "text": "我们社区现在这个开发者累计的开发者已经超过两万三千名，"
    },
    {
      "index": 231,
      "start": 705.24,
      "end": 705.48,
      "text": "对吧？"
    },
    {
      "index": 232,
      "start": 705.48,
      "end": 706.0,
      "text": "我们活跃，"
    },
    {
      "index": 233,
      "start": 706.0,
      "end": 707.58,
      "text": "我们在后台也做过统计，"
    },
    {
      "index": 234,
      "start": 707.94,
      "end": 710.4,
      "text": "活跃开发者大约有四千到五千人，"
    },
    {
      "index": 235,
      "start": 710.5,
      "end": 711.76,
      "text": "这个规模是非常庞大，"
    },
    {
      "index": 236,
      "start": 711.76,
      "end": 712.76,
      "text": "而且每天都在增加。"
    },
    {
      "index": 237,
      "start": 713.26,
      "end": 717.9,
      "text": "那么这样的规模一定对我们的那个基础设施有非常强的要求。"
    },
    {
      "index": 238,
      "start": 718.4,
      "end": 718.64,
      "text": "呃，"
    },
    {
      "index": 239,
      "start": 718.84,
      "end": 723.06,
      "text": "我们也可以呃在呃这个人力要求会越多啊，"
    },
    {
      "index": 240,
      "start": 723.06,
      "end": 724.68,
      "text": "是不能无限增加人力。"
    },
    {
      "index": 241,
      "start": 724.82,
      "end": 730.47,
      "text": "所以我们在试图用我们自己开发的 AI 框架去解决相关的问题的。"
    },
    {
      "index": 242,
      "start": 730.63,
      "end": 736.23,
      "text": "所以我们也初步的将 open 拉的 intellience boom 应用到了我们的软件包自动升级，"
    },
    {
      "index": 243,
      "start": 736.75,
      "end": 736.97,
      "text": "呃，"
    },
    {
      "index": 244,
      "start": 736.97,
      "end": 740.29,
      "text": "bug 自动修复以及 AI 的智能推送等等这些场景。"
    },
    {
      "index": 245,
      "start": 740.37,
      "end": 742.07,
      "text": "当然我们也是在试点，"
    },
    {
      "index": 246,
      "start": 742.37,
      "end": 743.69,
      "text": "像软件包自动升级，"
    },
    {
      "index": 247,
      "start": 743.69,
      "end": 746.31,
      "text": "可能我们现在在社区里尝试呃，"
    },
    {
      "index": 248,
      "start": 746.31,
      "end": 751.83,
      "text": "对百分之呃七左右的软件包进行了相关的 AI 方面的自动化工作升级。"
    },
    {
      "index": 249,
      "start": 751.83,
      "end": 752.79,
      "text": "当然这工作是做，"
    },
    {
      "index": 250,
      "start": 752.79,
      "end": 755.65,
      "text": "但是最后确定还是人要在审视一下子。"
    },
    {
      "index": 251,
      "start": 755.65,
      "end": 755.89,
      "text": "呃，"
    },
    {
      "index": 252,
      "start": 756.21,
      "end": 758.09,
      "text": "我们初步推算了一下，"
    },
    {
      "index": 253,
      "start": 758.09,
      "end": 761.4,
      "text": "大约能节省两千四百人天，"
    },
    {
      "index": 254,
      "start": 761.94,
      "end": 767.96,
      "text": "大约就和食人年百分之七的工作量，"
    },
    {
      "index": 255,
      "start": 768.2,
      "end": 769.58,
      "text": "就节省了十个人员。"
    },
    {
      "index": 256,
      "start": 769.98,
      "end": 770.66,
      "text": "那么想想，"
    },
    {
      "index": 257,
      "start": 770.78,
      "end": 772.46,
      "text": "如果我们全都自动化，"
    },
    {
      "index": 258,
      "start": 772.64,
      "end": 776.94,
      "text": "我们节省人力是非常可观的这还不包括我们这个 bug 自动修复。"
    },
    {
      "index": 259,
      "start": 777.78,
      "end": 779.0,
      "text": "小小范围的适用，"
    },
    {
      "index": 260,
      "start": 779.0,
      "end": 782.0,
      "text": "就节省了一千一百人天我们的智能推送，"
    },
    {
      "index": 261,
      "start": 782.0,
      "end": 784.06,
      "text": "节省两千两百人天的工作量。"
    },
    {
      "index": 262,
      "start": 784.18,
      "end": 788.24,
      "text": "所以这都是非常 amazing 的这个呃这个这个效果。"
    },
    {
      "index": 263,
      "start": 788.52,
      "end": 790.58,
      "text": "当然我还透露一个小小的秘密，"
    },
    {
      "index": 264,
      "start": 790.96,
      "end": 800.57,
      "text": "就是 open 欧拉 intellience boom 本身的一些组件也是被 open 维拉 intelligboom 自己所开发的。"
    },
    {
      "index": 265,
      "start": 800.57,
      "end": 805.59,
      "text": "其中百分之五十代码是由呃 boom 自呃自己来生成的。"
    },
    {
      "index": 266,
      "start": 805.59,
      "end": 810.33,
      "text": "所以这是一个非常有趣的一个现象和呃呃一个一个信号，"
    },
    {
      "index": 267,
      "start": 810.33,
      "end": 813.87,
      "text": "就是确实 AI 在改变各个行业各个领域。"
    },
    {
      "index": 268,
      "start": 814.39,
      "end": 817.17,
      "text": "当然对于我们的工程师来讲，"
    },
    {
      "index": 269,
      "start": 817.31,
      "end": 821.69,
      "text": "这个过多的 AI 的呃替换也不一定是一个好消息啊，"
    },
    {
      "index": 270,
      "start": 822.01,
      "end": 823.31,
      "text": "但是生活还要继续，"
    },
    {
      "index": 271,
      "start": 823.67,
      "end": 823.91,
      "text": "呃，"
    },
    {
      "index": 272,
      "start": 823.93,
      "end": 827.68,
      "text": "我们对于社区人才的培养还还会持续的进行构筑。"
    },
    {
      "index": 273,
      "start": 828.04,
      "end": 829.24,
      "text": "那在过去的几年，"
    },
    {
      "index": 274,
      "start": 829.66,
      "end": 832.3,
      "text": "我们还是对人才具有了非常多的投资。"
    },
    {
      "index": 275,
      "start": 832.64,
      "end": 832.88,
      "text": "呃，"
    },
    {
      "index": 276,
      "start": 832.92,
      "end": 838.64,
      "text": "这个上面有几个框是我们在呃二零二五年所实现的一些具体的工作。"
    },
    {
      "index": 277,
      "start": 838.7,
      "end": 841.38,
      "text": "比如说我们呃呃举办了很多大赛，"
    },
    {
      "index": 278,
      "start": 841.4,
      "end": 846.6,
      "text": "有全球有两万多名学生五十四个呃国家和地区参加了相关的大赛。"
    },
    {
      "index": 279,
      "start": 846.94,
      "end": 850.3,
      "text": "当然最有趣的我认为是中间这个框，"
    },
    {
      "index": 280,
      "start": 850.7,
      "end": 851.92,
      "text": "就是很有趣。"
    },
    {
      "index": 281,
      "start": 851.92,
      "end": 854.58,
      "text": "就是学术界我们稍微统计了一下，"
    },
    {
      "index": 282,
      "start": 854.8,
      "end": 855.905,
      "text": "有三十三篇，"
    },
    {
      "index": 283,
      "start": 856.35,
      "end": 862.19,
      "text": "基于欧蓬欧拉的 AI 方面的论文被很多顶会所采纳。"
    },
    {
      "index": 284,
      "start": 862.19,
      "end": 865.27,
      "text": "比如说 OOSDISSOSP 等等，"
    },
    {
      "index": 285,
      "start": 865.27,
      "end": 866.11,
      "text": "这都是顶会。"
    },
    {
      "index": 286,
      "start": 866.11,
      "end": 866.35,
      "text": "啊，"
    },
    {
      "index": 287,
      "start": 866.75,
      "end": 872.15,
      "text": "所以这也是我们呃和学术界加强合作的一个呃信号。"
    },
    {
      "index": 288,
      "start": 872.55,
      "end": 874.25,
      "text": "那么我再稍微剧透一下，"
    },
    {
      "index": 289,
      "start": 874.27,
      "end": 875.81,
      "text": "就是在明天上午，"
    },
    {
      "index": 290,
      "start": 876.21,
      "end": 879.91,
      "text": "欧蓬拉社区会新建立一个成立一个委员会，"
    },
    {
      "index": 291,
      "start": 879.91,
      "end": 882.35,
      "text": "同时会新建立一个联盟，"
    },
    {
      "index": 292,
      "start": 882.35,
      "end": 884.45,
      "text": "都是和学术领域相关的。"
    },
    {
      "index": 293,
      "start": 884.45,
      "end": 887.4,
      "text": "也欢迎大家明天去见证这个历史时刻。"
    },
    {
      "index": 294,
      "start": 887.76,
      "end": 888.0,
      "text": "呃，"
    },
    {
      "index": 295,
      "start": 888.0,
      "end": 889.32,
      "text": "总总而言之，"
    },
    {
      "index": 296,
      "start": 889.32,
      "end": 894.86,
      "text": "我们希望和我们的学术界能够形成更强密强烈的这种连接，"
    },
    {
      "index": 297,
      "start": 895.26,
      "end": 897.925,
      "text": "真正打通产学研的合作模式。"
    },
    {
      "index": 298,
      "start": 900.16,
      "end": 900.4,
      "text": "呃，"
    },
    {
      "index": 299,
      "start": 900.68,
      "end": 901.66,
      "text": "心之所向，"
    },
    {
      "index": 300,
      "start": 902.2,
      "end": 902.74,
      "text": "溯履。"
    },
    {
      "index": 301,
      "start": 902.76,
      "end": 907.04,
      "text": "以往这个我们描绘的这个蓝图还是很漂亮的，"
    },
    {
      "index": 302,
      "start": 907.06,
      "end": 908.76,
      "text": "这个目标也是很宏大的。"
    },
    {
      "index": 303,
      "start": 909.04,
      "end": 909.26,
      "text": "呃，"
    },
    {
      "index": 304,
      "start": 909.26,
      "end": 911.14,
      "text": "我非常喜欢这个英文的翻译，"
    },
    {
      "index": 305,
      "start": 911.68,
      "end": 915.52,
      "text": "where pastions leads every step forward。"
    },
    {
      "index": 306,
      "start": 915.52,
      "end": 918.45,
      "text": "counts 就远方是美好的，"
    },
    {
      "index": 307,
      "start": 918.73,
      "end": 922.47,
      "text": "我们所要做的就是一步一步的靠近它。"
    },
    {
      "index": 308,
      "start": 922.83,
      "end": 923.485,
      "text": "谢谢大家，"
    },
    {
      "index": 309,
      "start": 924.97,
      "end": 928.25,
      "text": "谢谢非常感谢熊伟先生给我们带来精彩的分享，"
    },
    {
      "index": 310,
      "start": 928.47,
      "end": 935.12,
      "text": "请您回去就坐心之所向。"
    },
    {
      "index": 311,
      "start": 935.28,
      "end": 937.02,
      "text": "溯履以往今天，"
    }
  ],
  "artifacts": [
    "output/day1_main/part_05/chunk_00/03_srt_slice/artifacts/chunk_baseline.srt"
  ],
  "metadata": {},
  "trace_id": null,
  "duration_ms": 0,
  "started_at": "2025-12-17T17:14:08.504492",
  "completed_at": "2025-12-17T09:14:08.519703",
  "step_config": {},
  "dependencies": [
    "downscale"
  ]
}