{
  "address": "ai_session/part_01/chunk_00/09_apply_crop/slide_010",
  "status": "completed",
  "input": {
    "image_path": "output/ai_session/part_01/chunk_00/07_capture_frame/slide_010/artifacts/slide_010.png",
    "crop_region": {
      "x": 787,
      "y": 216,
      "width": 1056,
      "height": 777
    }
  },
  "output": "output/ai_session/part_01/chunk_00/09_apply_crop/slide_010/artifacts/slide_010.png",
  "artifacts": [
    "output/ai_session/part_01/chunk_00/09_apply_crop/slide_010/artifacts/slide_010.png"
  ],
  "metadata": {
    "source": "output/ai_session/part_01/chunk_00/07_capture_frame/slide_010/artifacts/slide_010.png",
    "applied": true,
    "crop_region": {
      "x": 787,
      "y": 216,
      "width": 1056,
      "height": 777
    },
    "size": {
      "width": 1056,
      "height": 777
    }
  },
  "trace_id": null,
  "duration_ms": 226,
  "started_at": "2025-12-15T22:21:11.738145",
  "completed_at": "2025-12-15T14:21:11.965954",
  "step_config": {},
  "dependencies": [
    "capture_frame",
    "crop_decision"
  ]
}