{
  "address": "ScienceEducationInnovation/part_02/final/10_part_digest",
  "status": "completed",
  "input": {
    "part_index": 2,
    "part_start_s": 1921.105,
    "part_duration_s": 1470.7399999999998,
    "sections": [
      {
        "id": "sec_1",
        "index": 0,
        "title": "开场与研究总览",
        "time_range": "00:00:08,385 - 00:02:00,915",
        "summary": "讲者谢旻辉首先进行自我介绍，阐述其教育背景和研究方向。随后，他概述了其在“Storage for AI”领域的研究工作，主要围绕参数存储、向量存储和记忆存储三个层次展开，并解释了这三个层次对于大规模人工智能模型和智能体的重要性。",
        "start_ms": 8385,
        "end_ms": 120915,
        "material_ids": [
          "chunk_00/slide_001",
          "chunk_00/slide_002",
          "chunk_00/slide_003"
        ]
      },
      {
        "id": "sec_2",
        "index": 1,
        "title": "研究背景：推荐模型的存储困境",
        "time_range": "00:02:01,255 - 00:05:52,999",
        "summary": "推荐模型因其处理高维稀疏ID的巨大Embedding层，面临参数量巨大的“容量墙”和访存密集型的“带宽墙”两大存储困境，导致硬件成本高昂。讲者指出，存储系统已成为模型发展的核心瓶颈，并提出利用HBM和持久性内存等新兴分层存储硬件，通过算法、系统和硬件的协同设计来解决该问题。",
        "start_ms": 121255,
        "end_ms": 352999,
        "material_ids": [
          "chunk_00/slide_004",
          "chunk_00/slide_005",
          "chunk_00/slide_006",
          "chunk_00/slide_007",
          "chunk_00/slide_008"
        ]
      },
      {
        "id": "sec_3",
        "index": 2,
        "title": "关键问题与核心思路",
        "time_range": "00:05:53,499 - 00:08:04,399",
        "summary": "本节提出了通过算法、系统、硬件三个层面协同设计的核心思路来解决推荐系统中的性能问题。在算法层面，针对传统缓存替换算法（如LRU）仅考虑访问频率的局限，我们设计了名为OptEmbed的新算法。该算法通过综合评估参数的访问频率与重要性，优先淘汰分数最低的参数，从而在保证模型精度的前提下，显著提升缓存命中率。",
        "start_ms": 353499,
        "end_ms": 484399,
        "material_ids": [
          "chunk_00/slide_009",
          "chunk_00/slide_010",
          "chunk_00/slide_011",
          "chunk_00/slide_012"
        ]
      },
      {
        "id": "sec_4",
        "index": 3,
        "title": "GPU层参数存储：Fleche",
        "time_range": "00:08:04,399 - 00:24:30,739",
        "summary": "本节介绍了系统层面的工作 Fluid，一个分层的分布式参数存储系统。它将参数按热度分层存储于 HBM、DRAM 和 SSD 中以平衡性能与成本，并通过动态迁移、快照恢复等功能，将系统吞吐量提升2倍以上。最后，简要提及了利用参数访问局部性进行预取的硬件层工作 Smart-Prefetcher。",
        "start_ms": 484399,
        "end_ms": 1470739,
        "material_ids": [
          "chunk_00/slide_013",
          "chunk_00/slide_014",
          "chunk_00/slide_015",
          "chunk_00/slide_016",
          "chunk_00/slide_017",
          "chunk_00/slide_018",
          "chunk_00/slide_019"
        ]
      },
      {
        "id": "sec_5",
        "index": 4,
        "title": "PM层参数存储：PetPS",
        "time_range": "00:24:30,739 - 00:24:30,740",
        "summary": "针对传统预取方法不适用于推荐模型场景的问题，本节介绍 PetPS 系统。该系统专为持久性内存（PM）设计，通过利用网卡DMA引擎卸载聚集操作，有效规避了高延迟带来的CPU访存开销，并解决了参数一致性挑战。",
        "start_ms": 1470739,
        "end_ms": 1470740,
        "material_ids": [
          "chunk_00/slide_020",
          "chunk_00/slide_021",
          "chunk_00/slide_022",
          "chunk_00/slide_023",
          "chunk_00/slide_024",
          "chunk_00/slide_025",
          "chunk_00/slide_026",
          "chunk_00/slide_027",
          "chunk_00/slide_028"
        ]
      },
      {
        "id": "sec_6",
        "index": 5,
        "title": "SSD层参数存储：MaxEmbed",
        "time_range": "00:24:30,739 - 00:24:30,740",
        "summary": "传统的预取方法并不适用于推荐模型的场景。为此，我们提出了MaxEmbed方法，它通过选择性地为热点参数创建副本以捕获多种共现关系，从而解决SSD层的读放大问题并提升有效带宽。",
        "start_ms": 1470739,
        "end_ms": 1470740,
        "material_ids": [
          "chunk_00/slide_029",
          "chunk_00/slide_030",
          "chunk_00/slide_031",
          "chunk_00/slide_032",
          "chunk_00/slide_033",
          "chunk_00/slide_034",
          "chunk_00/slide_035",
          "chunk_00/slide_036",
          "chunk_00/slide_037"
        ]
      },
      {
        "id": "sec_7",
        "index": 6,
        "title": "框架研发与业界影响",
        "time_range": "00:24:30,739 - 00:24:30,740",
        "summary": "针对传统预取方法不适用于推荐模型的挑战，我们研发了通用的稀疏参数存储系统RecStore。该框架通过智能感知访问模式实现高效预取，其核心设计已被多家业界公司采纳，显著提升了其推荐业务的性能，产生了广泛影响。",
        "start_ms": 1470739,
        "end_ms": 1470740,
        "material_ids": [
          "chunk_00/slide_038",
          "chunk_00/slide_039"
        ]
      },
      {
        "id": "sec_8",
        "index": 7,
        "title": "未来展望与总结",
        "time_range": "00:24:30,739 - 00:24:30,740",
        "summary": "本部分对报告内容进行总结，并对未来进行展望。我们首先回顾了报告中针对多层次参数存储系统的解题思路，该思路旨在解决传统预取方法不适用于推荐模型场景的痛点。最后，我们展望了基于LLM的生成式推荐大模型带来的新机遇与挑战。",
        "start_ms": 1470739,
        "end_ms": 1470740,
        "material_ids": [
          "chunk_00/slide_040",
          "chunk_00/slide_041",
          "chunk_00/slide_042",
          "chunk_00/slide_043"
        ]
      }
    ],
    "materials": [
      {
        "id": "chunk_00/slide_001",
        "type": "slide",
        "title": "面向推荐大模型的参数存储系统研究 汇报人：谢旻辉",
        "start_ms": 1000,
        "end_ms": 24900,
        "best_capture_ms": null
      },
      {
        "id": "chunk_00/slide_002",
        "type": "slide",
        "title": "自我介绍 教育背景与研究兴趣",
        "start_ms": 26000,
        "end_ms": 58900,
        "best_capture_ms": null
      },
      {
        "id": "chunk_00/slide_003",
        "type": "slide",
        "title": "工作总览 参数存储、向量存储、记忆存储",
        "start_ms": 60000,
        "end_ms": 118900,
        "best_capture_ms": null
      },
      {
        "id": "chunk_00/slide_004",
        "type": "slide",
        "title": "研究背景：应用需求 信息过载与推荐系统",
        "start_ms": 120000,
        "end_ms": 170900,
        "best_capture_ms": null
      },
      {
        "id": "chunk_00/slide_005",
        "type": "slide",
        "title": "研究背景：推荐模型结构 Embedding层与稀疏参数",
        "start_ms": 172000,
        "end_ms": 236900,
        "best_capture_ms": null
      },
      {
        "id": "chunk_00/slide_006",
        "type": "slide",
        "title": "研究背景：推荐模型的存储困境 容量墙与带宽墙",
        "start_ms": 238000,
        "end_ms": 285900,
        "best_capture_ms": null
      },
      {
        "id": "chunk_00/slide_007",
        "type": "slide",
        "title": "存储系统成为核心因素 制约推荐模型发展的瓶颈",
        "start_ms": 287000,
        "end_ms": 308900,
        "best_capture_ms": null
      },
      {
        "id": "chunk_00/slide_008",
        "type": "slide",
        "title": "研究背景：硬件趋势 存储层级：SRAM, DRAM, PM, SSD",
        "start_ms": 310000,
        "end_ms": 351900,
        "best_capture_ms": null
      },
      {
        "id": "chunk_00/slide_009",
        "type": "slide",
        "title": "关键问题：GPU片上内存层 软硬交互效率低",
        "start_ms": 353000,
        "end_ms": 388900,
        "best_capture_ms": null
      },
      {
        "id": "chunk_00/slide_010",
        "type": "slide",
        "title": "关键问题：PM层 介质性能难发挥",
        "start_ms": 390000,
        "end_ms": 420900,
        "best_capture_ms": null
      },
      {
        "id": "chunk_00/slide_011",
        "type": "slide",
        "title": "关键问题：SSD层 读放大现象严重",
        "start_ms": 422000,
        "end_ms": 465900,
        "best_capture_ms": null
      },
      {
        "id": "chunk_00/slide_012",
        "type": "slide",
        "title": "核心想法 针对各层级的解决方案概览",
        "start_ms": 467000,
        "end_ms": 481900,
        "best_capture_ms": null
      },
      {
        "id": "chunk_00/slide_013",
        "type": "slide",
        "title": "报告目录 02 GPU层参数存储",
        "start_ms": 483000,
        "end_ms": 487900,
        "best_capture_ms": null
      },
      {
        "id": "chunk_00/slide_014",
        "type": "slide",
        "title": "Fleche - 研究动机 现有GPU稀疏参数存储系统软硬交互开销大",
        "start_ms": 489000,
        "end_ms": 508900,
        "best_capture_ms": null
      },
      {
        "id": "chunk_00/slide_015",
        "type": "slide",
        "title": "静态每表缓存策略的问题 产生大量零碎小kernel",
        "start_ms": 510000,
        "end_ms": 564900,
        "best_capture_ms": null
      },
      {
        "id": "chunk_00/slide_016",
        "type": "slide",
        "title": "Fleche - 核心想法 查询融合：小kernel调用来自同一函数",
        "start_ms": 566000,
        "end_ms": 601900,
        "best_capture_ms": null
      },
      {
        "id": "chunk_00/slide_017",
        "type": "slide",
        "title": "Fleche - 关键技术 自识别kernel融合方法",
        "start_ms": 603000,
        "end_ms": 660900,
        "best_capture_ms": null
      },
      {
        "id": "chunk_00/slide_018",
        "type": "slide",
        "title": "Fleche - 性能评估 吞吐率提升与延迟降低",
        "start_ms": 662000,
        "end_ms": 673900,
        "best_capture_ms": null
      },
      {
        "id": "chunk_00/slide_019",
        "type": "slide",
        "title": "Fleche - 小结 查询融合解决软硬交互开销",
        "start_ms": 675000,
        "end_ms": 683900,
        "best_capture_ms": null
      },
      {
        "id": "chunk_00/slide_020",
        "type": "slide",
        "title": "报告目录 03 PM层参数存储",
        "start_ms": 685000,
        "end_ms": 686900,
        "best_capture_ms": null
      },
      {
        "id": "chunk_00/slide_021",
        "type": "slide",
        "title": "PetPS - 研究动机 PM高延迟导致CPU瓶颈",
        "start_ms": 688000,
        "end_ms": 724900,
        "best_capture_ms": null
      },
      {
        "id": "chunk_00/slide_022",
        "type": "slide",
        "title": "PetPS - 核心想法 利用网卡DMA引擎",
        "start_ms": 726000,
        "end_ms": 748900,
        "best_capture_ms": null
      },
      {
        "id": "chunk_00/slide_023",
        "type": "slide",
        "title": "PetPS - 核心想法示意图 scatter-gather DMA功能",
        "start_ms": 750000,
        "end_ms": 784900,
        "best_capture_ms": null
      },
      {
        "id": "chunk_00/slide_024",
        "type": "slide",
        "title": "PetPS - 关键技术：网卡聚集机制 卸载聚集操作至网卡",
        "start_ms": 786000,
        "end_ms": 823900,
        "best_capture_ms": null
      },
      {
        "id": "chunk_00/slide_025",
        "type": "slide",
        "title": "PetPS - 关键技术：参数一致性维护 问题：参数更新与DMA读取冲突",
        "start_ms": 825000,
        "end_ms": 845900,
        "best_capture_ms": null
      },
      {
        "id": "chunk_00/slide_026",
        "type": "slide",
        "title": "PetPS - 关键技术：参数一致性维护 写时拷贝与基于epoch-list的空间回收",
        "start_ms": 847000,
        "end_ms": 860900,
        "best_capture_ms": null
      },
      {
        "id": "chunk_00/slide_027",
        "type": "slide",
        "title": "PetPS - 整体性能 端到端吞吐率与DRAM系统对比",
        "start_ms": 862000,
        "end_ms": 887900,
        "best_capture_ms": null
      },
      {
        "id": "chunk_00/slide_028",
        "type": "slide",
        "title": "PetPS - 小结 利用网卡DMA规避PM高延迟",
        "start_ms": 889000,
        "end_ms": 903900,
        "best_capture_ms": null
      },
      {
        "id": "chunk_00/slide_029",
        "type": "slide",
        "title": "报告目录 04 SSD层参数存储",
        "start_ms": 905000,
        "end_ms": 906900,
        "best_capture_ms": null
      },
      {
        "id": "chunk_00/slide_030",
        "type": "slide",
        "title": "MaxEmbed - 研究动机 SSD读放大现象严重",
        "start_ms": 908000,
        "end_ms": 947900,
        "best_capture_ms": null
      },
      {
        "id": "chunk_00/slide_031",
        "type": "slide",
        "title": "现有工作：超图划分 仅为一个参数捕获一个共现关系",
        "start_ms": 949000,
        "end_ms": 960900,
        "best_capture_ms": null
      },
      {
        "id": "chunk_00/slide_032",
        "type": "slide",
        "title": "超图划分的局限性 一个节点仅存在于一个子图中",
        "start_ms": 962000,
        "end_ms": 996900,
        "best_capture_ms": null
      },
      {
        "id": "chunk_00/slide_033",
        "type": "slide",
        "title": "热点参数存在于多个共现关系中 多公开数据集观测结果",
        "start_ms": 998000,
        "end_ms": 1052900,
        "best_capture_ms": null
      },
      {
        "id": "chunk_00/slide_034",
        "type": "slide",
        "title": "MaxEmbed - 核心想法 选择性副本热点参数",
        "start_ms": 1054000,
        "end_ms": 1083900,
        "best_capture_ms": null
      },
      {
        "id": "chunk_00/slide_035",
        "type": "slide",
        "title": "MaxEmbed - 核心想法 选择哪些参数组合关系副本？",
        "start_ms": 1085000,
        "end_ms": 1145900,
        "best_capture_ms": null
      },
      {
        "id": "chunk_00/slide_036",
        "type": "slide",
        "title": "MaxEmbed - 实验结果 有效带宽提升",
        "start_ms": 1147000,
        "end_ms": 1159900,
        "best_capture_ms": null
      },
      {
        "id": "chunk_00/slide_037",
        "type": "slide",
        "title": "MaxEmbed - 小结 热点参数多副本的选择性复制",
        "start_ms": 1161000,
        "end_ms": 1168900,
        "best_capture_ms": null
      },
      {
        "id": "chunk_00/slide_038",
        "type": "slide",
        "title": "框架研发 - RecStore 通用、高效、低成本的稀疏参数存储系统",
        "start_ms": 1170000,
        "end_ms": 1184900,
        "best_capture_ms": null
      },
      {
        "id": "chunk_00/slide_039",
        "type": "slide",
        "title": "研究工作影响 核心设计被阿里、快手等采用",
        "start_ms": 1186000,
        "end_ms": 1200900,
        "best_capture_ms": null
      },
      {
        "id": "chunk_00/slide_040",
        "type": "slide",
        "title": "未来展望：生成式推荐大模型 基于LLM架构的生成式推荐",
        "start_ms": 1202000,
        "end_ms": 1210900,
        "best_capture_ms": null
      },
      {
        "id": "chunk_00/slide_041",
        "type": "slide",
        "title": "生成式推荐大模型结构 大稀疏+大稠密",
        "start_ms": 1212000,
        "end_ms": 1219900,
        "best_capture_ms": null
      },
      {
        "id": "chunk_00/slide_042",
        "type": "slide",
        "title": "GR为系统研究带来的机遇 算力门槛、以存代算、存储带宽需求",
        "start_ms": 1221000,
        "end_ms": 1244900,
        "best_capture_ms": null
      },
      {
        "id": "chunk_00/slide_043",
        "type": "slide",
        "title": "总结 多层次参数存储系统的挑战与解题思路",
        "start_ms": 1246000,
        "end_ms": 1459000,
        "best_capture_ms": null
      },
      {
        "id": "chunk_00/slide_044",
        "type": "slide",
        "title": "人工智能端到端的复杂攻击检测技术研究 汇报人：李玎",
        "start_ms": 1460000,
        "end_ms": 1470740,
        "best_capture_ms": null
      }
    ],
    "graph": {
      "nodes": [
        {
          "id": "p1",
          "label": "背景与挑战：AI存储",
          "category": "Pillar",
          "references": {
            "section_ids": [
              "sec_1",
              "sec_2"
            ],
            "material_ids": [
              "chunk_00/slide_003",
              "chunk_00/slide_004",
              "chunk_00/slide_005",
              "chunk_00/slide_006",
              "chunk_00/slide_007",
              "chunk_00/slide_008"
            ],
            "highlight": {
              "primary_material_id": "chunk_00/slide_003",
              "primary_time_ts": "00:01:00,000",
              "primary_time_ms": 60000
            }
          },
          "parent": null,
          "summary": "讲者首先概述其在“Storage for AI”领域的研究工作，涵盖参数、向量和记忆存储三个层次。随后，深入探讨了推荐模型因其巨大的Embedding层所面临的“容量墙”和“带宽墙”两大存储困境，指出存储系统已成为制约模型发展的核心瓶颈。"
        },
        {
          "id": "d1_1",
          "label": "研究方向: Storage for AI",
          "category": "Concept",
          "references": {
            "section_ids": [
              "sec_1"
            ],
            "material_ids": [
              "chunk_00/slide_003"
            ],
            "highlight": {
              "primary_material_id": "chunk_00/slide_003",
              "primary_time_ts": "00:01:00,000",
              "primary_time_ms": 60000
            }
          },
          "parent": "p1",
          "summary": "研究聚焦于“面向人工智能的存储(Storage for AI)”，围绕参数存储、向量存储和记忆存储三个层次展开，以应对AI模型规模增大、数据向量化以及智能体记忆需求带来的挑战。"
        },
        {
          "id": "d1_2",
          "label": "存储困境: 容量墙与带宽墙",
          "category": "Problem",
          "references": {
            "section_ids": [
              "sec_2"
            ],
            "material_ids": [
              "chunk_00/slide_005",
              "chunk_00/slide_006",
              "chunk_00/slide_007"
            ],
            "highlight": {
              "primary_material_id": "chunk_00/slide_006",
              "primary_time_ts": "00:03:58,000",
              "primary_time_ms": 238000
            }
          },
          "parent": "p1",
          "summary": "推荐模型的Embedding层导致两大存储困境：参数量巨大带来的“容量墙”，以及访存密集特性带来的“带宽墙”。这双重制约导致硬件成本高昂，使存储成为模型发展的核心瓶颈。"
        },
        {
          "id": "p2",
          "label": "核心思路：算法-系统-硬件协同设计",
          "category": "Pillar",
          "references": {
            "section_ids": [
              "sec_3"
            ],
            "material_ids": [
              "chunk_00/slide_009",
              "chunk_00/slide_012"
            ],
            "highlight": {
              "primary_material_id": "chunk_00/slide_012",
              "primary_time_ts": "00:07:47,000",
              "primary_time_ms": 467000
            }
          },
          "parent": null,
          "summary": "为解决推荐系统的性能瓶颈，提出了一套贯穿算法、系统、硬件三个层面的协同设计思路。其核心在于使各层面相互感知（如硬件感知的算法、算法感知的系统），以实现全局最优，并充分利用HBM、持久性内存等新兴分层存储硬件。"
        },
        {
          "id": "d2_1",
          "label": "协同设计三要素",
          "category": "Concept",
          "references": {
            "section_ids": [
              "sec_3"
            ],
            "material_ids": [
              "chunk_00/slide_012"
            ],
            "highlight": {
              "primary_material_id": "chunk_00/slide_012",
              "primary_time_ts": "00:07:47,000",
              "primary_time_ms": 467000
            }
          },
          "parent": "p2",
          "summary": "协同设计包含三个层面：1. 算法层面：设计硬件感知的算法（如缓存感知）；2. 系统层面：设计算法感知的系统（如感知参数重要性）；3. 硬件层面：设计系统感知的硬件（如感知数据流）。"
        },
        {
          "id": "p3",
          "label": "分层解决方案",
          "category": "Pillar",
          "references": {
            "section_ids": [
              "sec_3",
              "sec_4",
              "sec_5",
              "sec_6"
            ],
            "material_ids": [
              "chunk_00/slide_012",
              "chunk_00/slide_013",
              "chunk_00/slide_014",
              "chunk_00/slide_015",
              "chunk_00/slide_016",
              "chunk_00/slide_017",
              "chunk_00/slide_018",
              "chunk_00/slide_019",
              "chunk_00/slide_020",
              "chunk_00/slide_021",
              "chunk_00/slide_022",
              "chunk_00/slide_023",
              "chunk_00/slide_024",
              "chunk_00/slide_025",
              "chunk_00/slide_026",
              "chunk_00/slide_027",
              "chunk_00/slide_028",
              "chunk_00/slide_029",
              "chunk_00/slide_030",
              "chunk_00/slide_031",
              "chunk_00/slide_032",
              "chunk_00/slide_033",
              "chunk_00/slide_034",
              "chunk_00/slide_035",
              "chunk_00/slide_036",
              "chunk_00/slide_037"
            ],
            "highlight": {
              "primary_material_id": "chunk_00/slide_012",
              "primary_time_ts": "00:07:47,000",
              "primary_time_ms": 467000
            }
          },
          "parent": null,
          "summary": "基于协同设计思路，针对算法、GPU、PM、SSD等不同层级，分别提出了一系列具体解决方案，包括OptEmbed、Fleche、PetPS和MaxEmbed，以应对各层级的特定挑战。"
        },
        {
          "id": "d3_1",
          "label": "OptEmbed (算法层)",
          "category": "Technology",
          "references": {
            "section_ids": [
              "sec_3"
            ],
            "material_ids": [
              "chunk_00/slide_012"
            ],
            "highlight": {
              "primary_material_id": "chunk_00/slide_012",
              "primary_time_ts": "00:07:47,000",
              "primary_time_ms": 467000
            }
          },
          "parent": "p3",
          "summary": "OptEmbed是一种面向异构内存的参数放置算法。它改进了传统LRU仅考虑访问频率的局限，通过综合评估参数的“访问频率”与“重要性”来计算分数，优先淘汰分数最低的参数，从而在保证精度的前提下提升缓存命中率。"
        },
        {
          "id": "d3_2",
          "label": "Fluid / Fleche (系统/GPU层)",
          "category": "Technology",
          "references": {
            "section_ids": [
              "sec_4"
            ],
            "material_ids": [
              "chunk_00/slide_013",
              "chunk_00/slide_014",
              "chunk_00/slide_015",
              "chunk_00/slide_016",
              "chunk_00/slide_017",
              "chunk_00/slide_018",
              "chunk_00/slide_019"
            ],
            "highlight": {
              "primary_material_id": "chunk_00/slide_014",
              "primary_time_ts": "00:08:09,000",
              "primary_time_ms": 489000
            }
          },
          "parent": "p3",
          "summary": "系统层工作Fluid是一个分层分布式参数存储系统，将参数按热度分层存储于HBM、DRAM和SSD中，通过动态迁移、快照恢复等功能提升吞吐、降低成本。GPU层工作Fleche通过查询融合技术，将零碎的小kernel调用合并，解决软硬交互开销大的问题。"
        },
        {
          "id": "d3_3",
          "label": "PetPS (PM层)",
          "category": "Technology",
          "references": {
            "section_ids": [
              "sec_5",
              "sec_4"
            ],
            "material_ids": [
              "chunk_00/slide_020",
              "chunk_00/slide_021",
              "chunk_00/slide_022",
              "chunk_00/slide_023",
              "chunk_00/slide_024",
              "chunk_00/slide_025",
              "chunk_00/slide_026",
              "chunk_00/slide_027",
              "chunk_00/slide_028"
            ],
            "highlight": {
              "primary_material_id": "chunk_00/slide_021",
              "primary_time_ts": "00:11:28,000",
              "primary_time_ms": 688000
            }
          },
          "parent": "p3",
          "summary": "PetPS是专为持久性内存（PM）设计的参数存储系统。针对PM高延迟导致CPU瓶颈的问题，它利用网卡（NIC）的DMA引擎来卸载聚集（Gather）操作，从而规避CPU访存开销，并解决了参数一致性挑战。"
        },
        {
          "id": "d3_4",
          "label": "MaxEmbed (SSD层)",
          "category": "Technology",
          "references": {
            "section_ids": [
              "sec_6",
              "sec_4"
            ],
            "material_ids": [
              "chunk_00/slide_029",
              "chunk_00/slide_030",
              "chunk_00/slide_031",
              "chunk_00/slide_032",
              "chunk_00/slide_033",
              "chunk_00/slide_034",
              "chunk_00/slide_035",
              "chunk_00/slide_036",
              "chunk_00/slide_037"
            ],
            "highlight": {
              "primary_material_id": "chunk_00/slide_030",
              "primary_time_ts": "00:15:08,000",
              "primary_time_ms": 908000
            }
          },
          "parent": "p3",
          "summary": "MaxEmbed是针对SSD层读放大问题的解决方案。它通过选择性地为高频访问的“热点”参数创建副本，以捕获数据中多种复杂的共现关系，从而解决读放大问题，提升有效带宽。"
        },
        {
          "id": "p4",
          "label": "框架研发与未来展望",
          "category": "Pillar",
          "references": {
            "section_ids": [
              "sec_7",
              "sec_8",
              "sec_4"
            ],
            "material_ids": [
              "chunk_00/slide_038",
              "chunk_00/slide_039",
              "chunk_00/slide_040",
              "chunk_00/slide_041",
              "chunk_00/slide_042",
              "chunk_00/slide_043"
            ],
            "highlight": {
              "primary_material_id": "chunk_00/slide_038",
              "primary_time_ts": "00:19:30,000",
              "primary_time_ms": 1170000
            }
          },
          "parent": null,
          "summary": "总结了基于上述研究研发的通用稀疏参数存储系统RecStore及其广泛的业界影响。最后，展望了基于大语言模型（LLM）的生成式推荐模型成为新的技术趋势，为系统研究带来的新机遇与挑战。"
        },
        {
          "id": "d4_1",
          "label": "RecStore框架与影响",
          "category": "Result",
          "references": {
            "section_ids": [
              "sec_7",
              "sec_4"
            ],
            "material_ids": [
              "chunk_00/slide_038",
              "chunk_00/slide_039"
            ],
            "highlight": {
              "primary_material_id": "chunk_00/slide_038",
              "primary_time_ts": "00:19:30,000",
              "primary_time_ms": 1170000
            }
          },
          "parent": "p4",
          "summary": "基于系列研究工作，研发了一套通用的稀疏参数存储系统RecStore。其核心设计能够智能感知和预测访问模式，实现高效预取和缓存。该设计已被多家业界公司采纳，显著提升了其推荐业务性能。"
        },
        {
          "id": "d4_2",
          "label": "未来展望：生成式推荐",
          "category": "Concept",
          "references": {
            "section_ids": [
              "sec_8",
              "sec_4"
            ],
            "material_ids": [
              "chunk_00/slide_040",
              "chunk_00/slide_041",
              "chunk_00/slide_042",
              "chunk_00/slide_043"
            ],
            "highlight": {
              "primary_material_id": "chunk_00/slide_040",
              "primary_time_ts": "00:20:02,000",
              "primary_time_ms": 1202000
            }
          },
          "parent": "p4",
          "summary": "未来，基于大语言模型（LLM）的生成式推荐模型正成为新的技术趋势。这不仅为推荐效果带来了新机遇，也对底层的参数服务等系统架构提出了新的挑战。"
        }
      ],
      "edges": [
        {
          "source": "p1",
          "target": "p2",
          "relation_type": "sequential",
          "label": "引出核心思路"
        },
        {
          "source": "p2",
          "target": "p3",
          "relation_type": "sequential",
          "label": "指导具体实践"
        },
        {
          "source": "p3",
          "target": "p4",
          "relation_type": "sequential",
          "label": "总结并展望"
        },
        {
          "source": "d1_1",
          "target": "d1_2",
          "relation_type": "causal",
          "label": "引出"
        },
        {
          "source": "d3_1",
          "target": "d3_2",
          "relation_type": "parallel",
          "label": "并列方案"
        },
        {
          "source": "d3_2",
          "target": "d3_3",
          "relation_type": "parallel",
          "label": "并列方案"
        },
        {
          "source": "d3_3",
          "target": "d3_4",
          "relation_type": "parallel",
          "label": "并列方案"
        },
        {
          "source": "d4_1",
          "target": "d4_2",
          "relation_type": "parallel",
          "label": "并列"
        }
      ]
    }
  },
  "output": {
    "part_index": 2,
    "title": "面向推荐大模型的参数存储系统软硬协同设计",
    "type_tag": "AI参数存储系统",
    "tech_tags": [
      "Storage for AI",
      "Embedding",
      "HBM",
      "持久性内存",
      "SSD",
      "OptEmbed",
      "Fleche",
      "PetPS",
      "MaxEmbed",
      "RecStore",
      "DMA",
      "软硬协同设计"
    ],
    "domain_tags": [
      "人工智能",
      "推荐系统",
      "存储系统",
      "计算机体系结构"
    ],
    "summary": "讲者谢旻辉探讨了面向推荐大模型的参数存储系统挑战，指出Embedding层面临参数量巨大的“容量墙”与访存密集的“带宽墙”困境。为此，提出了算法、系统与硬件协同设计的核心思路。具体方案涵盖：算法层OptEmbed优化缓存替换策略；GPU层Fleche通过查询融合降低交互开销；PM层PetPS利用网卡DMA卸载聚集操作规避高延迟；SSD层MaxEmbed采用选择性副本解决读放大。最终研发了通用框架RecStore，并展望了生成式推荐带来的新机遇。",
    "highlights": [
      "揭示推荐模型Embedding层面临的“容量墙”与“带宽墙”存储瓶颈",
      "提出贯穿算法、系统、硬件三层的参数存储协同设计核心思路",
      "OptEmbed算法：综合评估参数频率与重要性，优化缓存命中率",
      "Fleche系统：利用查询融合技术，显著降低GPU层的软硬交互开销",
      "PetPS系统：利用网卡DMA卸载聚集操作，解决持久性内存高延迟问题",
      "MaxEmbed方法：通过热点参数选择性副本机制，有效缓解SSD读放大",
      "展望基于LLM的生成式推荐大模型对存储系统带来的新挑战"
    ]
  },
  "artifacts": [
    "output/ScienceEducationInnovation/part_02/final/10_part_digest/artifacts/part_digest.json"
  ],
  "metadata": {
    "part_index": 2,
    "title": "面向推荐大模型的参数存储系统软硬协同设计",
    "type_tag": "AI参数存储系统",
    "tech_tags": 12,
    "domain_tags": 4
  },
  "trace_id": "8c8df94c-56d9-4cd1-ba82-56f6b570f4f1",
  "duration_ms": 24042,
  "started_at": "2025-12-17T11:21:05.383643",
  "completed_at": "2025-12-17T03:21:29.429038",
  "step_config": {
    "model": "gemini-3-pro-preview",
    "temperature": 0.2,
    "prompt_file": "/Users/lichuan/Codes/TalkDistill/config/prompts/part_digest.md",
    "schema_file": "/Users/lichuan/Codes/TalkDistill/config/schemas/part_digest.json"
  },
  "dependencies": [
    "graph_gen"
  ]
}