{
  "address": "ai_session/part_08/chunk_00/01_cut_chunk",
  "status": "completed",
  "input": {
    "video": "/Users/lichuan/Codes/TalkDistill/ai_session.mp4",
    "start": 7745.1,
    "duration": 1002.4799999999996,
    "output_name": "chunk_high.mp4"
  },
  "output": {
    "path": "output/ai_session/part_08/chunk_00/01_cut_chunk/artifacts/chunk_high.mp4",
    "start": 7745.1,
    "duration": 1002.4799999999996
  },
  "artifacts": [
    "output/ai_session/part_08/chunk_00/01_cut_chunk/artifacts/chunk_high.mp4"
  ],
  "metadata": {
    "ffmpeg": "/opt/homebrew/bin/ffmpeg",
    "start": 7745.1,
    "duration": 1002.4799999999996,
    "size_bytes": 514754289
  },
  "trace_id": null,
  "duration_ms": 559,
  "started_at": "2025-12-16T00:37:11.086069",
  "completed_at": "2025-12-15T16:37:11.646620",
  "step_config": {},
  "dependencies": []
}