{
  "address": "ai_session/part_02/chunk_00/09_apply_crop/slide_022",
  "status": "completed",
  "input": {
    "image_path": "output/ai_session/part_02/chunk_00/07_capture_frame/slide_022/artifacts/slide_022.png",
    "crop_region": {
      "x": 672,
      "y": 0,
      "width": 1248,
      "height": 1080
    }
  },
  "output": "output/ai_session/part_02/chunk_00/09_apply_crop/slide_022/artifacts/slide_022.png",
  "artifacts": [
    "output/ai_session/part_02/chunk_00/09_apply_crop/slide_022/artifacts/slide_022.png"
  ],
  "metadata": {
    "source": "output/ai_session/part_02/chunk_00/07_capture_frame/slide_022/artifacts/slide_022.png",
    "applied": true,
    "crop_region": {
      "x": 672,
      "y": 0,
      "width": 1248,
      "height": 1080
    },
    "size": {
      "width": 1248,
      "height": 1080
    }
  },
  "trace_id": null,
  "duration_ms": 301,
  "started_at": "2025-12-15T23:02:57.631376",
  "completed_at": "2025-12-15T15:02:57.934377",
  "step_config": {},
  "dependencies": [
    "capture_frame",
    "crop_decision"
  ]
}