{
  "address": "day1_main/part_07/final/10_part_digest",
  "status": "completed",
  "input": {
    "part_index": 7,
    "part_start_s": 3410.78,
    "part_duration_s": 861.3899999999999,
    "sections": [
      {
        "id": "sec_1",
        "index": 0,
        "title": "AI算力的极限挑战与大规模智算集群的兴起",
        "time_range": "00:01:17,580 - 00:03:05,335",
        "summary": "随着AI技术发展，超大规模智算集群已成为下一代AI技术的基础。作为先行者，百度深度参与此进程，并成功点亮了3.2万卡的全国产化超大规模智算集群。该集群实现了从芯片到框架的完整技术栈自主创新，在算力规模、训练能效和运行稳定性方面均达到领先水平。",
        "start_ms": 77580,
        "end_ms": 185335,
        "material_ids": [
          "chunk_00/slide_001",
          "chunk_00/slide_002"
        ]
      },
      {
        "id": "sec_2",
        "index": 1,
        "title": "超万卡集群建设方案",
        "time_range": "00:03:07,480 - 00:04:15,640",
        "summary": "讲者介绍了基于混合云升级的超万卡智算集群产品方案，该方案融合了智算核心技术与混合云能力，提供从机房建设到智能运维的全栈服务。方案强调了以智能化操作系统BaiduLinux CloudOS作为云底座，为大规模智算集群提供稳定高效的运行环境，并预告将分享在架构、效能及安全方面的革新。",
        "start_ms": 187480,
        "end_ms": 255640,
        "material_ids": [
          "chunk_00/slide_003"
        ]
      },
      {
        "id": "sec_3",
        "index": 2,
        "title": "算力架构的趋势与变革",
        "time_range": "00:04:17,350 - 00:07:01,885",
        "summary": "算力规模的扩大推动了算力架构的革新。在Scale-out方面，通过跨园区RDMA长传和大规模组网技术，构建了支持10万卡规模的智算集群。在Scale-up方面，超节点产品通过高速互联和操作系统优化，解决了单机算力瓶颈，并协同生态伙伴共同推动国产AI算力发展。",
        "start_ms": 257350,
        "end_ms": 421885,
        "material_ids": [
          "chunk_00/slide_004"
        ]
      },
      {
        "id": "sec_4",
        "index": 3,
        "title": "算力效能的全面提升",
        "time_range": "00:07:03,740 - 00:09:48,455",
        "summary": "讲者指出，智算领域的焦点已从“建好”基础设施转向“用好”算力。他从两个维度分享了如何高效释放算力：一是通过模型、框架、系统到芯片的全链路协同优化来奠定基础；二是通过与openEuler联合打造的一站式智能运维平台来保障算力的持续高效输出，从而将算力资源可靠地转化为AI生产力。",
        "start_ms": 423740,
        "end_ms": 588455,
        "material_ids": [
          "chunk_00/slide_005"
        ]
      },
      {
        "id": "sec_5",
        "index": 4,
        "title": "异构机密计算方案：保障算力使用安全",
        "time_range": "00:09:50,170 - 00:11:08,165",
        "summary": "为解决算力“用得安心”的安全问题，讲者介绍了异构机密计算方案。该方案通过BaiduLinux CloudOS与openEuler的深度融合，利用硬件隔离和内存加密技术，保障了数据在计算运行时的全生命周期安全，并通过机密直通技术保障了性能。",
        "start_ms": 590170,
        "end_ms": 668165,
        "material_ids": [
          "chunk_00/slide_006"
        ]
      },
      {
        "id": "sec_6",
        "index": 5,
        "title": "百度与openEuler的合作与成果",
        "time_range": "00:11:09,890 - 00:12:31,725",
        "summary": "百度自2021年起与openEuler社区深度合作，共同演进BaiduLinux智能云操作系统，目前部署规模已超2万套。该系统作为智能原生底座，全面支撑了千帆大模型及百舸异构计算平台，通过集成全栈观测与机密计算能力，显著提升了智算场景的运维效率与安全性。",
        "start_ms": 669890,
        "end_ms": 751725,
        "material_ids": [
          "chunk_00/slide_007"
        ]
      },
      {
        "id": "sec_7",
        "index": 6,
        "title": "联合社区持续创新，服务千行百业",
        "time_range": "00:12:32,820 - 00:14:14,140",
        "summary": "百度将持续与开源社区合作，在社区共建和技术联创两方面投入。社区共建方面，将重点投入Arm CCA机密计算、异构融合软件标准和AI工作组三个方向。技术联创方面，将聚焦超节点原生操作系统、系统智能化和机密计算容器化演进三个领域，以服务千行百业。",
        "start_ms": 752820,
        "end_ms": 854140,
        "material_ids": [
          "chunk_00/slide_008",
          "chunk_00/slide_009"
        ]
      }
    ],
    "materials": [
      {
        "id": "chunk_00/slide_001",
        "type": "slide",
        "title": "AI算力的极限挑战：BaiduLinux CloudOS 支持超大规模集群基础设施建设实践",
        "start_ms": 85500,
        "end_ms": 99500,
        "best_capture_ms": null
      },
      {
        "id": "chunk_00/slide_002",
        "type": "slide",
        "title": "大规模智算集群成为下一代人工智能基础设施",
        "start_ms": 100500,
        "end_ms": 185500,
        "best_capture_ms": null
      },
      {
        "id": "chunk_00/slide_003",
        "type": "slide",
        "title": "超万卡集群建设方案",
        "start_ms": 187500,
        "end_ms": 255500,
        "best_capture_ms": null
      },
      {
        "id": "chunk_00/slide_004",
        "type": "slide",
        "title": "算力架构的趋势与变革",
        "start_ms": 257500,
        "end_ms": 420500,
        "best_capture_ms": null
      },
      {
        "id": "chunk_00/slide_005",
        "type": "slide",
        "title": "算力效能的全面提升",
        "start_ms": 422500,
        "end_ms": 586500,
        "best_capture_ms": null
      },
      {
        "id": "chunk_00/slide_006",
        "type": "slide",
        "title": "异构机密计算方案",
        "start_ms": 588500,
        "end_ms": 667500,
        "best_capture_ms": null
      },
      {
        "id": "chunk_00/slide_007",
        "type": "slide",
        "title": "openEuler支持BaiduLinux构建高性能、易运维、高安全底座",
        "start_ms": 669500,
        "end_ms": 750500,
        "best_capture_ms": null
      },
      {
        "id": "chunk_00/slide_008",
        "type": "slide",
        "title": "面向智算集群openEuler构筑四大优势",
        "start_ms": 752500,
        "end_ms": 802500,
        "best_capture_ms": null
      },
      {
        "id": "chunk_00/slide_009",
        "type": "slide",
        "title": "联合openEuler社区，持续创新，服务千行百业",
        "start_ms": 804500,
        "end_ms": 853500,
        "best_capture_ms": null
      }
    ],
    "graph": {
      "nodes": [
        {
          "id": "p1",
          "label": "算力架构革新",
          "category": "Pillar",
          "references": {
            "section_ids": [
              "sec_1",
              "sec_2",
              "sec_3"
            ],
            "material_ids": [
              "chunk_00/slide_001",
              "chunk_00/slide_002",
              "chunk_00/slide_003",
              "chunk_00/slide_004"
            ],
            "highlight": {
              "primary_material_id": "chunk_00/slide_004",
              "primary_time_ts": "00:04:17,500",
              "primary_time_ms": 257500
            }
          },
          "parent": null,
          "summary": "随着AI算力需求从千卡演进至万卡乃至十万卡级别，传统的算力架构面临瓶颈。百度通过横向扩展（Scale-out）和纵向扩展（Scale-up）两个维度进行架构革新，以构建支持超大规模训练的智算集群。"
        },
        {
          "id": "p2",
          "label": "算力效能提升",
          "category": "Pillar",
          "references": {
            "section_ids": [
              "sec_4"
            ],
            "material_ids": [
              "chunk_00/slide_005"
            ],
            "highlight": {
              "primary_material_id": "chunk_00/slide_005",
              "primary_time_ts": "00:07:03,740",
              "primary_time_ms": 423740
            }
          },
          "parent": null,
          "summary": "在建成大规模算力基础设施后，行业焦点转向如何高效利用算力。通过从模型到芯片的全链路协同优化，并结合一站式智能运维平台，实现算力资源向AI生产力的高效转化。"
        },
        {
          "id": "p3",
          "label": "算力安全保障",
          "category": "Pillar",
          "references": {
            "section_ids": [
              "sec_5"
            ],
            "material_ids": [
              "chunk_00/slide_006"
            ],
            "highlight": {
              "primary_material_id": "chunk_00/slide_006",
              "primary_time_ts": "00:09:50,170",
              "primary_time_ms": 590170
            }
          },
          "parent": null,
          "summary": "为解决数据和模型在计算过程中的安全隐患，百度推出了异构机密计算方案。该方案利用硬件级隔离和内存加密技术，保障数据在运行时的全生命周期安全，解决“用得安心”的问题。"
        },
        {
          "id": "p4",
          "label": "开源社区合作",
          "category": "Pillar",
          "references": {
            "section_ids": [
              "sec_6",
              "sec_7"
            ],
            "material_ids": [
              "chunk_00/slide_007",
              "chunk_00/slide_008",
              "chunk_00/slide_009"
            ],
            "highlight": {
              "primary_material_id": "chunk_00/slide_007",
              "primary_time_ts": "00:11:09,890",
              "primary_time_ms": 669890
            }
          },
          "parent": null,
          "summary": "百度与openEuler等开源社区深度合作，共同演进BaiduLinux智能云操作系统，并计划在机密计算、异构融合标准等领域持续投入，通过社区共建和技术联创，服务千行百业。"
        },
        {
          "id": "d1_1",
          "label": "Scale-out: 横向扩展",
          "category": "Technology",
          "references": {
            "section_ids": [
              "sec_3"
            ],
            "material_ids": [
              "chunk_00/slide_004"
            ],
            "highlight": {
              "primary_material_id": "chunk_00/slide_004",
              "primary_time_ts": "00:04:23,000",
              "primary_time_ms": 263000
            }
          },
          "parent": "p1",
          "summary": "通过跨园区RDMA长传方案和超大规模组网技术，突破单一数据中心的物理限制，构建了支持10万卡规模的分布式智算集群架构。"
        },
        {
          "id": "d1_2",
          "label": "Scale-up: 纵向扩展",
          "category": "Technology",
          "references": {
            "section_ids": [
              "sec_3"
            ],
            "material_ids": [
              "chunk_00/slide_004"
            ],
            "highlight": {
              "primary_material_id": "chunk_00/slide_004",
              "primary_time_ts": "00:05:00,000",
              "primary_time_ms": 300000
            }
          },
          "parent": "p1",
          "summary": "通过“超节点”产品，利用高速互联技术（如XPU-Link）将多台服务器内的加速卡紧密耦合，形成统一的高性能算力单元，从根本上解决单机算力不足和跨机通信瓶颈。"
        },
        {
          "id": "d2_1",
          "label": "全链路协同优化",
          "category": "Concept",
          "references": {
            "section_ids": [
              "sec_4"
            ],
            "material_ids": [
              "chunk_00/slide_005"
            ],
            "highlight": {
              "primary_material_id": "chunk_00/slide_005",
              "primary_time_ts": "00:07:15,000",
              "primary_time_ms": 435000
            }
          },
          "parent": "p2",
          "summary": "实施从上层AI任务（模型、框架）到资源管理层（云原生调度）再到基础设施层（操作系统、芯片）的端到端协同优化，以奠定全局效能最优的基础。"
        },
        {
          "id": "d2_2",
          "label": "一站式智能运维",
          "category": "Technology",
          "references": {
            "section_ids": [
              "sec_4"
            ],
            "material_ids": [
              "chunk_00/slide_005"
            ],
            "highlight": {
              "primary_material_id": "chunk_00/slide_005",
              "primary_time_ts": "00:08:20,000",
              "primary_time_ms": 500000
            }
          },
          "parent": "p2",
          "summary": "与openEuler联合打造的运维平台，通过整合全栈监控工具，实现跨层数据统一采集与智能分析，能自动定位超95%的慢节点问题，保障算力持续高效输出。"
        },
        {
          "id": "d3_1",
          "label": "异构机密计算方案",
          "category": "Technology",
          "references": {
            "section_ids": [
              "sec_5"
            ],
            "material_ids": [
              "chunk_00/slide_006"
            ],
            "highlight": {
              "primary_material_id": "chunk_00/slide_006",
              "primary_time_ts": "00:10:10,000",
              "primary_time_ms": 610000
            }
          },
          "parent": "p3",
          "summary": "基于BaiduLinux CloudOS与openEuler的深度融合，利用硬件隔离和内存加密技术，为计算过程提供可信执行环境，保障数据在运行时安全。"
        },
        {
          "id": "d3_2",
          "label": "机密直通技术",
          "category": "Technology",
          "references": {
            "section_ids": [
              "sec_5"
            ],
            "material_ids": [
              "chunk_00/slide_006"
            ],
            "highlight": {
              "primary_material_id": "chunk_00/slide_006",
              "primary_time_ts": "00:10:50,000",
              "primary_time_ms": 650000
            }
          },
          "parent": "p3",
          "summary": "一项创新技术，允许机密虚拟机直接访问物理加速卡，避免了数据在主机和虚拟机间中转带来的性能开销，实现了高安全与高性能的统一。"
        },
        {
          "id": "d4_1",
          "label": "BaiduLinux CloudOS",
          "category": "Technology",
          "references": {
            "section_ids": [
              "sec_2",
              "sec_6"
            ],
            "material_ids": [
              "chunk_00/slide_003",
              "chunk_00/slide_007"
            ],
            "highlight": {
              "primary_material_id": "chunk_00/slide_007",
              "primary_time_ts": "00:11:15,000",
              "primary_time_ms": 675000
            }
          },
          "parent": "p4",
          "summary": "百度与openEuler社区联合发布并持续演进的智能原生底座操作系统，作为智算集群架构承上启下的关键，全面支撑千帆大模型和百舸异构计算平台。"
        },
        {
          "id": "d4_2",
          "label": "未来合作方向",
          "category": "Concept",
          "references": {
            "section_ids": [
              "sec_7"
            ],
            "material_ids": [
              "chunk_00/slide_008",
              "chunk_00/slide_009"
            ],
            "highlight": {
              "primary_material_id": "chunk_00/slide_009",
              "primary_time_ts": "00:13:24,500",
              "primary_time_ms": 804500
            }
          },
          "parent": "p4",
          "summary": "未来将与社区在社区共建（Arm CCA机密计算、异构融合标准、AI工作组）和技术联创（超节点原生OS、系统智能化、机密计算容器化）两方面持续投入。"
        }
      ],
      "edges": [
        {
          "source": "p1",
          "target": "p2",
          "relation_type": "sequential",
          "label": "奠定基础"
        },
        {
          "source": "p2",
          "target": "p3",
          "relation_type": "sequential",
          "label": "保障使用"
        },
        {
          "source": "p3",
          "target": "p4",
          "relation_type": "compositional",
          "label": "依赖生态"
        },
        {
          "source": "d1_1",
          "target": "d1_2",
          "relation_type": "parallel",
          "label": "并列维度"
        },
        {
          "source": "d2_1",
          "target": "d2_2",
          "relation_type": "parallel",
          "label": "并列举措"
        },
        {
          "source": "d3_1",
          "target": "d3_2",
          "relation_type": "compositional",
          "label": "包含"
        },
        {
          "source": "d4_1",
          "target": "d4_2",
          "relation_type": "sequential",
          "label": "展望未来"
        }
      ]
    }
  },
  "output": {
    "part_index": 7,
    "title": "大规模智算集群基础设施建设与BaiduLinux CloudOS实践",
    "type_tag": "基础设施实践",
    "tech_tags": [
      "BaiduLinux CloudOS",
      "openEuler",
      "智算集群",
      "Scale-out",
      "Scale-up",
      "RDMA",
      "异构机密计算",
      "机密直通技术",
      "智能运维",
      "超节点",
      "Arm CCA"
    ],
    "domain_tags": [
      "云计算",
      "人工智能基础设施",
      "操作系统",
      "数据安全",
      "开源社区"
    ],
    "summary": "本环节分享了百度在构建超大规模智算集群方面的技术实践与思考。面对AI算力需求的爆发式增长，百度基于BaiduLinux CloudOS打造了支持超万卡规模的智算集群方案，通过Scale-out（大规模组网）和Scale-up（超节点）双向架构革新突破算力瓶颈。同时，通过全链路协同优化与一站式智能运维平台提升算力效能，并联合openEuler推出异构机密计算方案保障数据安全。未来，百度将继续深化与开源社区的合作，推动智算底座技术的持续演进。",
    "highlights": [
      "成功点亮3.2万卡全国产化超大规模智算集群，实现全栈技术自主创新",
      "基于BaiduLinux CloudOS构建超万卡集群方案，提供稳定高效的云底座",
      "通过Scale-out大规模组网与Scale-up超节点技术，突破算力架构瓶颈",
      "实施从模型到芯片的全链路协同优化，结合智能运维平台最大化算力效能",
      "推出异构机密计算方案，利用硬件隔离与内存加密保障算力使用安全",
      "与openEuler社区深度合作，共同演进智能原生操作系统底座"
    ]
  },
  "artifacts": [
    "output/day1_main/part_07/final/10_part_digest/artifacts/part_digest.json"
  ],
  "metadata": {
    "part_index": 7,
    "title": "大规模智算集群基础设施建设与BaiduLinux CloudOS实践",
    "type_tag": "基础设施实践",
    "tech_tags": 11,
    "domain_tags": 5
  },
  "trace_id": "d9c5e265-6f06-481b-b739-a12784156878",
  "duration_ms": 8850,
  "started_at": "2025-12-17T19:54:58.058638",
  "completed_at": "2025-12-17T11:55:06.910749",
  "step_config": {
    "model": "gemini-3-pro-preview",
    "temperature": 0.2,
    "prompt_file": "/Users/lichuan/Codes/TalkDistill/config/prompts/part_digest.md",
    "schema_file": "/Users/lichuan/Codes/TalkDistill/config/schemas/part_digest.json"
  },
  "dependencies": [
    "graph_gen"
  ]
}