{
  "address": "ai_session/part_01/chunk_00/07_capture_frame/slide_007",
  "status": "completed",
  "input": {
    "video": "output/ai_session/part_01/chunk_00/01_cut_chunk/artifacts/chunk_high.mp4",
    "timestamp": "00:07:30.900",
    "frame_id": "slide_007",
    "output_ext": ".png"
  },
  "output": "output/ai_session/part_01/chunk_00/07_capture_frame/slide_007/artifacts/slide_007.png",
  "artifacts": [
    "output/ai_session/part_01/chunk_00/07_capture_frame/slide_007/artifacts/slide_007.png"
  ],
  "metadata": {
    "timestamp": "00:07:30.900",
    "frame_id": "slide_007",
    "ffmpeg": "/opt/homebrew/bin/ffmpeg"
  },
  "trace_id": null,
  "duration_ms": 1433,
  "started_at": "2025-12-15T22:19:47.527795",
  "completed_at": "2025-12-15T14:19:48.962662",
  "step_config": {},
  "dependencies": [
    "slide_timeline"
  ]
}