{
  "address": "ScienceEducationInnovation/part_03/chunk_00/09_apply_crop/slide_032",
  "status": "completed",
  "input": {
    "image_path": "output/ScienceEducationInnovation/part_03/chunk_00/07_capture_frame/slide_032/artifacts/slide_032.png",
    "crop_region": null
  },
  "output": "output/ScienceEducationInnovation/part_03/chunk_00/09_apply_crop/slide_032/artifacts/slide_032.png",
  "artifacts": [
    "output/ScienceEducationInnovation/part_03/chunk_00/09_apply_crop/slide_032/artifacts/slide_032.png"
  ],
  "metadata": {
    "source": "output/ScienceEducationInnovation/part_03/chunk_00/07_capture_frame/slide_032/artifacts/slide_032.png",
    "applied": false
  },
  "trace_id": null,
  "duration_ms": 257,
  "started_at": "2025-12-17T13:30:52.675058",
  "completed_at": "2025-12-17T05:30:52.944777",
  "step_config": {},
  "dependencies": [
    "capture_frame",
    "crop_decision"
  ]
}