{
  "id": "sec_2",
  "index": 1,
  "title": "困局：“医疗孤岛”的桎梏",
  "time_range": "00:01:54,521 - 00:04:07,301",
  "script": "第一个问题，传统的CDSS，在大模型出现之前，为什么会失灵呢？它有以下几个核心的困难。\n第一个就是数据之困。\n因为CDSS所面临的医疗场景，它对接的业务系统非常多，面临着LIS、RIS、PACS，这些主要是检验系统、检查系统、护理系统、医嘱系统等等。\n这些系统厂商非常多，我们应对的业务场景也复杂，它们的数据之间有时是不协同的。其次，数据的质量，包括它的结构化、非结构化，都是没有办法保证的。\n所以在这种业务场景下，我们所面临的数据特征提取，就是NLP自然语言处理，包括通用识别、数据级的提取等，面临着非常大的困境。\n第二个是算法之困。因为我们面对了这么多的业务系统，那么我们所面临的场景也就多。\n我们面临着更多的动态临床决策，即可能随时随地产生一种新的决策场景。\n这种决策主要是应对国家性的政策，以及国外最新的论文文献所产生的新诊疗路径等。\n在这种场景下，我们往往针对不同场景，会产生一种单一、静态的规则引擎。比如有10个业务场景，就要有10个引擎来支撑。\n虽然它叫规则引擎，但它其实跟业务属性往往也是绑定的。这时我们的维护成本也就越多，我们的小模型产生的也就越多。\n协同之困，其实就是因为前面的问题，产生了协同上的问题。我们诞生了更多的后端服务，也诞生了更多的算法服务。针对这两个问题，我们的服务之间的耦合性越来越高，维护成本也越来越高，就像堆烟囱一样，越堆越高。\n在此基础之上，我们知道医院患者的数据是至关重要的，它往往是一种内网环境，数据安全、包括合规性要求也更高。然而，它的算力服务器的标准往往也不是很高。所以在这种基础之上，我们的算法、模型推理和业务系统之间的资源协调也会产生很多问题。",
  "summary": "讲者分析了传统临床决策支持系统（CDSS）失灵的四大核心困境。首先是数据之困，医疗数据来源多样、标准不一且质量参差，导致特征提取困难。其次是算法之困与协同之困，多变的临床场景催生了大量静态、独立的模型与服务，导致维护成本和系统耦合度剧增。最后，医院内网环境下的数据安全要求与有限的算力资源也构成了严峻挑战。"
}