{
  "address": "ai_session/part_10/chunk_00/09_apply_crop/slide_010",
  "status": "completed",
  "input": {
    "image_path": "output/ai_session/part_10/chunk_00/07_capture_frame/slide_010/artifacts/slide_010.png",
    "crop_region": {
      "x": 656,
      "y": 196,
      "width": 1263,
      "height": 883
    }
  },
  "output": "output/ai_session/part_10/chunk_00/09_apply_crop/slide_010/artifacts/slide_010.png",
  "artifacts": [
    "output/ai_session/part_10/chunk_00/09_apply_crop/slide_010/artifacts/slide_010.png"
  ],
  "metadata": {
    "source": "output/ai_session/part_10/chunk_00/07_capture_frame/slide_010/artifacts/slide_010.png",
    "applied": true,
    "crop_region": {
      "x": 656,
      "y": 196,
      "width": 1263,
      "height": 883
    },
    "size": {
      "width": 1263,
      "height": 883
    }
  },
  "trace_id": null,
  "duration_ms": 73,
  "started_at": "2025-12-16T01:21:34.120687",
  "completed_at": "2025-12-15T17:21:34.197413",
  "step_config": {},
  "dependencies": [
    "capture_frame",
    "crop_decision"
  ]
}