{
  "address": "ai_session/part_05/final/01_merge_slides",
  "status": "completed",
  "input": {
    "part_start": 5057.08,
    "part_duration": 869.1499999999996,
    "chunk_indices": [
      0
    ],
    "neighbor_slides": 2,
    "output_name": "materials.json"
  },
  "output": [
    {
      "id": "chunk_00/slide_001",
      "type": "slide",
      "start_ms": 1000,
      "end_ms": 13500,
      "title": "AI分论坛 主背景画面",
      "description": "",
      "asset_name": null,
      "source": null,
      "best_capture_ms": null,
      "crop_region": null,
      "text_span": null,
      "attributes": {
        "chunk": 0,
        "slide_id": "slide_001",
        "slide_index": 1,
        "offset_ms": 0
      },
      "kept": true,
      "duplicate_of": null,
      "duplicates": [],
      "notes": ""
    },
    {
      "id": "chunk_00/slide_002",
      "type": "slide",
      "start_ms": 16000,
      "end_ms": 28000,
      "title": "通算/智算大模型推理加速协同探索与实践 演讲标题页",
      "description": "",
      "asset_name": null,
      "source": null,
      "best_capture_ms": null,
      "crop_region": null,
      "text_span": null,
      "attributes": {
        "chunk": 0,
        "slide_id": "slide_002",
        "slide_index": 2,
        "offset_ms": 0
      },
      "kept": true,
      "duplicate_of": null,
      "duplicates": [],
      "notes": ""
    },
    {
      "id": "chunk_00/slide_003",
      "type": "slide",
      "start_ms": 31000,
      "end_ms": 162000,
      "title": "业务背景 传统的推理场景与痛点",
      "description": "",
      "asset_name": null,
      "source": null,
      "best_capture_ms": null,
      "crop_region": null,
      "text_span": null,
      "attributes": {
        "chunk": 0,
        "slide_id": "slide_003",
        "slide_index": 3,
        "offset_ms": 0
      },
      "kept": true,
      "duplicate_of": null,
      "duplicates": [],
      "notes": ""
    },
    {
      "id": "chunk_00/slide_004",
      "type": "slide",
      "start_ms": 166000,
      "end_ms": 357000,
      "title": "CPU+XPU算力协同方案 通算推理加速架构图",
      "description": "",
      "asset_name": null,
      "source": null,
      "best_capture_ms": null,
      "crop_region": null,
      "text_span": null,
      "attributes": {
        "chunk": 0,
        "slide_id": "slide_004",
        "slide_index": 4,
        "offset_ms": 0
      },
      "kept": true,
      "duplicate_of": null,
      "duplicates": [],
      "notes": ""
    },
    {
      "id": "chunk_00/slide_005",
      "type": "slide",
      "start_ms": 361000,
      "end_ms": 554000,
      "title": "异构算力调度 PD分离与动态调度",
      "description": "",
      "asset_name": null,
      "source": null,
      "best_capture_ms": null,
      "crop_region": null,
      "text_span": null,
      "attributes": {
        "chunk": 0,
        "slide_id": "slide_005",
        "slide_index": 5,
        "offset_ms": 0
      },
      "kept": true,
      "duplicate_of": null,
      "duplicates": [],
      "notes": ""
    },
    {
      "id": "chunk_00/slide_006",
      "type": "slide",
      "start_ms": 558000,
      "end_ms": 704000,
      "title": "通算推理加速 技术概览：Numa亲和、多线程并行、算子优化",
      "description": "",
      "asset_name": null,
      "source": null,
      "best_capture_ms": null,
      "crop_region": null,
      "text_span": null,
      "attributes": {
        "chunk": 0,
        "slide_id": "slide_006",
        "slide_index": 6,
        "offset_ms": 0
      },
      "kept": true,
      "duplicate_of": null,
      "duplicates": [],
      "notes": ""
    },
    {
      "id": "chunk_00/slide_007",
      "type": "slide",
      "start_ms": 708000,
      "end_ms": 760000,
      "title": "通算推理加速 详细技术：Numa亲和与算子优化实现",
      "description": "",
      "asset_name": null,
      "source": null,
      "best_capture_ms": null,
      "crop_region": null,
      "text_span": null,
      "attributes": {
        "chunk": 0,
        "slide_id": "slide_007",
        "slide_index": 7,
        "offset_ms": 0
      },
      "kept": true,
      "duplicate_of": null,
      "duplicates": [],
      "notes": ""
    },
    {
      "id": "chunk_00/slide_008",
      "type": "slide",
      "start_ms": 763000,
      "end_ms": 811000,
      "title": "业务效果 性能提升对比柱状图",
      "description": "",
      "asset_name": null,
      "source": null,
      "best_capture_ms": null,
      "crop_region": null,
      "text_span": null,
      "attributes": {
        "chunk": 0,
        "slide_id": "slide_008",
        "slide_index": 8,
        "offset_ms": 0
      },
      "kept": true,
      "duplicate_of": null,
      "duplicates": [],
      "notes": ""
    },
    {
      "id": "chunk_00/slide_009",
      "type": "slide",
      "start_ms": 814000,
      "end_ms": 842000,
      "title": "下一步工作方向 MOE模型与分布式调度",
      "description": "",
      "asset_name": null,
      "source": null,
      "best_capture_ms": null,
      "crop_region": null,
      "text_span": null,
      "attributes": {
        "chunk": 0,
        "slide_id": "slide_009",
        "slide_index": 9,
        "offset_ms": 0
      },
      "kept": true,
      "duplicate_of": null,
      "duplicates": [],
      "notes": ""
    },
    {
      "id": "chunk_00/slide_010",
      "type": "slide",
      "start_ms": 845000,
      "end_ms": 868000,
      "title": "AI分论坛 结束画面",
      "description": "",
      "asset_name": null,
      "source": null,
      "best_capture_ms": null,
      "crop_region": null,
      "text_span": null,
      "attributes": {
        "chunk": 0,
        "slide_id": "slide_010",
        "slide_index": 10,
        "offset_ms": 0
      },
      "kept": true,
      "duplicate_of": null,
      "duplicates": [],
      "notes": ""
    }
  ],
  "artifacts": [
    "output/ai_session/part_05/final/01_merge_slides/artifacts/materials.json"
  ],
  "metadata": {
    "chunks": 1,
    "materials_total": 10,
    "materials_kept": 10,
    "boundary_dedupe_pairs": 0
  },
  "trace_id": null,
  "duration_ms": 11,
  "started_at": "2025-12-15T18:14:32.986577",
  "completed_at": "2025-12-15T10:14:32.999062",
  "step_config": {},
  "dependencies": []
}