{
  "address": "ScienceEducationInnovation/part_02/chunk_00/07_capture_frame/slide_017",
  "status": "completed",
  "input": {
    "video": "output/ScienceEducationInnovation/part_02/chunk_00/01_cut_chunk/artifacts/chunk_high.mp4",
    "timestamp": "00:10:14.580",
    "frame_id": "slide_017",
    "output_ext": ".png"
  },
  "output": "output/ScienceEducationInnovation/part_02/chunk_00/07_capture_frame/slide_017/artifacts/slide_017.png",
  "artifacts": [
    "output/ScienceEducationInnovation/part_02/chunk_00/07_capture_frame/slide_017/artifacts/slide_017.png"
  ],
  "metadata": {
    "timestamp": "00:10:14.580",
    "frame_id": "slide_017",
    "ffmpeg": "/opt/homebrew/bin/ffmpeg"
  },
  "trace_id": null,
  "duration_ms": 2264,
  "started_at": "2025-12-17T10:50:27.899749",
  "completed_at": "2025-12-17T02:50:30.165469",
  "step_config": {},
  "dependencies": [
    "slide_timeline"
  ]
}