{
  "address": "ScienceEducationInnovation/part_04/chunk_00/07_capture_frame/slide_004",
  "status": "completed",
  "input": {
    "video": "output/ScienceEducationInnovation/part_04/chunk_00/01_cut_chunk/artifacts/chunk_high.mp4",
    "timestamp": "00:01:55.700",
    "frame_id": "slide_004",
    "output_ext": ".png"
  },
  "output": "output/ScienceEducationInnovation/part_04/chunk_00/07_capture_frame/slide_004/artifacts/slide_004.png",
  "artifacts": [
    "output/ScienceEducationInnovation/part_04/chunk_00/07_capture_frame/slide_004/artifacts/slide_004.png"
  ],
  "metadata": {
    "timestamp": "00:01:55.700",
    "frame_id": "slide_004",
    "ffmpeg": "/opt/homebrew/bin/ffmpeg"
  },
  "trace_id": null,
  "duration_ms": 538,
  "started_at": "2025-12-21T23:17:27.052038",
  "completed_at": "2025-12-21T15:17:27.591350",
  "step_config": {},
  "dependencies": [
    "slide_timeline"
  ]
}