{
  "part_index": 5,
  "title": "openEuler引领AI时代操作系统与超级节点构建",
  "type_tag": "操作系统演进与AI战略",
  "tech_tags": [
    "openEuler",
    "超级节点",
    "Intelligence Boom",
    "MICA架构",
    "AI for OS",
    "24.03 LTS SP3",
    "嵌入式系统",
    "OT/IT融合",
    "异构算力"
  ],
  "domain_tags": [
    "操作系统",
    "人工智能",
    "开源社区",
    "工业控制",
    "边缘计算"
  ],
  "summary": "本环节回顾了 openEuler 过去五年成为中国新增市场份额第一的成就，并发布未来五年战略：从跟随转向引领，拥抱超级节点与 AI。重点介绍了为应对算力匹配挑战而构建的操作系统新底座，发布首个支持超级节点的版本 24.03 LTS SP3。同时推出 Intelligence Boom 开源 AI 解决方案，将 AI 应用于社区治理及开发全流程，并凭借 MICA 架构拓展嵌入式与工控领域，推动 OT/IT 融合与产业智能化转型。",
  "highlights": [
    "openEuler 2023年成为中国新增市场份额第一，集齐三大芯片厂商支持",
    "发布首个支持超级节点的版本 24.03 LTS SP3，构建操作系统新底座",
    "推出 Intelligence Boom 开源 AI 解决方案，大幅缩短 AI 应用开发周期",
    "将 AI 技术应用于软件包升级与 Bug 修复，实现社区治理智能化",
    "通过 MICA 架构与嵌入式 AI 版本，深入工控领域推动 OT/IT 融合",
    "未来五年战略确立：拥抱超级节点与 AI，坚定走向全球化"
  ]
}