{
  "address": "ScienceEducationInnovation/part_03/chunk_00/07_capture_frame/slide_024",
  "status": "completed",
  "input": {
    "video": "output/ScienceEducationInnovation/part_03/chunk_00/01_cut_chunk/artifacts/chunk_high.mp4",
    "timestamp": "00:16:34.180",
    "frame_id": "slide_024",
    "output_ext": ".png"
  },
  "output": "output/ScienceEducationInnovation/part_03/chunk_00/07_capture_frame/slide_024/artifacts/slide_024.png",
  "artifacts": [
    "output/ScienceEducationInnovation/part_03/chunk_00/07_capture_frame/slide_024/artifacts/slide_024.png"
  ],
  "metadata": {
    "timestamp": "00:16:34.180",
    "frame_id": "slide_024",
    "ffmpeg": "/opt/homebrew/bin/ffmpeg"
  },
  "trace_id": null,
  "duration_ms": 1945,
  "started_at": "2025-12-19T01:07:58.337215",
  "completed_at": "2025-12-18T17:08:00.283739",
  "step_config": {},
  "dependencies": [
    "slide_timeline"
  ]
}