{
  "address": "day1_main/part_05/chunk_00/07_capture_frame/slide_012",
  "status": "completed",
  "input": {
    "video": "output/day1_main/part_05/chunk_00/01_cut_chunk/artifacts/chunk_high.mp4",
    "timestamp": "00:15:06.440",
    "frame_id": "slide_012",
    "output_ext": ".png"
  },
  "output": "output/day1_main/part_05/chunk_00/07_capture_frame/slide_012/artifacts/slide_012.png",
  "artifacts": [
    "output/day1_main/part_05/chunk_00/07_capture_frame/slide_012/artifacts/slide_012.png"
  ],
  "metadata": {
    "timestamp": "00:15:06.440",
    "frame_id": "slide_012",
    "ffmpeg": "/opt/homebrew/bin/ffmpeg"
  },
  "trace_id": null,
  "duration_ms": 1834,
  "started_at": "2025-12-17T17:23:07.717112",
  "completed_at": "2025-12-17T09:23:09.552429",
  "step_config": {},
  "dependencies": [
    "slide_timeline"
  ]
}