{
  "address": "ScienceEducationInnovation/part_04/chunk_00/07_capture_frame/slide_015",
  "status": "completed",
  "input": {
    "video": "output/ScienceEducationInnovation/part_04/chunk_00/01_cut_chunk/artifacts/chunk_high.mp4",
    "timestamp": "00:11:18.100",
    "frame_id": "slide_015",
    "output_ext": ".png"
  },
  "output": "output/ScienceEducationInnovation/part_04/chunk_00/07_capture_frame/slide_015/artifacts/slide_015.png",
  "artifacts": [
    "output/ScienceEducationInnovation/part_04/chunk_00/07_capture_frame/slide_015/artifacts/slide_015.png"
  ],
  "metadata": {
    "timestamp": "00:11:18.100",
    "frame_id": "slide_015",
    "ffmpeg": "/opt/homebrew/bin/ffmpeg"
  },
  "trace_id": null,
  "duration_ms": 1590,
  "started_at": "2025-12-21T23:17:27.054916",
  "completed_at": "2025-12-21T15:17:28.645929",
  "step_config": {},
  "dependencies": [
    "slide_timeline"
  ]
}