{
  "address": "ai_session/part_06/chunk_00/09_apply_crop/slide_013",
  "status": "completed",
  "input": {
    "image_path": "output/ai_session/part_06/chunk_00/07_capture_frame/slide_013/artifacts/slide_013.png",
    "crop_region": {
      "x": 579,
      "y": 184,
      "width": 1340,
      "height": 895
    }
  },
  "output": "output/ai_session/part_06/chunk_00/09_apply_crop/slide_013/artifacts/slide_013.png",
  "artifacts": [
    "output/ai_session/part_06/chunk_00/09_apply_crop/slide_013/artifacts/slide_013.png"
  ],
  "metadata": {
    "source": "output/ai_session/part_06/chunk_00/07_capture_frame/slide_013/artifacts/slide_013.png",
    "applied": true,
    "crop_region": {
      "x": 579,
      "y": 184,
      "width": 1340,
      "height": 895
    },
    "size": {
      "width": 1340,
      "height": 895
    }
  },
  "trace_id": null,
  "duration_ms": 145,
  "started_at": "2025-12-15T23:49:14.310801",
  "completed_at": "2025-12-15T15:49:14.456364",
  "step_config": {},
  "dependencies": [
    "capture_frame",
    "crop_decision"
  ]
}