{
  "graph_data": {
    "nodes": [
      {
        "id": "p1",
        "label": "问题与挑战",
        "category": "Pillar",
        "references": {
          "section_ids": [
            "sec_2",
            "sec_3"
          ],
          "material_ids": [
            "chunk_00/slide_003",
            "chunk_00/slide_004",
            "chunk_00/slide_005",
            "chunk_00/slide_006",
            "chunk_00/slide_007",
            "chunk_00/slide_008",
            "chunk_00/slide_009"
          ],
          "highlight": {
            "primary_material_id": "chunk_00/slide_006",
            "primary_time_ts": "00:02:59,200",
            "primary_time_ms": 179200
          }
        },
        "parent": null,
        "summary": "演讲首先定义了利用AI实现端到端攻击检测的科学问题，即让AI自动分析原始日志并生成人类可读的攻击报告。然而，这一目标面临三大关键挑战：数据质量差（训练数据少、标注成本高、分布不均）、语义理解困难（日志与自然语言的鸿沟、行为二义性、数据维度高）以及成本限制（算力投入有限、性能要求严苛）。"
      },
      {
        "id": "p2",
        "label": "核心思路与方法",
        "category": "Pillar",
        "references": {
          "section_ids": [
            "sec_4"
          ],
          "material_ids": [
            "chunk_00/slide_010",
            "chunk_00/slide_011"
          ],
          "highlight": {
            "primary_material_id": "chunk_00/slide_011",
            "primary_time_ts": "00:08:05,100",
            "primary_time_ms": 485100
          }
        },
        "parent": null,
        "summary": "为应对挑战，研究采用了系统、算法和硬件协同优化的策略。核心思路是基于溯源分析（Provenance Analysis），通过采集操作系统底层日志（网络、文件、进程）来构建一个数据流动图（Provenance Graph）。然后，利用无监督学习算法在该图上主动挖掘异常结构与特征，从而自动识别和定位攻击行为。"
      },
      {
        "id": "p3",
        "label": "三大关键技术",
        "category": "Pillar",
        "references": {
          "section_ids": [
            "sec_5",
            "sec_6",
            "sec_7",
            "sec_4"
          ],
          "material_ids": [
            "chunk_00/slide_012",
            "chunk_00/slide_013",
            "chunk_00/slide_014",
            "chunk_00/slide_015",
            "chunk_00/slide_016",
            "chunk_00/slide_017",
            "chunk_00/slide_018",
            "chunk_00/slide_019",
            "chunk_00/slide_020",
            "chunk_00/slide_021",
            "chunk_00/slide_022",
            "chunk_00/slide_023",
            "chunk_00/slide_024",
            "chunk_00/slide_025",
            "chunk_00/slide_026",
            "chunk_00/slide_027"
          ],
          "highlight": {
            "primary_material_id": "chunk_00/slide_012",
            "primary_time_ts": "00:08:46,455",
            "primary_time_ms": 526455
          }
        },
        "parent": null,
        "summary": "为实现核心思路，研发了三项关键技术。一是无监督快速日志过滤，通过两阶段过滤策略高效识别稀疏的攻击事件。二是基于大语言模型的日志理解，利用gIoC中间表述和逻辑推理弥合语义鸿沟，自动生成攻击报告。三是低开销日志采集系统，通过软硬件协同优化（分片式架构与DPU卸载）将系统开销控制在3%以内。"
      },
      {
        "id": "p4",
        "label": "系统实现与展望",
        "category": "Pillar",
        "references": {
          "section_ids": [
            "sec_8",
            "sec_9"
          ],
          "material_ids": [
            "chunk_00/slide_028",
            "chunk_00/slide_029",
            "chunk_00/slide_030",
            "chunk_00/slide_031"
          ],
          "highlight": {
            "primary_material_id": "chunk_00/slide_028",
            "primary_time_ts": "00:16:52,345",
            "primary_time_ms": 1012345
          }
        },
        "parent": null,
        "summary": "所有技术被集成到一个名为SysArmor的原型系统中，并已在openEuler社区开源。未来计划公开数据集以促进社区发展，并将核心算法拓展至AI大模型安全、金融反诈等新领域。"
      },
      {
        "id": "d1_1",
        "label": "数据质量差",
        "category": "Problem",
        "references": {
          "section_ids": [
            "sec_3"
          ],
          "material_ids": [
            "chunk_00/slide_007"
          ],
          "highlight": {
            "primary_material_id": "chunk_00/slide_007",
            "primary_time_ts": "00:03:45,100",
            "primary_time_ms": 225100
          }
        },
        "parent": "p1",
        "summary": "AI攻击检测面临数据质量挑战，体现在：1) 训练数据量不足，因企业数据隐私性强，学术界多用模拟数据；2) 标注成本高、质量低，需要昂贵的专家知识，且效率低下；3) 数据分布极端不均衡，攻击数据与正常数据比例悬殊（如1:10,000,000），给模型训练带来巨大困难。"
      },
      {
        "id": "d1_2",
        "label": "语义理解困难",
        "category": "Problem",
        "references": {
          "section_ids": [
            "sec_3"
          ],
          "material_ids": [
            "chunk_00/slide_008"
          ],
          "highlight": {
            "primary_material_id": "chunk_00/slide_008",
            "primary_time_ts": "00:05:12,200",
            "primary_time_ms": 312200
          }
        },
        "parent": "p1",
        "summary": "让AI理解底层日志并生成报告存在语义鸿沟。具体包括：1) 底层日志（机器语言）与自然语言的语义差异巨大；2) 行为判断存在二义性，同一操作的性质（正常/恶意）依赖于上下文；3) 数据维度过高，长期攻击产生的海量日志远超当前大模型的上下文窗口处理能力。"
      },
      {
        "id": "d1_3",
        "label": "成本限制大",
        "category": "Problem",
        "references": {
          "section_ids": [
            "sec_3"
          ],
          "material_ids": [
            "chunk_00/slide_009"
          ],
          "highlight": {
            "primary_material_id": "chunk_00/slide_009",
            "primary_time_ts": "00:06:24,100",
            "primary_time_ms": 384100
          }
        },
        "parent": "p1",
        "summary": "安全行业特性导致资源投入受限，与AI所需的高昂成本形成矛盾。行业普遍不愿意投入巨额资金购买算力，但同时对检测的时效性和处理的数据规模有严苛要求，构成了严峻的工程挑战。"
      },
      {
        "id": "d2_1",
        "label": "协同优化策略",
        "category": "Concept",
        "references": {
          "section_ids": [
            "sec_4"
          ],
          "material_ids": [
            "chunk_00/slide_010"
          ],
          "highlight": {
            "primary_material_id": "chunk_00/slide_010",
            "primary_time_ts": "00:07:02,445",
            "primary_time_ms": 422445
          }
        },
        "parent": "p2",
        "summary": "为应对三大挑战，研究采取了系统、算法、硬件的协同优化策略。通过与华为合作获取真实数据，采用无监督算法解决标注依赖，基于溯源分析消除语义二义性，并通过系统和算法优化来控制成本。"
      },
      {
        "id": "d2_2",
        "label": "溯源分析",
        "category": "Concept",
        "references": {
          "section_ids": [
            "sec_4"
          ],
          "material_ids": [
            "chunk_00/slide_011"
          ],
          "highlight": {
            "primary_material_id": "chunk_00/slide_011",
            "primary_time_ts": "00:08:05,100",
            "primary_time_ms": 485100
          }
        },
        "parent": "p2",
        "summary": "核心思路是溯源分析。通过全面采集操作系统日志（网络、文件、进程），构建一个数据流动图（Provenance Graph），其中节点代表实体，边代表数据流动。最后在该图上应用无监督学习算法，主动挖掘异常特征以识别攻击。"
      },
      {
        "id": "d3_1",
        "label": "无监督快速日志过滤",
        "category": "Technology",
        "references": {
          "section_ids": [
            "sec_5",
            "sec_4"
          ],
          "material_ids": [
            "chunk_00/slide_012",
            "chunk_00/slide_013",
            "chunk_00/slide_014",
            "chunk_00/slide_015",
            "chunk_00/slide_016"
          ],
          "highlight": {
            "primary_material_id": "chunk_00/slide_012",
            "primary_time_ts": "00:08:46,455",
            "primary_time_ms": 526455
          }
        },
        "parent": "p3",
        "summary": "针对海量日志中攻击事件极端稀疏的问题，提出一种无监督快速过滤技术。利用攻击事件的“统计异常性”和“拓扑聚合性”规律，通过两阶段过滤（快速过滤+深度分析）和改进的在线搜索算法，在保证高检出率的同时，将误报率降低了两个数量级。"
      },
      {
        "id": "d3_2",
        "label": "基于LLM的日志理解",
        "category": "Technology",
        "references": {
          "section_ids": [
            "sec_6"
          ],
          "material_ids": [
            "chunk_00/slide_017",
            "chunk_00/slide_018",
            "chunk_00/slide_019",
            "chunk_00/slide_020",
            "chunk_00/slide_021"
          ],
          "highlight": {
            "primary_material_id": "chunk_00/slide_018",
            "primary_time_ts": "00:12:28,100",
            "primary_time_ms": 748100
          }
        },
        "parent": "p3",
        "summary": "为弥合底层日志与自然语言报告的语义鸿沟，提出名为gIoC的中间表述，使大模型能理解底层事件并泛化。结合攻击步骤的逻辑推理系统消除误报后，由安全Agent自动生成可读的攻击报告，显著降低了误报率。"
      },
      {
        "id": "d3_3",
        "label": "低开销日志采集",
        "category": "Technology",
        "references": {
          "section_ids": [
            "sec_7"
          ],
          "material_ids": [
            "chunk_00/slide_022",
            "chunk_00/slide_023",
            "chunk_00/slide_024",
            "chunk_00/slide_025",
            "chunk_00/slide_026",
            "chunk_00/slide_027"
          ],
          "highlight": {
            "primary_material_id": "chunk_00/slide_027",
            "primary_time_ts": "00:16:30,100",
            "primary_time_ms": 990100
          }
        },
        "parent": "p3",
        "summary": "为解决传统监控方案的高性能开销问题，从软硬件两方面进行优化。软件上采用分片式架构实现进程隔离；硬件上将监控负载卸载到DPU。最终在采集每个系统调用的情况下，系统开销仍控制在3%以内，相比主流方案降低一个数量级。"
      },
      {
        "id": "d4_1",
        "label": "原型系统: SysArmor",
        "category": "Result",
        "references": {
          "section_ids": [
            "sec_8"
          ],
          "material_ids": [
            "chunk_00/slide_028"
          ],
          "highlight": {
            "primary_material_id": "chunk_00/slide_028",
            "primary_time_ts": "00:16:52,345",
            "primary_time_ms": 1012345
          }
        },
        "parent": "p4",
        "summary": "实现了一个名为SysArmor的系统原型，集成了所有关键技术。该系统能实现端到端攻击分析，并利用大模型解释攻击过程。项目已在华为openEuler社区开源。"
      },
      {
        "id": "d4_2",
        "label": "未来工作与应用拓展",
        "category": "Concept",
        "references": {
          "section_ids": [
            "sec_9"
          ],
          "material_ids": [
            "chunk_00/slide_030"
          ],
          "highlight": {
            "primary_material_id": "chunk_00/slide_030",
            "primary_time_ts": "00:17:49,100",
            "primary_time_ms": 1069100
          }
        },
        "parent": "p4",
        "summary": "未来计划包括在openEuler社区持续建设SysArmor、公开数据集以支持社区算法迭代。同时，核心算法已开始拓展应用到AI大模型安全和金融反诈等领域，并取得初步成功。"
      }
    ],
    "edges": [
      {
        "source": "p1",
        "target": "p2",
        "relation_type": "sequential",
        "label": "提出思路"
      },
      {
        "source": "p2",
        "target": "p3",
        "relation_type": "sequential",
        "label": "研发技术"
      },
      {
        "source": "p3",
        "target": "p4",
        "relation_type": "sequential",
        "label": "集成实现"
      },
      {
        "source": "d1_1",
        "target": "d1_2",
        "relation_type": "parallel",
        "label": "并列挑战"
      },
      {
        "source": "d1_2",
        "target": "d1_3",
        "relation_type": "parallel",
        "label": "并列挑战"
      },
      {
        "source": "d2_1",
        "target": "d2_2",
        "relation_type": "compositional",
        "label": "引出"
      },
      {
        "source": "d3_1",
        "target": "d3_2",
        "relation_type": "parallel",
        "label": "并列技术"
      },
      {
        "source": "d3_2",
        "target": "d3_3",
        "relation_type": "parallel",
        "label": "并列技术"
      },
      {
        "source": "d4_1",
        "target": "d4_2",
        "relation_type": "sequential",
        "label": "展望未来"
      }
    ]
  },
  "sections": [
    {
      "id": "sec_1",
      "index": 0,
      "title": "演讲开场",
      "time_range": "00:00:05,475 - 00:00:45,910",
      "summary": "演讲者首先感谢主持人和华为的邀请，并提及该项目是与 openEuler 长期合作的成果，之前已分享过。接着，他特别感谢了 openEuler 团队成员的贡献。最后，引出本次演讲的主题：人工智能端到端的复杂攻击检测技术。",
      "refined_script": "# 人工智能端到端的复杂攻击检测技术\n\n## 1. 项目背景\n\n本项目是与 openEuler 社区长期合作的成果，旨在持续演进和探索人工智能在复杂攻击检测领域的应用。项目自 2023 年起已取得阶段性进展，本次将分享最新的研究成果。\n\n## 2. 核心主题\n\n本次分享将重点介绍基于人工智能的端到端复杂攻击检测技术。",
      "original_script": "好，谢谢主持人的介绍。\n我在这儿也是感谢华为给我们邀请，我们今天介绍这个项目，实际上是跟openEuler合作很长时间了。\n我们23年开始就已经在这讲过一次，24年，今天很荣幸再讲一次。\n是我们一直演进，跟openEuler一个长期的合作项目。\nopenEuler的软件海、任雨欣给我们做了很多贡献。\n所以今天我们把最新的进展跟各位老师、各位同行分享一下。\n我们今天讲的是人工智能端到端的复杂攻击检测技术。",
      "start_ms": 5475,
      "end_ms": 45910,
      "material_ids": [
        "chunk_00/slide_001",
        "chunk_00/slide_002"
      ],
      "summary_hint": "开场白与主题介绍",
      "notes": "讲者介绍了与openEuler长期合作的项目，并引出本次分享的主题：人工智能端到端的复杂攻击检测技术。",
      "lead_text": "好，谢谢主持人的介绍。",
      "tail_text": "我们今天讲的是人工智能端到端的复杂攻击检测技术。",
      "text_span": {
        "start": 0,
        "end": 6
      }
    },
    {
      "id": "sec_2",
      "index": 1,
      "title": "背景介绍：APT攻击检测的挑战",
      "time_range": "00:00:46,675 - 00:02:58,995",
      "summary": "本节内容介绍了研究背景，即防御当前复杂的APT攻击。与20年前相比，现在的网络安全环境已发生巨大变化，攻击者不再是分散的业余选手。",
      "refined_script": "## 背景介绍：APT 攻击检测的挑战\n\n### 网络安全环境的演变\n\n与大约20年前相比，当今的网络安全环境已发生显著变化。过去的攻击者多为分散的、业余的个体，其攻击行为相对零散。\n\n### 当前的威胁：APT 攻击\n\n当前，我们面临的主要挑战是防御高度复杂的“高级持续性威胁”（Advanced Persistent Threat, APT）攻击。这类攻击通常由组织严密、资源充足的专业团体发起，具备以下特点：\n\n- **高级性 (Advanced)**：攻击者使用复杂且定制化的工具和技术。\n- **持续性 (Persistent)**：攻击行为周期长，潜伏在目标网络中，持续进行信息窃取或破坏活动。\n- **威胁性 (Threat)**：攻击目标明确，通常针对高价值的组织或个人，意图造成重大损失。",
      "original_script": "我们的背景是要防御现在这种很复杂的APT攻击。\nAPT攻击，就是说我们现在的安全环境跟大概20年前相比，已经变化很大了。\n20年前可能是一些比较业余的选手，大家很分散，做一些很有趣的攻击。",
      "start_ms": 46675,
      "end_ms": 178995,
      "material_ids": [
        "chunk_00/slide_003",
        "chunk_00/slide_004",
        "chunk_00/slide_005"
      ],
      "summary_hint": "介绍当前APT攻击的特征以及现有检测技术面临的挑战。",
      "notes": "The original end sentence '20年前可能是一些比较业余的选手，大家很分散，做一些很有趣的攻击。' appears multiple times. I've aligned the end time with the last relevant sentence of the section's topic, which is '那么这样的人工成本是很高的，这里边可以看到，可扩展性很弱的。' at 00:02:58,995.",
      "lead_text": "我们的背景是要防御现在这种很复杂的APT攻击。",
      "tail_text": "20年前可能是一些比较业余的选手，大家很分散，做一些很有趣的攻击。",
      "text_span": {
        "start": 7,
        "end": 9
      }
    },
    {
      "id": "sec_3",
      "index": 2,
      "title": "科学问题与关键挑战",
      "time_range": "00:03:04,755 - 00:07:01,680",
      "summary": "讲者提出了利用AI实现端到端网络攻击检测的科学问题，即让AI自动分析原始日志并生成人类可读的攻击报告。然而，直接使用大语言模型效果不佳，主要面临三大挑战。首先是数据质量差，体现在训练数据量少、标注成本高且质量低、以及攻击与正常数据分布极端不均。其次是语义理解困难，存在底层日志与自然语言的语义鸿沟、行为判断的二义性以及数据维度过高的问题。最后是成本限制，安全行业投入有限，难以支撑大规模、高时效性的计算需求。",
      "refined_script": "# 科学问题与关键挑战：利用 AI 实现端到端网络攻击检测\n\n## 1. 科学问题定义\n\n我们的目标是构建一个端到端的 AI 系统，该系统能够直接处理原始的系统运行日志，通过算法分析，自动生成人类可读的、描述复杂攻击场景（如 APT 攻击）的报告。这个过程旨在完全替代对人工经验和规则的依赖。\n\n尽管大语言模型（LLM）发展迅速，但将原始日志直接输入大模型进行分析的效果并不理想。这主要源于以下三大关键挑战。\n\n## 2. 关键挑战\n\n### 2.1 数据质量差\n\nAI 模型的能力根植于数据，但在网络攻击检测领域，高质量数据的获取极为困难。\n\n- **训练数据量不足**\n  - 安全数据（如企业内部运维日志）具有隐私性，企业通常不会公开用于模型训练。\n  - 学术界使用的数据多为模拟数据，其对模型能力的提升非常有限。\n\n- **标注成本高、质量低**\n  - 安全数据的标注需要具备深厚专业知识的人员（如安全领域的博士生），成本远高于普通的数据标注任务。\n  - 即便是专业人士，面对海量复杂的日志，标注效率低下且质量难以保证，往往只能识别简单动作，无法精确关联到具体数据点。\n\n- **数据分布极端不均衡**\n  - 在真实环境中，攻击数据相对于正常数据的比例极其悬殊，可能达到 1:10,000,000 的级别。\n  - 这种极端稀疏的数据分布给机器学习模型的训练带来了巨大困难。\n\n### 2.2 语义理解困难\n\n让 AI 理解底层日志并用自然语言解释攻击行为，面临着巨大的语义鸿沟。\n\n- **底层日志与自然语言的语义鸿沟**\n  - 底层日志（如操作系统日志、网络日志）记录的是机器层面的操作（如文件访问、哈希值），与人类能够理解的自然语言语义之间存在巨大差异，目前缺乏有效的弥合方法。\n\n- **行为判断的二义性**\n  - 同一个行为（如访问文件）的性质（正常或恶意）高度依赖于其上下文。正常用户的操作是合规的，而由病毒触发的相同操作则是恶意的。模型必须具备强大的上下文理解能力才能做出准确判断。\n\n- **数据维度过高**\n  - 一次完整的攻击行为可能持续数月，产生海量的日志数据。\n  - 当前大模型的上下文窗口（Context Window），即使达到百万级 Token，也仅能覆盖极短时间（如半天）的日志量，远不足以捕捉长期、复杂的攻击全貌。\n\n### 2.3 成本限制\n\n安全行业的特性决定了其在资源投入上受到严格限制，这与 AI 模型训练和推理所需的高昂成本形成矛盾。\n\n- **有限的算力投入**\n  - 安全行业，特别是在国内，普遍不愿意像通用大模型领域那样投入巨额资金购买大量计算资源（如 GPU）。\n\n- **严苛的性能要求**\n  - **时效性**：攻击检测必须足够及时，以便快速响应。\n  - **数据规模**：端到端的检测方法需要处理海量的输入数据。\n\n因此，在成本受限的前提下，要实现对大规模数据的及时检测，构成了严峻的工程挑战。",
      "original_script": "20年前可能是一些比较业余的选手，大家很分散，做一些很有趣的攻击。\n我们完全把对人工的依赖、对规则的依赖给它排除掉，来实现一个这种端到端，现在很火的端到端、AI端到端。\n我AI把这个原始的系统运行日志把它吃进去，那么我AI经过一系列算法的分析，我自动生成这边这种人可读的攻击报告。\n自动地把那个很复杂的APT攻击的那些场景，给它用自然语言给它描述出来。\n大家会想在大语言模型现在那么厉害的今天，这个是不是可以做到？是不是还是比较容易？我直接把我的日志喂给大模型，它是不是能做呢？\n实际上很遗憾，这个做的效果没有那么好。\n为什么？其实这里边有三个问题。第一个是我数据质量差。\n对于AI模型来说，其实我所有的能力都来自我的数据。\n但是很遗憾，在这个攻击这个数据里边，它的数据质量因为各种原因，\n它是很难的。第一个是训练数据量不够。\n我们这个整个安全的数数据，实际上很多是企业的内部的运维数据。\n这种数据它是有一定隐私性的，它这个企业是不会、不太可能公开给你做训练。\n而学术界呢，我们大量的数据，像大家看我们这顶会的数据，它都是模拟数据。那么这种模拟数据给这个模型带来的能力提升就很有线。\n第二个呢是我们这个没有标注。\n就是说，对安全的数据进行标注，实际上是成本非常非常地高，它不像比如说那个CV、那个计算机图形学或者自然语言，它可以找一些很普通的人，就是一般的人做标注。\n我们这个标注呢，实际上是需要很多的专业人士，需要很多的博士生来做标注。那么它的效率很低，而且现在我们看到标注的质量也不是很好。\n即使很专业的博士生来分析那些日志，他分析也不会很好，他很可能只能是一些简单的动作，而不能精确地匹配到某个数据上。\n第三个呢，我们发现这个数据它的分布是非常不均匀的。\n就是说，在现实社会里边我们找到的数据，攻击数据远远远远地比正常数据要少。\n可能这个数据是1比1000万的这种稀疏度。\n那么这种极端不平均的数据，就给我们整个机器学习模型带来很大的困难。\n那么第二个挑战是什么？我们语义理解有问题。\n就是说，我们希望让大模型能够理解在底层日志发生的这些攻击，并且用人的语言把它解释出来。\n但这里边就有一个语义鸿沟。\n就是我底层的这些日志，可能是一些操作系统日志、网络的日志，比如说我访问了哪个文件、访问了什么哈希。\n这个文件的语义和我人自然语言能理解的语义是，中间是有个鸿沟的。那这个语义怎么弥合？现在没有办法。\n第二个呢，这个理解存在二义性。\n就是同样的一个行为，它可能是正常的，可能是不正常的。\n它这个正常不正常、攻击不攻击，取决于它的上下文。比如说我同样访问一个文件，正常人平常打开，它就是一个正常访问。那如果是一个病毒引起的这样一个访问，它就是恶意的。\n所以我这个访问我要看上下文。\n第三个呢，还有一个就是我这个数据维度非常高。\n就是我要消化的日志，实际上是，如果现在我们流行大模型的窗口，现在大概1 million token，已经很了不起了。但是对于安全日志来说，100万、1 million token实际上是一个很小的窗口。\n你大概也就不能捕捉大概半天的数据。\n而我们这个攻击往往会持续几个月，你根本就没有办法捕捉。\n第三个还有一个成本限制很大。就是很遗憾，我们安全这个产业，特别在国内，是一个受到成本限制很大的这么一个行业。\n大家并不并不愿意像大模型一样投那么多钱进去。你不会有很多的显卡让你去做这个分析。\n但是我们对我们算法的要求很高，一个是我们的检测要很及时。\n我们发现了攻击，我们很快得检测出来。\n而我们整个输入进的数据量，因为我们要做端到端的这个检测，我们这个数据量也很大。\n所以我们供应数据规模也很大，我们要很及时地检测，我们还成本受限，这个挑战就很大。",
      "start_ms": 184755,
      "end_ms": 421680,
      "material_ids": [
        "chunk_00/slide_006",
        "chunk_00/slide_007",
        "chunk_00/slide_008",
        "chunk_00/slide_009"
      ],
      "summary_hint": "提出实现AI端到端检测的科学问题，并阐述其面临的数据、语义和成本三大挑战。",
      "notes": "The original start sentence '20年前可能是一些比较业余的选手...' is not the actual start of this section's content. The section actually begins with '我们完全把对人工的依赖...'. I have adjusted the start time accordingly.",
      "lead_text": "20年前可能是一些比较业余的选手，大家很分散，做一些很有趣的攻击。",
      "tail_text": "所以我们供应数据规模也很大，我们要很及时地检测，我们还成本受限，这个挑战就很大。",
      "text_span": {
        "start": 9,
        "end": 48
      }
    },
    {
      "id": "sec_4",
      "index": 3,
      "title": "研究方法与核心思路",
      "time_range": "00:07:02,445 - 00:08:46,455",
      "summary": "该研究通过系统、算法和硬件的协同优化来解决问题，并与华为合作获取真实企业数据，同时采用无监督算法消除对数据标注的依赖。其核心思路是溯源分析，即采集操作系统日志（包括网络、文件、进程访问）构建数据流动图。最后，利用无监督学习在图上主动挖掘异常特征，从而自动识别出与攻击相关的行为。",
      "refined_script": "## 研究方法与核心思路\n\n为应对高级持续性威胁（APT），我们过去三年的研究工作围绕系统、算法和硬件的协同优化展开，旨在解决攻击样本少、语义理解困难及分析成本高等挑战。\n\n### 1. 协同优化策略\n\n我们采取了多维度的协同优化策略来应对研究中的核心挑战：\n\n- **数据获取**：通过与华为合作，获取了真实的企业级数据，为算法的训练和验证提供了高质量的数据基础。\n- **算法设计**：采用无监督学习算法，以消除对大量人工标注数据的依赖，解决了攻击样本稀疏的问题。\n- **语义理解**：基于溯源分析（Provenance Analysis）和关联算法，消除数据中的二义性，构建清晰的实体关系。\n- **成本控制**：\n  - **系统优化**：对数据采集和处理系统进行深度优化，提升整体系统性能。\n  - **算法优化**：借鉴缓存机制，设计了从简到强的分层过滤算法模型，有效降低了计算复杂度。\n\n### 2. 核心思路：基于溯源分析的异常检测\n\n我们的核心技术思路是溯源分析，其工作流程如下：\n\n1.  **数据采集**：\n    全面采集操作系统的底层日志，主要包括：\n    - 网络端口访问记录\n    - 文件访问记录\n    - 进程创建与依赖关系\n\n2.  **构建数据流动图（Provenance Graph）**：\n    将采集到的日志数据构建成一个有向图。在此图中：\n    - **节点（Node）**：代表系统中的实体，如进程、文件或网络端口。\n    - **边（Edge）**：代表实体间的数据流动方向和依赖关系。\n\n3.  **异常挖掘与识别**：\n    在构建的数据流动图上，应用无监督学习算法，主动挖掘图中的异常结构与行为特征。通过这种方式，系统能够自动识别并定位与攻击行为相关的子图（例如，图中红框标示的部分），从而实现对未知威胁的检测。",
      "original_script": "20年前可能是一些比较业余的选手，大家很分散，做一些很有趣的攻击。所以我们这里边实际上，我们做了一系列的工作，过去三年。我们实际上是，虽然是一个算法的问题，很多时候，但是实际上我们做了很多这个系统、算法和硬件的协同优化。就是面对数量少，第一个我们跟华为有合作。我们这个感谢华为给我们提供了很多这种企业级的数据，我们内部呢能够获得这种真实数据来提高我们算法。另外一个呢，我们在算法上做一些研究，我们用一些无监督的算法去消除对标注的依赖。那么在语义理解上呢，我们实际上也是基于现在这种溯源分析，一套关联的算法，去把这种二义性给它消除掉，把它关联起来。那么在成本上，实际上我们是做了一系列从算法和系统的优化。一个是系统上，我们对这个整个系统的这个数据处理的系统、数据采集的系统进行了一系列的优化，把这个性能、系统性能提上去。另外一个呢，是我们也在算法上，我们借鉴了这种缓存的机制，我们从把这个算法呢从简到强，一层层地过滤，来降低我们这个算法的复杂度。那么下面是我们这一系列发表的论文，这里边很多论文也其实有我们华为同事的名字在上面。那我们这个算法其实核心思路呢，是现在大家采用的一个算法叫溯源分析。就是我们把这个操作系统的日志全部采出来。这里边日志呢就包含了这个操作系统对网络端口的访问、对文件的访问，以及对进程的创建和依赖。然后呢，我们就构成这样一张图。这个图上呢，我们每个点就是一个进程、一个文件或者一个网络端口。边呢就是这个我这些文件和网络进程之间它的数据流动的方向。然后呢，我在这张图上，我会用一些无监督学习的方法，去主动地挖掘这里边有什么异常特征，然后把这个红框覆盖的这个跟攻击有关的部分给它自动地找出来。这是我们核心方法。",
      "start_ms": 422445,
      "end_ms": 526455,
      "material_ids": [
        "chunk_00/slide_010",
        "chunk_00/slide_011"
      ],
      "summary_hint": "介绍通过系统、算法、硬件协同优化的研究方法，以及基于溯源分析的核心思路。",
      "notes": "The original start sentence '20年前可能是一些比较业余的选手...' is incorrect for this section. The actual start is '所以我们这里边实际上，我们做了一系列的工作...'. I have adjusted the start time accordingly.",
      "lead_text": "20年前可能是一些比较业余的选手，大家很分散，做一些很有趣的攻击。",
      "tail_text": "这是我们核心方法。",
      "text_span": {
        "start": 9,
        "end": 64
      }
    },
    {
      "id": "sec_5",
      "index": 4,
      "title": "关键技术一：无监督快速日志过滤",
      "time_range": "00:08:46,455 - 00:11:31,015",
      "summary": "面对海量日志中攻击事件极端稀疏的挑战，我们提出一种无监督快速日志过滤技术。该方法利用攻击事件在统计上的异常性和拓扑上的聚合性这两个规律，首先过滤掉大量无关事件，再用更强的模型处理可疑事件。通过改进的在线搜索算法和缓存优化，该技术在保证高检出率的同时，将误报率降低了两个数量级，并已在实际应用中得到验证。",
      "refined_script": "### 关键技术一：无监督快速日志过滤\n\n#### 1. 背景与挑战\n\n在海量日志数据中，攻击相关事件的分布极为稀疏。例如，在包含数千万事件的图中，与攻击相关的事件可能不足200个。在这种极端不均衡的数据分布下，如何准确、高效地识别出这些少数的攻击事件，是核心挑战。\n\n#### 2. 核心思路：两阶段过滤\n\n为应对海量数据的算力开销，我们提出了一种两阶段过滤策略：\n\n1.  **快速过滤**：首先，利用无监督学习方法，快速过滤掉大量明显与攻击无关的正常事件。\n2.  **深度分析**：然后，将剩余的、难以判断的可疑事件交由一个更强的模型进行深度分析。\n\n通过这种方式，可以显著节省整个分析流程的计算资源。\n\n#### 3. 关键规律与算法设计\n\n我们的方法基于对攻击行为的两个核心洞察：\n\n*   **统计异常性**：与攻击相关的事件在统计上更可能表现出异常性或稀疏性。反之，常见的、不具备统计异常性的日志事件基本可以判定为非攻击。\n*   **拓扑聚合性**：攻击行为（如横向渗透）通常从一个点向外扩散，导致其在日志拓扑图上产生的异常事件在空间上相互邻近，形成聚集效应。\n\n基于以上规律，我们设计了一套改进的在线搜索算法，该算法基于斯坦纳树（Steiner Tree）模型。通过算法优化，我们将时间复杂度从 O(N²) 降低到 O(N)，同时在理论上保持了与原近似算法相同的竞争比（Competitive Ratio）。\n\n#### 4. 系统优化：缓存机制\n\n为了进一步提升系统性能，我们设计并实现了一套高效的缓存系统：\n\n*   **热数据**：将识别出的可疑事件（被视为热数据）缓存到内存中，以实现快速访问。\n*   **冷数据**：将其他非关键的日志数据（被视为冷数据）卸载到硬盘上。\n\n这种冷热数据分离的策略，既保证了数据的完整性，又在系统层面显著降低了分析开销。\n\n#### 5. 评估与应用成果\n\n该技术在评估中取得了显著效果：\n\n*   **误报率**：与现有方法相比，误报节点数量降低了两个数量级。\n*   **检出率**：在保持高检出率方面，表现优于现有方法。\n\n该技术已通过与深信服的合作在实际环境中得到应用，并成功发现了7个真实的攻击事件。",
      "original_script": "20年前可能是一些比较业余的选手，大家很分散，做一些很有趣的攻击。那么这里边我们就有三个关键技术。第一个技术就是我们怎么样去快速地用一些无监督学习的办法呢，把这个一些核心日志、可疑的日志给它找出来。就是在我们这个图上，我们之前有个挑战，就是我们数据分布极端不均匀。就在我们图上我们发现，很大一个图可能有几千万个事件，那么这里边跟攻击有关的可能就不到200个，可能就200多个。那么我们怎么样在这种几千万个事件里面，准确地把这种200多个找出来呢？我们第一步思路，这个很难，但是我们第一步思路是，我们可以发现有很多很多这种一看就跟攻击无关的事件。那我们是不是可以先把它过滤掉，然后把剩下一些难的，一些我们判断不清楚的，再由一个更强的模型去判断。这样来节省我们这个整个流程的这个算力。那么我们这里边就发现两个规律。在这个行为，第一个呢就是说，统计异常性，我们发现呢就是说，攻击有关的事件、攻击有关的这种点呢，它更在统计上更可能后异常，异常性会更高。或者说，更容易产生统计上的稀疏性。而反过来讲，如果统计上不具备这种异常性的，那它不会是攻击，如果是你常见的日志。还有一个聚合性，是为什么呢？就是说，我们发现这种攻击产生的异常，它往往在拓扑上会比较近。为什么呢？因为我渗透进去，一般会从一个后门开始渗透，我会从一个点慢慢往外扩散。所以在整个扩散的过程中，实际上我这个攻击每一步引入的这种异常，就会在拓扑上聚集起来。那么利用这个性质，我们就做了一系列的算法，那么去，在这个做了一套这种斯坦纳树的在线搜索算法，然后我们把做了一个改进，把它复杂度呢从O(N^2)降到O(N)。而且呢，在我们理论上，它的这个竞争比，就是原来近似算法的竞争比是一样的。那么时间关系，我们这里就不再讲那么多了。那么第二个，那么在这个基础上呢，我们还做了一套这种系统的这种优化。就是我们这个，在这个系统日志起来以后，我们做了一个分析的系统。这个系统的关键呢，实际上是一个一个一个cache，一个缓存系统。我们会把这个跟攻击有关的事件缓存到内存里边去。我们觉得可疑的事件缓存到内存里边去，那么在这种热数据，那么访问就很快。而一些冷数据呢，会把它卸载到硬盘上。这样呢，我既保证了数据的完整性，又能够同时在这个系统优化上降低它的开销。那么我们这个方法稍微评估了一下，我们实际上误报节点，我们误报上比现有的所有方法降低两个数量级。然后呢，我们检出率也其实比现有的方法高。因为现有的方法其实大家都在检出率上优化比较多，对这个误报率其实大家优化比较少。所以我们这边，其实不仅在高检出率的点上比他们好，而且还降低了误报率。然后我们还和深信服其实有个合作，在这个地方有个出口。那么，在深信服的系统里边发现了七个真实的攻击。",
      "start_ms": 526455,
      "end_ms": 691015,
      "material_ids": [
        "chunk_00/slide_012",
        "chunk_00/slide_013",
        "chunk_00/slide_014",
        "chunk_00/slide_015",
        "chunk_00/slide_016"
      ],
      "summary_hint": "利用攻击事件的统计异构性设计无监督快速日志过滤算法，有效降低误报率。",
      "notes": "The original start sentence '20年前可能是一些比较业余的选手...' is incorrect. The actual start is '那么这里边我们就有三个关键技术...'. I have adjusted the start time accordingly.",
      "lead_text": "20年前可能是一些比较业余的选手，大家很分散，做一些很有趣的攻击。",
      "tail_text": "降低了误报率。然后我们还和深信服其实有个合作，在这个地方有个出口。那么，在深信服的系统里边发现了七个真实的攻击。",
      "text_span": {
        "start": 9,
        "end": 87
      }
    },
    {
      "id": "sec_6",
      "index": 5,
      "title": "关键技术二：基于大语言模型的攻击检测和日志理解",
      "time_range": "00:11:31,615 - 00:14:50,448",
      "summary": "为了弥合底层日志与自然语言报告之间的鸿沟，我们提出了一种名为 gIoC 的中间表述，它能让大语言模型理解底层事件并具备泛化能力。通过结合攻击步骤的逻辑推理系统来消除误报，最终由安全 Agent 自动生成可读的攻击报告，该方法在华为内部数据测试中显著降低了误报率。",
      "refined_script": "## 关键技术二：基于大语言模型的攻击检测与日志理解\n\n### 1. 问题背景：底层日志与自然语言报告的鸿沟\n\n在网络安全领域，攻击检测系统通常会生成基于底层事件（如文件访问、端口访问）的图谱。然而，这种图谱对于非专业人员而言难以理解，与人类可读的自然语言攻击报告之间存在巨大的语义鸿沟。\n\n传统的解决方法依赖于硬性匹配（Hard Matching），例如在文本中查找特定的文件名。这种方法缺乏泛化能力，无法有效应对多变的攻击手法。\n\n### 2. 解决方案：gIoC 中间表述与大语言模型\n\n为了弥合这一鸿沟，我们提出了一种名为 `gIoC` (Generalized Indicator of Compromise) 的中间表述方法。该方法旨在让大语言模型（LLM）具备理解底层日志事件并进行泛化的能力。\n\n- **设计思路**：\n  - `gIoC` 在形式上贴近底层事件的结构。\n  - 对其中的参数进行泛化处理，而非使用具体实例。\n- **实现效果**：\n  - 通过 `gIoC`，即使在训练数据有限的情况下，也能利用大模型的理解能力，将底层事件与上层威胁情报中的知识进行有效匹配。\n  - 使大模型能够理解底层日志，并输出具有泛化能力的文本描述。\n\n### 3. 优化：结合攻击逻辑推理消除误报\n\n仅依赖大模型进行自动标注可能会产生大量误报。为此，我们引入了一套基于攻击步骤逻辑关系的推理系统进行优化。\n\n- **核心逻辑**：攻击行为遵循特定的先后顺序。例如，攻击者必须先获得登录权限，然后才能安装恶意软件。不符合此逻辑的事件链将被视为异常。\n- **实施流程**：\n  1.  利用该推理系统，对大模型初步标注的结果进行校验。\n  2.  消除大量不符合攻击逻辑的误报节点。\n  3.  最终生成的攻击图谱中，每个节点都清晰地标注了其对应的攻击技术、手法和归属。\n\n### 4. 自动化：安全 Agent 生成攻击报告\n\n我们将经过推理和精炼后的攻击图谱输入到一个安全 Agent 中，由其自动生成最终的自然语言攻击报告。\n\n整个处理流程并非端到端的单一模型，而是一个多阶段的系统：\n\n1.  **过滤与处理**：首先通过小模型算法对海量（千万级别）原始事件进行初步筛选和处理。\n2.  **精选事件**：从海量数据中挑选出几十个与攻击高度相关的核心事件。\n3.  **LLM 处理**：将精选事件交由大语言模型处理，生成结构化的攻击描述。\n4.  **报告生成**：最后由安全 Agent 整合信息，自动生成报告。\n\n### 5. 成果与结论\n\n该方法在华为内部的 openEuler 运维数据上进行了测试，取得了显著成果：\n\n- **自动化报告**：成功实现了从底层日志到自然语言攻击报告的全流程自动化生成。\n- **降低误报率**：与现有方法相比，整体误报率降低了一个数量级。",
      "original_script": "20年前可能是一些比较业余的选手，大家很分散，做一些很有趣的攻击。\n好，那么第二个呢，就是我们要做下一步要做理解。我们刚才把攻击检测出来。\n但是我们拿到的那个攻击呢，是一个很很底层的这样一个，一种一个图，这样一个很大一个图。这个图呢，人看起来不好看，人理解不了，还是要很专业的人才能理解。\n那我们下一步工作，我们怎么把这种很专业的理解呢，进一步把它检测，进一步细化，然后把它变成一个自然语言，我们看到的人能理解的报告。\n但是这里边就有一个问题，就是我这里边是有鸿沟的。你看，我比如说我们人能理解的报告，比如说对一个攻击的描述，上面这个点，大概是这种，是这些这种自然语言。但底层的日志呢，是这种具体的对文件的访问和端口的访问。\n那么我怎么样弥补这个鸿沟，把这种这种事件给它映射到这种文字上呢？\n那么现有的方法实际上是做不到的。现有方法大家做的就是这种硬匹配，就是我这发现一个文件名，我就在这个文本里边去找，然后把它硬匹配过去。\n这样肯定是不行的。\n那么，他们没有泛化能力。我们就看，到底要怎么样有泛化能力呢？我们怎么样让这个这种匹配呢，就拥有泛化能力，让大模型能够学到它的知识。\n而且是有泛化能力的知识。那我们就提了一种gIoC的中间表述。\n当然这个我们理论上讲，我们可以如果有足够多的数据，我们把它放进去以后，大模型是可以理解的，但是很遗憾，我们没有足够多的数据。\n而且呢成本也很高。所以呢，我们就做了这样一个中间表述，就是我们这个中间表述呢，它形式上更接近这个底层的事件。\n但是里边的参数我们进行了泛化。这样呢，我们就可以利用一些\n大模型，不那么大的模型的一些理解能力，把我们这种底层的事件和上层的这种威胁情报里面的知识进行匹配。\n这样呢，我大模型就拥有了这种对底层日志的理解能力。\n所以我大模型就可以输出这样的，输出这种具有泛化能力的文本。那么基于我们这个输出呢，我们还进行了这种优化，就是我们这个之前自动标注可能会有很多的误报，\n可能有很多错误。\n那么呢，我们又利用这种攻击技术或者攻击之间的逻辑关系，每一个步骤的逻辑关系，比如说我要攻击你一个系统，我肯定要先\n获得你的登录权限，然后才能安装病毒。\n那么如果倒过来，它就逻辑上不成立的。那么依赖这种前后的逻辑能力呢，我们又做了一套这种\n攻击的这种推理系统。那么根据推理，我们把大量的误报消除掉。\n所以呢，最后呢，我们把这种最后推理出来的结果，跟这个这个图跟上一个图比，就是我们这个图每个节点上其实已经标注了，这个攻击它对应的攻击技术是什么，它采用了什么技术，用了什么手法，是谁来打的。\n然后呢，我们把它放到一个安全Agent里边去，然后就自动生成这个攻击报告。\n所以我们整个流程可以看到，我们虽然用了大模型，但并不是一个端到端的大模型，而是先通过一些我们一些算法、一些小模型的算法对它进行过滤和处理，然后把这个最后的结果，它可能就我们在几千万个事件里边，在这种挑出来那么几十个精选的这种跟攻击有关的事件，\n再放到大模型，由大模型处理呢，就自动生成了这样的语言的报告。\n那么我们在这个，我们华为的内部数据里边，openEuler的运维数据里边进行了处理。\n我们发现实际上，我们整个误报，不仅我们不仅能够第一个生成这样自然语言处理的报告，自动生成这样的报告，而且我们整个误报率比现有的方法下降一个数量级。",
      "start_ms": 691615,
      "end_ms": 890448,
      "material_ids": [
        "chunk_00/slide_017",
        "chunk_00/slide_018",
        "chunk_00/slide_019",
        "chunk_00/slide_020",
        "chunk_00/slide_021"
      ],
      "summary_hint": "提出gIoC中间表示，利用大语言模型弥合语义鸿沟，自动生成可读的攻击报告。",
      "notes": "The original start sentence '20年前可能是一些比较业余的选手...' is incorrect. The actual start is '好，那么第二个呢，就是我们要做下一步要做理解...'. I have adjusted the start time accordingly.",
      "lead_text": "20年前可能是一些比较业余的选手，大家很分散，做一些很有趣的攻击。",
      "tail_text": "我们发现实际上，我们整个误报，不仅我们不仅能够第一个生成这样自然语言处理的报告，自动生成这样的报告，而且我们整个误报率比现有的方法下降一个数量级。",
      "text_span": {
        "start": 9,
        "end": 113
      }
    },
    {
      "id": "sec_7",
      "index": 6,
      "title": "关键技术三：低开销日志采集系统",
      "time_range": "00:14:52,165 - 00:16:50,345",
      "summary": "第三项关键技术是低开销日志采集系统。为解决传统监控方案因保护探针和集中处理而导致的高昂性能开销，我们从软硬件两方面进行优化。软件上，我们提出新的分片式架构，让各进程独立处理自己的日志以实现隔离、防止干扰；硬件上，我们将监控负载卸载到DPU，利用其强大的处理和拉取能力，实现了近乎零代价的日志采集。最终，即使在采集每一个系统调用的情况下，我们的系统开销仍能控制在3%以内，相比主流方案降低了一个数量级。",
      "refined_script": "### 关键技术三：低开销日志采集系统\n\n传统的系统监控方案在采集大量数据（如操作系统运行日志）时，会给系统本身带来显著的额外开销。这主要源于两个方面：为保护监控探针免受攻击而增加的复杂保护机制，以及将所有日志集中到单一采集器处理而破坏了进程隔离。为解决此问题，我们从软件和硬件两个层面进行了优化，构建了一个低开销的日志采集系统。\n\n#### 1. 软件优化：分片式隔离架构\n\n传统采集器将所有进程产生的日志汇集到中心点进行统一处理，这种设计缺乏隔离性，使得攻击者可能通过影响采集器来拖慢整个系统。\n\n我们的解决方案是提出一种新的**分片式架构**：\n\n- **独立处理**：让每个进程使用各自的资源，独立处理其自身产生的日志。\n- **资源隔离**：通过此设计，实现了进程间的有效隔离，防止了因日志采集而产生的相互干扰。\n\n#### 2. 硬件优化：基于 DPU 的负载卸载\n\n为了进一步降低开销，我们将监控负载与硬件结合，将其卸载到 DPU (Data Processing Unit) 上。\n\n- **卸载监控负载**：利用 DPU 强大的处理能力来执行监控任务，从而减少主 CPU 的负担。\n- **高效数据拉取**：我们优化了数据传输路径，利用 DPU 的拉取能力，以近乎零代价的方式将操作系统产生的海量运行日志快速获取到数据端。\n\n#### 3. 成果与结论\n\n通过软硬件协同优化，我们的日志采集系统在实现极高采集粒度的同时，保持了极低的性能开销。\n\n- **性能开销**：即使在采集操作系统**每一个系统调用**的详尽模式下，系统整体开销仍控制在 **3% 以内**。\n- **性能对比**：与主流的监控方案（如 `sysdig`、`Linux audit`）相比，我们的系统在性能开销上**降低了一个数量级**。",
      "original_script": "20年前可能是一些比较业余的选手，大家很分散，做一些很有趣的攻击。\n好，那么第三个是系统方面的工作。就是我们这个整个系统呢，实际上它还是很贵的。它那么它的系统来自两个方面的挑战，就是说，我需要对你整个系统里边的所有数据采集很多，我要监控你的操作系统运行。\n但是我们这个监控呢，本身又会给这个操作系统本身带来很大的额外开销，\n会带来负担。那我怎么去优化这个负担呢？\n那么我们这里边就做了两个工作，一个是对现有工作的一个软件方面的方法，一个硬件方面的方法。\n那么软件方面的方法实际上是我们是发现现有工作为什么会有很大的负担，是因为他们担心我们攻击者会对我们这个探针进行攻击。\n为了保护这个探针，他们加了很多很多很重的这样一个保护。\n但是我们发现呢，现在这个采集器，它之所以会对系统产生拖慢，是因为它们间接地破坏了这个进程之间的隔离。比如说我这产生的所有日志，我采集过来，这个日志之间采集全部到采集器中间去处理。\n而这个采集器中间它是没有隔离的。\n这样就给了攻击者很多机会来来拖慢我的系统。\n所以呢，我们就提出了这样新的架构，我们在每个进程里边，让他们独立用自己的资源去做隔离，去处理自己产生的日志，防止相互干扰。\n另外一个工作呢，是我们跟硬件相结合，我们去把那个整个监控的负载把它卸载到了这个DPU上，用通过DPU这种强大的这种处理能力来减少我们这个\n开销。那么这里边我们做了一些优化，就把这个怎么样用这个DPU的拉取能力，很快地把这个系统上产生的这些运行日志，几乎用零代价的方法拉取到数据端上。\n然后我们可以看到，我们现在整个监控的开销呢，仍然在3%以内。我们采集的日志量非常非常大，非常非常细，可以说我们把这个操作系统里面每一个系统调用都采集过来了。\n但是我们的开销呢仍然在3%以内。那么和我们现在主流的这些方法比，比如说常用的sysdig比，或者Linux audit的比，我们实际上可以下降一个数量级的这样的开销。",
      "start_ms": 892165,
      "end_ms": 1010345,
      "material_ids": [
        "chunk_00/slide_022",
        "chunk_00/slide_023",
        "chunk_00/slide_024",
        "chunk_00/slide_025",
        "chunk_00/slide_026",
        "chunk_00/slide_027"
      ],
      "summary_hint": "通过软硬件协同优化（分片式架构与DPU卸载）降低日志采集系统的性能开销。",
      "notes": "The original start sentence '20年前可能是一些比较业余的选手...' is incorrect. The actual start is '好，那么第三个是系统方面的工作...'. I have adjusted the start time accordingly.",
      "lead_text": "20年前可能是一些比较业余的选手，大家很分散，做一些很有趣的攻击。",
      "tail_text": "但是我们的开销呢仍然在3%以内。那么和我们现在主流的这些方法比，比如说常用的sysdig比，或者Linux audit的比，我们实际上可以下降一个数量级的这样的开销。",
      "text_span": {
        "start": 9,
        "end": 127
      }
    },
    {
      "id": "sec_8",
      "index": 7,
      "title": "原型系统：SysArmor",
      "time_range": "00:16:52,345 - 00:17:23,494",
      "summary": "我们实现了一个名为SysArmor的简单系统原型，它集成了前面提到的所有技术，并已在华为openEuler社区开源。该系统能实现端到端的攻击，并利用大模型分析攻击过程、所用技术及各步骤间的关联。",
      "refined_script": "### 原型系统：SysArmor\n\n我们实现了一个名为 SysArmor 的原型系统，该系统集成了前述讨论的各项技术。\n\n#### 核心功能\n\nSysArmor 旨在实现端到端的攻击模拟与分析，其核心能力包括：\n\n1.  **端到端攻击实现**：系统能够完整执行一次攻击流程。\n2.  **基于大模型的攻击分析**：集成大语言模型（LLM）对攻击行为进行深度分析。用户可以通过自然语言提问，获取以下信息：\n    *   攻击过程的详细描述。\n    *   攻击中所使用的具体技术。\n    *   攻击步骤之间的逻辑关联。\n\n#### 开源状态\n\n该项目已在华为 openEuler 社区开源，提供了一个从概念到可用原型的基础实现。",
      "original_script": "20年前可能是一些比较业余的选手，大家很分散，做一些很有趣的攻击。那么这里我们也实现了一个简单的系统原型。这个也是，这个怎么播放一下？对，我们把我们刚才那套全部集成过来，那这是在华为openEuler社区开源的这么一个一个项目。就是我们最后能够实现就是说，端到端实现攻击，然后我们可以用大模型去问这个攻击是什么，然后把这个攻击告诉你，你看你这个攻击里边用了什么技术，它每一步之间的连接是什么，关联是什么。这样实现一个，就是说，从一无所有到现在能够有一个基本的原型系统。",
      "start_ms": 1012345,
      "end_ms": 1043494,
      "material_ids": [
        "chunk_00/slide_028"
      ],
      "summary_hint": "展示集成了所有技术的原型系统SysArmor，并说明其已在openEuler社区开源。",
      "notes": "The original start sentence '20年前可能是一些比较业余的选手...' is incorrect. The actual start is '那么这里我们也实现了一个简单的系统原型。'. I have adjusted the start time accordingly.",
      "lead_text": "20年前可能是一些比较业余的选手，大家很分散，做一些很有趣的攻击。",
      "tail_text": "这样实现一个，就是说，从一无所有到现在能够有一个基本的原型系统。",
      "text_span": {
        "start": 9,
        "end": 130
      }
    },
    {
      "id": "sec_9",
      "index": 8,
      "title": "其他工作、未来展望与致谢",
      "time_range": "00:17:26,805 - 00:19:46,985",
      "summary": "首先介绍了在软件分析与漏洞挖掘方面的相关工作，如WASM符号执行工具和二进制模糊测试工具。接着，展望了未来的工作计划，包括在openEuler社区开源SysArmor系统、公开数据集以支持社区算法迭代，并欢迎各界参与共建。最后，探讨了核心算法在AI大模型安全、金融反诈等领域的拓展应用，并对合作伙伴表示感谢。",
      "refined_script": "### 其他相关工作\n\n我们在软件分析与漏洞挖掘领域也开展了相关工作，主要成果包括：\n\n- **WASM 符号执行工具**：开发了首个针对 WebAssembly (WASM) 的符号执行工具。\n- **免源码二进制模糊测试工具**：实现了一种无需插桩的二进制模糊测试工具，在二进制程序测试中取得了较高的成功率。\n\n### 未来展望与社区共建\n\n#### 1. 开源与社区合作\n\n- **项目开源**：SysArmor 系统已在 Gitee 和 openEuler 社区开源。\n- **数据集公开**：计划与 openEuler 社区合作，在保护数据隐私的前提下，以合适的方式公开我们的数据集。此举旨在解决当前领域内数据缺乏的问题，支持整个社区进行算法迭代与优化。\n- **社区共建**：我们将持续投入资源，建设和完善 SysArmor 系统，并欢迎各位专家与开发者共同参与，推动该领域的发展。我们希望此系统能为研究人员节省时间，加速算法的快速迭代。\n\n#### 2. 核心算法应用拓展\n\n我们将核心算法拓展至其他安全领域，并已取得初步成果：\n\n- **AI 大模型安全**：尝试将异常检测算法应用于大模型服务的访问日志分析，以检测潜在的攻击行为，已验证其可行性。\n- **金融反诈**：与美团合作，将异常检测算法应用于金融反诈场景，有效识别了欺诈行为，为合作伙伴减少了经济损失。\n\n### 致谢\n\n我们的工作旨在实现基于 AI 的端到端 APT 检测。在此，特别感谢华为和 openEuler 社区给予的大力支持。部分研究成果已荣获中国电子学会科技进步一等奖。",
      "original_script": "20年前可能是一些比较业余的选手，大家很分散，做一些很有趣的攻击。\n好，那么这个是我们其他一些相关的工作，就是比如说我们在软件分析与漏洞挖掘方面，我们做做了第一个WASM的符号执行工具。我们又做了一些二进制、二进制插桩的这种免插桩二进制模糊测试的工具。对这种，那么它目前应该是对二进制测试成功率最高的这么一个测试。\n还有一些对我们这个\n好，那么我们未来工作呢，实际上，在这个，我们这个SysArmor这个系统上面，第一个是我们把已经在Gitee和openEuler社区进行开源了。\n这个我们在这进行建设。那么，我们下一步计划目前正在跟openEuler合作，就是我们希望把我们个数据集用某种合适的方式，比如说用我们之前做的这个隐私数据保护系统，在保护隐私的情况下把它公开出来，这样呢支持整个社区来迭代大家的算法。\n因为现在这个缺乏数据是一个很大的问题。\n第二个呢，是我们持续投入，会把这个社区建设好，把我们系统建设好，不断地往代码推进去。\n当然我们也欢迎我们各位老师、各位同学一块参与到这个建设里边来。这个还是在国际上会是很有比较有，安全里边比较相对比较热门的方向，有很多论文出来。那么也希望我们的系统能够帮助大家节省一些时间，帮助各位老师节省一些时间，能够快速迭代算法。\n最后呢，我们还是还尝试把我们这个整个核心算法做一些应用，做一些拓展。比如说我们拿来对这个大模型安全，大模型的访问安全，它的日志，我们能不能用相同的方法来处理这种大模型它的服务访问日志来检测一些攻击呢？我们发现也是可以的。然后呢，我们能不能把这个相同的概念弄到更广的方面，比如说金融反诈上，用我们那个那套异常检测的算法来检测异常的方法，也能，我们跟美团合作以后，发现能够在美团里边，真的能每天给他们减少减少很多的钱，把他们诈骗给检测出来。\n好，这就是我们工作。就是我们这个其实就是一个我们试图说AI端到端的APT检测的工作。那么当然这个工作呢，实际上是我们已经分享过很多次，这是感谢华为给我们，openEuler给我们很多的支持。那么也部分成果也成为那个我们电子学会科技进步一等奖的内容。好，谢谢各位老师，谢谢大家。",
      "start_ms": 1046805,
      "end_ms": 1186985,
      "material_ids": [
        "chunk_00/slide_029",
        "chunk_00/slide_030",
        "chunk_00/slide_031"
      ],
      "summary_hint": "介绍相关工作，展望未来计划，并致谢。",
      "notes": "The original start sentence '20年前可能是一些比较业余的选手...' is incorrect. The actual start is '好，那么这个是我们其他一些相关的工作...'. The original end sentence '谢谢，感谢李老师的专业分享。还是请您留步。' is part of the host's transition, not the speaker's conclusion. I've adjusted the end time to the speaker's final words '好，谢谢各位老师，谢谢大家。'.",
      "lead_text": "20年前可能是一些比较业余的选手，大家很分散，做一些很有趣的攻击。",
      "tail_text": "谢谢，感谢李老师的专业分享。还是请您留步。",
      "text_span": {
        "start": 9,
        "end": 140
      }
    },
    {
      "id": "sec_10",
      "index": 9,
      "title": "问答与串场",
      "time_range": "00:19:47,185 - 00:20:36,730",
      "summary": "主持人感谢李老师的分享并开放现场问答环节。由于无人提问，主持人再次感谢讲者，并简要总结了其分享的意义。随后，主持人介绍了下一位讲者——来自北京航空航天大学的杨任宇老师及其分享主题。",
      "refined_script": "## 问答与串场\n\n### 总结：端到端攻击检测技术\n\n端到端的攻击检测技术为人工智能系统构筑了安全防线，并为相关领域的研究提供了重要参考。\n\n### 预告：异构融合的 AI Infra 系统软件资源管理与可靠性保障\n\n接下来，将由来自北京航空航天大学的杨任宇老师进行分享。\n\n- **分享主题**：异构融合的 AI Infra 系统软件资源管理与可靠性保障\n- **核心议题**：AI Infra 系统的资源管理与可靠性是开源生态建设的核心议题之一。",
      "original_script": "20年前可能是一些比较业余的选手，大家很分散，做一些很有趣的攻击。\n谢谢，感谢李老师的专业分享。还是请您留步。\n同样呢，接下来的时间依旧是交给我们在座的各位朋友，大家有没有什么想要提问的，可以随时举手示意我们。\n有吗？可以让我们工作人员走到您的身边。\n好，那如果没有的话，再一次的感谢李老师给我们带来的专业分享，谢谢。\n端到端的攻击检测技术呢，为人工智能系统筑牢了安全防线，也为相关领域的研究提供了重要参考。\n接下来，我们将有请出北京航空航天大学的杨任宇老师，带来异构融合的AI Infra系统软件资源管理与可靠性保障的分享。\nAI Infra系统的资源管理与可靠性是开源生态建设的核心议题。让我们掌声欢迎杨老师，欢迎。",
      "start_ms": 1187185,
      "end_ms": 1236730,
      "material_ids": [
        "chunk_00/slide_032",
        "chunk_00/slide_033"
      ],
      "summary_hint": "主持人感谢讲者并引导进入问答环节，随后介绍下一位讲者。",
      "notes": "The original start sentence '20年前可能是一些比较业余的选手...' is incorrect. The actual start is the host's closing remarks '谢谢，感谢李老师的专业分享。还是请您留步。'. I have adjusted the start time accordingly.",
      "lead_text": "20年前可能是一些比较业余的选手，大家很分散，做一些很有趣的攻击。",
      "tail_text": "AI Infra系统的资源管理与可靠性是开源生态建设的核心议题。让我们掌声欢迎杨老师，欢迎。",
      "text_span": {
        "start": 9,
        "end": 146
      }
    }
  ]
}