{
  "address": "ScienceEducationInnovation/part_02/chunk_00/07_capture_frame/slide_016",
  "status": "completed",
  "input": {
    "video": "output/ScienceEducationInnovation/part_02/chunk_00/01_cut_chunk/artifacts/chunk_high.mp4",
    "timestamp": "00:09:33.180",
    "frame_id": "slide_016",
    "output_ext": ".png"
  },
  "output": "output/ScienceEducationInnovation/part_02/chunk_00/07_capture_frame/slide_016/artifacts/slide_016.png",
  "artifacts": [
    "output/ScienceEducationInnovation/part_02/chunk_00/07_capture_frame/slide_016/artifacts/slide_016.png"
  ],
  "metadata": {
    "timestamp": "00:09:33.180",
    "frame_id": "slide_016",
    "ffmpeg": "/opt/homebrew/bin/ffmpeg"
  },
  "trace_id": null,
  "duration_ms": 2218,
  "started_at": "2025-12-17T10:50:27.899740",
  "completed_at": "2025-12-17T02:50:30.119846",
  "step_config": {},
  "dependencies": [
    "slide_timeline"
  ]
}