{
  "materials": [
    {
      "id": "chunk_00/slide_001",
      "type": "slide",
      "start_ms": 0,
      "end_ms": 7200,
      "title": "AI分论坛 分论坛封面",
      "description": "",
      "kept": true,
      "attributes": {
        "chunk": 0,
        "slide_id": "slide_001",
        "slide_index": 1,
        "offset_ms": 0
      }
    },
    {
      "id": "chunk_00/slide_002",
      "type": "slide",
      "start_ms": 8000,
      "end_ms": 40800,
      "title": "ANNC 加速深度学习模型推理的AI编译器 演讲标题页",
      "description": "",
      "kept": true,
      "attributes": {
        "chunk": 0,
        "slide_id": "slide_002",
        "slide_index": 2,
        "offset_ms": 0
      }
    },
    {
      "id": "chunk_00/slide_003",
      "type": "slide",
      "start_ms": 42000,
      "end_ms": 155500,
      "title": "为什么在CPU上进行AI推理？ 分析性能优势与成本优势",
      "description": "",
      "kept": true,
      "attributes": {
        "chunk": 0,
        "slide_id": "slide_003",
        "slide_index": 3,
        "offset_ms": 0
      }
    },
    {
      "id": "chunk_00/slide_004",
      "type": "slide",
      "start_ms": 157000,
      "end_ms": 250500,
      "title": "ANNC: 图优化、高性能算子库、指令优化自动调优能力 整体架构与关键技术介绍",
      "description": "",
      "kept": true,
      "attributes": {
        "chunk": 0,
        "slide_id": "slide_004",
        "slide_index": 4,
        "offset_ms": 0
      }
    },
    {
      "id": "chunk_00/slide_005",
      "type": "slide",
      "start_ms": 252000,
      "end_ms": 355500,
      "title": "GEMM算子数据布局优化 消除运行时数据重排开销",
      "description": "",
      "kept": true,
      "attributes": {
        "chunk": 0,
        "slide_id": "slide_005",
        "slide_index": 5,
        "offset_ms": 0
      }
    },
    {
      "id": "chunk_00/slide_006",
      "type": "slide",
      "start_ms": 357000,
      "end_ms": 451500,
      "title": "CPU感知的自适应算子优化与快速生成 基于模板的算子生成技术",
      "description": "",
      "kept": true,
      "attributes": {
        "chunk": 0,
        "slide_id": "slide_006",
        "slide_index": 6,
        "offset_ms": 0
      }
    },
    {
      "id": "chunk_00/slide_007",
      "type": "slide",
      "start_ms": 453000,
      "end_ms": 562500,
      "title": "客户模型调优: Embedding融合算子 针对搜推场景的图算融合优化",
      "description": "",
      "kept": true,
      "attributes": {
        "chunk": 0,
        "slide_id": "slide_007",
        "slide_index": 7,
        "offset_ms": 0
      }
    },
    {
      "id": "chunk_00/slide_008",
      "type": "slide",
      "start_ms": 564000,
      "end_ms": 645500,
      "title": "客户模型调优: MatMul+BiasAdd+BN常量折叠 Batch Norm层优化案例",
      "description": "",
      "kept": true,
      "attributes": {
        "chunk": 0,
        "slide_id": "slide_008",
        "slide_index": 8,
        "offset_ms": 0
      }
    },
    {
      "id": "chunk_00/slide_009",
      "type": "slide",
      "start_ms": 647000,
      "end_ms": 741500,
      "title": "下一步计划 自动融合、动态Shape、并行优化等未来工作",
      "description": "",
      "kept": true,
      "attributes": {
        "chunk": 0,
        "slide_id": "slide_009",
        "slide_index": 9,
        "offset_ms": 0
      }
    },
    {
      "id": "chunk_00/slide_010",
      "type": "slide",
      "start_ms": 743000,
      "end_ms": 760500,
      "title": "资源获取与社区支持 开源代码与文档二维码",
      "description": "",
      "kept": true,
      "attributes": {
        "chunk": 0,
        "slide_id": "slide_010",
        "slide_index": 10,
        "offset_ms": 0
      }
    },
    {
      "id": "chunk_00/slide_011",
      "type": "slide",
      "start_ms": 762000,
      "end_ms": 791750,
      "title": "AI分论坛 结束页",
      "description": "",
      "kept": true,
      "attributes": {
        "chunk": 0,
        "slide_id": "slide_011",
        "slide_index": 11,
        "offset_ms": 0
      }
    }
  ]
}