{
  "address": "ai_session/part_01/chunk_00/03_srt_slice",
  "status": "completed",
  "input": {
    "global_srt": "output/ai_session/part_-01/chunk_-01/00_global_funasr/artifacts/global.srt",
    "start_ms": 1202359.0,
    "end_ms": 2028760.0,
    "output_name": "chunk_baseline.srt"
  },
  "output": [
    {
      "index": 1,
      "start": 0,
      "end": 7.841,
      "text": "下面有请我们那个北京惠美云科技有限公司的高级工后端工程师冯岩先生，"
    },
    {
      "index": 2,
      "start": 7.841,
      "end": 10.061,
      "text": "给我们带来破局医疗孤岛，"
    },
    {
      "index": 3,
      "start": 10.161,
      "end": 14.731,
      "text": "基于 op o 拉的新一代 CDSS 智能引擎的实践分享，"
    },
    {
      "index": 4,
      "start": 14.731,
      "end": 15.436,
      "text": "大家欢迎。"
    },
    {
      "index": 5,
      "start": 25.241,
      "end": 25.546,
      "text": "喂，"
    },
    {
      "index": 6,
      "start": 28.051,
      "end": 28.871,
      "text": "嗯大家好，"
    },
    {
      "index": 7,
      "start": 28.931,
      "end": 31.931,
      "text": "非常荣幸呢能在这里给大家做一个分享。"
    },
    {
      "index": 8,
      "start": 32.451,
      "end": 32.691,
      "text": "呃，"
    },
    {
      "index": 9,
      "start": 32.711,
      "end": 33.711,
      "text": "在分享之前呢，"
    },
    {
      "index": 10,
      "start": 33.771,
      "end": 38.671,
      "text": "通过这个议题呢呃大家可能不知道什么是 CDSS。"
    },
    {
      "index": 11,
      "start": 38.731,
      "end": 40.751,
      "text": "我先简单介绍一下 CDSS。"
    },
    {
      "index": 12,
      "start": 40.851,
      "end": 42.271,
      "text": "其实在医疗领域呢，"
    },
    {
      "index": 13,
      "start": 42.271,
      "end": 44.491,
      "text": "它是临床决策辅助智能系统。"
    },
    {
      "index": 14,
      "start": 44.491,
      "end": 51.591,
      "text": "其实主要应对的就是我们的这个呃医护人员针对于他在临床决策辅助呃，"
    },
    {
      "index": 15,
      "start": 51.591,
      "end": 52.991,
      "text": "临床的工作过程当中，"
    },
    {
      "index": 16,
      "start": 53.411,
      "end": 56.111,
      "text": "给予他一些辅助决策的作用。"
    },
    {
      "index": 17,
      "start": 56.451,
      "end": 56.691,
      "text": "呃，"
    },
    {
      "index": 18,
      "start": 56.851,
      "end": 60.021,
      "text": "主要的就是其实做到的是其实就是 AI 的应用。"
    },
    {
      "index": 19,
      "start": 60.321,
      "end": 60.561,
      "text": "呃，"
    },
    {
      "index": 20,
      "start": 60.581,
      "end": 64.501,
      "text": "因为呃医疗其实是一个非常严禁的这个业务场景嘛，"
    },
    {
      "index": 21,
      "start": 64.681,
      "end": 66.821,
      "text": "针对这个场景可以规范化诊疗啊，"
    },
    {
      "index": 22,
      "start": 66.981,
      "end": 68.621,
      "text": "包括智能预警啊啊，"
    },
    {
      "index": 23,
      "start": 68.621,
      "end": 70.096,
      "text": "包括这一些推荐相关的。"
    },
    {
      "index": 24,
      "start": 71.941,
      "end": 75.221,
      "text": "然后接下来我将会通过以下四个方面进行介绍。"
    },
    {
      "index": 25,
      "start": 75.441,
      "end": 79.76,
      "text": "就是针对于我们这个医疗的业务场景下我们所面临的一些困境。"
    },
    {
      "index": 26,
      "start": 80.001,
      "end": 81.261,
      "text": "然后针对于这个困境，"
    },
    {
      "index": 27,
      "start": 81.281,
      "end": 85.141,
      "text": "我们针对于新一代 CDSS 智能引擎的这个构想是什么？"
    },
    {
      "index": 28,
      "start": 85.441,
      "end": 87.101,
      "text": "然后第三部分的这个实践，"
    },
    {
      "index": 29,
      "start": 87.121,
      "end": 92.041,
      "text": "其实是基于这个呃也是我们这个欧拉的 intelligence 的知识库。"
    },
    {
      "index": 30,
      "start": 92.041,
      "end": 92.281,
      "text": "呃，"
    },
    {
      "index": 31,
      "start": 92.581,
      "end": 96.101,
      "text": "这个知识库其实对应的主要针对于临床决策上，"
    },
    {
      "index": 32,
      "start": 96.101,
      "end": 98.081,
      "text": "其实是电子病历评级相关的，"
    },
    {
      "index": 33,
      "start": 98.081,
      "end": 99.341,
      "text": "其实是四级的一个标准。"
    },
    {
      "index": 34,
      "start": 99.341,
      "end": 104.311,
      "text": "然后第四部分其实 intelligent 的是我们相当于自研的这个决策引擎。"
    },
    {
      "index": 35,
      "start": 104.631,
      "end": 108.251,
      "text": "决策引擎主要应对的其实就是针对于我们电子病历五级、"
    },
    {
      "index": 36,
      "start": 108.331,
      "end": 108.691,
      "text": "六级、"
    },
    {
      "index": 37,
      "start": 108.691,
      "end": 112.516,
      "text": "七级乃至八级的这种呃高等级的这种决策场景。"
    },
    {
      "index": 38,
      "start": 114.201,
      "end": 114.441,
      "text": "呃，"
    },
    {
      "index": 39,
      "start": 114.521,
      "end": 116.961,
      "text": "第一个我们 CDSS 传统啊，"
    },
    {
      "index": 40,
      "start": 116.981,
      "end": 118.461,
      "text": "以前的没有大模型之前，"
    },
    {
      "index": 41,
      "start": 118.821,
      "end": 119.061,
      "text": "呃，"
    },
    {
      "index": 42,
      "start": 119.081,
      "end": 121.361,
      "text": "以及以前为什么会失灵呢？"
    },
    {
      "index": 43,
      "start": 121.361,
      "end": 123.541,
      "text": "它有以下几个核心的困难。"
    },
    {
      "index": 44,
      "start": 123.721,
      "end": 123.921,
      "text": "呃，"
    },
    {
      "index": 45,
      "start": 123.921,
      "end": 125.761,
      "text": "第一个就是这个数据之困，"
    },
    {
      "index": 46,
      "start": 126.261,
      "end": 128.881,
      "text": "就是因为 CDSS 所面临的医疗场景，"
    },
    {
      "index": 47,
      "start": 128.941,
      "end": 130.961,
      "text": "它所对接的业务系统非常多，"
    },
    {
      "index": 48,
      "start": 131.381,
      "end": 133.541,
      "text": "它面临着一些历史 race、"
    },
    {
      "index": 49,
      "start": 133.621,
      "end": 134.161,
      "text": "packs。"
    },
    {
      "index": 50,
      "start": 134.561,
      "end": 134.761,
      "text": "呃，"
    },
    {
      "index": 51,
      "start": 134.761,
      "end": 136.981,
      "text": "这些主要就是检验啊系统啊、"
    },
    {
      "index": 52,
      "start": 136.981,
      "end": 137.781,
      "text": "检查系统啊、"
    },
    {
      "index": 53,
      "start": 137.801,
      "end": 138.621,
      "text": "护理系统啊，"
    },
    {
      "index": 54,
      "start": 138.841,
      "end": 140.241,
      "text": "包括医嘱系统啊等等。"
    },
    {
      "index": 55,
      "start": 140.381,
      "end": 141.261,
      "text": "这些系统情况下，"
    },
    {
      "index": 56,
      "start": 141.261,
      "end": 142.761,
      "text": "他们厂商非常多。"
    },
    {
      "index": 57,
      "start": 143.021,
      "end": 143.261,
      "text": "呃，"
    },
    {
      "index": 58,
      "start": 143.301,
      "end": 145.531,
      "text": "我们定对的这种业务场景也复杂，"
    },
    {
      "index": 59,
      "start": 145.531,
      "end": 147.931,
      "text": "他们的数据之间有的时候都是不协同的。"
    },
    {
      "index": 60,
      "start": 147.931,
      "end": 148.651,
      "text": "其次呢，"
    },
    {
      "index": 61,
      "start": 148.651,
      "end": 149.891,
      "text": "这个数据的质量啊，"
    },
    {
      "index": 62,
      "start": 149.891,
      "end": 150.991,
      "text": "包括它的结构化，"
    },
    {
      "index": 63,
      "start": 150.991,
      "end": 151.591,
      "text": "非结构化，"
    },
    {
      "index": 64,
      "start": 151.851,
      "end": 153.271,
      "text": "这个都是没有办法保证的。"
    },
    {
      "index": 65,
      "start": 153.391,
      "end": 154.971,
      "text": "所以在这种业务场景下呢，"
    },
    {
      "index": 66,
      "start": 154.971,
      "end": 157.931,
      "text": "我们所面临的这个数据的特征提取，"
    },
    {
      "index": 67,
      "start": 158.071,
      "end": 159.331,
      "text": "那就是 NLP 啊、"
    },
    {
      "index": 68,
      "start": 159.331,
      "end": 160.291,
      "text": "自然语言呃，"
    },
    {
      "index": 69,
      "start": 160.291,
      "end": 161.571,
      "text": "包括那个通用识别、"
    },
    {
      "index": 70,
      "start": 161.871,
      "end": 162.111,
      "text": "呃，"
    },
    {
      "index": 71,
      "start": 162.151,
      "end": 163.251,
      "text": "数据集的提取等，"
    },
    {
      "index": 72,
      "start": 163.431,
      "end": 164.751,
      "text": "面临着非常大的困境。"
    },
    {
      "index": 73,
      "start": 165.111,
      "end": 165.351,
      "text": "呃，"
    },
    {
      "index": 74,
      "start": 165.411,
      "end": 166.551,
      "text": "第二个是算法之困。"
    },
    {
      "index": 75,
      "start": 166.731,
      "end": 166.931,
      "text": "呃，"
    },
    {
      "index": 76,
      "start": 166.931,
      "end": 170.071,
      "text": "因为我们其实面对的这么多的业务系统，"
    },
    {
      "index": 77,
      "start": 170.071,
      "end": 173.091,
      "text": "那么我们所面临的呃这个场景也就多。"
    },
    {
      "index": 78,
      "start": 173.091,
      "end": 176.501,
      "text": "我们面临着更多的这种动态的临床决策，"
    },
    {
      "index": 79,
      "start": 176.681,
      "end": 180.221,
      "text": "就是它可能随时随地的就产生了一种新的决策场景。"
    },
    {
      "index": 80,
      "start": 180.381,
      "end": 183.561,
      "text": "这种决策主要是一呃应对于这种国家新的政策，"
    },
    {
      "index": 81,
      "start": 183.801,
      "end": 186.741,
      "text": "包括呃国外最新的论呃论文文献，"
    },
    {
      "index": 82,
      "start": 186.741,
      "end": 188.841,
      "text": "它所产生新的诊疗路径等等。"
    },
    {
      "index": 83,
      "start": 188.961,
      "end": 189.721,
      "text": "在这种场景下，"
    },
    {
      "index": 84,
      "start": 189.721,
      "end": 191.661,
      "text": "我们往往针对不同的场景，"
    },
    {
      "index": 85,
      "start": 191.661,
      "end": 194.341,
      "text": "我们就会产生一种单一的静态的规则引擎。"
    },
    {
      "index": 86,
      "start": 194.461,
      "end": 196.061,
      "text": "就是我们可能有十个业务场景，"
    },
    {
      "index": 87,
      "start": 196.061,
      "end": 198.341,
      "text": "我们就要有十个十个引擎来支撑。"
    },
    {
      "index": 88,
      "start": 198.561,
      "end": 200.041,
      "text": "虽然说它叫规则引擎了，"
    },
    {
      "index": 89,
      "start": 200.041,
      "end": 206.371,
      "text": "但是它其实跟业务属性往往也是绑定的那这个然后我们的维护的成本往往也就越多，"
    },
    {
      "index": 90,
      "start": 206.591,
      "end": 208.271,
      "text": "我们的小模型产生的也就越多。"
    },
    {
      "index": 91,
      "start": 208.531,
      "end": 209.411,
      "text": "那协同之困呢，"
    },
    {
      "index": 92,
      "start": 209.411,
      "end": 212.071,
      "text": "其实就是因为前面的问题。"
    },
    {
      "index": 93,
      "start": 212.231,
      "end": 213.511,
      "text": "那产生了协同上的问题，"
    },
    {
      "index": 94,
      "start": 213.511,
      "end": 215.491,
      "text": "就是我们诞生了更多的后端服务，"
    },
    {
      "index": 95,
      "start": 215.631,
      "end": 217.531,
      "text": "我们也诞生了更多的算法服务。"
    },
    {
      "index": 96,
      "start": 217.771,
      "end": 219.251,
      "text": "那针对于这两个问题呢，"
    },
    {
      "index": 97,
      "start": 219.491,
      "end": 222.111,
      "text": "呃我们的服务之间的耦合性也越来越高，"
    },
    {
      "index": 98,
      "start": 222.271,
      "end": 222.451,
      "text": "呃，"
    },
    {
      "index": 99,
      "start": 222.451,
      "end": 223.631,
      "text": "维护成本也越来越高，"
    },
    {
      "index": 100,
      "start": 223.671,
      "end": 224.891,
      "text": "就是像堆烟囱一样，"
    },
    {
      "index": 101,
      "start": 224.891,
      "end": 225.891,
      "text": "它就是越堆越高。"
    },
    {
      "index": 102,
      "start": 226.311,
      "end": 226.551,
      "text": "呃，"
    },
    {
      "index": 103,
      "start": 226.711,
      "end": 227.951,
      "text": "然后在这基础之上呢，"
    },
    {
      "index": 104,
      "start": 227.951,
      "end": 231.291,
      "text": "我们知道医院啊往往患者的数据是至关重要的，"
    },
    {
      "index": 105,
      "start": 231.291,
      "end": 233.191,
      "text": "它是往往是一种内网环境，"
    },
    {
      "index": 106,
      "start": 233.551,
      "end": 235.491,
      "text": "它的数据是安全，"
    },
    {
      "index": 107,
      "start": 235.491,
      "end": 236.851,
      "text": "包括合规性也是更高的。"
    },
    {
      "index": 108,
      "start": 236.991,
      "end": 241.081,
      "text": "然而它的算力的呃服务器的标准呢往往也是不是很高。"
    },
    {
      "index": 109,
      "start": 241.281,
      "end": 242.221,
      "text": "所以在这基础上，"
    },
    {
      "index": 110,
      "start": 242.221,
      "end": 243.181,
      "text": "我们的算法啊，"
    },
    {
      "index": 111,
      "start": 243.181,
      "end": 244.761,
      "text": "包括模型推理和业务系统之间，"
    },
    {
      "index": 112,
      "start": 244.761,
      "end": 247.301,
      "text": "资源的协调也会产生很多的问题。"
    },
    {
      "index": 113,
      "start": 247.541,
      "end": 249.336,
      "text": "那基于以这以上这些困难呢，"
    },
    {
      "index": 114,
      "start": 250.621,
      "end": 252.421,
      "text": "我们能不能产生一些新的构想，"
    },
    {
      "index": 115,
      "start": 252.541,
      "end": 253.721,
      "text": "就是原原本的架构。"
    },
    {
      "index": 116,
      "start": 253.861,
      "end": 260.301,
      "text": "下面这张图呢其实是大概表示了一下原有的我们的这个 CDSS 呃这个孤岛状态。"
    },
    {
      "index": 117,
      "start": 260.301,
      "end": 262.141,
      "text": "它所应对的情况是什么？"
    },
    {
      "index": 118,
      "start": 262.221,
      "end": 264.721,
      "text": "左侧其实就是医院对应的一些业务系统，"
    },
    {
      "index": 119,
      "start": 264.921,
      "end": 265.161,
      "text": "呃，"
    },
    {
      "index": 120,
      "start": 265.221,
      "end": 268.561,
      "text": "还有非常多的业务系统是呃没没有列举啊，"
    },
    {
      "index": 121,
      "start": 268.561,
      "end": 269.261,
      "text": "只是举例了。"
    },
    {
      "index": 122,
      "start": 269.301,
      "end": 274.701,
      "text": "它右侧呢就是大概对应着背后所需要支撑这个系统所知道需要的东西。"
    },
    {
      "index": 123,
      "start": 275.001,
      "end": 276.321,
      "text": "它需要自然语言处理，"
    },
    {
      "index": 124,
      "start": 276.321,
      "end": 277.341,
      "text": "它需要通用识别，"
    },
    {
      "index": 125,
      "start": 277.601,
      "end": 279.741,
      "text": "它需要呃各种各样的模型，"
    },
    {
      "index": 126,
      "start": 280.061,
      "end": 281.901,
      "text": "还需要各种各样的规则维护啊，"
    },
    {
      "index": 127,
      "start": 281.921,
      "end": 284.401,
      "text": "包括呃一些其他的业务应用场景。"
    },
    {
      "index": 128,
      "start": 284.501,
      "end": 286.001,
      "text": "那基于这个场景之下呢，"
    },
    {
      "index": 129,
      "start": 286.001,
      "end": 287.941,
      "text": "我们能产生什么样的构想呢？"
    },
    {
      "index": 130,
      "start": 288.141,
      "end": 292.506,
      "text": "就是能不能把它这种原本的这种呃功能堆砌的这种场景，"
    },
    {
      "index": 131,
      "start": 293.221,
      "end": 294.481,
      "text": "变成一种智能融合。"
    },
    {
      "index": 132,
      "start": 294.721,
      "end": 298.541,
      "text": "然后原本的这种对烟囱式的架构变成一种一体机的的架构。"
    },
    {
      "index": 133,
      "start": 299.181,
      "end": 301.901,
      "text": "然后它的能否替代这种单一的静态的引擎，"
    },
    {
      "index": 134,
      "start": 302.221,
      "end": 306.201,
      "text": "然后及如何解决这个呃这种异构数据的支入处理，"
    },
    {
      "index": 135,
      "start": 306.381,
      "end": 308.701,
      "text": "以及如何能够更好的利用 GPU 加速。"
    },
    {
      "index": 136,
      "start": 308.941,
      "end": 310.081,
      "text": "基于以上思考呢，"
    },
    {
      "index": 137,
      "start": 310.081,
      "end": 314.801,
      "text": "我们就产生了一些呃实际的这种案例落地啊。"
    },
    {
      "index": 138,
      "start": 314.801,
      "end": 318.001,
      "text": "第一个其实就是呃像我刚才说的四 g 场景呢，"
    },
    {
      "index": 139,
      "start": 318.001,
      "end": 321.381,
      "text": "针对于这种呃欧拉 intelligence 的 CDS 的知识库。"
    },
    {
      "index": 140,
      "start": 321.601,
      "end": 325.281,
      "text": "其实知识库呢呃主要就是临床知识。"
    },
    {
      "index": 141,
      "start": 325.501,
      "end": 328.281,
      "text": "如何让医护人员更好的使用起来，"
    },
    {
      "index": 142,
      "start": 328.401,
      "end": 330.661,
      "text": "针对于传统的那种临床知识库呢？"
    },
    {
      "index": 143,
      "start": 330.881,
      "end": 333.781,
      "text": "其实我们以前是基于那种老的 ES 架构，"
    },
    {
      "index": 144,
      "start": 333.861,
      "end": 335.981,
      "text": "其实大家搜索一段其实就是一个分词。"
    },
    {
      "index": 145,
      "start": 336.281,
      "end": 337.561,
      "text": "分词之后搜索出来之后，"
    },
    {
      "index": 146,
      "start": 337.561,
      "end": 339.161,
      "text": "它其实那些信息非常庞大，"
    },
    {
      "index": 147,
      "start": 339.161,
      "end": 341.381,
      "text": "它其实也做不到呃更好的应用。"
    },
    {
      "index": 148,
      "start": 341.661,
      "end": 342.371,
      "text": "然后第二个呢，"
    },
    {
      "index": 149,
      "start": 342.491,
      "end": 345.511,
      "text": "就是基于惠美的 intellecrow 的临床决策，"
    },
    {
      "index": 150,
      "start": 345.791,
      "end": 347.151,
      "text": "智能推荐的核心架构。"
    },
    {
      "index": 151,
      "start": 347.151,
      "end": 352.571,
      "text": "这个主要是应对的是五级六级七级更高等级的这种智能决策。"
    },
    {
      "index": 152,
      "start": 352.651,
      "end": 354.071,
      "text": "如何叫做智能决策呢？"
    },
    {
      "index": 153,
      "start": 354.331,
      "end": 357.851,
      "text": "就是它可以在患者的这整个诊疗过程当中，"
    },
    {
      "index": 154,
      "start": 358.131,
      "end": 359.771,
      "text": "基于患者的病例信息，"
    },
    {
      "index": 155,
      "start": 359.771,
      "end": 360.971,
      "text": "它病例是非常多的嘛。"
    },
    {
      "index": 156,
      "start": 360.971,
      "end": 362.211,
      "text": "他可能是有入院记录，"
    },
    {
      "index": 157,
      "start": 362.411,
      "end": 363.291,
      "text": "也可能有病程，"
    },
    {
      "index": 158,
      "start": 363.311,
      "end": 363.891,
      "text": "有手术、"
    },
    {
      "index": 159,
      "start": 363.891,
      "end": 364.851,
      "text": "有检验检查，"
    },
    {
      "index": 160,
      "start": 365.131,
      "end": 366.711,
      "text": "各种各样的指标有生命体征。"
    },
    {
      "index": 161,
      "start": 366.911,
      "end": 370.531,
      "text": "那么医医护人员在进行开立医嘱或者是呃，"
    },
    {
      "index": 162,
      "start": 370.531,
      "end": 371.771,
      "text": "进行检查的时候，"
    },
    {
      "index": 163,
      "start": 371.771,
      "end": 375.081,
      "text": "我们是否可以针对于他实际的呃，"
    },
    {
      "index": 164,
      "start": 375.221,
      "end": 376.241,
      "text": "患者的情况。"
    },
    {
      "index": 165,
      "start": 376.401,
      "end": 379.361,
      "text": "能不能让他知道你这个异度你不能开是吧，"
    },
    {
      "index": 166,
      "start": 379.361,
      "end": 380.681,
      "text": "你开了是有问题的。"
    },
    {
      "index": 167,
      "start": 380.781,
      "end": 385.221,
      "text": "有的时候这个可以更好的就是降低这种医护纠纷的产生。"
    },
    {
      "index": 168,
      "start": 385.461,
      "end": 385.701,
      "text": "啊，"
    },
    {
      "index": 169,
      "start": 385.721,
      "end": 389.761,
      "text": "这是这也就是说这种 CDSS 存在的这核心价值。"
    },
    {
      "index": 170,
      "start": 390.101,
      "end": 393.601,
      "text": "然后第三个其实就是针对于这种模型加速，"
    },
    {
      "index": 171,
      "start": 393.981,
      "end": 394.221,
      "text": "呃，"
    },
    {
      "index": 172,
      "start": 394.501,
      "end": 400.481,
      "text": "主要是用了这种这个属于生能社区的这种开源模型开源镜像的这种 ammanding 加速。"
    },
    {
      "index": 173,
      "start": 400.841,
      "end": 402.721,
      "text": "它可以达到这个使用 NPU 加速嘛，"
    },
    {
      "index": 174,
      "start": 402.721,
      "end": 404.376,
      "text": "针对于我们这个国产化设备，"
    },
    {
      "index": 175,
      "start": 404.731,
      "end": 406.731,
      "text": "然后还有一个其实没有没有写上啊，"
    },
    {
      "index": 176,
      "start": 406.731,
      "end": 410.131,
      "text": "就最近也在呃研究这种 VNPU 的这种切分，"
    },
    {
      "index": 177,
      "start": 410.391,
      "end": 413.651,
      "text": "就是一块大的大的那个呃 NPU 设备。"
    },
    {
      "index": 178,
      "start": 413.651,
      "end": 413.891,
      "text": "呃，"
    },
    {
      "index": 179,
      "start": 414.031,
      "end": 416.771,
      "text": "n 个一一张卡可以切分成多张卡的这种场景，"
    },
    {
      "index": 180,
      "start": 416.971,
      "end": 417.171,
      "text": "呃，"
    },
    {
      "index": 181,
      "start": 417.171,
      "end": 420.946,
      "text": "达到那种资源之间不会有互相抢占啊这种模型加速的作用。"
    },
    {
      "index": 182,
      "start": 422.931,
      "end": 428.431,
      "text": "然后接下来简单介绍一下这个呃欧拉的 intelligence 知识库的这个核心架构。"
    },
    {
      "index": 183,
      "start": 428.811,
      "end": 429.051,
      "text": "呃，"
    },
    {
      "index": 184,
      "start": 429.071,
      "end": 430.531,
      "text": "可以看到下面这张图啊，"
    },
    {
      "index": 185,
      "start": 430.531,
      "end": 433.091,
      "text": "它主要其实核心的就是有四个部分，"
    },
    {
      "index": 186,
      "start": 433.311,
      "end": 433.551,
      "text": "呃，"
    },
    {
      "index": 187,
      "start": 433.551,
      "end": 435.731,
      "text": "一部分是呃团队管理。"
    },
    {
      "index": 188,
      "start": 436.231,
      "end": 438.691,
      "text": "团队管理其实主要做的就是决策权限啊，"
    },
    {
      "index": 189,
      "start": 438.691,
      "end": 439.751,
      "text": "针对于知识库的管理。"
    },
    {
      "index": 190,
      "start": 439.991,
      "end": 443.371,
      "text": "然后再就是知识数呃知识知识集资产管理，"
    },
    {
      "index": 191,
      "start": 443.431,
      "end": 443.971,
      "text": "资产管理，"
    },
    {
      "index": 192,
      "start": 443.971,
      "end": 444.931,
      "text": "也就是我们的知识。"
    },
    {
      "index": 193,
      "start": 445.091,
      "end": 447.411,
      "text": "我们可能有呃文献是吧？"
    },
    {
      "index": 194,
      "start": 447.411,
      "end": 448.731,
      "text": "文献速递相关的，"
    },
    {
      "index": 195,
      "start": 448.731,
      "end": 450.471,
      "text": "我们有检验报告相关的，"
    },
    {
      "index": 196,
      "start": 450.471,
      "end": 451.731,
      "text": "我们有病情相关的，"
    },
    {
      "index": 197,
      "start": 451.731,
      "end": 454.661,
      "text": "我们有疾病相关的呃呃种种各样的数据。"
    },
    {
      "index": 198,
      "start": 454.661,
      "end": 454.781,
      "text": "呃，"
    },
    {
      "index": 199,
      "start": 454.781,
      "end": 456.601,
      "text": "然后有 trunk search trunsearch，"
    },
    {
      "index": 200,
      "start": 456.601,
      "end": 461.501,
      "text": "其实也就是针对于我们这些原始数据进行这种呃切分切分之后，"
    },
    {
      "index": 201,
      "start": 461.501,
      "end": 463.481,
      "text": "检索其实向量化检索的一个过程。"
    },
    {
      "index": 202,
      "start": 463.821,
      "end": 465.641,
      "text": "然后还有就是综合评估，"
    },
    {
      "index": 203,
      "start": 465.841,
      "end": 469.521,
      "text": "其实可以针对于我们呃嵌入的这个文本数据之后，"
    },
    {
      "index": 204,
      "start": 469.801,
      "end": 471.741,
      "text": "我们针对于这种结果的召回。"
    },
    {
      "index": 205,
      "start": 472.021,
      "end": 472.221,
      "text": "呃，"
    },
    {
      "index": 206,
      "start": 472.221,
      "end": 474.001,
      "text": "大家知道这种算法应用的时候，"
    },
    {
      "index": 207,
      "start": 474.001,
      "end": 475.621,
      "text": "这个召回率史是至关重要的。"
    },
    {
      "index": 208,
      "start": 475.761,
      "end": 478.001,
      "text": "如果说你这个召回的质量不好，"
    },
    {
      "index": 209,
      "start": 478.001,
      "end": 481.236,
      "text": "那么其实是没有达到这种临床应用价值的。"
    },
    {
      "index": 210,
      "start": 482.461,
      "end": 482.701,
      "text": "呃，"
    },
    {
      "index": 211,
      "start": 482.721,
      "end": 485.001,
      "text": "然后它这个是基于这种高斯数据库，"
    },
    {
      "index": 212,
      "start": 485.001,
      "end": 486.601,
      "text": "还有欧拉操作系统构建的。"
    },
    {
      "index": 213,
      "start": 486.961,
      "end": 487.881,
      "text": "呃呃，"
    },
    {
      "index": 214,
      "start": 487.881,
      "end": 489.901,
      "text": "接下来讲详细介绍一下这个资产管理。"
    },
    {
      "index": 215,
      "start": 489.901,
      "end": 491.921,
      "text": "其实资产管理主要能够应对的，"
    },
    {
      "index": 216,
      "start": 491.921,
      "end": 495.341,
      "text": "就是我们临床上各种各样的复杂的数据结构嘛。"
    },
    {
      "index": 217,
      "start": 495.521,
      "end": 495.761,
      "text": "呃，"
    },
    {
      "index": 218,
      "start": 495.821,
      "end": 496.961,
      "text": "mark down 的呃，"
    },
    {
      "index": 219,
      "start": 496.961,
      "end": 498.921,
      "text": "有这种呃 PDF 的，"
    },
    {
      "index": 220,
      "start": 499.521,
      "end": 500.181,
      "text": "有 word 的，"
    },
    {
      "index": 221,
      "start": 500.181,
      "end": 501.261,
      "text": "有各种各样的数据。"
    },
    {
      "index": 222,
      "start": 501.321,
      "end": 502.641,
      "text": "然后针对于各种各样的数据，"
    },
    {
      "index": 223,
      "start": 502.641,
      "end": 504.081,
      "text": "它有的时候还有一些扫描件是吧？"
    },
    {
      "index": 224,
      "start": 504.081,
      "end": 505.861,
      "text": "解析的这个难度是非常大的。"
    },
    {
      "index": 225,
      "start": 506.021,
      "end": 507.181,
      "text": "针对于不同的解析呢，"
    },
    {
      "index": 226,
      "start": 507.181,
      "end": 508.561,
      "text": "它拥有不同的解析策略，"
    },
    {
      "index": 227,
      "start": 508.561,
      "end": 510.001,
      "text": "它可以这种父子架构的，"
    },
    {
      "index": 228,
      "start": 510.141,
      "end": 512.851,
      "text": "它也可以是链式的呃产生的。"
    },
    {
      "index": 229,
      "start": 513.131,
      "end": 514.391,
      "text": "经过这个解析之后呢，"
    },
    {
      "index": 230,
      "start": 514.391,
      "end": 517.091,
      "text": "把这个数据进行呃 track track，"
    },
    {
      "index": 231,
      "start": 517.091,
      "end": 517.871,
      "text": "也就是分块嘛。"
    },
    {
      "index": 232,
      "start": 517.871,
      "end": 521.751,
      "text": "因为大家知道大模型其实也是无法持下呃非常长的文本的。"
    },
    {
      "index": 233,
      "start": 521.751,
      "end": 522.811,
      "text": "它是有上下文限制。"
    },
    {
      "index": 234,
      "start": 522.931,
      "end": 524.551,
      "text": "trk 之后呢进行向量化存储。"
    },
    {
      "index": 235,
      "start": 524.551,
      "end": 525.631,
      "text": "向量化存储之后呢，"
    },
    {
      "index": 236,
      "start": 525.631,
      "end": 528.516,
      "text": "方便于我们后续的这种呃语义上的检索。"
    },
    {
      "index": 237,
      "start": 529.291,
      "end": 529.531,
      "text": "呃，"
    },
    {
      "index": 238,
      "start": 529.531,
      "end": 537.131,
      "text": "检索增强呢其实主要应对的其实就是呃我们可能呃临床上医生可能有一些常规项的问题。"
    },
    {
      "index": 239,
      "start": 537.131,
      "end": 538.271,
      "text": "这个问题问题之后呢，"
    },
    {
      "index": 240,
      "start": 538.271,
      "end": 540.191,
      "text": "可以针对于问题进行加速呃，"
    },
    {
      "index": 241,
      "start": 540.191,
      "end": 541.611,
      "text": "进行那个模型的重整。"
    },
    {
      "index": 242,
      "start": 541.811,
      "end": 546.031,
      "text": "重整之后呢也可以基于这种呃负责分块的检索方式。"
    },
    {
      "index": 243,
      "start": 546.291,
      "end": 546.531,
      "text": "呃，"
    },
    {
      "index": 244,
      "start": 546.531,
      "end": 548.671,
      "text": "可能为了保证语义完的完整性呢，"
    },
    {
      "index": 245,
      "start": 548.911,
      "end": 551.711,
      "text": "呃我们检索到子文子模块，"
    },
    {
      "index": 246,
      "start": 551.791,
      "end": 553.211,
      "text": "我们可以把它副模块带出来。"
    },
    {
      "index": 247,
      "start": 553.211,
      "end": 557.106,
      "text": "这样的话保尽量尽量可量的保持这个语义的完整性。"
    },
    {
      "index": 248,
      "start": 558.191,
      "end": 560.471,
      "text": "然后针对于这他这一套呢核心架构呢，"
    },
    {
      "index": 249,
      "start": 560.471,
      "end": 563.916,
      "text": "其实我们也做了一款呃商业化落地的一款产品，"
    },
    {
      "index": 250,
      "start": 564.761,
      "end": 566.541,
      "text": "就是 CDS 的一体机。"
    },
    {
      "index": 251,
      "start": 566.541,
      "end": 570.761,
      "text": "这个主要是应对于这种满满足四级应用场景的这种场景。"
    },
    {
      "index": 252,
      "start": 571.001,
      "end": 571.241,
      "text": "呃，"
    },
    {
      "index": 253,
      "start": 571.241,
      "end": 574.341,
      "text": "我列呃列举了三个这种落地的案例，"
    },
    {
      "index": 254,
      "start": 574.341,
      "end": 575.761,
      "text": "商业化落地的案例啊。"
    },
    {
      "index": 255,
      "start": 575.761,
      "end": 577.641,
      "text": "呃一个是医学的询证问答，"
    },
    {
      "index": 256,
      "start": 577.641,
      "end": 578.961,
      "text": "一个是医学文献分析，"
    },
    {
      "index": 257,
      "start": 578.961,
      "end": 580.761,
      "text": "还有一个智能病例分析。"
    },
    {
      "index": 258,
      "start": 580.761,
      "end": 586.281,
      "text": "医学询证问答其实主要指的就是呃大家都知道大模型存在幻觉是吧？"
    },
    {
      "index": 259,
      "start": 586.281,
      "end": 586.401,
      "text": "呃，"
    },
    {
      "index": 260,
      "start": 586.401,
      "end": 587.541,
      "text": "问的时候有时候胡说八道，"
    },
    {
      "index": 261,
      "start": 587.541,
      "end": 589.181,
      "text": "但是在医医学场景下，"
    },
    {
      "index": 262,
      "start": 589.181,
      "end": 589.761,
      "text": "你胡说八道，"
    },
    {
      "index": 263,
      "start": 589.761,
      "end": 591.141,
      "text": "这个是致命的。"
    },
    {
      "index": 264,
      "start": 591.141,
      "end": 595.771,
      "text": "所以说对于这种场场景结结合我们的 intelligence 知识库的检索能力呢，"
    },
    {
      "index": 265,
      "start": 595.991,
      "end": 599.771,
      "text": "配合起来加上我们自己内部的核心的原有的知识库的知识，"
    },
    {
      "index": 266,
      "start": 600.091,
      "end": 602.051,
      "text": "它可以达到循证问答的作用。"
    },
    {
      "index": 267,
      "start": 602.051,
      "end": 604.671,
      "text": "就是回答你的问题是有证可依，"
    },
    {
      "index": 268,
      "start": 604.711,
      "end": 605.511,
      "text": "有证可依的，"
    },
    {
      "index": 269,
      "start": 605.711,
      "end": 606.711,
      "text": "它不是胡说的。"
    },
    {
      "index": 270,
      "start": 606.811,
      "end": 607.051,
      "text": "呃，"
    },
    {
      "index": 271,
      "start": 607.091,
      "end": 607.671,
      "text": "这是一个。"
    },
    {
      "index": 272,
      "start": 607.851,
      "end": 609.271,
      "text": "还有一个就是医学文献分析。"
    },
    {
      "index": 273,
      "start": 609.571,
      "end": 610.63,
      "text": "我们知道呃，"
    },
    {
      "index": 274,
      "start": 610.63,
      "end": 614.681,
      "text": "往往医学文献上我们都应对着很复杂。"
    },
    {
      "index": 275,
      "start": 614.841,
      "end": 618.321,
      "text": "因为医学文献它主要最核心最前沿的都是国外的。"
    },
    {
      "index": 276,
      "start": 618.421,
      "end": 621.321,
      "text": "然后很多可能呃读起来也是比较困难的。"
    },
    {
      "index": 277,
      "start": 621.321,
      "end": 624.581,
      "text": "然后呃上传我们的这个这个医学文献呢，"
    },
    {
      "index": 278,
      "start": 624.701,
      "end": 628.341,
      "text": "它可以经过 OCR 相关的一些模型扫描之后进行解析。"
    },
    {
      "index": 279,
      "start": 628.561,
      "end": 629.421,
      "text": "解析之后呢，"
    },
    {
      "index": 280,
      "start": 629.621,
      "end": 633.661,
      "text": "可以依据你的情况啊给出一个相应的整理答案。"
    },
    {
      "index": 281,
      "start": 633.961,
      "end": 635.861,
      "text": "然后第三个其实就是智能病例分析。"
    },
    {
      "index": 282,
      "start": 636.081,
      "end": 638.621,
      "text": "智能病例分析其实就是上传我们相关病例，"
    },
    {
      "index": 283,
      "start": 638.821,
      "end": 640.041,
      "text": "你可以上传 excel，"
    },
    {
      "index": 284,
      "start": 640.041,
      "end": 642.261,
      "text": "你给上传 word 呃等等情况。"
    },
    {
      "index": 285,
      "start": 642.421,
      "end": 643.241,
      "text": "上传之后呢，"
    },
    {
      "index": 286,
      "start": 643.241,
      "end": 646.111,
      "text": "结合着我们相当于内部微调的模型。"
    },
    {
      "index": 287,
      "start": 646.491,
      "end": 646.731,
      "text": "呃，"
    },
    {
      "index": 288,
      "start": 646.731,
      "end": 649.151,
      "text": "一般医疗场景其实一般都是开源模型，"
    },
    {
      "index": 289,
      "start": 649.151,
      "end": 650.091,
      "text": "没有办法直接用的。"
    },
    {
      "index": 290,
      "start": 650.231,
      "end": 651.711,
      "text": "我们需要进行微调处理。"
    },
    {
      "index": 291,
      "start": 651.831,
      "end": 652.911,
      "text": "微调的模型之后呢，"
    },
    {
      "index": 292,
      "start": 652.911,
      "end": 655.616,
      "text": "可以给它回答出一些更专业的场景。"
    },
    {
      "index": 293,
      "start": 656.551,
      "end": 656.791,
      "text": "呃，"
    },
    {
      "index": 294,
      "start": 656.971,
      "end": 657.656,
      "text": "这是这个。"
    },
    {
      "index": 295,
      "start": 658.751,
      "end": 662.271,
      "text": "然后最后一个其实就是 intealian crowd 这个核心架构。"
    },
    {
      "index": 296,
      "start": 662.451,
      "end": 662.651,
      "text": "呃，"
    },
    {
      "index": 297,
      "start": 662.651,
      "end": 665.926,
      "text": "主要主要介绍一下这这一部分 italian crowd。"
    },
    {
      "index": 298,
      "start": 666.541,
      "end": 666.781,
      "text": "呃，"
    },
    {
      "index": 299,
      "start": 666.901,
      "end": 670.081,
      "text": "它主要相较于传统的有几大变更，"
    },
    {
      "index": 300,
      "start": 670.081,
      "end": 671.421,
      "text": "一个是文本转规则，"
    },
    {
      "index": 301,
      "start": 671.661,
      "end": 673.241,
      "text": "还有一个是文本转 circle，"
    },
    {
      "index": 302,
      "start": 673.241,
      "end": 675.721,
      "text": "就是我们有一些报表类的需求。"
    },
    {
      "index": 303,
      "start": 676.121,
      "end": 676.361,
      "text": "呃，"
    },
    {
      "index": 304,
      "start": 676.461,
      "end": 679.981,
      "text": "然后这种是主要应对于这种实时提醒的场景，"
    },
    {
      "index": 305,
      "start": 680.081,
      "end": 681.841,
      "text": "然后以及新的 growth 引擎，"
    },
    {
      "index": 306,
      "start": 681.961,
      "end": 684.401,
      "text": "这个是通用规则引擎以及会面大模型。"
    },
    {
      "index": 307,
      "start": 684.941,
      "end": 687.301,
      "text": "然后文本转规则的意思是什么呢？"
    },
    {
      "index": 308,
      "start": 687.301,
      "end": 688.841,
      "text": "我们往往可能临床应用，"
    },
    {
      "index": 309,
      "start": 688.861,
      "end": 690.321,
      "text": "我们的实时性要求非常高，"
    },
    {
      "index": 310,
      "start": 690.641,
      "end": 690.861,
      "text": "呃，"
    },
    {
      "index": 311,
      "start": 690.861,
      "end": 691.901,
      "text": "用大模型推理的话，"
    },
    {
      "index": 312,
      "start": 691.901,
      "end": 692.301,
      "text": "过慢，"
    },
    {
      "index": 313,
      "start": 692.381,
      "end": 693.261,
      "text": "所以说它达不到。"
    },
    {
      "index": 314,
      "start": 693.341,
      "end": 696.831,
      "text": "所以说我们考虑的是能不能基于模型来够生成规则，"
    },
    {
      "index": 315,
      "start": 696.911,
      "end": 698.971,
      "text": "这个规则反而是一种通用型的规则。"
    },
    {
      "index": 316,
      "start": 699.251,
      "end": 702.431,
      "text": "然后脱离于那种常规业务的那针对于场景下，"
    },
    {
      "index": 317,
      "start": 702.731,
      "end": 702.971,
      "text": "呃，"
    },
    {
      "index": 318,
      "start": 702.991,
      "end": 706.131,
      "text": "我们做了其实这个文本转规则的这种引擎服务。"
    },
    {
      "index": 319,
      "start": 706.291,
      "end": 708.571,
      "text": "这个服务呢其实也是结合着微调模型，"
    },
    {
      "index": 320,
      "start": 708.791,
      "end": 713.951,
      "text": "结合着你可能你输入的是一个呃文本类的描述。"
    },
    {
      "index": 321,
      "start": 714.191,
      "end": 714.391,
      "text": "啊，"
    },
    {
      "index": 322,
      "start": 714.391,
      "end": 715.351,
      "text": "基于这个文本描述，"
    },
    {
      "index": 323,
      "start": 715.351,
      "end": 719.231,
      "text": "我们结合着模型可以分析出你们这个应该是一个什么样的角色场景。"
    },
    {
      "index": 324,
      "start": 719.431,
      "end": 721.011,
      "text": "基于这个角色场景之后呢，"
    },
    {
      "index": 325,
      "start": 721.171,
      "end": 723.291,
      "text": "呃我们最后产生一种规则产物。"
    },
    {
      "index": 326,
      "start": 723.591,
      "end": 724.931,
      "text": "然后基于这个规则产物呢，"
    },
    {
      "index": 327,
      "start": 724.931,
      "end": 727.231,
      "text": "我们做了一款通用规则引擎。"
    },
    {
      "index": 328,
      "start": 727.231,
      "end": 730.051,
      "text": "这个引擎其实脱离了原有的原有的所有的引擎。"
    },
    {
      "index": 329,
      "start": 730.331,
      "end": 733.171,
      "text": "那这个引擎呢它是基于一种输入输出的概念，"
    },
    {
      "index": 330,
      "start": 733.431,
      "end": 735.731,
      "text": "就是它内置非常多的算子，"
    },
    {
      "index": 331,
      "start": 736.031,
      "end": 739.211,
      "text": "然后它的它不依赖于任何业务属性。"
    },
    {
      "index": 332,
      "start": 739.351,
      "end": 742.326,
      "text": "你只需要依据于输入的数据，"
    },
    {
      "index": 333,
      "start": 742.621,
      "end": 746.181,
      "text": "然后结合着我们的输入的 ruler 规则，"
    },
    {
      "index": 334,
      "start": 746.381,
      "end": 747.861,
      "text": "它就可以产生计算结果。"
    },
    {
      "index": 335,
      "start": 747.861,
      "end": 748.701,
      "text": "其实脱离了。"
    },
    {
      "index": 336,
      "start": 748.781,
      "end": 749.661,
      "text": "在这种场景下，"
    },
    {
      "index": 337,
      "start": 749.661,
      "end": 750.66,
      "text": "我们落地之后呢，"
    },
    {
      "index": 338,
      "start": 750.841,
      "end": 752.981,
      "text": "这个引擎我们支持了更多的业务。"
    },
    {
      "index": 339,
      "start": 752.981,
      "end": 755.381,
      "text": "我们不需要有更多的静态的规则引擎了，"
    },
    {
      "index": 340,
      "start": 755.561,
      "end": 758.261,
      "text": "然后开发的维护成本也进一步的降低了。"
    },
    {
      "index": 341,
      "start": 758.481,
      "end": 758.661,
      "text": "呃，"
    },
    {
      "index": 342,
      "start": 758.661,
      "end": 761.301,
      "text": "当然内部呃依赖的算子也非常多，"
    },
    {
      "index": 343,
      "start": 761.301,
      "end": 762.616,
      "text": "这个是比较复杂的场景。"
    },
    {
      "index": 344,
      "start": 764.201,
      "end": 766.101,
      "text": "然后这个落地场景我分为两个部分，"
    },
    {
      "index": 345,
      "start": 766.101,
      "end": 768.001,
      "text": "一个是呃国内的场景，"
    },
    {
      "index": 346,
      "start": 768.001,
      "end": 769.601,
      "text": "国内的这种落地的场景，"
    },
    {
      "index": 347,
      "start": 769.601,
      "end": 771.161,
      "text": "就智能推荐的推荐评估啊，"
    },
    {
      "index": 348,
      "start": 771.161,
      "end": 771.681,
      "text": "推荐检查、"
    },
    {
      "index": 349,
      "start": 771.681,
      "end": 772.461,
      "text": "推荐治疗等等，"
    },
    {
      "index": 350,
      "start": 772.461,
      "end": 773.281,
      "text": "还有很多场景。"
    },
    {
      "index": 351,
      "start": 773.481,
      "end": 774.981,
      "text": "然后还有一个是国外的，"
    },
    {
      "index": 352,
      "start": 775.141,
      "end": 776.061,
      "text": "就是国外的案例，"
    },
    {
      "index": 353,
      "start": 776.061,
      "end": 777.681,
      "text": "其实主要是用药相关的。"
    },
    {
      "index": 354,
      "start": 777.681,
      "end": 782.881,
      "text": "目前在推这一块在国外的这个呃用药的场景的推荐应用，"
    },
    {
      "index": 355,
      "start": 782.881,
      "end": 787.081,
      "text": "我们这个的核心这个个已经在商业化落地当中了。"
    },
    {
      "index": 356,
      "start": 787.221,
      "end": 787.666,
      "text": "嗯，"
    },
    {
      "index": 357,
      "start": 788.951,
      "end": 792.611,
      "text": "然后这个就是以上就是我呃所有分享的内容啊，"
    },
    {
      "index": 358,
      "start": 792.611,
      "end": 801.741,
      "text": "谢谢啊，"
    },
    {
      "index": 359,
      "start": 802.241,
      "end": 807.521,
      "text": "非常感谢冯老冯老师带来的那个今在那个医疗行业的一个典型的案例啊，"
    },
    {
      "index": 360,
      "start": 807.541,
      "end": 819.581,
      "text": "就是呃提到的这个就是用我们的这个呃智能决策系统叠加这个模型的这个呃 EIG 的这个方案呢呃通过对于这种实现的一个股份分，"
    },
    {
      "index": 361,
      "start": 819.581,
      "end": 824.121,
      "text": "懂我看到这个地方独懂连接前知识领域的一个智能大脑的一个能力啊，"
    },
    {
      "index": 362,
      "start": 824.121,
      "end": 825.861,
      "text": "嗯非常棒的一个分享啊，"
    },
    {
      "index": 363,
      "start": 825.861,
      "end": 826.401,
      "text": "谢谢。"
    },
    {
      "index": 364,
      "start": 826.401,
      "end": 834.091,
      "text": "然后下面呢有请嗯我们的那个招商证证股股份有限公司核心的系统架构师黄静先生，"
    }
  ],
  "artifacts": [
    "output/ai_session/part_01/chunk_00/03_srt_slice/artifacts/chunk_baseline.srt"
  ],
  "metadata": {},
  "trace_id": null,
  "duration_ms": 0,
  "started_at": "2025-12-15T22:01:14.374151",
  "completed_at": "2025-12-15T14:01:14.509903",
  "step_config": {},
  "dependencies": [
    "downscale"
  ]
}