{
  "address": "day2_main/part_05/chunk_00/07_capture_frame/slide_004",
  "status": "completed",
  "input": {
    "video": "output/day2_main/part_05/chunk_00/01_cut_chunk/artifacts/chunk_high.mp4",
    "timestamp": "00:04:13.400",
    "frame_id": "slide_004",
    "output_ext": ".png"
  },
  "output": "output/day2_main/part_05/chunk_00/07_capture_frame/slide_004/artifacts/slide_004.png",
  "artifacts": [
    "output/day2_main/part_05/chunk_00/07_capture_frame/slide_004/artifacts/slide_004.png"
  ],
  "metadata": {
    "timestamp": "00:04:13.400",
    "frame_id": "slide_004",
    "ffmpeg": "/opt/homebrew/bin/ffmpeg"
  },
  "trace_id": null,
  "duration_ms": 910,
  "started_at": "2025-12-17T21:08:46.268613",
  "completed_at": "2025-12-17T13:08:47.180818",
  "step_config": {},
  "dependencies": [
    "slide_timeline"
  ]
}