{
  "address": "ScienceEducationInnovation/part_03/chunk_00/07_capture_frame/slide_004",
  "status": "completed",
  "input": {
    "video": "output/ScienceEducationInnovation/part_03/chunk_00/01_cut_chunk/artifacts/chunk_high.mp4",
    "timestamp": "00:01:10.000",
    "frame_id": "slide_004",
    "output_ext": ".png"
  },
  "output": "output/ScienceEducationInnovation/part_03/chunk_00/07_capture_frame/slide_004/artifacts/slide_004.png",
  "artifacts": [
    "output/ScienceEducationInnovation/part_03/chunk_00/07_capture_frame/slide_004/artifacts/slide_004.png"
  ],
  "metadata": {
    "timestamp": "00:01:10.000",
    "frame_id": "slide_004",
    "ffmpeg": "/opt/homebrew/bin/ffmpeg"
  },
  "trace_id": null,
  "duration_ms": 475,
  "started_at": "2025-12-19T01:07:58.328229",
  "completed_at": "2025-12-18T17:07:58.804252",
  "step_config": {},
  "dependencies": [
    "slide_timeline"
  ]
}