{
  "address": "ai_session/part_06/final/03_part_cut",
  "status": "completed",
  "input": {
    "video": "/Users/lichuan/Codes/TalkDistill/ai_session.mp4",
    "start": 5926.23,
    "duration": 721.5800000000008,
    "output_name": "part_high.mp4"
  },
  "output": {
    "path": "output/ai_session/part_06/final/03_part_cut/artifacts/part_high.mp4",
    "start": 5926.23,
    "duration": 721.5800000000008
  },
  "artifacts": [
    "output/ai_session/part_06/final/03_part_cut/artifacts/part_high.mp4"
  ],
  "metadata": {
    "ffmpeg": "/opt/homebrew/bin/ffmpeg",
    "start": 5926.23,
    "duration": 721.5800000000008,
    "size_bytes": 375669099
  },
  "trace_id": null,
  "duration_ms": 457,
  "started_at": "2025-12-15T23:49:32.805303",
  "completed_at": "2025-12-15T15:49:33.264687",
  "step_config": {},
  "dependencies": []
}