{
  "address": "ai_session/part_02/chunk_00/09_apply_crop/slide_017",
  "status": "completed",
  "input": {
    "image_path": "output/ai_session/part_02/chunk_00/07_capture_frame/slide_017/artifacts/slide_017.png",
    "crop_region": {
      "x": 556,
      "y": 194,
      "width": 1363,
      "height": 864
    }
  },
  "output": "output/ai_session/part_02/chunk_00/09_apply_crop/slide_017/artifacts/slide_017.png",
  "artifacts": [
    "output/ai_session/part_02/chunk_00/09_apply_crop/slide_017/artifacts/slide_017.png"
  ],
  "metadata": {
    "source": "output/ai_session/part_02/chunk_00/07_capture_frame/slide_017/artifacts/slide_017.png",
    "applied": true,
    "crop_region": {
      "x": 556,
      "y": 194,
      "width": 1363,
      "height": 864
    },
    "size": {
      "width": 1363,
      "height": 864
    }
  },
  "trace_id": null,
  "duration_ms": 291,
  "started_at": "2025-12-15T23:02:57.630426",
  "completed_at": "2025-12-15T15:02:57.923315",
  "step_config": {},
  "dependencies": [
    "capture_frame",
    "crop_decision"
  ]
}