{
  "address": "ScienceEducationInnovation/part_02/chunk_00/08_crop_decision/slide_041",
  "status": "completed",
  "input": {
    "image_path": "output/ScienceEducationInnovation/part_02/chunk_00/07_capture_frame/slide_041/artifacts/slide_041.png",
    "slide_index": 41,
    "slide_title": "未来展望：生成式推荐大模型 从DLRM到GR（生成式推荐），参数量和计算模式的变化"
  },
  "output": null,
  "artifacts": [
    "output/ScienceEducationInnovation/part_02/chunk_00/07_capture_frame/slide_041/artifacts/slide_041.png"
  ],
  "metadata": {
    "needs_crop": false,
    "reason": "MANUAL_NO_CROP",
    "manual_override": true
  },
  "trace_id": null,
  "duration_ms": 0,
  "started_at": "2025-12-18T16:37:52.032969",
  "completed_at": "2025-12-18T16:37:52.032969",
  "step_config": {
    "manual_override": true
  },
  "dependencies": [
    "capture_frame"
  ]
}