{
  "address": "ai_session/part_10/chunk_00/09_apply_crop/slide_002",
  "status": "completed",
  "input": {
    "image_path": "output/ai_session/part_10/chunk_00/07_capture_frame/slide_002/artifacts/slide_002.png",
    "crop_region": {
      "x": 129,
      "y": 50,
      "width": 1180,
      "height": 805
    }
  },
  "output": "output/ai_session/part_10/chunk_00/09_apply_crop/slide_002/artifacts/slide_002.png",
  "artifacts": [
    "output/ai_session/part_10/chunk_00/09_apply_crop/slide_002/artifacts/slide_002.png"
  ],
  "metadata": {
    "source": "output/ai_session/part_10/chunk_00/07_capture_frame/slide_002/artifacts/slide_002.png",
    "applied": true,
    "crop_region": {
      "x": 129,
      "y": 50,
      "width": 1180,
      "height": 805
    },
    "size": {
      "width": 1180,
      "height": 805
    }
  },
  "trace_id": null,
  "duration_ms": 112,
  "started_at": "2025-12-16T01:21:34.119818",
  "completed_at": "2025-12-15T17:21:34.232939",
  "step_config": {},
  "dependencies": [
    "capture_frame",
    "crop_decision"
  ]
}