{
  "id": "sec_5",
  "index": 4,
  "title": "全栈技术深耕与发展路线图",
  "time_range": "00:05:25,920 - 00:06:26,740",
  "script": "最近，其实我们把LMCache在我们的硬件平台上已经做了一些测试，测完之后，其实对多轮交互情况下，对我们的时延降低20%到30%，效果非常明显。\n后续的话，我们还会把expert，包括后面这个DeepInsight到我们平台上去验证。\n整个一套，我们会作为打包成一个完整的方案，给客户进行提供。\n所以这块的话，我们整个经过我们这几个月实验下来之后，我们从我们自己推理来讲，我们觉得第一个，我们选择欧拉这条路是对的。\n第二个，我们整个团队的选择的方向没什么问题，后续的话我们会加强这个跟欧拉的合作，包括到明年Q1，新的350P的芯片出来之后，我们也会跟欧拉一起第一时间去做适配。\n完了之后，结合我们的DeepInsight能力，我们会在推出我们的多模态的一些产品和方案，完了之后更好地去给客户提供一些服务。",
  "summary": "近期，通过在硬件平台上测试LMCache，团队已成功将多轮交互时延降低了20%至30%。后续计划将集成expert和DeepInsight，并结合明年Q1的新芯片推出多模态产品方案，以提供更完善的客户服务。"
}