{
  "address": "ScienceEducationInnovation/part_03/final/08_graph_gen",
  "status": "completed",
  "input": {
    "sections": [
      {
        "section_id": "sec_001",
        "index": 0,
        "title": "开场与讲者介绍：人工智能端到端的复杂攻击检测技术研究报告分享者李锭老师介绍及主题开场。介绍北京大学李锭老师及其演讲主题《人工智能端到端的复杂攻击检测技术研究》。",
        "time_range": "00:00:00,000 - 00:01:01,505",
        "refined_script": "# 专题分享：人工智能端到端的复杂攻击检测技术研究\n\n## 1. 讲者简介\n**李锭**\n*   **机构**：北京大学\n*   **研究领域**：人工智能安全、端到端攻击检测技术\n\n## 2. 项目背景与社区合作\n本项目致力于解决人工智能广泛应用背景下的安全防护挑战，并与 **openEuler 社区** 保持着长期的深度合作：\n*   **合作起点**：2023 年，项目正式入驻社区并进行首次技术分享。\n*   **当前进展**：2024 年，项目进入新阶段，本次分享将重点展示该研究课题的最新技术突破与进展。\n\n## 3. 核心课题概述\n**主题**：《人工智能端到端的复杂攻击检测技术研究》\n\n**核心目标**：\n在 AI 应用日益普及的趋势下，构建从端到端的全链路安全防御体系，针对复杂攻击行为实现高效、精准的自动化检测，确保底层系统与上层应用的安全性。",
        "summary": "",
        "original_script": "接下来让我们有请北京大学的李锭老师，为我们带来《人工智能端到端的复杂攻击检测技术研究》的主题分享。\n在人工智能广泛应用的今天，安全防护至关重要。让我们掌声欢迎李老师。\n谢谢主持人的介绍。非常感谢华为的邀请。\n我们今天介绍的这个项目，实际上已经与 openEuler 合作了很长时间。\n从2023年开始，我们就在这里进行过分享。2024年，我们非常荣幸能再次分享该项目的最新进展。\n今天的主题是《人工智能端到端的复杂攻击检测技术研究》。"
      },
      {
        "section_id": "sec_002",
        "index": 1,
        "title": "研究背景：APT攻击的威胁与现状分析分析APT攻击的复杂性、隐蔽性及技术多变特征，指出当前基于规则的检测技术在人力成本和可观测性上的局限。",
        "time_range": "00:01:02,270 - 00:03:14,590",
        "refined_script": "# 研究背景：APT 攻击的威胁现状与防御挑战分析\n\n## 1. 威胁演进：从分散攻击到国家级对抗\n网络安全环境在过去二十年间发生了根本性变革，攻击主体的演进直接导致了防御难度的指数级增长：\n- **历史背景**：二十年前，攻击者多为分散的业余选手，攻击行为具有随机性和孤立性。\n- **现状趋势**：现代攻击（尤其是 APT，高级持续性威胁）多由**国家级专业团队**发起，已成为全球范围内面临的重大安全威胁。\n\n## 2. APT 攻击的核心技术特征\nAPT 攻击之所以成为安全领域的重大难题，主要源于其在逻辑、特征和技术手段上的高度复杂性：\n\n*   **逻辑复杂（多阶段关联）**：\n    *   攻击不再是单点式的，而是由多套技术、多个攻击步骤组合而成的长周期行为。\n    *   **防御需求**：需要具备多点关联能力，能够从海量无关数据中恢复完整的攻击逻辑。\n*   **特征隐蔽（规避检测）**：\n    *   攻击者广泛采用**无文件攻击 (Fileless)**、脚本攻击等手段，极难被传统扫描工具发现。\n    *   **防御需求**：需要具备自动化挖掘深层隐蔽特征的能力。\n*   **技术多变（未知威胁）**：\n    *   频繁利用 **0-day 漏洞**或未知的临时攻击手段，具有极强的不可预测性。\n    *   **防御需求**：防御技术必须能主动适应并识别未知威胁，而非仅仅依赖已知库。\n\n## 3. 产业界现状与技术局限\n目前产业界的主流防御体系（从早期的病毒检测到行为检测，再到现今的 EDR）仍未完全解决上述挑战，其局限性体现在：\n\n| 维度 | 现状描述 | 核心痛点 |\n| :--- | :--- | :--- |\n| **检测机制** | 基于规则（Rule-based）的静态识别。 | 极度依赖人工专家编写和维护规则库。 |\n| **关联分析** | 告警后的手动关联与报告生成。 | 响应速度慢，人力成本极高。 |\n| **系统效能** | 缺乏自动化的闭环处理。 | 可观测性弱，难以应对大规模、高频次的攻击。 |\n\n## 4. 研究愿景：端到端 AI 检测\n针对当前“规则驱动”模式的瓶颈，本研究的核心目标是探索一种全新的防御范式：\n- **核心命题**：能否排除人工干预，实现**端到端的 AI 检测**？\n- **技术演进**：通过人工智能技术实现从原始数据输入到威胁识别输出的全自动化，提升对复杂 APT 攻击的响应效率与准确度。",
        "summary": "",
        "original_script": "我们的研究背景是防御目前非常复杂的 APT（高级持续性威胁）攻击。\n现在的安全环境与二十年前相比已经发生了巨大变化。\n二十年前，攻击者多为业余选手，分布较为分散。而现在的攻击往往由国家级专业团队发起。\nAPT 攻击已成为全球范围内面临的重大安全威胁。\n与传统攻击相比，防御 APT 攻击是安全领域的一个重大难题。\n原因在于 APT 攻击具有三个显著特征：第一是逻辑复杂。\nAPT 攻击不再是单点式的，而是多套技术、多个攻击步骤的组合。\n这就要求防御技术具备多点关联能力，能够将一系列看似无关的战役关联起来，恢复出攻击逻辑。\n第二是特征隐蔽。专业人员会采用大量无文件攻击、脚本攻击等手段，极其隐蔽。\n因此，防御手段需要具备自动化挖掘隐蔽特征的能力。\n第三是技术多变。APT 攻击经常利用 0-day 漏洞或未知的临时攻击，要求防御技术能主动适应未知威胁。\n遗憾的是，目前这三个要求在技术上仍难以完全满足。\n在产业界，目前的技术仍主要基于规则，无论是最初的病毒检测、后来的行为检测，还是现在的 EDR。\n这些技术大量依赖人工专家编写规则，静态地识别和检测攻击。\n随后再手动进行关联并生成报告。这种方式的人力成本极高，且可观测性较弱。\n因此，我们的研究试图回答一个问题：能否排除人工干预，实现端到端的 AI 检测？"
      },
      {
        "section_id": "sec_003",
        "index": 2,
        "title": "科学问题与三大关键挑战探讨实现端到端AI检测的可能性，并详细分析数据质量差、语义理解难、成本损耗大这三个核心挑战。",
        "time_range": "00:03:14,950 - 00:07:17,275",
        "refined_script": "# 迈向端到端 AI 攻击检测：核心愿景与三大技术挑战\n\n## 1. 核心愿景：端到端自动化检测\n在网络安全领域，研究的终极目标是实现**端到端（End-to-End）的 AI 检测**。该方案旨在排除人工干预，直接驱动 AI 模型读取原始系统运行日志，通过算法深度分析，自动生成可读性强的攻击报告，并利用自然语言描述复杂的 APT（高级持续性威胁）攻击场景。\n\n尽管大语言模型（LLM）展现了强大的理解能力，但在实际落地过程中，端到端检测仍面临以下三大核心挑战。\n\n## 2. 挑战一：数据质量与标注瓶颈\nAI 模型的能力高度依赖于训练数据的质量，但在安全领域，数据供给存在严重缺陷：\n\n*   **数据获取困难与隐私限制**：高质量的安全数据多存在于企业内部运维系统中，受限于隐私保护，难以公开共享。目前学术界常用的模拟数据与真实生产环境存在较大偏差，对模型能力的提升有限。\n*   **标注成本极高**：安全数据的标注具有极高的专业门槛，无法通过普通众包完成。标注工作需要资深专家或专业研究人员参与，且即便如此，在海量日志中精确匹配攻击行为的效率和准确性仍难以保证。\n*   **样本分布极度不均**：在现实场景中，攻击行为属于极少数的“稀疏事件”，正常运行数据远多于攻击数据。这种极度失衡的数据分布给机器学习模型的训练带来了巨大的收敛压力。\n\n## 3. 挑战二：语义鸿沟与长程关联分析\n将底层系统行为转化为人类可理解的语言，存在天然的逻辑障碍：\n\n*   **语义鸿沟（Semantic Gap）**：底层操作系统日志、网络流量日志与人类自然语言之间存在巨大的语义断层，模型难以直接建立从二进制/结构化日志到业务逻辑的映射。\n*   **上下文歧义性**：相同的操作行为在不同语境下性质截然不同。例如，“访问特定文件”在正常业务流程中是合法操作，但在病毒入侵场景下则是恶意行为，模型必须具备极强的上下文感知能力。\n*   **高维度与窗口限制**：APT 攻击通常具有长周期性，往往持续数月。然而，即使是拥有 1M Token 上下文窗口的大模型，也仅能覆盖约半天的日志量。面对海量且长周期的日志数据，模型难以捕捉全貌，容易丢失关键的攻击线索。\n\n## 4. 挑战三：成本损耗与性能博弈\n安全产业的落地受限于严苛的投入产出比：\n\n*   **资源投入受限**：相比通用大模型领域，安全行业在资金投入和显卡（GPU）计算资源上相对有限，企业难以负担巨额的算力成本。\n*   **实时性与规模的矛盾**：安全检测要求极高的时效性（及时发现、及时阻断）。在处理海量端到端数据时，如何在受限的成本和算力条件下，实现低延迟、高吞吐的实时检测，是目前技术落地的主要障碍。",
        "summary": "",
        "original_script": "因此，我们的研究试图回答一个问题：能否排除人工干预，实现端到端的 AI 检测？\n即让 AI 直接读取原始的系统运行日志，经过算法分析，自动生成可读的攻击报告。\n自动将复杂的 APT 攻击场景用自然语言描述出来。\n在大语言模型如此强大的今天，这看似容易，但实际效果并不理想。\n究其原因，主要存在三个关键挑战。首先是数据质量差。\n对于 AI 模型而言，其能力完全源于数据。\n但在攻击检测领域，训练数据量严重不足。安全数据多为企业内部运维数据，具有隐私性，难以公开。\n学术界的大量数据多为模拟数据，对模型能力的提升非常有限。\n其次是缺乏标注。对安全数据进行标注的成本极高。\n它不像计算机视觉或自然语言处理可以由普通人标注，安全数据标注需要大量专业人士参与。\n这导致效率低下，且标注质量难以保证。即使是专业的博士生，也难以精确匹配每一条日志数据。\n第三是数据分布极不均匀。在现实中，攻击数据远少于正常数据。\n这种极度稀疏的数据分布给机器学习模型带来了巨大困难。\n第二个挑战是语义理解困难。\n我们希望大模型能理解底层日志中的攻击，并用人类语言解释。\n但底层日志（如操作系统日志、网络日志）与人类自然语言之间存在巨大的语义鸿沟。\n此外，理解还存在歧义性。同样的行为，在不同上下文中可能是正常的，也可能是恶意的。\n例如访问某个文件，正常用户打开是正常操作，而病毒引起则是恶意行为。\n最后是数据维度极高。大模型的上下文窗口（如 1M token）对于安全日志来说仍然太小。\n100万个 token 可能只能覆盖半天的日志，而 APT 攻击往往持续数月，模型根本无法捕捉全貌。\n第三个挑战是成本限制。安全产业，尤其是国内，受成本限制非常大。\n企业不愿像投入大模型那样投入巨额资金，也没有那么多显卡资源进行分析。\n但我们对算法的要求却很高：检测要及时，且要处理海量的端到端数据。\n在数据规模巨大、成本受限的情况下，实现及时检测面临巨大挑战。"
      },
      {
        "section_id": "sec_004",
        "index": 3,
        "title": "研究方法与核心思路：溯源分析提出系统、算法、硬件协同优化策略，核心在于利用溯源图模型表征系统资源依赖关系。",
        "time_range": "00:07:18,040 - 00:08:49,315",
        "refined_script": "# 溯源分析驱动的系统、算法与硬件协同优化方案\n\n## 1. 背景与挑战\n在过去三年的研究实践中，针对复杂系统环境下的安全分析与性能优化，我们主要面临以下三大挑战：\n- **数据瓶颈**：高质量的企业级标注数据稀缺，算法训练高度依赖标签。\n- **语义歧义**：系统日志中的行为碎片化，难以准确理解复杂的攻击语义。\n- **计算成本**：大规模数据采集与处理带来的系统开销与算法复杂度过高。\n\n## 2. 核心设计理念：协同优化策略\n我们提出了**系统、算法与硬件协同优化**的整体架构，旨在通过多维度的技术手段解决上述挑战：\n- **系统层**：优化数据采集与处理流程，提升底层支撑性能。\n- **算法层**：引入溯源图模型与无监督学习，降低对人工标注的依赖。\n- **硬件层**：通过软硬协同设计，实现高效的资源调度与成本控制。\n\n## 3. 关键技术实现\n\n### 3.1 基于溯源图的行为建模 (Provenance Analysis)\n溯源分析是本方案的核心。通过采集操作系统底层的多维日志，构建系统资源依赖图：\n- **数据源**：涵盖网络端口访问、文件系统操作、进程创建及依赖关系。\n- **图模型构建**：\n  - **节点 (Nodes)**：代表进程、文件或网络端口。\n  - **边 (Edges)**：代表数据流向与交互关系。\n- **语义对齐**：利用溯源图的关联算法消除系统行为的歧义性，还原完整的攻击链路。\n\n### 3.2 算法优化与复杂度控制\n- **无监督异常检测**：利用无监督学习主动挖掘溯源图中的异常特征，实现自动化攻击识别，解决标签缺失问题。\n- **分层过滤机制 (Hierarchical Filtering)**：借鉴缓冲机制，采用“由简到繁”的策略。通过多层过滤逻辑，在早期阶段剔除海量正常行为，仅对高可疑部分进行深度分析，显著降低计算复杂度。\n\n## 4. 合作与成果\n- **数据支撑**：基于华为提供的海量企业级真实数据进行算法验证与迭代，确保了方案的实用性。\n- **学术产出**：相关研究成果已发表于多篇国际顶级学术会议/期刊（Top-tier Publications）。\n- **团队协同**：该项目由学术团队与华为技术专家共同协作完成。",
        "summary": "",
        "original_script": "针对这些问题，我们在过去三年中进行了一系列系统、算法和硬件的协同优化。\n面对数据量少的问题，我们感谢华为提供了大量企业级真实数据，帮助我们提升算法。\n同时，我们研究了无监督算法，以消除对标签的依赖。\n在语义理解上，我们基于溯源图关联算法来消除歧义性。\n在成本优化上，我们从系统层面优化了数据处理和采集，提升了系统性能。\n算法上，我们借鉴了缓冲机制，通过由简到繁的层层过滤来降低复杂度。\n这些成果已发表在多篇顶级论文中，其中不少也有华为同事的贡献。\n算法的核心思路是溯源分析。我们采集操作系统的日志。\n包括网络端口访问、文件访问以及进程的创建和依赖关系。\n我们将这些数据构建成一张图，节点代表进程、文件或端口，边代表数据流向。\n在这张图上，我们利用无监督学习主动挖掘异常特征，自动找出与攻击相关的部分。"
      },
      {
        "section_id": "sec_005",
        "index": 4,
        "title": "关键技术一：无监督快速日志过滤介绍利用无监督学习和在线斯坦纳树算法过滤海量日志，通过两阶段检测流程大幅降低误报并提升性能。",
        "time_range": "00:08:50,030 - 00:11:46,610",
        "refined_script": "# 技术专题：基于无监督学习与在线斯坦纳树的快速日志过滤\n\n## 1. 背景与挑战\n在网络安全监测中，系统日志呈现海量化特征（日均事件数达数千万级），而其中真正与攻击相关的关键事件通常不足两百个。传统的检测方法面临以下痛点：\n- **算力瓶颈**：直接对全量数据进行复杂模型分析会导致计算开销过大。\n- **高误报率**：现有方法往往侧重于提升检出率，但在降低误报率方面表现欠佳。\n\n## 2. 核心设计理念：两阶段检测流程\n为了平衡性能与精度，系统采用了“先过滤、后精析”的两阶段处理思路：\n1. **快速过滤阶段**：利用无监督学习主动挖掘异常特征，剔除大量明显无关的背景事件。\n2. **深度判定阶段**：仅针对难以确定的可疑部分调用高算力模型进行精准研判，从而大幅节省系统资源。\n\n## 3. 关键技术原理\n该方案基于攻击行为在日志数据中表现出的两个核心规律：\n\n### 3.1 统计异常性 (Statistical Anomaly)\n攻击相关的节点在统计学上通常具有更高的**稀疏性**或**异常性**。若某一事件在统计维度上表现平庸，则大概率属于正常业务行为。\n\n### 3.2 拓扑聚集性 (Topological Clustering)\n渗透攻击通常从单一后门切入并逐步向外扩散。在此过程中，攻击行为产生的异常节点在系统拓扑结构上往往呈现出物理接近或逻辑聚集的特征。\n\n### 3.3 算法优化：在线斯坦纳树 (Online Steiner Tree)\n利用上述拓扑性质，系统引入了 Steiner Tree 在线搜索算法：\n- **复杂度优化**：通过算法改进，将计算复杂度从 $O(V^2)$ 降低至 $O(N)$。\n- **性能保证**：在降低复杂度的同时，保持了理论上的竞争比（Competitive Ratio）不变，确保了算法的稳健性。\n\n## 4. 系统架构与性能优化\n为支撑大规模实时分析，系统构建了专门的缓存机制来处理数据流：\n- **热数据缓存**：将高频访问的可疑事件缓存在内存中，确保极速访问。\n- **冷数据卸载**：将非活跃数据卸载至硬盘，在保证数据完整性的同时降低内存开销。\n\n## 5. 评估结果与落地实践\n通过与现有主流检测方法的对比评估，该技术取得了显著成果：\n- **误报率降低**：比现有方法降低了两个数量级。\n- **检出率提升**：在保持低误报的同时，检出率优于侧重单一指标的传统方法。\n- **实战验证**：通过与深信服（Sangfor）的深度合作，该系统在实际生产环境中成功发现了 7 起真实的攻击事件。",
        "summary": "",
        "original_script": "在这张图上，我们利用无监督学习主动挖掘异常特征，自动找出与攻击相关的部分。\n这里涉及三个关键技术。首先是如何利用无监督学习快速过滤核心日志。\n在数千万个事件中，与攻击相关的可能不足两百个。\n我们的思路是先过滤掉明显无关的事件，再用更强大的模型判断难以确定的部分。\n这样可以大幅节省算力。我们发现了两个规律。\n第一是统计异常性。攻击相关的节点在统计上通常表现出更高的异常性或稀疏性。\n反之，如果统计上不具备异常性，则通常不是攻击。\n第二是拓扑聚集性。攻击产生的异常在拓扑结构上往往比较接近。\n因为渗透通常从一个后门开始，逐步向外扩散。在这个过程中，每一步引入的异常都会在拓扑上聚集。\n利用这些性质，我们设计了一系列算法，包括 Steiner Tree 在线搜索算法。\n我们将复杂度从 O(V^2) 降低到了 O(N)，且理论上的竞争比保持不变。\n在此基础上，我们还进行了系统优化，构建了一个分析系统。\n该系统的关键是一个缓存系统。我们将可疑事件缓存在内存中。\n对于这些“热数据”，访问速度极快。而“冷数据”则卸载到硬盘上。\n这样既保证了数据的完整性，又通过系统优化降低了开销。\n评估结果显示，我们的误报率比现有方法降低了两个数量级。\n检出率也更高。现有方法多侧重于检出率，而忽视了误报率的优化。\n我们还与深信服合作，在其实际系统中发现了七个真实的攻击。"
      },
      {
        "section_id": "sec_006",
        "index": 5,
        "title": "关键技术二：基于大语言模型的攻击理解与报告生成阐述利用gIoC中间表示弥合语义鸿沟，结合逻辑推理框架自动生成人类可读的APT攻击报告。",
        "time_range": "00:11:47,530 - 00:15:07,760",
        "refined_script": "# 关键技术：基于大语言模型与 gIoC 的攻击理解与自动化报告生成\n\n## 1. 背景与挑战\n在网络安全分析中，尽管底层检测系统能够捕获攻击行为并生成图结构数据，但这些数据对人类分析师而言并不直观。将底层技术细节转化为高层语义报告面临以下挑战：\n\n*   **语义鸿沟 (Semantic Gap)**：底层系统日志与高层攻击意图之间存在巨大的理解断层。\n*   **泛化能力不足**：传统方法多采用“硬匹配”（如特定文件名匹配），难以应对变体攻击或未知威胁。\n*   **数据与成本限制**：直接训练端到端的大模型（LLM）理解底层日志需要海量标注数据，且计算成本极高。\n\n## 2. 核心架构设计：gIoC 中间表示\n为了弥合语义鸿沟并提升泛化能力，本方案引入了 **gIoC (Graph-based Indicators of Compromise)** 作为中间表示层。\n\n### 2.1 设计理念\n*   **形态对齐**：gIoC 在形式上保持与底层事件的高度接近，降低转换难度。\n*   **参数泛化**：对底层事件中的具体参数进行泛化处理，使其不再局限于特定的文件路径或进程名，从而具备跨场景的泛化能力。\n*   **知识匹配**：利用轻量化模型将语言理解能力与威胁情报知识库进行关联，实现底层日志与攻击手法的精准映射。\n\n## 3. 关键技术实现路径\n\n### 3.1 分层处理流程（非纯端到端架构）\n为了兼顾效率与准确性，系统采用了“先过滤、后生成”的非对称架构：\n1.  **海量筛选**：通过小模型算法从数千万个原始事件中剔除噪音。\n2.  **精选输入**：提取出几十个关键攻击事件转化为 gIoC 表示。\n3.  **深度理解**：将精选事件提交给大模型进行最终的逻辑整合与报告生成。\n\n### 3.2 逻辑推理框架\n为了进一步降低误报，系统构建了基于攻击技术逻辑关系的推理引擎：\n*   **因果校验**：利用攻击阶段的先后顺序（例如：必须先“获取权限”才能执行“安装病毒”）进行逻辑验证。\n*   **节点标注**：在图结构节点上自动标注对应的攻击技术（ATT&CK TTPs）和手法。\n*   **误报消除**：通过逻辑不一致性识别并剔除不符合攻击链路规律的孤立事件。\n\n### 3.3 安全 Agent 自动化报告\n最终阶段由安全 Agent 调用大模型能力，将经过逻辑校验的攻击链路转化为人类可读的自然语言报告，详细阐述攻击者的路径、手段及影响范围。\n\n## 4. 落地验证与成效\n该技术已在 **openEuler** 运维数据场景中得到验证：\n*   **自动化程度**：实现了从底层日志到自然语言报告的全自动生成。\n*   **检测精度**：相比现有基于硬匹配或传统图分析的方法，**误报率降低了一个数量级**。",
        "summary": "",
        "original_script": "第二步是理解。虽然检测出了攻击，但底层图结构对人类来说并不直观。\n我们需要将其进一步细化，转化为人类可读的自然语言报告。\n针对语义鸿沟问题，现有方法多采用硬匹配，即在文本中寻找特定的文件名。\n这种方式缺乏泛化能力。为了让大模型具备泛化能力并学习相关知识。\n我们提出了一种名为 gIoC 的中间表示。\n由于缺乏足够的数据且成本高昂，我们设计的这种中间表示在形式上更接近底层事件。\n但其中的参数进行了泛化处理。\n这样我们就可以利用规模较小的模型，将其语言理解能力与底层事件及威胁情报中的知识进行匹配。\n从而使大模型具备对底层日志的理解能力，输出具有泛化能力的文本。\n基于此输出，我们还利用攻击技术间的逻辑关系（如必须先获取权限才能安装病毒）构建了推理系统。\n通过逻辑推理进一步消除误报。最终结果在图节点上标注了对应的攻击技术和手法。\n最后通过安全 Agent 自动生成攻击报告。\n整个流程并非纯粹的端到端大模型，而是先通过小模型算法进行过滤和处理。\n从数千万个事件中精选出几十个关键事件交给大模型，从而生成最终报告。\n我们在 openEuler 的运维数据中进行了验证。\n结果显示，我们不仅能自动生成自然语言报告，且误报率比现有方法降低了一个数量级。"
      },
      {
        "section_id": "sec_007",
        "index": 6,
        "title": "系统优化：软件隔离与硬件加速介绍分片式监控架构实现软件隔离，以及利用DPU硬件加速日志拉取，将性能损耗控制在3%以内。",
        "time_range": "00:15:07,760 - 00:16:57,580",
        "refined_script": "# 系统优化：分片式监控架构与 DPU 硬件加速实现\n\n## 1. 背景与挑战\n在现代系统监控中，高性能与低损耗往往难以兼得。传统的监控工具（如 Sysdig 或 Linux Audit）通常面临以下痛点：\n- **高额系统开销**：采集大量系统调用和运行数据会显著拖慢操作系统性能。\n- **隔离机制缺陷**：现有工具为防止探针受攻击，往往引入了过重的保护机制，这反而破坏了进程间的隔离性，导致监控负载相互干扰。\n\n## 2. 核心优化方案\n为了解决上述问题，本架构从软件隔离与硬件加速两个维度进行了深度重构。\n\n### 2.1 软件层面：分片式隔离架构\n针对现有工具因保护机制过重导致的性能损耗，我们提出了全新的软件架构：\n- **资源去中心化**：让每个进程独立利用自身资源进行监控数据处理。\n- **强化隔离**：通过分片式设计实现日志处理的物理/逻辑隔离，防止不同进程间的监控负载相互干扰，从而精简了传统的重型保护机制。\n\n### 2.2 硬件层面：DPU 负载卸载\n利用 DPU（Data Processing Unit）的强大处理能力，进一步降低主机端损耗：\n- **监控负载卸载**：将原本消耗主机 CPU 的监控逻辑转移至 DPU 执行。\n- **近零代价拉取**：利用 DPU 的硬件特性，以近乎零成本的方式将运行日志从主机端拉取至监控端，极大缓解了主机 I/O 和计算压力。\n\n## 3. 性能表现与对比\n实验数据表明，该优化方案在保障监控精度的同时，实现了极高的运行效率：\n\n| 维度 | 表现描述 |\n| :--- | :--- |\n| **性能损耗** | 即使在采集**细粒度系统调用日志**时，整体开销仍控制在 **3% 以内**。 |\n| **行业对比** | 相比 Sysdig、Linux Audit 等主流工具，性能损耗降低了**一个数量级**。 |\n\n## 4. 结论\n通过“软件分片隔离 + 硬件 DPU 卸载”的双重优化，系统成功解决了高频监控下的性能瓶颈，为大规模、细粒度的系统实时监控提供了可行路径。",
        "summary": "",
        "original_script": "第三部分是系统层面的工作。监控系统通常开销巨大。\n我们需要采集大量数据并监控操作系统运行，这会给系统带来额外负担。\n我们提出了软件和硬件两种优化方案。\n软件方面，我们发现现有工具开销大的原因是由于担心探针受攻击而加入了过重的保护机制，破坏了进程隔离。\n因此，我们提出了新的架构，让每个进程独立利用自身资源进行隔离和日志处理，防止相互干扰。\n硬件方面，我们将监控负载卸载到 DPU 上。\n利用 DPU 强大的处理能力和拉取能力，以近乎零代价的方式将运行日志拉取到主机端。\n实验表明，即使在采集非常细粒度的系统调用日志时，我们的开销也能控制在 3% 以内。\n相比 Sysdig 或 Linux Audit 等主流工具，开销降低了一个数量级。"
      },
      {
        "section_id": "sec_008",
        "index": 7,
        "title": "原型系统SysArmor与未来展望展示开源原型系统SysArmor及相关研究成果，并对未来社区建设、数据共享及应用扩展进行展望。",
        "time_range": "00:16:58,040 - 00:20:25,000",
        "refined_script": "# SysArmor：开源系统安全原型及其演进路线\n\n## 1. 系统概述与核心优势\n\n**SysArmor** 是一个已在 **openEuler** 社区开源的系统安全原型，旨在提供高效、智能的端到端攻击检测能力。\n\n### 1.1 性能表现\n与行业主流工具（如 Sysdig、Linux Audit）相比，SysArmor 在资源开销上实现了显著优化，其**开销降低了一个数量级**，更适用于对性能敏感的生产环境。\n\n### 1.2 核心功能\n- **端到端检测**：覆盖从威胁感知到响应的完整攻击链路。\n- **大模型集成**：支持通过大语言模型（LLM）进行交互式查询，用户可直接询问攻击详情，降低了安全分析的门槛。\n\n---\n\n## 2. 相关研究工具链\n\n除了 SysArmor，团队在系统安全领域还构建了多维度的研究工具：\n\n| 工具名称 | 技术领域 | 功能描述 |\n| :--- | :--- | :--- |\n| **WASEM** | WebAssembly 安全 | 针对 Wasm 的符号执行工具 |\n| **SPfuzz** | 二进制安全 | 专为二进制文件设计的模糊测试（Fuzzing）工具 |\n\n---\n\n## 3. 未来演进与社区规划\n\n### 3.1 社区迭代与数据共享\n- **持续迭代**：依托 openEuler 社区，对 SysArmor 系统进行长期的功能优化与版本更新。\n- **数据集公开**：计划通过隐私保护系统等合规方式公开研究数据集，旨在支持社区算法的共同迭代与验证。\n\n### 3.2 跨领域应用扩展\n团队正致力于将 SysArmor 的核心算法迁移并扩展至更多高价值领域：\n- **大模型安全**：探索针对 LLM 基础设施的安全防护。\n- **金融反欺诈**：利用底层系统行为分析提升金融业务的风险防控能力。\n\n---\n\n## 4. 结语\n系统安全作为当前学术界与工业界的热点方向，具有广阔的研究前景。我们诚邀各位专家与同学加入 openEuler 社区参与建设。本研究得到了华为及 openEuler 社区的大力支持。",
        "summary": "",
        "original_script": "相比 Sysdig 或 Linux Audit 等主流工具，开销降低了一个数量级。\n我们实现了一个原型系统 SysArmor，并已在 openEuler 社区开源。\n它可以实现端到端的攻击检测，并支持通过大模型询问攻击详情。\n此外，我们还有其他相关工作，如针对 Wasm 的符号执行工具 WASEM、二进制模糊测试工具 SPfuzz 等。\n未来工作方面，我们计划在 openEuler 社区持续迭代 SysArmor 系统。\n并希望以合适的方式（如隐私保护系统）公开数据集，支持社区算法迭代。\n我们也欢迎各位老师和同学参与建设。系统安全是目前非常热门的研究方向。\n最后，我们正尝试将核心算法扩展到大模型安全和金融反欺诈等更广泛的领域。\n以上就是我们的工作。再次感谢华为和 openEuler 的支持。谢谢大家。\n感谢李老师的专业分享。接下来是提问环节，现场的朋友如有疑问请举手示意。\n如果没有，再次感谢李老师带来的精彩分享。谢谢。\n[掌声]"
      }
    ],
    "materials": [
      {
        "id": "chunk_00/slide_001",
        "type": "slide",
        "start_ms": 0,
        "end_ms": 4200,
        "title": "科教创新分论坛 开场背景板",
        "description": "",
        "asset_name": null,
        "source": null,
        "best_capture_ms": null,
        "crop_region": null,
        "text_span": null,
        "attributes": {
          "chunk": 0,
          "slide_id": "slide_001",
          "slide_index": 1,
          "offset_ms": 0
        },
        "kept": true,
        "duplicate_of": null,
        "duplicates": [],
        "notes": ""
      },
      {
        "id": "chunk_00/slide_002",
        "type": "slide",
        "start_ms": 4800,
        "end_ms": 57200,
        "title": "人工智能端到端的复杂攻击检测技术研究 讲者介绍：李锭",
        "description": "",
        "asset_name": null,
        "source": null,
        "best_capture_ms": null,
        "crop_region": null,
        "text_span": null,
        "attributes": {
          "chunk": 0,
          "slide_id": "slide_002",
          "slide_index": 2,
          "offset_ms": 0
        },
        "kept": true,
        "duplicate_of": null,
        "duplicates": [],
        "notes": ""
      },
      {
        "id": "chunk_00/slide_003",
        "type": "slide",
        "start_ms": 57800,
        "end_ms": 62100,
        "title": "人工智能端到端的复杂攻击检测技术研究 演讲封面",
        "description": "",
        "asset_name": null,
        "source": null,
        "best_capture_ms": null,
        "crop_region": null,
        "text_span": null,
        "attributes": {
          "chunk": 0,
          "slide_id": "slide_003",
          "slide_index": 3,
          "offset_ms": 0
        },
        "kept": true,
        "duplicate_of": null,
        "duplicates": [],
        "notes": ""
      },
      {
        "id": "chunk_00/slide_004",
        "type": "slide",
        "start_ms": 62700,
        "end_ms": 99200,
        "title": "背景介绍 - 高级可持续性威胁 (APT) APT攻击已成为全球范围内的重大安全威胁",
        "description": "",
        "asset_name": null,
        "source": null,
        "best_capture_ms": null,
        "crop_region": null,
        "text_span": null,
        "attributes": {
          "chunk": 0,
          "slide_id": "slide_004",
          "slide_index": 4,
          "offset_ms": 0
        },
        "kept": true,
        "duplicate_of": null,
        "duplicates": [],
        "notes": ""
      },
      {
        "id": "chunk_00/slide_005",
        "type": "slide",
        "start_ms": 99800,
        "end_ms": 159500,
        "title": "背景介绍 - APT攻击特征 逻辑复杂、特征隐蔽、技术多变",
        "description": "",
        "asset_name": null,
        "source": null,
        "best_capture_ms": null,
        "crop_region": null,
        "text_span": null,
        "attributes": {
          "chunk": 0,
          "slide_id": "slide_005",
          "slide_index": 5,
          "offset_ms": 0
        },
        "kept": true,
        "duplicate_of": null,
        "duplicates": [],
        "notes": ""
      },
      {
        "id": "chunk_00/slide_006",
        "type": "slide",
        "start_ms": 160100,
        "end_ms": 195200,
        "title": "背景介绍 - 现有技术局限性 当前技术大量依赖专家规则和人工研判",
        "description": "",
        "asset_name": null,
        "source": null,
        "best_capture_ms": null,
        "crop_region": null,
        "text_span": null,
        "attributes": {
          "chunk": 0,
          "slide_id": "slide_006",
          "slide_index": 6,
          "offset_ms": 0
        },
        "kept": true,
        "duplicate_of": null,
        "duplicates": [],
        "notes": ""
      },
      {
        "id": "chunk_00/slide_007",
        "type": "slide",
        "start_ms": 195800,
        "end_ms": 240500,
        "title": "科学问题 - AI端到端检测 能否摆脱对人工规则的依赖，实现完全AI端到端的APT攻击检测",
        "description": "",
        "asset_name": null,
        "source": null,
        "best_capture_ms": null,
        "crop_region": null,
        "text_span": null,
        "attributes": {
          "chunk": 0,
          "slide_id": "slide_007",
          "slide_index": 7,
          "offset_ms": 0
        },
        "kept": true,
        "duplicate_of": null,
        "duplicates": [],
        "notes": ""
      },
      {
        "id": "chunk_00/slide_008",
        "type": "slide",
        "start_ms": 241100,
        "end_ms": 328100,
        "title": "关键挑战一：数据质量差 训练数据不足、数据标注匮乏、数据分布不均",
        "description": "",
        "asset_name": null,
        "source": null,
        "best_capture_ms": null,
        "crop_region": null,
        "text_span": null,
        "attributes": {
          "chunk": 0,
          "slide_id": "slide_008",
          "slide_index": 8,
          "offset_ms": 0
        },
        "kept": true,
        "duplicate_of": null,
        "duplicates": [],
        "notes": ""
      },
      {
        "id": "chunk_00/slide_009",
        "type": "slide",
        "start_ms": 328700,
        "end_ms": 400200,
        "title": "关键挑战二：语义理解难 语义鸿沟难弥合、理解存在二义性、日志数据维度高",
        "description": "",
        "asset_name": null,
        "source": null,
        "best_capture_ms": null,
        "crop_region": null,
        "text_span": null,
        "attributes": {
          "chunk": 0,
          "slide_id": "slide_009",
          "slide_index": 9,
          "offset_ms": 0
        },
        "kept": true,
        "duplicate_of": null,
        "duplicates": [],
        "notes": ""
      },
      {
        "id": "chunk_00/slide_010",
        "type": "slide",
        "start_ms": 400800,
        "end_ms": 437200,
        "title": "关键挑战三：成本损耗大 攻击检测算法成本昂贵，难以适应大规模模型",
        "description": "",
        "asset_name": null,
        "source": null,
        "best_capture_ms": null,
        "crop_region": null,
        "text_span": null,
        "attributes": {
          "chunk": 0,
          "slide_id": "slide_010",
          "slide_index": 10,
          "offset_ms": 0
        },
        "kept": true,
        "duplicate_of": null,
        "duplicates": [],
        "notes": ""
      },
      {
        "id": "chunk_00/slide_011",
        "type": "slide",
        "start_ms": 437800,
        "end_ms": 501500,
        "title": "研究方法 - 系统/算法/硬件协同优化 数据质量差、语义理解难、成本损耗大的应对策略",
        "description": "",
        "asset_name": null,
        "source": null,
        "best_capture_ms": null,
        "crop_region": null,
        "text_span": null,
        "attributes": {
          "chunk": 0,
          "slide_id": "slide_011",
          "slide_index": 11,
          "offset_ms": 0
        },
        "kept": true,
        "duplicate_of": null,
        "duplicates": [],
        "notes": ""
      },
      {
        "id": "chunk_00/slide_012",
        "type": "slide",
        "start_ms": 502100,
        "end_ms": 541200,
        "title": "核心思路：溯源分析 用图模型表征进程间及对文件、网络端口等资源的依赖关系",
        "description": "",
        "asset_name": null,
        "source": null,
        "best_capture_ms": null,
        "crop_region": null,
        "text_span": null,
        "attributes": {
          "chunk": 0,
          "slide_id": "slide_012",
          "slide_index": 12,
          "offset_ms": 0
        },
        "kept": true,
        "duplicate_of": null,
        "duplicates": [],
        "notes": ""
      },
      {
        "id": "chunk_00/slide_013",
        "type": "slide",
        "start_ms": 541800,
        "end_ms": 632100,
        "title": "关键技术一：无监督快速日志过滤 攻击事件在正常事件中占比极小，分析大量正常事件浪费算力资源",
        "description": "",
        "asset_name": null,
        "source": null,
        "best_capture_ms": null,
        "crop_region": null,
        "text_span": null,
        "attributes": {
          "chunk": 0,
          "slide_id": "slide_013",
          "slide_index": 13,
          "offset_ms": 0
        },
        "kept": true,
        "duplicate_of": null,
        "duplicates": [],
        "notes": ""
      },
      {
        "id": "chunk_00/slide_014",
        "type": "slide",
        "start_ms": 632700,
        "end_ms": 649100,
        "title": "关键技术一：在线斯坦纳树问题 充分利用异常度和聚集性，采用图搜索算法建模",
        "description": "",
        "asset_name": null,
        "source": null,
        "best_capture_ms": null,
        "crop_region": null,
        "text_span": null,
        "attributes": {
          "chunk": 0,
          "slide_id": "slide_014",
          "slide_index": 14,
          "offset_ms": 0
        },
        "kept": true,
        "duplicate_of": null,
        "duplicates": [],
        "notes": ""
      },
      {
        "id": "chunk_00/slide_015",
        "type": "slide",
        "start_ms": 649700,
        "end_ms": 679200,
        "title": "关键技术一：两阶段检测流程 阶段一：基于VAE的异常检测；阶段二：节点异常传播与检测",
        "description": "",
        "asset_name": null,
        "source": null,
        "best_capture_ms": null,
        "crop_region": null,
        "text_span": null,
        "attributes": {
          "chunk": 0,
          "slide_id": "slide_015",
          "slide_index": 15,
          "offset_ms": 0
        },
        "kept": true,
        "duplicate_of": null,
        "duplicates": [],
        "notes": ""
      },
      {
        "id": "chunk_00/slide_016",
        "type": "slide",
        "start_ms": 679800,
        "end_ms": 707200,
        "title": "关键技术一：实验效果验证 误报率和漏报率对比",
        "description": "",
        "asset_name": null,
        "source": null,
        "best_capture_ms": null,
        "crop_region": null,
        "text_span": null,
        "attributes": {
          "chunk": 0,
          "slide_id": "slide_016",
          "slide_index": 16,
          "offset_ms": 0
        },
        "kept": true,
        "duplicate_of": null,
        "duplicates": [],
        "notes": ""
      },
      {
        "id": "chunk_00/slide_017",
        "type": "slide",
        "start_ms": 707800,
        "end_ms": 818200,
        "title": "关键技术二：基于大语言模型的攻击检测回归去理解 底层系统日志和自然语言存在语义鸿沟",
        "description": "",
        "asset_name": null,
        "source": null,
        "best_capture_ms": null,
        "crop_region": null,
        "text_span": null,
        "attributes": {
          "chunk": 0,
          "slide_id": "slide_017",
          "slide_index": 17,
          "offset_ms": 0
        },
        "kept": true,
        "duplicate_of": null,
        "duplicates": [],
        "notes": ""
      },
      {
        "id": "chunk_00/slide_018",
        "type": "slide",
        "start_ms": 818800,
        "end_ms": 850200,
        "title": "关键技术二：基于溯源图的上下文提取 联合检测与推理框架，消除误报",
        "description": "",
        "asset_name": null,
        "source": null,
        "best_capture_ms": null,
        "crop_region": null,
        "text_span": null,
        "attributes": {
          "chunk": 0,
          "slide_id": "slide_018",
          "slide_index": 18,
          "offset_ms": 0
        },
        "kept": true,
        "duplicate_of": null,
        "duplicates": [],
        "notes": ""
      },
      {
        "id": "chunk_00/slide_019",
        "type": "slide",
        "start_ms": 850800,
        "end_ms": 889200,
        "title": "关键技术二：自主生成的APT攻击检测报告 基于大语言模型，自主生成APT攻击检测报告",
        "description": "",
        "asset_name": null,
        "source": null,
        "best_capture_ms": null,
        "crop_region": null,
        "text_span": null,
        "attributes": {
          "chunk": 0,
          "slide_id": "slide_019",
          "slide_index": 19,
          "offset_ms": 0
        },
        "kept": true,
        "duplicate_of": null,
        "duplicates": [],
        "notes": ""
      },
      {
        "id": "chunk_00/slide_020",
        "type": "slide",
        "start_ms": 889800,
        "end_ms": 907200,
        "title": "关键技术二：基于企业运维数据的实验验证 华为实际运维和攻防数据效果",
        "description": "",
        "asset_name": null,
        "source": null,
        "best_capture_ms": null,
        "crop_region": null,
        "text_span": null,
        "attributes": {
          "chunk": 0,
          "slide_id": "slide_020",
          "slide_index": 20,
          "offset_ms": 0
        },
        "kept": true,
        "duplicate_of": null,
        "duplicates": [],
        "notes": ""
      },
      {
        "id": "chunk_00/slide_021",
        "type": "slide",
        "start_ms": 907800,
        "end_ms": 972200,
        "title": "软件隔离：核心问题 现有中心化架构：一个进程监控所有任务，可能更容易被攻击产生威胁",
        "description": "",
        "asset_name": null,
        "source": null,
        "best_capture_ms": null,
        "crop_region": null,
        "text_span": null,
        "attributes": {
          "chunk": 0,
          "slide_id": "slide_021",
          "slide_index": 21,
          "offset_ms": 0
        },
        "kept": true,
        "duplicate_of": null,
        "duplicates": [],
        "notes": ""
      },
      {
        "id": "chunk_00/slide_022",
        "type": "slide",
        "start_ms": 972800,
        "end_ms": 982100,
        "title": "软件隔离：关键思路 分片式架构：针对系统中每一个进程建立独立监控器",
        "description": "",
        "asset_name": null,
        "source": null,
        "best_capture_ms": null,
        "crop_region": null,
        "text_span": null,
        "attributes": {
          "chunk": 0,
          "slide_id": "slide_022",
          "slide_index": 22,
          "offset_ms": 0
        },
        "kept": true,
        "duplicate_of": null,
        "duplicates": [],
        "notes": ""
      },
      {
        "id": "chunk_00/slide_023",
        "type": "slide",
        "start_ms": 982700,
        "end_ms": 993100,
        "title": "硬件加速：基于DPU的系统调用日志追踪 将检测系统卸载到DPU上，减少对主机业务的开销",
        "description": "",
        "asset_name": null,
        "source": null,
        "best_capture_ms": null,
        "crop_region": null,
        "text_span": null,
        "attributes": {
          "chunk": 0,
          "slide_id": "slide_023",
          "slide_index": 23,
          "offset_ms": 0
        },
        "kept": true,
        "duplicate_of": null,
        "duplicates": [],
        "notes": ""
      },
      {
        "id": "chunk_00/slide_024",
        "type": "slide",
        "start_ms": 993700,
        "end_ms": 996100,
        "title": "硬件部署：核心挑战 需要保证取证数据和身份的真实性，防止取证攻击和篡改日志",
        "description": "",
        "asset_name": null,
        "source": null,
        "best_capture_ms": null,
        "crop_region": null,
        "text_span": null,
        "attributes": {
          "chunk": 0,
          "slide_id": "slide_024",
          "slide_index": 24,
          "offset_ms": 0
        },
        "kept": true,
        "duplicate_of": null,
        "duplicates": [],
        "notes": ""
      },
      {
        "id": "chunk_00/slide_025",
        "type": "slide",
        "start_ms": 996700,
        "end_ms": 1006200,
        "title": "硬件部署：关键思路 以DPU为主导，利用DPU快速读取内存能力，主动从主机拉取日志",
        "description": "",
        "asset_name": null,
        "source": null,
        "best_capture_ms": null,
        "crop_region": null,
        "text_span": null,
        "attributes": {
          "chunk": 0,
          "slide_id": "slide_025",
          "slide_index": 25,
          "offset_ms": 0
        },
        "kept": true,
        "duplicate_of": null,
        "duplicates": [],
        "notes": ""
      },
      {
        "id": "chunk_00/slide_026",
        "type": "slide",
        "start_ms": 1006800,
        "end_ms": 1027200,
        "title": "性能损耗：实验效果 性能开销在3%以内，优于竞品10倍",
        "description": "",
        "asset_name": null,
        "source": null,
        "best_capture_ms": null,
        "crop_region": null,
        "text_span": null,
        "attributes": {
          "chunk": 0,
          "slide_id": "slide_026",
          "slide_index": 26,
          "offset_ms": 0
        },
        "kept": true,
        "duplicate_of": null,
        "duplicates": [],
        "notes": ""
      },
      {
        "id": "chunk_00/slide_027",
        "type": "slide",
        "start_ms": 1027800,
        "end_ms": 1062200,
        "title": "原型系统：SysArmor 技术成果演示",
        "description": "",
        "asset_name": null,
        "source": null,
        "best_capture_ms": null,
        "crop_region": null,
        "text_span": null,
        "attributes": {
          "chunk": 0,
          "slide_id": "slide_027",
          "slide_index": 27,
          "offset_ms": 0
        },
        "kept": true,
        "duplicate_of": null,
        "duplicates": [],
        "notes": ""
      },
      {
        "id": "chunk_00/slide_028",
        "type": "slide",
        "start_ms": 1062800,
        "end_ms": 1085200,
        "title": "其他工作 - WASEM/SPFuzz/PKUS 软件分析与漏洞挖掘、可信数据共享流通系统",
        "description": "",
        "asset_name": null,
        "source": null,
        "best_capture_ms": null,
        "crop_region": null,
        "text_span": null,
        "attributes": {
          "chunk": 0,
          "slide_id": "slide_028",
          "slide_index": 28,
          "offset_ms": 0
        },
        "kept": true,
        "duplicate_of": null,
        "duplicates": [],
        "notes": ""
      },
      {
        "id": "chunk_00/slide_029",
        "type": "slide",
        "start_ms": 1085800,
        "end_ms": 1183200,
        "title": "未来工作 - 社区建设/系统构建/应用扩展 我们将openEuler计划把工业级社区",
        "description": "",
        "asset_name": null,
        "source": null,
        "best_capture_ms": null,
        "crop_region": null,
        "text_span": null,
        "attributes": {
          "chunk": 0,
          "slide_id": "slide_029",
          "slide_index": 29,
          "offset_ms": 0
        },
        "kept": true,
        "duplicate_of": null,
        "duplicates": [],
        "notes": ""
      },
      {
        "id": "chunk_00/slide_030",
        "type": "slide",
        "start_ms": 1183800,
        "end_ms": 1225000,
        "title": "总结 - SysArmor AI端到端的APT攻击检测",
        "description": "",
        "asset_name": null,
        "source": null,
        "best_capture_ms": null,
        "crop_region": null,
        "text_span": null,
        "attributes": {
          "chunk": 0,
          "slide_id": "slide_030",
          "slide_index": 30,
          "offset_ms": 0
        },
        "kept": true,
        "duplicate_of": null,
        "duplicates": [],
        "notes": ""
      }
    ],
    "section_manifest": [
      {
        "id": "sec_001",
        "title": "开场与讲者介绍：人工智能端到端的复杂攻击检测技术研究报告分享者李锭老师介绍及主题开场。介绍北京大学李锭老师及其演讲主题《人工智能端到端的复杂攻击检测技术研究》。",
        "material_ids": [
          "chunk_00/slide_001",
          "chunk_00/slide_002",
          "chunk_00/slide_003"
        ],
        "start_ms": 0,
        "end_ms": 61505,
        "summary_hint": "",
        "notes": "Covers speaker introduction and the announcement of the presentation title.",
        "text_span": {
          "start": 0,
          "end": 5
        },
        "lead_text": "接下来让我们有请北京大学的李锭老师，为我们带来《人工智能端到端的复杂攻击检测技术研究》的主题分享。",
        "tail_text": "今天的主题是《人工智能端到端的复杂攻击检测技术研究》。"
      },
      {
        "id": "sec_002",
        "title": "研究背景：APT攻击的威胁与现状分析分析APT攻击的复杂性、隐蔽性及技术多变特征，指出当前基于规则的检测技术在人力成本和可观测性上的局限。",
        "material_ids": [
          "chunk_00/slide_004",
          "chunk_00/slide_005",
          "chunk_00/slide_006"
        ],
        "start_ms": 62270,
        "end_ms": 194590,
        "summary_hint": "",
        "notes": "Analyzes the background of APT attacks, ending before the transition to the core research question.",
        "text_span": {
          "start": 6,
          "end": 21
        },
        "lead_text": "我们的研究背景是防御目前非常复杂的 APT（高级持续性威胁）攻击。",
        "tail_text": "因此，我们的研究试图回答一个问题：能否排除人工干预，实现端到端的 AI 检测？"
      },
      {
        "id": "sec_003",
        "title": "科学问题与三大关键挑战探讨实现端到端AI检测的可能性，并详细分析数据质量差、语义理解难、成本损耗大这三个核心挑战。",
        "material_ids": [
          "chunk_00/slide_007",
          "chunk_00/slide_008",
          "chunk_00/slide_009",
          "chunk_00/slide_010"
        ],
        "start_ms": 194950,
        "end_ms": 437275,
        "summary_hint": "",
        "notes": "Starts with the core research question and details the three major challenges (data quality, semantics, cost).",
        "text_span": {
          "start": 21,
          "end": 44
        },
        "lead_text": "因此，我们的研究试图回答一个问题：能否排除人工干预，实现端到端的 AI 检测？",
        "tail_text": "在数据规模巨大、成本受限的情况下，实现及时检测面临巨大挑战。"
      },
      {
        "id": "sec_004",
        "title": "研究方法与核心思路：溯源分析提出系统、算法、硬件协同优化策略，核心在于利用溯源图模型表征系统资源依赖关系。",
        "material_ids": [
          "chunk_00/slide_011",
          "chunk_00/slide_012"
        ],
        "start_ms": 438040,
        "end_ms": 529315,
        "summary_hint": "",
        "notes": "Introduces the core methodology of provenance graph analysis, ending before the specific technical details of log filtering.",
        "text_span": {
          "start": 45,
          "end": 55
        },
        "lead_text": "针对这些问题，我们在过去三年中进行了一系列系统、算法和硬件的协同优化。",
        "tail_text": "在这张图上，我们利用无监督学习主动挖掘异常特征，自动找出与攻击相关的部分。"
      },
      {
        "id": "sec_005",
        "title": "关键技术一：无监督快速日志过滤介绍利用无监督学习和在线斯坦纳树算法过滤海量日志，通过两阶段检测流程大幅降低误报并提升性能。",
        "material_ids": [
          "chunk_00/slide_013",
          "chunk_00/slide_014",
          "chunk_00/slide_015",
          "chunk_00/slide_016"
        ],
        "start_ms": 530030,
        "end_ms": 706610,
        "summary_hint": "",
        "notes": "Details the first key technology: unsupervised log filtering and the Steiner Tree algorithm.",
        "text_span": {
          "start": 55,
          "end": 72
        },
        "lead_text": "在这张图上，我们利用无监督学习主动挖掘异常特征，自动找出与攻击相关的部分。",
        "tail_text": "我们还与深信服合作，在其实际系统中发现了七个真实的攻击。"
      },
      {
        "id": "sec_006",
        "title": "关键技术二：基于大语言模型的攻击理解与报告生成阐述利用gIoC中间表示弥合语义鸿沟，结合逻辑推理框架自动生成人类可读的APT攻击报告。",
        "material_ids": [
          "chunk_00/slide_017",
          "chunk_00/slide_018",
          "chunk_00/slide_019",
          "chunk_00/slide_020"
        ],
        "start_ms": 707530,
        "end_ms": 907760,
        "summary_hint": "",
        "notes": "Details the second key technology: LLM-based attack understanding and gIoC intermediate representation.",
        "text_span": {
          "start": 73,
          "end": 88
        },
        "lead_text": "第二步是理解。虽然检测出了攻击，但底层图结构对人类来说并不直观。",
        "tail_text": "结果显示，我们不仅能自动生成自然语言报告，且误报率比现有方法降低了一个数量级。"
      },
      {
        "id": "sec_007",
        "title": "系统优化：软件隔离与硬件加速介绍分片式监控架构实现软件隔离，以及利用DPU硬件加速日志拉取，将性能损耗控制在3%以内。",
        "material_ids": [
          "chunk_00/slide_021",
          "chunk_00/slide_022",
          "chunk_00/slide_023",
          "chunk_00/slide_024",
          "chunk_00/slide_025",
          "chunk_00/slide_026"
        ],
        "start_ms": 907760,
        "end_ms": 1017580,
        "summary_hint": "",
        "notes": "Discusses system-level optimizations including software isolation and DPU hardware acceleration.",
        "text_span": {
          "start": 89,
          "end": 97
        },
        "lead_text": "第三部分是系统层面的工作。监控系统通常开销巨大。",
        "tail_text": "相比 Sysdig 或 Linux Audit 等主流工具，开销降低了一个数量级。"
      },
      {
        "id": "sec_008",
        "title": "原型系统SysArmor与未来展望展示开源原型系统SysArmor及相关研究成果，并对未来社区建设、数据共享及应用扩展进行展望。",
        "material_ids": [
          "chunk_00/slide_027",
          "chunk_00/slide_028",
          "chunk_00/slide_029",
          "chunk_00/slide_030"
        ],
        "start_ms": 1018040,
        "end_ms": 1225000,
        "summary_hint": "",
        "notes": "Introduces the SysArmor prototype system and provides future outlook and concluding remarks.",
        "text_span": {
          "start": 97,
          "end": 108
        },
        "lead_text": "相比 Sysdig 或 Linux Audit 等主流工具，开销降低了一个数量级。",
        "tail_text": "[掌声]"
      }
    ]
  },
  "output": {
    "graph_data": {
      "nodes": [
        {
          "id": "p1",
          "label": "研究背景与核心挑战",
          "category": "Pillar",
          "references": {
            "section_ids": [
              "sec_001",
              "sec_002",
              "sec_003"
            ],
            "material_ids": [
              "chunk_00/slide_001",
              "chunk_00/slide_002",
              "chunk_00/slide_003",
              "chunk_00/slide_004",
              "chunk_00/slide_005",
              "chunk_00/slide_006",
              "chunk_00/slide_007",
              "chunk_00/slide_008",
              "chunk_00/slide_009",
              "chunk_00/slide_010"
            ],
            "highlight": {
              "primary_material_id": "chunk_00/slide_003",
              "primary_time_ts": "00:00:57,800",
              "primary_time_ms": 57800
            }
          },
          "parent": null,
          "summary": "介绍人工智能端到端攻击检测的研究背景，分析 APT 攻击的全球威胁、技术特征以及当前基于规则防御的局限性，并提出实现端到端 AI 检测的科学愿景与三大核心挑战。"
        },
        {
          "id": "d1_1",
          "label": "APT 攻击特征分析",
          "category": "Concept",
          "references": {
            "section_ids": [
              "sec_002"
            ],
            "material_ids": [
              "chunk_00/slide_004",
              "chunk_00/slide_005"
            ],
            "highlight": {
              "primary_material_id": "chunk_00/slide_005",
              "primary_time_ts": "00:01:39,800",
              "primary_time_ms": 99800
            }
          },
          "parent": "p1",
          "summary": "分析 APT 攻击的逻辑复杂性（多阶段关联）、特征隐蔽性（无文件攻击）以及技术多变性（0-day 漏洞），指出其已演变为国家级专业团队发起的重大威胁。"
        },
        {
          "id": "d1_2",
          "label": "现有防御技术局限",
          "category": "Problem",
          "references": {
            "section_ids": [
              "sec_002"
            ],
            "material_ids": [
              "chunk_00/slide_006"
            ],
            "highlight": {
              "primary_material_id": "chunk_00/slide_006",
              "primary_time_ts": "00:02:40,100",
              "primary_time_ms": 160100
            }
          },
          "parent": "p1",
          "summary": "指出当前产业界主流防御体系（如 EDR）过度依赖人工专家编写规则，存在人力成本高、响应速度慢及可观测性弱等痛点。"
        },
        {
          "id": "d1_3",
          "label": "端到端 AI 检测三大挑战",
          "category": "Problem",
          "references": {
            "section_ids": [
              "sec_003"
            ],
            "material_ids": [
              "chunk_00/slide_008",
              "chunk_00/slide_009",
              "chunk_00/slide_010",
              "chunk_00/slide_007"
            ],
            "highlight": {
              "primary_material_id": "chunk_00/slide_007",
              "primary_time_ts": "00:03:15,800",
              "primary_time_ms": 195800
            }
          },
          "parent": "p1",
          "summary": "详细探讨实现端到端 AI 检测面临的三个关键障碍：数据质量差（标注成本高、分布不均）、语义理解难（语义鸿沟、长程关联）以及成本损耗大（实时性与算力博弈）。"
        },
        {
          "id": "p2",
          "label": "核心技术方案",
          "category": "Pillar",
          "references": {
            "section_ids": [
              "sec_004",
              "sec_005",
              "sec_006",
              "sec_007"
            ],
            "material_ids": [
              "chunk_00/slide_011",
              "chunk_00/slide_012",
              "chunk_00/slide_013",
              "chunk_00/slide_014",
              "chunk_00/slide_015",
              "chunk_00/slide_016",
              "chunk_00/slide_017",
              "chunk_00/slide_018",
              "chunk_00/slide_019",
              "chunk_00/slide_020",
              "chunk_00/slide_021",
              "chunk_00/slide_022",
              "chunk_00/slide_023",
              "chunk_00/slide_024",
              "chunk_00/slide_025",
              "chunk_00/slide_026"
            ],
            "highlight": {
              "primary_material_id": "chunk_00/slide_011",
              "primary_time_ts": "00:07:17,800",
              "primary_time_ms": 437800
            }
          },
          "parent": null,
          "summary": "提出系统、算法与硬件协同优化的整体架构，通过溯源图建模、无监督过滤、大模型语义理解及 DPU 加速等手段解决复杂攻击检测的难题。"
        },
        {
          "id": "d2_1",
          "label": "溯源图行为建模",
          "category": "Technology",
          "references": {
            "section_ids": [
              "sec_004"
            ],
            "material_ids": [
              "chunk_00/slide_012"
            ],
            "highlight": {
              "primary_material_id": "chunk_00/slide_012",
              "primary_time_ts": "00:08:22,100",
              "primary_time_ms": 502100
            }
          },
          "parent": "p2",
          "summary": "采集操作系统底层日志，构建表征进程、文件、网络端口依赖关系的溯源图，利用图模型消除系统行为的歧义性。"
        },
        {
          "id": "d2_2",
          "label": "无监督快速日志过滤",
          "category": "Technology",
          "references": {
            "section_ids": [
              "sec_005"
            ],
            "material_ids": [
              "chunk_00/slide_013",
              "chunk_00/slide_014",
              "chunk_00/slide_015"
            ],
            "highlight": {
              "primary_material_id": "chunk_00/slide_013",
              "primary_time_ts": "00:09:01,800",
              "primary_time_ms": 541800
            }
          },
          "parent": "p2",
          "summary": "利用统计异常性和拓扑聚集性规律，结合在线斯坦纳树算法，从海量日志中快速剔除正常行为，大幅节省后续深度分析的算力。"
        },
        {
          "id": "d2_3",
          "label": "gIoC 与大模型报告生成",
          "category": "Technology",
          "references": {
            "section_ids": [
              "sec_006"
            ],
            "material_ids": [
              "chunk_00/slide_017",
              "chunk_00/slide_018",
              "chunk_00/slide_019"
            ],
            "highlight": {
              "primary_material_id": "chunk_00/slide_017",
              "primary_time_ts": "00:11:47,800",
              "primary_time_ms": 707800
            }
          },
          "parent": "p2",
          "summary": "引入 gIoC 中间表示弥合语义鸿沟，结合逻辑推理框架与安全 Agent，将底层图结构转化为人类可读的 APT 攻击报告。"
        },
        {
          "id": "d2_4",
          "label": "软硬协同性能优化",
          "category": "Technology",
          "references": {
            "section_ids": [
              "sec_007"
            ],
            "material_ids": [
              "chunk_00/slide_021",
              "chunk_00/slide_022",
              "chunk_00/slide_023",
              "chunk_00/slide_025",
              "chunk_00/slide_026"
            ],
            "highlight": {
              "primary_material_id": "chunk_00/slide_026",
              "primary_time_ts": "00:16:46,800",
              "primary_time_ms": 1006800
            }
          },
          "parent": "p2",
          "summary": "通过分片式软件隔离架构与 DPU 硬件负载卸载，将细粒度监控的性能损耗控制在 3% 以内，显著优于传统工具。"
        },
        {
          "id": "p3",
          "label": "原型系统与展望",
          "category": "Pillar",
          "references": {
            "section_ids": [
              "sec_008"
            ],
            "material_ids": [
              "chunk_00/slide_027",
              "chunk_00/slide_028",
              "chunk_00/slide_029",
              "chunk_00/slide_030"
            ],
            "highlight": {
              "primary_material_id": "chunk_00/slide_027",
              "primary_time_ts": "00:17:07,800",
              "primary_time_ms": 1027800
            }
          },
          "parent": null,
          "summary": "展示在 openEuler 社区开源的原型系统 SysArmor，并对未来社区建设、数据共享及跨领域应用进行展望。"
        },
        {
          "id": "d3_1",
          "label": "SysArmor 原型系统",
          "category": "Result",
          "references": {
            "section_ids": [
              "sec_008"
            ],
            "material_ids": [
              "chunk_00/slide_027",
              "chunk_00/slide_030"
            ],
            "highlight": {
              "primary_material_id": "chunk_00/slide_027",
              "primary_time_ts": "00:17:07,800",
              "primary_time_ms": 1027800
            }
          },
          "parent": "p3",
          "summary": "SysArmor 是已在 openEuler 开源的端到端攻击检测系统，支持大模型交互查询，且资源开销比主流工具降低了一个数量级。"
        },
        {
          "id": "d3_2",
          "label": "未来演进与社区规划",
          "category": "Concept",
          "references": {
            "section_ids": [
              "sec_008"
            ],
            "material_ids": [
              "chunk_00/slide_029"
            ],
            "highlight": {
              "primary_material_id": "chunk_00/slide_029",
              "primary_time_ts": "00:18:05,800",
              "primary_time_ms": 1085800
            }
          },
          "parent": "p3",
          "summary": "计划持续迭代 SysArmor，通过隐私保护技术公开数据集，并将核心算法扩展至大模型安全与金融反欺诈领域。"
        }
      ],
      "edges": [
        {
          "source": "p1",
          "target": "p2",
          "relation_type": "sequential",
          "label": "提出解决方案"
        },
        {
          "source": "p2",
          "target": "p3",
          "relation_type": "sequential",
          "label": "系统实现与展望"
        },
        {
          "source": "d1_1",
          "target": "d1_2",
          "relation_type": "parallel",
          "label": "并列"
        },
        {
          "source": "d1_2",
          "target": "d1_3",
          "relation_type": "parallel",
          "label": "并列"
        },
        {
          "source": "d2_1",
          "target": "d2_2",
          "relation_type": "parallel",
          "label": "并列"
        },
        {
          "source": "d2_2",
          "target": "d2_3",
          "relation_type": "parallel",
          "label": "并列"
        },
        {
          "source": "d2_3",
          "target": "d2_4",
          "relation_type": "parallel",
          "label": "并列"
        },
        {
          "source": "d3_1",
          "target": "d3_2",
          "relation_type": "sequential",
          "label": "后续规划"
        }
      ]
    }
  },
  "artifacts": [
    "output/ScienceEducationInnovation/part_03/final/08_graph_gen/artifacts/section_graph.json"
  ],
  "metadata": {
    "node_count": 12,
    "edge_count": 8
  },
  "trace_id": "c6de201d-0821-4309-bf40-e92b42576928",
  "duration_ms": 33551,
  "started_at": "2025-12-19T01:28:11.925770",
  "completed_at": "2025-12-18T17:28:45.479096",
  "step_config": {
    "model": "gemini-3-flash-preview",
    "temperature": 0.2,
    "prompt_file": "/Users/lichuan/Codes/TalkDistill/config/prompts/graph_gen.md",
    "schema_file": "/Users/lichuan/Codes/TalkDistill/config/schemas/section_graph.json"
  },
  "dependencies": [
    "merge_slides",
    "script_refine",
    "section_timing"
  ]
}