{
  "id": "sec_2",
  "index": 1,
  "title": "宝德公司概况与合作动机",
  "time_range": "00:00:33,790 - 00:01:25,265",
  "script": "首先讲一下宝德。宝德本身是在国内最早做Intel服务器的厂家。\n2019年我们也是第一批做华为鲲鹏服务器的厂家，后来我们又做了昇腾。这是宝德的概况。\n我在公司除了负责公司解决方案以外，我还有一个身份，就是我现在也在管公司的IT部。\n所以，我们为什么跟欧拉合作呢？第一，我们看好推理市场。\n大模型推理市场，我们在这方面研究，觉得要去拓展市场。\n第二，作为IT来讲，我们自己公司内部有很多重要的诉求。\n宝德本身是一个传统的制造型企业，我们在内部推广的过程中也碰到了很多问题。\n所以在这方面跟欧拉交流完之后，我们决定拥抱欧拉，跟它展开合作。",
  "summary": "讲者首先介绍了宝德公司的概况，作为国内最早的Intel服务器厂家，后续也成为了华为鲲鹏和昇腾服务器的首批合作者。基于对大模型推理市场的看好，以及解决自身作为传统制造企业内部IT诉求的双重动机，宝德决定与欧拉展开合作。"
}