{
  "materials": [
    {
      "id": "chunk_00/slide_001",
      "type": "slide",
      "start_ms": 0,
      "end_ms": 9000,
      "title": "AI分论坛 开场背景",
      "description": "",
      "kept": true,
      "attributes": {
        "chunk": 0,
        "slide_id": "slide_001",
        "slide_index": 1,
        "offset_ms": 0
      }
    },
    {
      "id": "chunk_00/slide_002",
      "type": "slide",
      "start_ms": 10500,
      "end_ms": 41800,
      "title": "CTyunOS智能安全中心 演讲者：吴开顺",
      "description": "",
      "kept": true,
      "attributes": {
        "chunk": 0,
        "slide_id": "slide_002",
        "slide_index": 2,
        "offset_ms": 0
      }
    },
    {
      "id": "chunk_00/slide_003",
      "type": "slide",
      "start_ms": 43000,
      "end_ms": 98000,
      "title": "CTyunOS智能安全中心——介绍 左侧文字介绍，右侧仪表盘展示",
      "description": "",
      "kept": true,
      "attributes": {
        "chunk": 0,
        "slide_id": "slide_003",
        "slide_index": 3,
        "offset_ms": 0
      }
    },
    {
      "id": "chunk_00/slide_004",
      "type": "slide",
      "start_ms": 99200,
      "end_ms": 137000,
      "title": "CTyunOS智能安全中心——技术路线 技术架构图（Vue.js, echarts, redis等）",
      "description": "",
      "kept": true,
      "attributes": {
        "chunk": 0,
        "slide_id": "slide_004",
        "slide_index": 4,
        "offset_ms": 0
      }
    },
    {
      "id": "chunk_00/slide_005",
      "type": "slide",
      "start_ms": 138200,
      "end_ms": 178300,
      "title": "CTyunOS智能安全中心——介绍 功能架构图（CVE感知、漏洞分析、修复等）",
      "description": "",
      "kept": true,
      "attributes": {
        "chunk": 0,
        "slide_id": "slide_005",
        "slide_index": 5,
        "offset_ms": 0
      }
    },
    {
      "id": "chunk_00/slide_006",
      "type": "slide",
      "start_ms": 179500,
      "end_ms": 346800,
      "title": "CTyunOS智能安全中心——全生命周期管理流程 详细流程图",
      "description": "",
      "kept": true,
      "attributes": {
        "chunk": 0,
        "slide_id": "slide_006",
        "slide_index": 6,
        "offset_ms": 0
      }
    },
    {
      "id": "chunk_00/slide_007",
      "type": "slide",
      "start_ms": 348000,
      "end_ms": 402000,
      "title": "CTyunOS智能安全中心——漏洞影响分析 流程图与文字说明",
      "description": "",
      "kept": true,
      "attributes": {
        "chunk": 0,
        "slide_id": "slide_007",
        "slide_index": 7,
        "offset_ms": 0
      }
    },
    {
      "id": "chunk_00/slide_008",
      "type": "slide",
      "start_ms": 403200,
      "end_ms": 437000,
      "title": "CTyunOS智能安全中心——漏洞源码分析 流程图",
      "description": "",
      "kept": true,
      "attributes": {
        "chunk": 0,
        "slide_id": "slide_008",
        "slide_index": 8,
        "offset_ms": 0
      }
    },
    {
      "id": "chunk_00/slide_009",
      "type": "slide",
      "start_ms": 438200,
      "end_ms": 467000,
      "title": "CTyunOS智能安全中心——AI聊天引擎 架构图",
      "description": "",
      "kept": true,
      "attributes": {
        "chunk": 0,
        "slide_id": "slide_009",
        "slide_index": 9,
        "offset_ms": 0
      }
    },
    {
      "id": "chunk_00/slide_010",
      "type": "slide",
      "start_ms": 468200,
      "end_ms": 480800,
      "title": "CTyunOS智能安全中心——AI聊天 聊天界面截图",
      "description": "",
      "kept": true,
      "attributes": {
        "chunk": 0,
        "slide_id": "slide_010",
        "slide_index": 10,
        "offset_ms": 0
      }
    },
    {
      "id": "chunk_00/slide_011",
      "type": "slide",
      "start_ms": 482000,
      "end_ms": 504000,
      "title": "CTyunOS智能安全中心——漏洞评分 评分列表界面",
      "description": "",
      "kept": true,
      "attributes": {
        "chunk": 0,
        "slide_id": "slide_011",
        "slide_index": 11,
        "offset_ms": 0
      }
    },
    {
      "id": "chunk_00/slide_012",
      "type": "slide",
      "start_ms": 505200,
      "end_ms": 541000,
      "title": "CTyunOS智能安全中心——AI分析 代码/日志分析界面",
      "description": "",
      "kept": true,
      "attributes": {
        "chunk": 0,
        "slide_id": "slide_012",
        "slide_index": 12,
        "offset_ms": 0
      }
    },
    {
      "id": "chunk_00/slide_013",
      "type": "slide",
      "start_ms": 542200,
      "end_ms": 558000,
      "title": "CTyunOS智能安全中心——漏洞修复进度追踪 数据统计仪表盘",
      "description": "",
      "kept": true,
      "attributes": {
        "chunk": 0,
        "slide_id": "slide_013",
        "slide_index": 13,
        "offset_ms": 0
      }
    },
    {
      "id": "chunk_00/slide_014",
      "type": "slide",
      "start_ms": 559200,
      "end_ms": 580000,
      "title": "CTyunOS智能安全中心——安全加固 加固项列表",
      "description": "",
      "kept": true,
      "attributes": {
        "chunk": 0,
        "slide_id": "slide_014",
        "slide_index": 14,
        "offset_ms": 0
      }
    },
    {
      "id": "chunk_00/slide_015",
      "type": "slide",
      "start_ms": 581200,
      "end_ms": 613000,
      "title": "CTyunOS智能安全中心——研发规划 模块规划图",
      "description": "",
      "kept": true,
      "attributes": {
        "chunk": 0,
        "slide_id": "slide_015",
        "slide_index": 15,
        "offset_ms": 0
      }
    },
    {
      "id": "chunk_00/slide_016",
      "type": "slide",
      "start_ms": 614200,
      "end_ms": 651000,
      "title": "AI分论坛 结束页（现场屏幕拍摄）",
      "description": "",
      "kept": true,
      "attributes": {
        "chunk": 0,
        "slide_id": "slide_016",
        "slide_index": 16,
        "offset_ms": 0
      }
    },
    {
      "id": "chunk_00/slide_017",
      "type": "slide",
      "start_ms": 651600,
      "end_ms": 652775,
      "title": "AI分论坛 结束页（数字原图/静态卡片）",
      "description": "",
      "kept": true,
      "attributes": {
        "chunk": 0,
        "slide_id": "slide_017",
        "slide_index": 17,
        "offset_ms": 0
      }
    }
  ]
}