{
  "address": "ai_session/part_00/chunk_00/09_apply_crop/slide_006",
  "status": "completed",
  "input": {
    "image_path": "output/ai_session/part_00/chunk_00/07_capture_frame/slide_006/artifacts/slide_006.png",
    "crop_region": {
      "x": 904,
      "y": 162,
      "width": 1015,
      "height": 891
    }
  },
  "output": "output/ai_session/part_00/chunk_00/09_apply_crop/slide_006/artifacts/slide_006.png",
  "artifacts": [
    "output/ai_session/part_00/chunk_00/09_apply_crop/slide_006/artifacts/slide_006.png"
  ],
  "metadata": {
    "source": "output/ai_session/part_00/chunk_00/07_capture_frame/slide_006/artifacts/slide_006.png",
    "applied": true,
    "crop_region": {
      "x": 904,
      "y": 162,
      "width": 1015,
      "height": 891
    },
    "size": {
      "width": 1015,
      "height": 891
    }
  },
  "trace_id": null,
  "duration_ms": 795,
  "started_at": "2025-12-15T21:22:58.818071",
  "completed_at": "2025-12-15T13:22:59.617303",
  "step_config": {},
  "dependencies": [
    "capture_frame",
    "crop_decision"
  ]
}