{
  "address": "ai_session/part_11/chunk_00/09_apply_crop/slide_012",
  "status": "completed",
  "input": {
    "image_path": "output/ai_session/part_11/chunk_00/07_capture_frame/slide_012/artifacts/slide_012.png",
    "crop_region": {
      "x": 327,
      "y": 162,
      "width": 1560,
      "height": 867
    }
  },
  "output": "output/ai_session/part_11/chunk_00/09_apply_crop/slide_012/artifacts/slide_012.png",
  "artifacts": [
    "output/ai_session/part_11/chunk_00/09_apply_crop/slide_012/artifacts/slide_012.png"
  ],
  "metadata": {
    "source": "output/ai_session/part_11/chunk_00/07_capture_frame/slide_012/artifacts/slide_012.png",
    "applied": true,
    "crop_region": {
      "x": 327,
      "y": 162,
      "width": 1560,
      "height": 867
    },
    "size": {
      "width": 1560,
      "height": 867
    }
  },
  "trace_id": null,
  "duration_ms": 137,
  "started_at": "2025-12-16T01:36:02.932971",
  "completed_at": "2025-12-15T17:36:03.071296",
  "step_config": {},
  "dependencies": [
    "capture_frame",
    "crop_decision"
  ]
}