{
  "part_index": 6,
  "title": "凝思软件智能运维平台实践：双模型协同与自治闭环",
  "type_tag": "行业解决方案分享",
  "tech_tags": [
    "AIOps",
    "智能运维",
    "双模型协同",
    "大模型",
    "小模型",
    "根因分析",
    "故障自愈",
    "openEuler intelligence",
    "eBPF",
    "RAG",
    "智能体"
  ],
  "domain_tags": [
    "运维管理",
    "混合云",
    "微服务",
    "能源行业",
    "金融科技"
  ],
  "summary": "北京凝思软件分享了应对混合云与微服务架构下运维挑战的AIOps实践。针对故障定位难与人力成本高等痛点，推出了基于openEuler intelligence的智能运维平台。该平台采用创新的“大模型指挥+小模型执行”双模型协同架构，利用小模型高效检测异常，触发大模型智能体进行根因分析与处置。系统融合eBPF数据采集与RAG知识增强技术，支持多厂商大模型接入，致力于构建涵盖故障预测、调优到自愈的自治运维闭环，并通过知识库反馈机制实现系统的持续进化。",
  "highlights": [
    "运维挑战：混合云与微服务导致系统复杂性剧增及故障定位困难",
    "解决方案：基于openEuler intelligence构建的分层智能运维平台",
    "核心架构：创新“指挥官+特种部队”双模型协同，大模型规划、小模型执行",
    "关键能力：根因分析智能体通过日志分析与指标关联实现故障自动诊断",
    "技术融合：结合eBPF数据采集、RAG知识增强及多厂商大模型集成",
    "未来展望：打造从预测到自愈的自治闭环，利用知识库持续进化模型",
    "落地应用：产品已在能源、金融、交通、电信等行业成功实践"
  ]
}