{
  "address": "ScienceEducationInnovation/part_02/chunk_00/07_capture_frame/slide_008",
  "status": "completed",
  "input": {
    "video": "output/ScienceEducationInnovation/part_02/chunk_00/01_cut_chunk/artifacts/chunk_high.mp4",
    "timestamp": "00:05:18.380",
    "frame_id": "slide_008",
    "output_ext": ".png"
  },
  "output": "output/ScienceEducationInnovation/part_02/chunk_00/07_capture_frame/slide_008/artifacts/slide_008.png",
  "artifacts": [
    "output/ScienceEducationInnovation/part_02/chunk_00/07_capture_frame/slide_008/artifacts/slide_008.png"
  ],
  "metadata": {
    "timestamp": "00:05:18.380",
    "frame_id": "slide_008",
    "ffmpeg": "/opt/homebrew/bin/ffmpeg"
  },
  "trace_id": null,
  "duration_ms": 1393,
  "started_at": "2025-12-17T10:50:27.899670",
  "completed_at": "2025-12-17T02:50:29.294112",
  "step_config": {},
  "dependencies": [
    "slide_timeline"
  ]
}