{
  "address": "ScienceEducationInnovation/part_02/chunk_00/10_slide_dedupe/slide_001",
  "status": "completed",
  "input": {
    "collage": "output/ScienceEducationInnovation/part_02/chunk_00/10_slide_dedupe/slide_001/artifacts/slides_collage.png",
    "chunk_label": "part_02/chunk_00"
  },
  "output": [],
  "artifacts": [
    "output/ScienceEducationInnovation/part_02/chunk_00/10_slide_dedupe/slide_001/artifacts/slides_collage.png"
  ],
  "metadata": {
    "group_count": 0
  },
  "trace_id": "82e6d37e-788e-4f67-9f7a-9bd45fda5661",
  "duration_ms": 984803,
  "started_at": "2025-12-19T00:38:46.718249",
  "completed_at": "2025-12-18T16:55:11.524491",
  "step_config": {
    "model": "gemini-3-flash-preview",
    "temperature": 0.1,
    "prompt_file": "/Users/lichuan/Codes/TalkDistill/config/prompts/slide_dedupe.md",
    "schema_file": "/Users/lichuan/Codes/TalkDistill/config/schemas/slide_dedupe.json"
  },
  "dependencies": [
    "apply_crop"
  ]
}