{
  "id": "sec_6",
  "index": 5,
  "title": "研发规划与总结",
  "time_range": "00:09:40,710 - 00:10:15,855",
  "script": "下面介绍我们的研发规划。目前，漏洞感知、安全加固、补丁获取等模块已开源或正在开源到openEuler社区。下一步，我们将围绕AI进行更细化的工作。在现有功能基础上，进一步深化AI在漏洞修复复杂环节的应用，接入更多的漏洞数据源，对大模型进行微调等措施。以上就是我今天的演讲，谢谢大家。",
  "summary": "讲者首先介绍了当前的研发进展，说明漏洞感知、安全加固等模块已在或正在开源到 openEuler 社区。未来的规划将围绕 AI 展开，通过接入更多漏洞数据源、对大模型进行微调等方式，进一步深化 AI 在漏洞修复复杂环节的应用。"
}