{
  "address": "ScienceEducationInnovation/part_04/chunk_00/08_crop_decision/slide_018",
  "status": "completed",
  "input": {
    "image_path": "output/ScienceEducationInnovation/part_04/chunk_00/07_capture_frame/slide_018/artifacts/slide_018.png",
    "slide_index": 18,
    "slide_title": "工作 3：Expert Kit - 以 Expert 为中心异构融合推理解系统 介绍 Expert Kit 系统架构，利用 CPU/NPU 互补处理 MoE 模型。"
  },
  "output": null,
  "artifacts": [
    "output/ScienceEducationInnovation/part_04/chunk_00/07_capture_frame/slide_018/artifacts/slide_018.png"
  ],
  "metadata": {
    "needs_crop": false,
    "reason": "MANUAL_NO_CROP",
    "manual_override": true
  },
  "trace_id": null,
  "duration_ms": 0,
  "started_at": "2025-12-21T23:27:05.889068",
  "completed_at": "2025-12-21T15:27:05.909521",
  "step_config": {
    "model": "gemini-3-flash-preview",
    "temperature": 0.1,
    "prompt_file": "/Users/lichuan/Codes/TalkDistill/config/prompts/crop_decision.md",
    "schema_file": "/Users/lichuan/Codes/TalkDistill/config/schemas/crop_decision.json"
  },
  "dependencies": [
    "capture_frame"
  ]
}