{
  "address": "ScienceEducationInnovation/part_02/chunk_00/07_capture_frame/slide_006",
  "status": "completed",
  "input": {
    "video": "output/ScienceEducationInnovation/part_02/chunk_00/01_cut_chunk/artifacts/chunk_high.mp4",
    "timestamp": "00:04:07.580",
    "frame_id": "slide_006",
    "output_ext": ".png"
  },
  "output": "output/ScienceEducationInnovation/part_02/chunk_00/07_capture_frame/slide_006/artifacts/slide_006.png",
  "artifacts": [
    "output/ScienceEducationInnovation/part_02/chunk_00/07_capture_frame/slide_006/artifacts/slide_006.png"
  ],
  "metadata": {
    "timestamp": "00:04:07.580",
    "frame_id": "slide_006",
    "ffmpeg": "/opt/homebrew/bin/ffmpeg"
  },
  "trace_id": null,
  "duration_ms": 1166,
  "started_at": "2025-12-17T10:50:27.899650",
  "completed_at": "2025-12-17T02:50:29.068258",
  "step_config": {},
  "dependencies": [
    "slide_timeline"
  ]
}