{
  "address": "ScienceEducationInnovation/part_03/chunk_00/09_apply_crop/slide_033",
  "status": "completed",
  "input": {
    "image_path": "output/ScienceEducationInnovation/part_03/chunk_00/07_capture_frame/slide_033/artifacts/slide_033.png",
    "crop_region": {
      "x": 299,
      "y": 0,
      "width": 1320,
      "height": 899
    }
  },
  "output": "output/ScienceEducationInnovation/part_03/chunk_00/09_apply_crop/slide_033/artifacts/slide_033.png",
  "artifacts": [
    "output/ScienceEducationInnovation/part_03/chunk_00/09_apply_crop/slide_033/artifacts/slide_033.png"
  ],
  "metadata": {
    "source": "output/ScienceEducationInnovation/part_03/chunk_00/07_capture_frame/slide_033/artifacts/slide_033.png",
    "applied": true,
    "crop_region": {
      "x": 299,
      "y": 0,
      "width": 1320,
      "height": 899
    },
    "size": {
      "width": 1320,
      "height": 899
    }
  },
  "trace_id": null,
  "duration_ms": 369,
  "started_at": "2025-12-17T13:30:52.675094",
  "completed_at": "2025-12-17T05:30:53.045023",
  "step_config": {},
  "dependencies": [
    "capture_frame",
    "crop_decision"
  ]
}