{
  "address": "ai_session/part_08/chunk_00/07_capture_frame/slide_006",
  "status": "completed",
  "input": {
    "video": "output/ai_session/part_08/chunk_00/01_cut_chunk/artifacts/chunk_high.mp4",
    "timestamp": "00:05:41.300",
    "frame_id": "slide_006",
    "output_ext": ".png"
  },
  "output": "output/ai_session/part_08/chunk_00/07_capture_frame/slide_006/artifacts/slide_006.png",
  "artifacts": [
    "output/ai_session/part_08/chunk_00/07_capture_frame/slide_006/artifacts/slide_006.png"
  ],
  "metadata": {
    "timestamp": "00:05:41.300",
    "frame_id": "slide_006",
    "ffmpeg": "/opt/homebrew/bin/ffmpeg"
  },
  "trace_id": null,
  "duration_ms": 627,
  "started_at": "2025-12-16T00:47:10.590996",
  "completed_at": "2025-12-15T16:47:11.219404",
  "step_config": {},
  "dependencies": [
    "slide_timeline"
  ]
}