{
  "address": "ai_session/part_11/chunk_00/09_apply_crop/slide_006",
  "status": "completed",
  "input": {
    "image_path": "output/ai_session/part_11/chunk_00/07_capture_frame/slide_006/artifacts/slide_006.png",
    "crop_region": {
      "x": 577,
      "y": 173,
      "width": 1310,
      "height": 887
    }
  },
  "output": "output/ai_session/part_11/chunk_00/09_apply_crop/slide_006/artifacts/slide_006.png",
  "artifacts": [
    "output/ai_session/part_11/chunk_00/09_apply_crop/slide_006/artifacts/slide_006.png"
  ],
  "metadata": {
    "source": "output/ai_session/part_11/chunk_00/07_capture_frame/slide_006/artifacts/slide_006.png",
    "applied": true,
    "crop_region": {
      "x": 577,
      "y": 173,
      "width": 1310,
      "height": 887
    },
    "size": {
      "width": 1310,
      "height": 887
    }
  },
  "trace_id": null,
  "duration_ms": 79,
  "started_at": "2025-12-16T01:36:02.932512",
  "completed_at": "2025-12-15T17:36:03.016188",
  "step_config": {},
  "dependencies": [
    "capture_frame",
    "crop_decision"
  ]
}