{
  "address": "ai_session/part_00/chunk_00/09_apply_crop/slide_005",
  "status": "completed",
  "input": {
    "image_path": "output/ai_session/part_00/chunk_00/07_capture_frame/slide_005/artifacts/slide_005.png",
    "crop_region": {
      "x": 618,
      "y": 129,
      "width": 1301,
      "height": 950
    }
  },
  "output": "output/ai_session/part_00/chunk_00/09_apply_crop/slide_005/artifacts/slide_005.png",
  "artifacts": [
    "output/ai_session/part_00/chunk_00/09_apply_crop/slide_005/artifacts/slide_005.png"
  ],
  "metadata": {
    "source": "output/ai_session/part_00/chunk_00/07_capture_frame/slide_005/artifacts/slide_005.png",
    "applied": true,
    "crop_region": {
      "x": 618,
      "y": 129,
      "width": 1301,
      "height": 950
    },
    "size": {
      "width": 1301,
      "height": 950
    }
  },
  "trace_id": null,
  "duration_ms": 776,
  "started_at": "2025-12-15T21:22:58.818049",
  "completed_at": "2025-12-15T13:22:59.596036",
  "step_config": {},
  "dependencies": [
    "capture_frame",
    "crop_decision"
  ]
}