{
  "address": "ScienceEducationInnovation/part_03/final/07_script_refine/1",
  "status": "completed",
  "input": {
    "narrative": {
      "id": "sec_002",
      "index": 1,
      "title": "研究背景：APT攻击的威胁与现状分析分析APT攻击的复杂性、隐蔽性及技术多变特征，指出当前基于规则的检测技术在人力成本和可观测性上的局限。",
      "time_range": "00:01:02,270 - 00:03:14,590",
      "script": "我们的研究背景是防御目前非常复杂的 APT（高级持续性威胁）攻击。\n现在的安全环境与二十年前相比已经发生了巨大变化。\n二十年前，攻击者多为业余选手，分布较为分散。而现在的攻击往往由国家级专业团队发起。\nAPT 攻击已成为全球范围内面临的重大安全威胁。\n与传统攻击相比，防御 APT 攻击是安全领域的一个重大难题。\n原因在于 APT 攻击具有三个显著特征：第一是逻辑复杂。\nAPT 攻击不再是单点式的，而是多套技术、多个攻击步骤的组合。\n这就要求防御技术具备多点关联能力，能够将一系列看似无关的战役关联起来，恢复出攻击逻辑。\n第二是特征隐蔽。专业人员会采用大量无文件攻击、脚本攻击等手段，极其隐蔽。\n因此，防御手段需要具备自动化挖掘隐蔽特征的能力。\n第三是技术多变。APT 攻击经常利用 0-day 漏洞或未知的临时攻击，要求防御技术能主动适应未知威胁。\n遗憾的是，目前这三个要求在技术上仍难以完全满足。\n在产业界，目前的技术仍主要基于规则，无论是最初的病毒检测、后来的行为检测，还是现在的 EDR。\n这些技术大量依赖人工专家编写规则，静态地识别和检测攻击。\n随后再手动进行关联并生成报告。这种方式的人力成本极高，且可观测性较弱。\n因此，我们的研究试图回答一个问题：能否排除人工干预，实现端到端的 AI 检测？",
      "summary": ""
    }
  },
  "output": {
    "section_id": "sec_002",
    "index": 1,
    "title": "研究背景：APT攻击的威胁与现状分析分析APT攻击的复杂性、隐蔽性及技术多变特征，指出当前基于规则的检测技术在人力成本和可观测性上的局限。",
    "time_range": "00:01:02,270 - 00:03:14,590",
    "refined_script": "# 研究背景：APT 攻击的威胁现状与防御挑战分析\n\n## 1. 威胁演进：从分散攻击到国家级对抗\n网络安全环境在过去二十年间发生了根本性变革，攻击主体的演进直接导致了防御难度的指数级增长：\n- **历史背景**：二十年前，攻击者多为分散的业余选手，攻击行为具有随机性和孤立性。\n- **现状趋势**：现代攻击（尤其是 APT，高级持续性威胁）多由**国家级专业团队**发起，已成为全球范围内面临的重大安全威胁。\n\n## 2. APT 攻击的核心技术特征\nAPT 攻击之所以成为安全领域的重大难题，主要源于其在逻辑、特征和技术手段上的高度复杂性：\n\n*   **逻辑复杂（多阶段关联）**：\n    *   攻击不再是单点式的，而是由多套技术、多个攻击步骤组合而成的长周期行为。\n    *   **防御需求**：需要具备多点关联能力，能够从海量无关数据中恢复完整的攻击逻辑。\n*   **特征隐蔽（规避检测）**：\n    *   攻击者广泛采用**无文件攻击 (Fileless)**、脚本攻击等手段，极难被传统扫描工具发现。\n    *   **防御需求**：需要具备自动化挖掘深层隐蔽特征的能力。\n*   **技术多变（未知威胁）**：\n    *   频繁利用 **0-day 漏洞**或未知的临时攻击手段，具有极强的不可预测性。\n    *   **防御需求**：防御技术必须能主动适应并识别未知威胁，而非仅仅依赖已知库。\n\n## 3. 产业界现状与技术局限\n目前产业界的主流防御体系（从早期的病毒检测到行为检测，再到现今的 EDR）仍未完全解决上述挑战，其局限性体现在：\n\n| 维度 | 现状描述 | 核心痛点 |\n| :--- | :--- | :--- |\n| **检测机制** | 基于规则（Rule-based）的静态识别。 | 极度依赖人工专家编写和维护规则库。 |\n| **关联分析** | 告警后的手动关联与报告生成。 | 响应速度慢，人力成本极高。 |\n| **系统效能** | 缺乏自动化的闭环处理。 | 可观测性弱，难以应对大规模、高频次的攻击。 |\n\n## 4. 研究愿景：端到端 AI 检测\n针对当前“规则驱动”模式的瓶颈，本研究的核心目标是探索一种全新的防御范式：\n- **核心命题**：能否排除人工干预，实现**端到端的 AI 检测**？\n- **技术演进**：通过人工智能技术实现从原始数据输入到威胁识别输出的全自动化，提升对复杂 APT 攻击的响应效率与准确度。",
    "summary": "",
    "original_script": "我们的研究背景是防御目前非常复杂的 APT（高级持续性威胁）攻击。\n现在的安全环境与二十年前相比已经发生了巨大变化。\n二十年前，攻击者多为业余选手，分布较为分散。而现在的攻击往往由国家级专业团队发起。\nAPT 攻击已成为全球范围内面临的重大安全威胁。\n与传统攻击相比，防御 APT 攻击是安全领域的一个重大难题。\n原因在于 APT 攻击具有三个显著特征：第一是逻辑复杂。\nAPT 攻击不再是单点式的，而是多套技术、多个攻击步骤的组合。\n这就要求防御技术具备多点关联能力，能够将一系列看似无关的战役关联起来，恢复出攻击逻辑。\n第二是特征隐蔽。专业人员会采用大量无文件攻击、脚本攻击等手段，极其隐蔽。\n因此，防御手段需要具备自动化挖掘隐蔽特征的能力。\n第三是技术多变。APT 攻击经常利用 0-day 漏洞或未知的临时攻击，要求防御技术能主动适应未知威胁。\n遗憾的是，目前这三个要求在技术上仍难以完全满足。\n在产业界，目前的技术仍主要基于规则，无论是最初的病毒检测、后来的行为检测，还是现在的 EDR。\n这些技术大量依赖人工专家编写规则，静态地识别和检测攻击。\n随后再手动进行关联并生成报告。这种方式的人力成本极高，且可观测性较弱。\n因此，我们的研究试图回答一个问题：能否排除人工干预，实现端到端的 AI 检测？"
  },
  "artifacts": [
    "output/ScienceEducationInnovation/part_03/final/07_script_refine/1/artifacts/section_sec_002_refined.md"
  ],
  "metadata": {
    "refined_length": 1054,
    "original_length": 554,
    "summary_length": 0
  },
  "trace_id": "c8073fe8-e4dc-4d26-9998-32fa458be5a3",
  "duration_ms": 22243,
  "started_at": "2025-12-19T01:26:36.931812",
  "completed_at": "2025-12-18T17:26:59.177570",
  "step_config": {
    "model": "gemini-3-flash-preview",
    "temperature": 0.2,
    "prompt_file": "/Users/lichuan/Codes/TalkDistill/config/prompts/script_refine.md",
    "schema_file": "/Users/lichuan/Codes/TalkDistill/config/schemas/script_refine.json"
  },
  "dependencies": [
    "section_timing"
  ]
}