{
  "part_index": 7,
  "title": "东方通中间件智能体：AI驱动的全生命周期自动化运维",
  "type_tag": "智能运维产品发布",
  "tech_tags": [
    "中间件",
    "智能体",
    "多智能体架构",
    "AIOps",
    "智能规划",
    "智能配置",
    "故障自愈",
    "TongAgents",
    "自动化运维"
  ],
  "domain_tags": [
    "基础软件",
    "智能运维",
    "云计算"
  ],
  "summary": "东方通产品经理李进静介绍了公司最新产品——中间件智能体（TongAgents）。针对传统中间件运维中资源规划难、配置复杂、依赖专家等痛点，该产品采用多智能体架构，定位为中间件的AI协作者与自动驾驶仪。它具备智能规划、智能配置及智能测试等全生命周期能力，支持通过自然语言交互实现高可用集群的一键部署，旨在降低运维门槛、提升效率并实现故障自愈。",
  "highlights": [
    "东方通推出中间件智能体TongAgents，定位为AI协作者与自动驾驶仪",
    "解决传统中间件资源评估不准、配置困难及运维依赖专家等痛点",
    "采用多智能体架构，包含服务层、能力中心与模型层",
    "具备智能规划、智能配置、智能检测等全生命周期管理能力",
    "支持自然语言交互，演示了“高可用集群”的自动推荐与一键部署",
    "核心价值在于降本增效、保障系统稳定及赋能开发运维人员"
  ]
}