{
  "address": "day2_main/part_05/chunk_00/09_apply_crop/slide_005",
  "status": "completed",
  "input": {
    "image_path": "output/day2_main/part_05/chunk_00/07_capture_frame/slide_005/artifacts/slide_005.png",
    "crop_region": {
      "x": 455,
      "y": 446,
      "width": 1009,
      "height": 319
    }
  },
  "output": "output/day2_main/part_05/chunk_00/09_apply_crop/slide_005/artifacts/slide_005.png",
  "artifacts": [
    "output/day2_main/part_05/chunk_00/09_apply_crop/slide_005/artifacts/slide_005.png"
  ],
  "metadata": {
    "source": "output/day2_main/part_05/chunk_00/07_capture_frame/slide_005/artifacts/slide_005.png",
    "applied": true,
    "crop_region": {
      "x": 455,
      "y": 446,
      "width": 1009,
      "height": 319
    },
    "size": {
      "width": 1009,
      "height": 319
    }
  },
  "trace_id": null,
  "duration_ms": 128,
  "started_at": "2025-12-17T21:35:09.862577",
  "completed_at": "2025-12-17T13:35:09.991921",
  "step_config": {},
  "dependencies": [
    "capture_frame",
    "crop_decision"
  ]
}