{
  "address": "ScienceEducationInnovation/part_02/chunk_00/07_capture_frame/slide_022",
  "status": "completed",
  "input": {
    "video": "output/ScienceEducationInnovation/part_02/chunk_00/01_cut_chunk/artifacts/chunk_high.mp4",
    "timestamp": "00:12:10.580",
    "frame_id": "slide_022",
    "output_ext": ".png"
  },
  "output": "output/ScienceEducationInnovation/part_02/chunk_00/07_capture_frame/slide_022/artifacts/slide_022.png",
  "artifacts": [
    "output/ScienceEducationInnovation/part_02/chunk_00/07_capture_frame/slide_022/artifacts/slide_022.png"
  ],
  "metadata": {
    "timestamp": "00:12:10.580",
    "frame_id": "slide_022",
    "ffmpeg": "/opt/homebrew/bin/ffmpeg"
  },
  "trace_id": null,
  "duration_ms": 2757,
  "started_at": "2025-12-17T10:50:27.899798",
  "completed_at": "2025-12-17T02:50:30.658477",
  "step_config": {},
  "dependencies": [
    "slide_timeline"
  ]
}