{
  "address": "ScienceEducationInnovation/part_04/chunk_00/07_capture_frame/slide_014",
  "status": "completed",
  "input": {
    "video": "output/ScienceEducationInnovation/part_04/chunk_00/01_cut_chunk/artifacts/chunk_high.mp4",
    "timestamp": "00:10:26.300",
    "frame_id": "slide_014",
    "output_ext": ".png"
  },
  "output": "output/ScienceEducationInnovation/part_04/chunk_00/07_capture_frame/slide_014/artifacts/slide_014.png",
  "artifacts": [
    "output/ScienceEducationInnovation/part_04/chunk_00/07_capture_frame/slide_014/artifacts/slide_014.png"
  ],
  "metadata": {
    "timestamp": "00:10:26.300",
    "frame_id": "slide_014",
    "ffmpeg": "/opt/homebrew/bin/ffmpeg"
  },
  "trace_id": null,
  "duration_ms": 1506,
  "started_at": "2025-12-21T23:17:27.054720",
  "completed_at": "2025-12-21T15:17:28.561842",
  "step_config": {},
  "dependencies": [
    "slide_timeline"
  ]
}