{
  "address": "day1_main/part_07/final/01_merge_slides",
  "status": "completed",
  "input": {
    "part_start": 3410.78,
    "part_duration": 861.3899999999999,
    "chunk_indices": [
      0
    ],
    "neighbor_slides": 2,
    "output_name": "materials.json"
  },
  "output": [
    {
      "id": "chunk_00/slide_001",
      "type": "slide",
      "start_ms": 85500,
      "end_ms": 99500,
      "title": "AI算力的极限挑战：BaiduLinux CloudOS 支持超大规模集群基础设施建设实践",
      "description": "",
      "asset_name": null,
      "source": null,
      "best_capture_ms": null,
      "crop_region": null,
      "text_span": null,
      "attributes": {
        "chunk": 0,
        "slide_id": "slide_001",
        "slide_index": 1,
        "offset_ms": 0
      },
      "kept": true,
      "duplicate_of": null,
      "duplicates": [],
      "notes": ""
    },
    {
      "id": "chunk_00/slide_002",
      "type": "slide",
      "start_ms": 100500,
      "end_ms": 185500,
      "title": "大规模智算集群成为下一代人工智能基础设施",
      "description": "",
      "asset_name": null,
      "source": null,
      "best_capture_ms": null,
      "crop_region": null,
      "text_span": null,
      "attributes": {
        "chunk": 0,
        "slide_id": "slide_002",
        "slide_index": 2,
        "offset_ms": 0
      },
      "kept": true,
      "duplicate_of": null,
      "duplicates": [],
      "notes": ""
    },
    {
      "id": "chunk_00/slide_003",
      "type": "slide",
      "start_ms": 187500,
      "end_ms": 255500,
      "title": "超万卡集群建设方案",
      "description": "",
      "asset_name": null,
      "source": null,
      "best_capture_ms": null,
      "crop_region": null,
      "text_span": null,
      "attributes": {
        "chunk": 0,
        "slide_id": "slide_003",
        "slide_index": 3,
        "offset_ms": 0
      },
      "kept": true,
      "duplicate_of": null,
      "duplicates": [],
      "notes": ""
    },
    {
      "id": "chunk_00/slide_004",
      "type": "slide",
      "start_ms": 257500,
      "end_ms": 420500,
      "title": "算力架构的趋势与变革",
      "description": "",
      "asset_name": null,
      "source": null,
      "best_capture_ms": null,
      "crop_region": null,
      "text_span": null,
      "attributes": {
        "chunk": 0,
        "slide_id": "slide_004",
        "slide_index": 4,
        "offset_ms": 0
      },
      "kept": true,
      "duplicate_of": null,
      "duplicates": [],
      "notes": ""
    },
    {
      "id": "chunk_00/slide_005",
      "type": "slide",
      "start_ms": 422500,
      "end_ms": 586500,
      "title": "算力效能的全面提升",
      "description": "",
      "asset_name": null,
      "source": null,
      "best_capture_ms": null,
      "crop_region": null,
      "text_span": null,
      "attributes": {
        "chunk": 0,
        "slide_id": "slide_005",
        "slide_index": 5,
        "offset_ms": 0
      },
      "kept": true,
      "duplicate_of": null,
      "duplicates": [],
      "notes": ""
    },
    {
      "id": "chunk_00/slide_006",
      "type": "slide",
      "start_ms": 588500,
      "end_ms": 667500,
      "title": "异构机密计算方案",
      "description": "",
      "asset_name": null,
      "source": null,
      "best_capture_ms": null,
      "crop_region": null,
      "text_span": null,
      "attributes": {
        "chunk": 0,
        "slide_id": "slide_006",
        "slide_index": 6,
        "offset_ms": 0
      },
      "kept": true,
      "duplicate_of": null,
      "duplicates": [],
      "notes": ""
    },
    {
      "id": "chunk_00/slide_007",
      "type": "slide",
      "start_ms": 669500,
      "end_ms": 750500,
      "title": "openEuler支持BaiduLinux构建高性能、易运维、高安全底座",
      "description": "",
      "asset_name": null,
      "source": null,
      "best_capture_ms": null,
      "crop_region": null,
      "text_span": null,
      "attributes": {
        "chunk": 0,
        "slide_id": "slide_007",
        "slide_index": 7,
        "offset_ms": 0
      },
      "kept": true,
      "duplicate_of": null,
      "duplicates": [],
      "notes": ""
    },
    {
      "id": "chunk_00/slide_008",
      "type": "slide",
      "start_ms": 752500,
      "end_ms": 802500,
      "title": "面向智算集群openEuler构筑四大优势",
      "description": "",
      "asset_name": null,
      "source": null,
      "best_capture_ms": null,
      "crop_region": null,
      "text_span": null,
      "attributes": {
        "chunk": 0,
        "slide_id": "slide_008",
        "slide_index": 8,
        "offset_ms": 0
      },
      "kept": true,
      "duplicate_of": null,
      "duplicates": [],
      "notes": ""
    },
    {
      "id": "chunk_00/slide_009",
      "type": "slide",
      "start_ms": 804500,
      "end_ms": 853500,
      "title": "联合openEuler社区，持续创新，服务千行百业",
      "description": "",
      "asset_name": null,
      "source": null,
      "best_capture_ms": null,
      "crop_region": null,
      "text_span": null,
      "attributes": {
        "chunk": 0,
        "slide_id": "slide_009",
        "slide_index": 9,
        "offset_ms": 0
      },
      "kept": true,
      "duplicate_of": null,
      "duplicates": [],
      "notes": ""
    }
  ],
  "artifacts": [
    "output/day1_main/part_07/final/01_merge_slides/artifacts/materials.json"
  ],
  "metadata": {
    "chunks": 1,
    "materials_total": 9,
    "materials_kept": 9,
    "boundary_dedupe_pairs": 0
  },
  "trace_id": null,
  "duration_ms": 12,
  "started_at": "2025-12-17T19:50:53.081028",
  "completed_at": "2025-12-17T11:50:53.094958",
  "step_config": {},
  "dependencies": []
}