{
  "address": "ScienceEducationInnovation/part_04/chunk_00/08_crop_decision/slide_028",
  "status": "completed",
  "input": {
    "image_path": "output/ScienceEducationInnovation/part_04/chunk_00/07_capture_frame/slide_028/artifacts/slide_028.png",
    "slide_index": 28,
    "slide_title": "Crater 系统介绍：多类型作业多维监控&数据管理 展示系统界面截图，包括 IDE 集成、任务监控及性能分析。"
  },
  "output": null,
  "artifacts": [
    "output/ScienceEducationInnovation/part_04/chunk_00/07_capture_frame/slide_028/artifacts/slide_028.png"
  ],
  "metadata": {
    "needs_crop": false,
    "reason": "MANUAL_NO_CROP",
    "manual_override": true
  },
  "trace_id": null,
  "duration_ms": 0,
  "started_at": "2025-12-21T23:27:05.890050",
  "completed_at": "2025-12-21T15:27:05.920642",
  "step_config": {
    "model": "gemini-3-flash-preview",
    "temperature": 0.1,
    "prompt_file": "/Users/lichuan/Codes/TalkDistill/config/prompts/crop_decision.md",
    "schema_file": "/Users/lichuan/Codes/TalkDistill/config/schemas/crop_decision.json"
  },
  "dependencies": [
    "capture_frame"
  ]
}