{
  "address": "ai_session/part_06/chunk_00/09_apply_crop/slide_010",
  "status": "completed",
  "input": {
    "image_path": "output/ai_session/part_06/chunk_00/07_capture_frame/slide_010/artifacts/slide_010.png",
    "crop_region": {
      "x": 614,
      "y": 172,
      "width": 1305,
      "height": 907
    }
  },
  "output": "output/ai_session/part_06/chunk_00/09_apply_crop/slide_010/artifacts/slide_010.png",
  "artifacts": [
    "output/ai_session/part_06/chunk_00/09_apply_crop/slide_010/artifacts/slide_010.png"
  ],
  "metadata": {
    "source": "output/ai_session/part_06/chunk_00/07_capture_frame/slide_010/artifacts/slide_010.png",
    "applied": true,
    "crop_region": {
      "x": 614,
      "y": 172,
      "width": 1305,
      "height": 907
    },
    "size": {
      "width": 1305,
      "height": 907
    }
  },
  "trace_id": null,
  "duration_ms": 125,
  "started_at": "2025-12-15T23:49:14.310312",
  "completed_at": "2025-12-15T15:49:14.436402",
  "step_config": {},
  "dependencies": [
    "capture_frame",
    "crop_decision"
  ]
}