{
  "address": "ai_session/part_08/chunk_00/07_capture_frame/slide_010",
  "status": "completed",
  "input": {
    "video": "output/ai_session/part_08/chunk_00/01_cut_chunk/artifacts/chunk_high.mp4",
    "timestamp": "00:13:58.100",
    "frame_id": "slide_010",
    "output_ext": ".png"
  },
  "output": "output/ai_session/part_08/chunk_00/07_capture_frame/slide_010/artifacts/slide_010.png",
  "artifacts": [
    "output/ai_session/part_08/chunk_00/07_capture_frame/slide_010/artifacts/slide_010.png"
  ],
  "metadata": {
    "timestamp": "00:13:58.100",
    "frame_id": "slide_010",
    "ffmpeg": "/opt/homebrew/bin/ffmpeg"
  },
  "trace_id": null,
  "duration_ms": 944,
  "started_at": "2025-12-16T00:47:10.591677",
  "completed_at": "2025-12-15T16:47:11.537537",
  "step_config": {},
  "dependencies": [
    "slide_timeline"
  ]
}