{
  "address": "ScienceEducationInnovation/part_03/chunk_00/07_capture_frame/slide_031",
  "status": "completed",
  "input": {
    "video": "output/ScienceEducationInnovation/part_03/chunk_00/01_cut_chunk/artifacts/chunk_high.mp4",
    "timestamp": "00:19:31.140",
    "frame_id": "slide_031",
    "output_ext": ".png"
  },
  "output": "output/ScienceEducationInnovation/part_03/chunk_00/07_capture_frame/slide_031/artifacts/slide_031.png",
  "artifacts": [
    "output/ScienceEducationInnovation/part_03/chunk_00/07_capture_frame/slide_031/artifacts/slide_031.png"
  ],
  "metadata": {
    "timestamp": "00:19:31.140",
    "frame_id": "slide_031",
    "ffmpeg": "/opt/homebrew/bin/ffmpeg"
  },
  "trace_id": null,
  "duration_ms": 2768,
  "started_at": "2025-12-17T11:54:02.177521",
  "completed_at": "2025-12-17T03:54:04.946918",
  "step_config": {},
  "dependencies": [
    "slide_timeline"
  ]
}