{
  "address": "ai_session/part_01/chunk_00/07_capture_frame/slide_005",
  "status": "completed",
  "input": {
    "video": "output/ai_session/part_01/chunk_00/01_cut_chunk/artifacts/chunk_high.mp4",
    "timestamp": "00:04:22.900",
    "frame_id": "slide_005",
    "output_ext": ".png"
  },
  "output": "output/ai_session/part_01/chunk_00/07_capture_frame/slide_005/artifacts/slide_005.png",
  "artifacts": [
    "output/ai_session/part_01/chunk_00/07_capture_frame/slide_005/artifacts/slide_005.png"
  ],
  "metadata": {
    "timestamp": "00:04:22.900",
    "frame_id": "slide_005",
    "ffmpeg": "/opt/homebrew/bin/ffmpeg"
  },
  "trace_id": null,
  "duration_ms": 1057,
  "started_at": "2025-12-15T22:19:47.526989",
  "completed_at": "2025-12-15T14:19:48.586255",
  "step_config": {},
  "dependencies": [
    "slide_timeline"
  ]
}