{
  "address": "ai_session/part_00/chunk_00/09_apply_crop/slide_009",
  "status": "completed",
  "input": {
    "image_path": "output/ai_session/part_00/chunk_00/07_capture_frame/slide_009/artifacts/slide_009.png",
    "crop_region": {
      "x": 864,
      "y": 159,
      "width": 1056,
      "height": 920
    }
  },
  "output": "output/ai_session/part_00/chunk_00/09_apply_crop/slide_009/artifacts/slide_009.png",
  "artifacts": [
    "output/ai_session/part_00/chunk_00/09_apply_crop/slide_009/artifacts/slide_009.png"
  ],
  "metadata": {
    "source": "output/ai_session/part_00/chunk_00/07_capture_frame/slide_009/artifacts/slide_009.png",
    "applied": true,
    "crop_region": {
      "x": 864,
      "y": 159,
      "width": 1056,
      "height": 920
    },
    "size": {
      "width": 1056,
      "height": 920
    }
  },
  "trace_id": null,
  "duration_ms": 483,
  "started_at": "2025-12-15T21:22:58.818134",
  "completed_at": "2025-12-15T13:22:59.303413",
  "step_config": {},
  "dependencies": [
    "capture_frame",
    "crop_decision"
  ]
}