{
  "address": "ai_session/part_08/chunk_00/09_apply_crop/slide_002",
  "status": "completed",
  "input": {
    "image_path": "output/ai_session/part_08/chunk_00/07_capture_frame/slide_002/artifacts/slide_002.png",
    "crop_region": {
      "x": 113,
      "y": 102,
      "width": 1695,
      "height": 783
    }
  },
  "output": "output/ai_session/part_08/chunk_00/09_apply_crop/slide_002/artifacts/slide_002.png",
  "artifacts": [
    "output/ai_session/part_08/chunk_00/09_apply_crop/slide_002/artifacts/slide_002.png"
  ],
  "metadata": {
    "source": "output/ai_session/part_08/chunk_00/07_capture_frame/slide_002/artifacts/slide_002.png",
    "applied": true,
    "crop_region": {
      "x": 113,
      "y": 102,
      "width": 1695,
      "height": 783
    },
    "size": {
      "width": 1695,
      "height": 783
    }
  },
  "trace_id": null,
  "duration_ms": 121,
  "started_at": "2025-12-16T00:48:23.673046",
  "completed_at": "2025-12-15T16:48:23.795286",
  "step_config": {},
  "dependencies": [
    "capture_frame",
    "crop_decision"
  ]
}