{
  "address": "ScienceEducationInnovation/part_03/final/07_script_refine/4",
  "status": "completed",
  "input": {
    "narrative": {
      "id": "sec_005",
      "index": 4,
      "title": "关键技术一：无监督快速日志过滤介绍利用无监督学习和在线斯坦纳树算法过滤海量日志，通过两阶段检测流程大幅降低误报并提升性能。",
      "time_range": "00:08:50,030 - 00:11:46,610",
      "script": "在这张图上，我们利用无监督学习主动挖掘异常特征，自动找出与攻击相关的部分。\n这里涉及三个关键技术。首先是如何利用无监督学习快速过滤核心日志。\n在数千万个事件中，与攻击相关的可能不足两百个。\n我们的思路是先过滤掉明显无关的事件，再用更强大的模型判断难以确定的部分。\n这样可以大幅节省算力。我们发现了两个规律。\n第一是统计异常性。攻击相关的节点在统计上通常表现出更高的异常性或稀疏性。\n反之，如果统计上不具备异常性，则通常不是攻击。\n第二是拓扑聚集性。攻击产生的异常在拓扑结构上往往比较接近。\n因为渗透通常从一个后门开始，逐步向外扩散。在这个过程中，每一步引入的异常都会在拓扑上聚集。\n利用这些性质，我们设计了一系列算法，包括 Steiner Tree 在线搜索算法。\n我们将复杂度从 O(V^2) 降低到了 O(N)，且理论上的竞争比保持不变。\n在此基础上，我们还进行了系统优化，构建了一个分析系统。\n该系统的关键是一个缓存系统。我们将可疑事件缓存在内存中。\n对于这些“热数据”，访问速度极快。而“冷数据”则卸载到硬盘上。\n这样既保证了数据的完整性，又通过系统优化降低了开销。\n评估结果显示，我们的误报率比现有方法降低了两个数量级。\n检出率也更高。现有方法多侧重于检出率，而忽视了误报率的优化。\n我们还与深信服合作，在其实际系统中发现了七个真实的攻击。",
      "summary": ""
    }
  },
  "output": {
    "section_id": "sec_005",
    "index": 4,
    "title": "关键技术一：无监督快速日志过滤介绍利用无监督学习和在线斯坦纳树算法过滤海量日志，通过两阶段检测流程大幅降低误报并提升性能。",
    "time_range": "00:08:50,030 - 00:11:46,610",
    "refined_script": "# 技术专题：基于无监督学习与在线斯坦纳树的快速日志过滤\n\n## 1. 背景与挑战\n在网络安全监测中，系统日志呈现海量化特征（日均事件数达数千万级），而其中真正与攻击相关的关键事件通常不足两百个。传统的检测方法面临以下痛点：\n- **算力瓶颈**：直接对全量数据进行复杂模型分析会导致计算开销过大。\n- **高误报率**：现有方法往往侧重于提升检出率，但在降低误报率方面表现欠佳。\n\n## 2. 核心设计理念：两阶段检测流程\n为了平衡性能与精度，系统采用了“先过滤、后精析”的两阶段处理思路：\n1. **快速过滤阶段**：利用无监督学习主动挖掘异常特征，剔除大量明显无关的背景事件。\n2. **深度判定阶段**：仅针对难以确定的可疑部分调用高算力模型进行精准研判，从而大幅节省系统资源。\n\n## 3. 关键技术原理\n该方案基于攻击行为在日志数据中表现出的两个核心规律：\n\n### 3.1 统计异常性 (Statistical Anomaly)\n攻击相关的节点在统计学上通常具有更高的**稀疏性**或**异常性**。若某一事件在统计维度上表现平庸，则大概率属于正常业务行为。\n\n### 3.2 拓扑聚集性 (Topological Clustering)\n渗透攻击通常从单一后门切入并逐步向外扩散。在此过程中，攻击行为产生的异常节点在系统拓扑结构上往往呈现出物理接近或逻辑聚集的特征。\n\n### 3.3 算法优化：在线斯坦纳树 (Online Steiner Tree)\n利用上述拓扑性质，系统引入了 Steiner Tree 在线搜索算法：\n- **复杂度优化**：通过算法改进，将计算复杂度从 $O(V^2)$ 降低至 $O(N)$。\n- **性能保证**：在降低复杂度的同时，保持了理论上的竞争比（Competitive Ratio）不变，确保了算法的稳健性。\n\n## 4. 系统架构与性能优化\n为支撑大规模实时分析，系统构建了专门的缓存机制来处理数据流：\n- **热数据缓存**：将高频访问的可疑事件缓存在内存中，确保极速访问。\n- **冷数据卸载**：将非活跃数据卸载至硬盘，在保证数据完整性的同时降低内存开销。\n\n## 5. 评估结果与落地实践\n通过与现有主流检测方法的对比评估，该技术取得了显著成果：\n- **误报率降低**：比现有方法降低了两个数量级。\n- **检出率提升**：在保持低误报的同时，检出率优于侧重单一指标的传统方法。\n- **实战验证**：通过与深信服（Sangfor）的深度合作，该系统在实际生产环境中成功发现了 7 起真实的攻击事件。",
    "summary": "",
    "original_script": "在这张图上，我们利用无监督学习主动挖掘异常特征，自动找出与攻击相关的部分。\n这里涉及三个关键技术。首先是如何利用无监督学习快速过滤核心日志。\n在数千万个事件中，与攻击相关的可能不足两百个。\n我们的思路是先过滤掉明显无关的事件，再用更强大的模型判断难以确定的部分。\n这样可以大幅节省算力。我们发现了两个规律。\n第一是统计异常性。攻击相关的节点在统计上通常表现出更高的异常性或稀疏性。\n反之，如果统计上不具备异常性，则通常不是攻击。\n第二是拓扑聚集性。攻击产生的异常在拓扑结构上往往比较接近。\n因为渗透通常从一个后门开始，逐步向外扩散。在这个过程中，每一步引入的异常都会在拓扑上聚集。\n利用这些性质，我们设计了一系列算法，包括 Steiner Tree 在线搜索算法。\n我们将复杂度从 O(V^2) 降低到了 O(N)，且理论上的竞争比保持不变。\n在此基础上，我们还进行了系统优化，构建了一个分析系统。\n该系统的关键是一个缓存系统。我们将可疑事件缓存在内存中。\n对于这些“热数据”，访问速度极快。而“冷数据”则卸载到硬盘上。\n这样既保证了数据的完整性，又通过系统优化降低了开销。\n评估结果显示，我们的误报率比现有方法降低了两个数量级。\n检出率也更高。现有方法多侧重于检出率，而忽视了误报率的优化。\n我们还与深信服合作，在其实际系统中发现了七个真实的攻击。"
  },
  "artifacts": [
    "output/ScienceEducationInnovation/part_03/final/07_script_refine/4/artifacts/section_sec_005_refined.md"
  ],
  "metadata": {
    "refined_length": 1084,
    "original_length": 575,
    "summary_length": 0
  },
  "trace_id": "9d9cd484-eaa4-4b04-8d44-ebdbc464f269",
  "duration_ms": 32903,
  "started_at": "2025-12-19T01:26:36.933334",
  "completed_at": "2025-12-18T17:27:09.839454",
  "step_config": {
    "model": "gemini-3-flash-preview",
    "temperature": 0.2,
    "prompt_file": "/Users/lichuan/Codes/TalkDistill/config/prompts/script_refine.md",
    "schema_file": "/Users/lichuan/Codes/TalkDistill/config/schemas/script_refine.json"
  },
  "dependencies": [
    "section_timing"
  ]
}