{
  "address": "day1_main/part_07/chunk_00/03_srt_slice",
  "status": "completed",
  "input": {
    "global_srt": "output/day1_main/part_-01/chunk_-01/00_global_funasr/artifacts/global.srt",
    "start_ms": 3410780.0,
    "end_ms": 4272170.0,
    "output_name": "chunk_baseline.srt"
  },
  "output": [
    {
      "index": 1,
      "start": 0,
      "end": 3.56,
      "text": "中国电信将 open user 社区深度协同，"
    },
    {
      "index": 2,
      "start": 3.74,
      "end": 7.04,
      "text": "以超节点技术重构算力基础设施，"
    },
    {
      "index": 3,
      "start": 7.1,
      "end": 10.52,
      "text": "让每份算力精准匹配业务需求。"
    },
    {
      "index": 4,
      "start": 10.52,
      "end": 16.22,
      "text": "接下来让我们有请百度智能云混合云部总经理杜海先生，"
    },
    {
      "index": 5,
      "start": 16.36,
      "end": 25.76,
      "text": "带来 AI 算力的极限挑战百度 linux 支持超大规模集群基础设施建设实践的主题演讲。"
    },
    {
      "index": 6,
      "start": 26.08,
      "end": 27.675,
      "text": "大家掌声有请。"
    },
    {
      "index": 7,
      "start": 49.13,
      "end": 49.33,
      "text": "好，"
    },
    {
      "index": 8,
      "start": 49.33,
      "end": 50.61,
      "text": "各位嘉宾大家好，"
    },
    {
      "index": 9,
      "start": 50.83,
      "end": 53.71,
      "text": "非常高兴来到 open 欧拉操作系统大会，"
    },
    {
      "index": 10,
      "start": 53.95,
      "end": 60.355,
      "text": "和大家分享关于百度智能云在操作系统和制算领域的一些实践和探索。"
    },
    {
      "index": 11,
      "start": 61.06,
      "end": 64.12,
      "text": "百度智能云混合云历经十年耕耘，"
    },
    {
      "index": 12,
      "start": 64.22,
      "end": 65.9,
      "text": "已为金融制造、"
    },
    {
      "index": 13,
      "start": 66.06,
      "end": 66.5,
      "text": "汽车、"
    },
    {
      "index": 14,
      "start": 66.76,
      "end": 72.12,
      "text": "政务等千行百业提供了各类的解决方案和产品的支撑。"
    },
    {
      "index": 15,
      "start": 72.72,
      "end": 72.96,
      "text": "啊，"
    },
    {
      "index": 16,
      "start": 72.98,
      "end": 74.62,
      "text": "非常感谢客户的信任，"
    },
    {
      "index": 17,
      "start": 74.8,
      "end": 76.895,
      "text": "也始终是我们前进的动力。"
    },
    {
      "index": 18,
      "start": 77.58,
      "end": 77.74,
      "text": "啊，"
    },
    {
      "index": 19,
      "start": 77.74,
      "end": 80.52,
      "text": "那么随着人工智能技术的飞速发展，"
    },
    {
      "index": 20,
      "start": 80.68,
      "end": 83.44,
      "text": "作为 AI 基础设施的服务提供者，"
    },
    {
      "index": 21,
      "start": 83.82,
      "end": 87.94,
      "text": "百度混合云产品也遇到了新机遇和新的挑战。"
    },
    {
      "index": 22,
      "start": 88.36,
      "end": 88.6,
      "text": "啊，"
    },
    {
      "index": 23,
      "start": 88.62,
      "end": 102.56,
      "text": "这也带来了我今天想与大家分享的主题 AI 算力的极限挑战百度 linux 支持超大规模集群基础设施建设实践啊。"
    },
    {
      "index": 24,
      "start": 102.56,
      "end": 102.96,
      "text": "当下，"
    },
    {
      "index": 25,
      "start": 103.08,
      "end": 107.84,
      "text": "在国家大力引导计算中心高质量发展的战略背景下，"
    },
    {
      "index": 26,
      "start": 108.28,
      "end": 111.38,
      "text": "我国的计算算力实现了跨越式的增长。"
    },
    {
      "index": 27,
      "start": 112.0,
      "end": 116.1,
      "text": "从百卡千卡再到当前万卡的集群规模。"
    },
    {
      "index": 28,
      "start": 116.64,
      "end": 117.24,
      "text": "可以说，"
    },
    {
      "index": 29,
      "start": 117.5,
      "end": 122.465,
      "text": "超大规模计算集群将会成为下一代 AI 技术的基础。"
    },
    {
      "index": 30,
      "start": 123.38,
      "end": 125.68,
      "text": "作为国内 AI 领域的先行者，"
    },
    {
      "index": 31,
      "start": 126.12,
      "end": 128.18,
      "text": "百度深度参与了这一进程。"
    },
    {
      "index": 32,
      "start": 128.58,
      "end": 131.365,
      "text": "成功打造了多个大规模计算集群。"
    },
    {
      "index": 33,
      "start": 132.09,
      "end": 133.73,
      "text": "特别是今年四月，"
    },
    {
      "index": 34,
      "start": 134.07,
      "end": 140.805,
      "text": "我们正式点亮了全国产化算力的三点二万卡的超大规模的计算集群。"
    },
    {
      "index": 35,
      "start": 141.56,
      "end": 144.12,
      "text": "这也是我们整个国产化，"
    },
    {
      "index": 36,
      "start": 144.28,
      "end": 146.44,
      "text": "从芯片到云底座，"
    },
    {
      "index": 37,
      "start": 146.6,
      "end": 147.5,
      "text": "到操作系统，"
    },
    {
      "index": 38,
      "start": 147.6,
      "end": 151.345,
      "text": "到框架完整技术栈的集中体现。"
    },
    {
      "index": 39,
      "start": 152.34,
      "end": 156.2,
      "text": "那首先呢这个集群呢是采用了自主的算力，"
    },
    {
      "index": 40,
      "start": 156.62,
      "end": 158.82,
      "text": "实现了核心技术的自主创新。"
    },
    {
      "index": 41,
      "start": 159.68,
      "end": 160.14,
      "text": "此外，"
    },
    {
      "index": 42,
      "start": 160.36,
      "end": 163.78,
      "text": "集群的整体的算力规模达到了万匹以上，"
    },
    {
      "index": 43,
      "start": 164.36,
      "end": 169.98,
      "text": "并且能够做到万卡的有效训练时间以及能效啊，"
    },
    {
      "index": 44,
      "start": 170.02,
      "end": 173.715,
      "text": "都是做到了呃国内和国际的领先水平。"
    },
    {
      "index": 45,
      "start": 174.5,
      "end": 179.8,
      "text": "同时在建成后集群到目前都维持了稳定的运行状态，"
    },
    {
      "index": 46,
      "start": 180.3,
      "end": 185.335,
      "text": "拿到了唯一的万卡规模制算集群服务稳定性的五星级认证。"
    },
    {
      "index": 47,
      "start": 187.48,
      "end": 188.74,
      "text": "结合实际经验。"
    },
    {
      "index": 48,
      "start": 188.88,
      "end": 191.06,
      "text": "我们今年以混合云为基础，"
    },
    {
      "index": 49,
      "start": 191.1,
      "end": 194.04,
      "text": "升级了超万卡计算集群的产品方案，"
    },
    {
      "index": 50,
      "start": 194.52,
      "end": 199.685,
      "text": "把计算的核心技术与混合云的安全与扩展能力进行了融合。"
    },
    {
      "index": 51,
      "start": 200.55,
      "end": 208.404,
      "text": "提供从机房建设云平台部署到算力调度与智能运维的全站产品和服务体系，"
    },
    {
      "index": 52,
      "start": 209.16,
      "end": 214.13,
      "text": "可以覆盖建设与使用的全生命周期构建。"
    },
    {
      "index": 53,
      "start": 214.27,
      "end": 217.63,
      "text": "大规模计算集群离不开底层技术的支撑。"
    },
    {
      "index": 54,
      "start": 218.43,
      "end": 221.57,
      "text": "在整个这一个超大的集群架构当中，"
    },
    {
      "index": 55,
      "start": 221.89,
      "end": 225.87,
      "text": "云底座层的基础就是我们的智能化操作系统。"
    },
    {
      "index": 56,
      "start": 226.37,
      "end": 228.385,
      "text": "百度 linux cloud OS，"
    },
    {
      "index": 57,
      "start": 229.34,
      "end": 232.06,
      "text": "它也是为整个集群提供稳定、"
    },
    {
      "index": 58,
      "start": 232.16,
      "end": 233.805,
      "text": "高效的运行时环境。"
    },
    {
      "index": 59,
      "start": 235.1,
      "end": 238.84,
      "text": "那当前制算领域进入高速发展的关键阶段，"
    },
    {
      "index": 60,
      "start": 239.08,
      "end": 243.32,
      "text": "也带来了技术架构的升级与解决方案的持续迭代。"
    },
    {
      "index": 61,
      "start": 243.88,
      "end": 246.0,
      "text": "那接下来我要分享一下，"
    },
    {
      "index": 62,
      "start": 246.0,
      "end": 247.5,
      "text": "在这个背景下，"
    },
    {
      "index": 63,
      "start": 248.08,
      "end": 253.48,
      "text": "我们在架构效能以及安全方面做的相关的革新。"
    },
    {
      "index": 64,
      "start": 253.92,
      "end": 254.16,
      "text": "啊，"
    },
    {
      "index": 65,
      "start": 254.28,
      "end": 259.81,
      "text": "我们的解决思路首先是算力规模的扩大，"
    },
    {
      "index": 66,
      "start": 260.25,
      "end": 262.645,
      "text": "直接带来了算力架构的革新。"
    },
    {
      "index": 67,
      "start": 263.43,
      "end": 265.97,
      "text": "在整个 score out 的方向上，"
    },
    {
      "index": 68,
      "start": 266.37,
      "end": 268.29,
      "text": "集群规模迅速扩大，"
    },
    {
      "index": 69,
      "start": 268.63,
      "end": 269.35,
      "text": "对组网、"
    },
    {
      "index": 70,
      "start": 269.45,
      "end": 273.075,
      "text": "路由和负载均衡都提出了新的要求。"
    },
    {
      "index": 71,
      "start": 273.97,
      "end": 277.09,
      "text": "为突破单元区电力与空间的限制，"
    },
    {
      "index": 72,
      "start": 277.37,
      "end": 280.91,
      "text": "我们也推出了跨园区的 RDMA 长传方案，"
    },
    {
      "index": 73,
      "start": 281.45,
      "end": 284.13,
      "text": "可以实现一百五十公里的无损传输，"
    },
    {
      "index": 74,
      "start": 284.79,
      "end": 288.695,
      "text": "并将大模型训练的损耗控制在百分之三以内。"
    },
    {
      "index": 75,
      "start": 289.59,
      "end": 290.07,
      "text": "同时，"
    },
    {
      "index": 76,
      "start": 290.15,
      "end": 292.27,
      "text": "面对超大规模组网的挑战，"
    },
    {
      "index": 77,
      "start": 292.71,
      "end": 296.67,
      "text": "我们采用路由聚合与多平面组网等技术，"
    },
    {
      "index": 78,
      "start": 297.15,
      "end": 302.465,
      "text": "构建了支持十万卡规模的高性能高可靠计算集群架构。"
    },
    {
      "index": 79,
      "start": 303.98,
      "end": 306.74,
      "text": "在 score up 的方向上超节点，"
    },
    {
      "index": 80,
      "start": 306.74,
      "end": 307.14,
      "text": "产品，"
    },
    {
      "index": 81,
      "start": 307.4,
      "end": 309.0,
      "text": "通过高速互联技术，"
    },
    {
      "index": 82,
      "start": 309.04,
      "end": 312.46,
      "text": "将多台服务器内的加速卡做紧密耦合，"
    },
    {
      "index": 83,
      "start": 313.1,
      "end": 315.32,
      "text": "形成统一的高性能算力单元。"
    },
    {
      "index": 84,
      "start": 316.0,
      "end": 321.745,
      "text": "这一革新从根本上解决了单机算力不足和跨机通信的瓶颈问题。"
    },
    {
      "index": 85,
      "start": 322.65,
      "end": 327.265,
      "text": "业内围绕算力密度这一目标有不少的方案推出。"
    },
    {
      "index": 86,
      "start": 328.3,
      "end": 333.62,
      "text": "比如我们今年也陆续发布了多款超节点的产品啊，"
    },
    {
      "index": 87,
      "start": 333.64,
      "end": 339.42,
      "text": "包括昨天在百度的世界大会上发布的百度天池超节点产品，"
    },
    {
      "index": 88,
      "start": 340.1,
      "end": 343.26,
      "text": "大幅提升了卡间的互联带宽和性能，"
    },
    {
      "index": 89,
      "start": 343.68,
      "end": 348.245,
      "text": "甚至单个超节点产品也能完成万亿参数的模型训练。"
    },
    {
      "index": 90,
      "start": 349.26,
      "end": 351.72,
      "text": "那这些不同规格的超节点产品，"
    },
    {
      "index": 91,
      "start": 352.02,
      "end": 356.985,
      "text": "可以为不同规模和目标的用户提供合适的算力单元。"
    },
    {
      "index": 92,
      "start": 357.89,
      "end": 362.15,
      "text": "那对于超节点整个高密度的算力集群而言，"
    },
    {
      "index": 93,
      "start": 362.69,
      "end": 366.33,
      "text": "那算力的高度集成化离不开操作系统的支撑。"
    },
    {
      "index": 94,
      "start": 367.17,
      "end": 370.29,
      "text": "open 欧拉和百度 linux cloud OS。"
    },
    {
      "index": 95,
      "start": 370.61,
      "end": 371.73,
      "text": "我们共同协作，"
    },
    {
      "index": 96,
      "start": 372.09,
      "end": 373.81,
      "text": "通过统一内存管理、"
    },
    {
      "index": 97,
      "start": 374.23,
      "end": 376.27,
      "text": "异构调度框架等技术，"
    },
    {
      "index": 98,
      "start": 376.69,
      "end": 380.99,
      "text": "智能分配计算任务到 CPU 或者是叉 PU，"
    },
    {
      "index": 99,
      "start": 381.51,
      "end": 383.51,
      "text": "实现数据的零拷贝流动，"
    },
    {
      "index": 100,
      "start": 383.95,
      "end": 386.81,
      "text": "真正将硬件集群转化为一台统一、"
    },
    {
      "index": 101,
      "start": 386.89,
      "end": 388.315,
      "text": "高效的超及计算机。"
    },
    {
      "index": 102,
      "start": 389.36,
      "end": 392.54,
      "text": "超节点的另一个核心技术是高速互联，"
    },
    {
      "index": 103,
      "start": 393.2,
      "end": 396.12,
      "text": "在这个方向业内也在积极突破。"
    },
    {
      "index": 104,
      "start": 396.54,
      "end": 399.28,
      "text": "比如华为也推出了领取方案，"
    },
    {
      "index": 105,
      "start": 399.7,
      "end": 405.434,
      "text": "也看到正式的啊开源作为整个业内的一个啊通用能力。"
    },
    {
      "index": 106,
      "start": 406.09,
      "end": 408.63,
      "text": "那百度也基于开放兼容的理念，"
    },
    {
      "index": 107,
      "start": 408.83,
      "end": 411.97,
      "text": "推出了自研互联通信协议叉 PU，"
    },
    {
      "index": 108,
      "start": 411.97,
      "end": 416.09,
      "text": "link 可以兼容主流的 score up 的通信标准，"
    },
    {
      "index": 109,
      "start": 416.65,
      "end": 418.71,
      "text": "同时也携手生态伙伴，"
    },
    {
      "index": 110,
      "start": 418.93,
      "end": 421.885,
      "text": "共同推动国产 AI 的算力发展。"
    },
    {
      "index": 111,
      "start": 423.74,
      "end": 425.36,
      "text": "当前在制算领域，"
    },
    {
      "index": 112,
      "start": 425.38,
      "end": 427.805,
      "text": "我们观察到一个明显的趋势，"
    },
    {
      "index": 113,
      "start": 428.52,
      "end": 432.04,
      "text": "行业的焦点正从如何把基础设施建好，"
    },
    {
      "index": 114,
      "start": 432.34,
      "end": 434.68,
      "text": "全面转向如何把算力用好。"
    },
    {
      "index": 115,
      "start": 435.38,
      "end": 441.56,
      "text": "今天我想从两个关键维度来分享一下算力如何进行高效的释放。"
    },
    {
      "index": 116,
      "start": 442.24,
      "end": 442.7,
      "text": "第此，"
    },
    {
      "index": 117,
      "start": 443.0,
      "end": 447.36,
      "text": "全链路优化是整个是算力效能释放的基础。"
    },
    {
      "index": 118,
      "start": 448.08,
      "end": 451.48,
      "text": "AI 训练和推理是紧密关联的系统级任务，"
    },
    {
      "index": 119,
      "start": 451.96,
      "end": 456.4,
      "text": "任何单点的优化都很难保障效能的全局最优。"
    },
    {
      "index": 120,
      "start": 457.02,
      "end": 457.54,
      "text": "因此，"
    },
    {
      "index": 121,
      "start": 457.8,
      "end": 460.59,
      "text": "必须要进行从模型到框架，"
    },
    {
      "index": 122,
      "start": 460.71,
      "end": 461.79,
      "text": "到操作系统，"
    },
    {
      "index": 123,
      "start": 462.03,
      "end": 465.135,
      "text": "再到芯片层的全链路的协同优化。"
    },
    {
      "index": 124,
      "start": 466.18,
      "end": 469.185,
      "text": "我们也是做了三个层面的深度协同。"
    },
    {
      "index": 125,
      "start": 469.9,
      "end": 471.08,
      "text": "在基础设施层，"
    },
    {
      "index": 126,
      "start": 471.48,
      "end": 471.88,
      "text": "百度、"
    },
    {
      "index": 127,
      "start": 471.88,
      "end": 473.36,
      "text": "linux cloud OS，"
    },
    {
      "index": 128,
      "start": 473.78,
      "end": 475.8,
      "text": "通过异构算力协同技术，"
    },
    {
      "index": 129,
      "start": 476.1,
      "end": 478.84,
      "text": "把单机推理性能提升了一倍以上，"
    },
    {
      "index": 130,
      "start": 479.46,
      "end": 482.12,
      "text": "并且通过可编程页的缓存技术，"
    },
    {
      "index": 131,
      "start": 482.54,
      "end": 485.175,
      "text": "显著降低了模型的加载延迟。"
    },
    {
      "index": 132,
      "start": 486.79,
      "end": 487.93,
      "text": "在资源管理层，"
    },
    {
      "index": 133,
      "start": 488.53,
      "end": 491.81,
      "text": "我们基于云原生底座和智能调度优化，"
    },
    {
      "index": 134,
      "start": 492.01,
      "end": 494.31,
      "text": "实现了毫秒级的操作响应，"
    },
    {
      "index": 135,
      "start": 494.73,
      "end": 497.705,
      "text": "并能在分钟级完成上百个任务的调度。"
    },
    {
      "index": 136,
      "start": 498.89,
      "end": 499.95,
      "text": "在 AI 任务层，"
    },
    {
      "index": 137,
      "start": 500.43,
      "end": 501.69,
      "text": "通过模型结构、"
    },
    {
      "index": 138,
      "start": 501.83,
      "end": 504.83,
      "text": "训练策略和推理引擎的协同优化，"
    },
    {
      "index": 139,
      "start": 505.31,
      "end": 508.225,
      "text": "全面提升了单卡的吞吐和整体的性能。"
    },
    {
      "index": 140,
      "start": 509.73,
      "end": 510.11,
      "text": "第二，"
    },
    {
      "index": 141,
      "start": 510.61,
      "end": 514.05,
      "text": "高效运维是保障算力持续输出的关键。"
    },
    {
      "index": 142,
      "start": 514.77,
      "end": 517.55,
      "text": "那随着模型参数突破万亿，"
    },
    {
      "index": 143,
      "start": 517.87,
      "end": 523.75,
      "text": "集群规模迈向万卡系统的复杂度和故障率大幅的提升，"
    },
    {
      "index": 144,
      "start": 524.35,
      "end": 526.13,
      "text": "我们也面临多个挑战，"
    },
    {
      "index": 145,
      "start": 526.79,
      "end": 529.29,
      "text": "第一是故障复现成本高。"
    },
    {
      "index": 146,
      "start": 529.87,
      "end": 531.45,
      "text": "第二是性能问题，"
    },
    {
      "index": 147,
      "start": 531.47,
      "end": 532.15,
      "text": "定位困难。"
    },
    {
      "index": 148,
      "start": 532.79,
      "end": 535.115,
      "text": "第三是易购工具协同复杂。"
    },
    {
      "index": 149,
      "start": 535.93,
      "end": 536.41,
      "text": "为此，"
    },
    {
      "index": 150,
      "start": 536.61,
      "end": 540.69,
      "text": "我们和 open 欧拉联合打造了一站式的运维平台。"
    },
    {
      "index": 151,
      "start": 541.33,
      "end": 543.31,
      "text": "通过整合全站监控工具，"
    },
    {
      "index": 152,
      "start": 543.51,
      "end": 548.95,
      "text": "实现跨层数据的统一采集和智能分析平台，"
    },
    {
      "index": 153,
      "start": 549.05,
      "end": 552.83,
      "text": "能够自动定位百分之九十五以上的慢节点问题，"
    },
    {
      "index": 154,
      "start": 552.93,
      "end": 560.045,
      "text": "将性能问题定位和定位到快速的故障发生节点。"
    },
    {
      "index": 155,
      "start": 561.19,
      "end": 563.67,
      "text": "并且通过全局的可视化界面，"
    },
    {
      "index": 156,
      "start": 563.99,
      "end": 573.51,
      "text": "把运维团队能够提供的工具链和能够提供的自动化运维工具和故障节点和故障根因，"
    },
    {
      "index": 157,
      "start": 573.61,
      "end": 574.83,
      "text": "进行快速关联，"
    },
    {
      "index": 158,
      "start": 575.33,
      "end": 576.895,
      "text": "实现自动化运维。"
    },
    {
      "index": 159,
      "start": 577.96,
      "end": 578.86,
      "text": "那总的来说，"
    },
    {
      "index": 160,
      "start": 579.18,
      "end": 583.8,
      "text": "通过以上两点全链路优化和智能运维的双轮驱动，"
    },
    {
      "index": 161,
      "start": 584.22,
      "end": 588.455,
      "text": "可以把算力资源高效可靠的转化为 AI 生产力。"
    },
    {
      "index": 162,
      "start": 590.17,
      "end": 593.99,
      "text": "当我们基本解决算力建得好和用的好的问题，"
    },
    {
      "index": 163,
      "start": 594.59,
      "end": 597.09,
      "text": "下一个要跨越的问题就是安全，"
    },
    {
      "index": 164,
      "start": 597.45,
      "end": 600.13,
      "text": "也就是解决如何能用的安心的问题。"
    },
    {
      "index": 165,
      "start": 600.79,
      "end": 607.515,
      "text": "那保障模型与数据在运行时的安全成为释放算力潜能的核心命题。"
    },
    {
      "index": 166,
      "start": 608.66,
      "end": 613.9,
      "text": "那当前尽管数据在存储和传输中已经进行了加密保护，"
    },
    {
      "index": 167,
      "start": 614.42,
      "end": 620.78,
      "text": "但在实际计算中还是以明文形态存储在内存存在严重的安全隐患。"
    },
    {
      "index": 168,
      "start": 621.62,
      "end": 624.805,
      "text": "机密计算是破解这一问题的关键技术。"
    },
    {
      "index": 169,
      "start": 626.02,
      "end": 626.5,
      "text": "为此，"
    },
    {
      "index": 170,
      "start": 627.04,
      "end": 627.86,
      "text": "通过百度、"
    },
    {
      "index": 171,
      "start": 627.88,
      "end": 628.38,
      "text": "linux、"
    },
    {
      "index": 172,
      "start": 628.48,
      "end": 628.84,
      "text": "cloud、"
    },
    {
      "index": 173,
      "start": 628.84,
      "end": 631.14,
      "text": "OS 和 open 欧拉的深度融合，"
    },
    {
      "index": 174,
      "start": 631.72,
      "end": 633.64,
      "text": "我们打造了高安全、"
    },
    {
      "index": 175,
      "start": 633.74,
      "end": 634.36,
      "text": "高易用、"
    },
    {
      "index": 176,
      "start": 634.46,
      "end": 637.545,
      "text": "低开销的易构机密计算的解决方案。"
    },
    {
      "index": 177,
      "start": 638.68,
      "end": 641.78,
      "text": "通过硬件级的隔离与内存加密的技术，"
    },
    {
      "index": 178,
      "start": 642.18,
      "end": 648.635,
      "text": "实现了数据在计算状态的全周期生命啊全生命周期安全可信。"
    },
    {
      "index": 179,
      "start": 649.5,
      "end": 649.9,
      "text": "另外，"
    },
    {
      "index": 180,
      "start": 650.14,
      "end": 657.065,
      "text": "方案原生支持机密虚拟机兼容现有生态显著降低了迁移成本。"
    },
    {
      "index": 181,
      "start": 658.01,
      "end": 660.77,
      "text": "我们还创新的使用了机密直通技术，"
    },
    {
      "index": 182,
      "start": 661.27,
      "end": 662.17,
      "text": "实现了机密。"
    },
    {
      "index": 183,
      "start": 662.17,
      "end": 664.17,
      "text": "虚拟机可以直接访问加速卡，"
    },
    {
      "index": 184,
      "start": 664.95,
      "end": 666.13,
      "text": "告别数据中转，"
    },
    {
      "index": 185,
      "start": 666.53,
      "end": 668.165,
      "text": "保障了使用性能。"
    },
    {
      "index": 186,
      "start": 669.89,
      "end": 672.75,
      "text": "那么回到百度和 open 欧拉的合作。"
    },
    {
      "index": 187,
      "start": 673.35,
      "end": 673.95,
      "text": "实际上，"
    },
    {
      "index": 188,
      "start": 674.03,
      "end": 676.05,
      "text": "从二零二一年起，"
    },
    {
      "index": 189,
      "start": 676.41,
      "end": 680.05,
      "text": "百度就与 open 欧拉社区展开了密切的合作。"
    },
    {
      "index": 190,
      "start": 680.67,
      "end": 685.55,
      "text": "我们共同发布并持续演进了百度 linux 智能云操作系统，"
    },
    {
      "index": 191,
      "start": 686.3299999999996,
      "end": 691.3699999999995,
      "text": "随后又将其升级为现在的智能原生底座操作系统，"
    },
    {
      "index": 192,
      "start": 691.89,
      "end": 696.8699999999995,
      "text": "全面支撑百度的千帆大模型平台和百葛异构计算平台。"
    },
    {
      "index": 193,
      "start": 697.5300000000004,
      "end": 702.095,
      "text": "到目前已在内外多场部署的规模超过两万套。"
    },
    {
      "index": 194,
      "start": 703.4499999999996,
      "end": 706.23,
      "text": "百度也同时作为用户委员会的委员，"
    },
    {
      "index": 195,
      "start": 706.4499999999996,
      "end": 708.335,
      "text": "持续参与社区共建。"
    },
    {
      "index": 196,
      "start": 709.5799999999996,
      "end": 713.3600000000005,
      "text": "那作为我们和 open 欧拉重要的合作成果，"
    },
    {
      "index": 197,
      "start": 713.88,
      "end": 719.76,
      "text": "百度 linux cloud OS 在计算集群架构中处于重要的位置，"
    },
    {
      "index": 198,
      "start": 720.18,
      "end": 724.18,
      "text": "承担我们整个计算体系当中承上启下的重要作用。"
    },
    {
      "index": 199,
      "start": 724.9000000000004,
      "end": 725.1,
      "text": "啊，"
    },
    {
      "index": 200,
      "start": 725.1,
      "end": 727.72,
      "text": "这也是我们跟 open 欧拉深度协同，"
    },
    {
      "index": 201,
      "start": 728.1,
      "end": 731.84,
      "text": "充分借助其在生态运维与创新方面的优势。"
    },
    {
      "index": 202,
      "start": 732.38,
      "end": 734.18,
      "text": "经过一年多的联合创新，"
    },
    {
      "index": 203,
      "start": 734.2400000000005,
      "end": 737.6500000000004,
      "text": "共同打造的新一代操作系统啊，"
    },
    {
      "index": 204,
      "start": 737.8299999999996,
      "end": 742.35,
      "text": "集成了 open 欧拉全栈观测与协同分析的能力，"
    },
    {
      "index": 205,
      "start": 742.73,
      "end": 747.6100000000005,
      "text": "并且引入了基于机密计算的大模型运行时安全机制，"
    },
    {
      "index": 206,
      "start": 748.0700000000005,
      "end": 751.725,
      "text": "提升计算场景下的运维效率和安全水平。"
    },
    {
      "index": 207,
      "start": 752.8200000000005,
      "end": 753.7800000000004,
      "text": "那面向未来，"
    },
    {
      "index": 208,
      "start": 754.26,
      "end": 757.1999999999996,
      "text": "百度也将持续与开源社区合作。"
    },
    {
      "index": 209,
      "start": 757.8,
      "end": 759.42,
      "text": "我们将基于百度、"
    },
    {
      "index": 210,
      "start": 759.42,
      "end": 764.2400000000005,
      "text": "linux cloud OS 在全场景的实践提炼共性需求，"
    },
    {
      "index": 211,
      "start": 764.6,
      "end": 766.5799999999996,
      "text": "与社区开展联合创新，"
    },
    {
      "index": 212,
      "start": 767.18,
      "end": 773.3299999999996,
      "text": "共同推动操作系统技术在更多行业落地在社区共建上。"
    },
    {
      "index": 213,
      "start": 773.93,
      "end": 776.7899999999995,
      "text": "未来我们也将重点投入在三个方向。"
    },
    {
      "index": 214,
      "start": 777.6100000000005,
      "end": 778.1100000000005,
      "text": "第一，"
    },
    {
      "index": 215,
      "start": 778.4499999999996,
      "end": 782.9499999999996,
      "text": "联合发布业内首个 arm CCA 机密计算解决方案，"
    },
    {
      "index": 216,
      "start": 783.4499999999996,
      "end": 787.245,
      "text": "并推动该技术从通用计算走向智能计算。"
    },
    {
      "index": 217,
      "start": 788.3,
      "end": 788.66,
      "text": "第二，"
    },
    {
      "index": 218,
      "start": 789.02,
      "end": 794.685,
      "text": "作为易构融合产学研联盟首批成员和社区共建软件标准。"
    },
    {
      "index": 219,
      "start": 795.98,
      "end": 796.36,
      "text": "第三，"
    },
    {
      "index": 220,
      "start": 797.08,
      "end": 798.86,
      "text": "积极参加 AI 工作组，"
    },
    {
      "index": 221,
      "start": 799.28,
      "end": 800.64,
      "text": "打造智能化平台，"
    },
    {
      "index": 222,
      "start": 801.32,
      "end": 803.855,
      "text": "助力企业进行智能化转型。"
    },
    {
      "index": 223,
      "start": 805.9,
      "end": 807.24,
      "text": "在技术联创方面，"
    },
    {
      "index": 224,
      "start": 807.6,
      "end": 809.535,
      "text": "我们也将聚焦三个领域。"
    },
    {
      "index": 225,
      "start": 810.22,
      "end": 810.64,
      "text": "第一，"
    },
    {
      "index": 226,
      "start": 811.14,
      "end": 813.63,
      "text": "面向超节点公关、"
    },
    {
      "index": 227,
      "start": 813.71,
      "end": 814.59,
      "text": "内存池化、"
    },
    {
      "index": 228,
      "start": 814.85,
      "end": 815.71,
      "text": "设备池化、"
    },
    {
      "index": 229,
      "start": 815.95,
      "end": 817.91,
      "text": "通信加速等核心技术，"
    },
    {
      "index": 230,
      "start": 818.45,
      "end": 821.065,
      "text": "打造超节点原生的操作系统。"
    },
    {
      "index": 231,
      "start": 822.12,
      "end": 822.52,
      "text": "第二，"
    },
    {
      "index": 232,
      "start": 822.92,
      "end": 824.48,
      "text": "在系统智能化方面，"
    },
    {
      "index": 233,
      "start": 824.92,
      "end": 827.4,
      "text": "打造操作系统领域的旗舰产品，"
    },
    {
      "index": 234,
      "start": 827.76,
      "end": 829.984,
      "text": "提升系统部署和运维效率。"
    },
    {
      "index": 235,
      "start": 830.98,
      "end": 831.4,
      "text": "第三，"
    },
    {
      "index": 236,
      "start": 831.86,
      "end": 833.26,
      "text": "在机密计算领域，"
    },
    {
      "index": 237,
      "start": 833.74,
      "end": 834.86,
      "text": "推进机密计算，"
    },
    {
      "index": 238,
      "start": 834.94,
      "end": 839.765,
      "text": "从虚拟机向容器眼镜构建全栈安全方案。"
    },
    {
      "index": 239,
      "start": 841.4,
      "end": 841.82,
      "text": "最后，"
    },
    {
      "index": 240,
      "start": 842.28,
      "end": 844.065,
      "text": "再次感谢 open 欧拉的邀请，"
    },
    {
      "index": 241,
      "start": 844.98,
      "end": 846.86,
      "text": "智能生成无限可能。"
    },
    {
      "index": 242,
      "start": 847.16,
      "end": 850.2,
      "text": "也欢迎大家进一步来了解百度智能云，"
    },
    {
      "index": 243,
      "start": 850.5,
      "end": 853.18,
      "text": "了解我们的智算原生混合云产品。"
    },
    {
      "index": 244,
      "start": 853.52,
      "end": 854.14,
      "text": "谢谢大家，"
    },
    {
      "index": 245,
      "start": 854.8,
      "end": 855.22,
      "text": "谢谢。"
    },
    {
      "index": 246,
      "start": 855.48,
      "end": 858.14,
      "text": "非常感谢杜海先生给我们带来精彩的分享，"
    },
    {
      "index": 247,
      "start": 858.4,
      "end": 859.425,
      "text": "请您回去就坐。"
    },
    {
      "index": 248,
      "start": 861.39,
      "end": 863.49,
      "text": "正如刚才我们所看到的，"
    }
  ],
  "artifacts": [
    "output/day1_main/part_07/chunk_00/03_srt_slice/artifacts/chunk_baseline.srt"
  ],
  "metadata": {},
  "trace_id": null,
  "duration_ms": 0,
  "started_at": "2025-12-17T19:22:46.871183",
  "completed_at": "2025-12-17T11:22:46.932895",
  "step_config": {},
  "dependencies": [
    "downscale"
  ]
}