{
  "id": "sec_1",
  "index": 0,
  "title": "开场与演讲主题介绍",
  "time_range": "00:00:00,000 - 00:00:32,740",
  "script": "有请宝德计算机系统股份有限公司解决方案销售总监金龙先生，给我们带来《宝德基于intelligence boom推理优化及智能应用的实践分享》。大家欢迎。各位好，我是来自宝德计算机的金龙。今天很荣幸给各位汇报一下我们与欧拉合作的一些实践，以及我们在这方面的一些思考。",
  "summary": "主持人介绍演讲嘉宾——宝德计算机的销售总监金龙先生。金龙先生将分享宝德基于intelligence boom的推理优化及智能应用实践，并汇报与欧拉合作的实践与思考。"
}