{
  "id": "sec_5",
  "index": 4,
  "title": "实践：HM IntelliCore决策引擎",
  "time_range": "00:10:58,751 - 00:13:07,081",
  "script": "最后是IntelliCore的核心架构。它相较于传统架构有几大变更：一是文本转规则，二是文本转SQL，以满足报表类需求。\n这主要应对实时提醒的场景。此外还有新的GoRules通用规则引擎，以及惠每大模型。\n文本转规则是什么意思呢？在临床应用中，我们对实时性要求非常高，而使用大模型推理速度过慢，无法满足要求。因此，我们考虑能否基于模型来生成规则，并且是一种通用性规则。\n这种规则脱离了常规业务。针对该场景，我们开发了文本转规则的引擎服务。\n该服务结合了微调模型，当您输入一段文本描述后，模型会分析出这应该属于哪种决策场景，并最终生成一种规则产物。\n基于这种规则产物，我们开发了一款通用规则引擎。\n这个引擎脱离了所有原有的引擎，它基于一种输入输出的概念，内置了非常多的算子，且不依赖任何业务属性。\n您只需依据输入的数据，结合我们输入的rule规则，它就可以产生计算结果。\n落地后，这个引擎支持了更多的业务，我们不再需要维护大量的静态规则引擎。\n开发和维护成本也进一步降低。当然，其内部依赖的算子也非常多，这是一个比较复杂的场景。\n其落地场景我分为两部分：一是国内场景，如智能推荐、推荐评估、推荐检查、推荐治疗等；\n二是国外场景，案例主要与用药相关。目前我们正在国外推广用药场景的推荐应用，以IntelliCore为核心，这部分已在商业化落地中。",
  "summary": "讲者介绍了HM IntelliCore决策引擎的核心架构，其创新在于通过“文本转规则”技术，利用模型将自然语言生成通用规则，以满足临床实时决策的高要求。基于此，团队开发了不依赖业务的GoRules通用规则引擎，降低了开发维护成本。该引擎已成功应用于国内的智能推荐和国外的用药相关场景，并已进入商业化落地阶段。"
}