{
  "id": "sec_2",
  "index": 1,
  "title": "超万卡集群建设方案",
  "time_range": "00:03:07,480 - 00:04:15,640",
  "script": "结合实际经验，我们今年以混合云为基础，升级了超万卡智算集群的产品方案，把智算的核心技术与混合云的安全与扩展能力进行了融合。提供从机房建设、云平台部署到算力调度与智能运维的全栈产品和服务体系，可以覆盖建设与使用的全生命周期。构建大规模智算集群，离不开底层技术的支撑。在整个超大集群架构当中，云底座层的基础就是我们的智能化操作系统BaiduLinux CloudOS，它也为整个集群提供稳定、高效的运行环境。当前智算领域进入高速发展的关键阶段，也带来了技术架构的升级与解决方案的持续迭代。接下来，我要分享一下在这个背景下，我们在架构、效能以及安全方面做的相关革新，以及我们的解决思路。",
  "summary": "讲者介绍了基于混合云升级的超万卡智算集群产品方案，该方案融合了智算核心技术与混合云能力，提供从机房建设到智能运维的全栈服务。方案强调了以智能化操作系统BaiduLinux CloudOS作为云底座，为大规模智算集群提供稳定高效的运行环境，并预告将分享在架构、效能及安全方面的革新。"
}