{
  "address": "ai_session/part_11/chunk_00/09_apply_crop/slide_002",
  "status": "completed",
  "input": {
    "image_path": "output/ai_session/part_11/chunk_00/07_capture_frame/slide_002/artifacts/slide_002.png",
    "crop_region": {
      "x": 176,
      "y": 96,
      "width": 1459,
      "height": 771
    }
  },
  "output": "output/ai_session/part_11/chunk_00/09_apply_crop/slide_002/artifacts/slide_002.png",
  "artifacts": [
    "output/ai_session/part_11/chunk_00/09_apply_crop/slide_002/artifacts/slide_002.png"
  ],
  "metadata": {
    "source": "output/ai_session/part_11/chunk_00/07_capture_frame/slide_002/artifacts/slide_002.png",
    "applied": true,
    "crop_region": {
      "x": 176,
      "y": 96,
      "width": 1459,
      "height": 771
    },
    "size": {
      "width": 1459,
      "height": 771
    }
  },
  "trace_id": null,
  "duration_ms": 123,
  "started_at": "2025-12-16T01:36:02.932192",
  "completed_at": "2025-12-15T17:36:03.056269",
  "step_config": {},
  "dependencies": [
    "capture_frame",
    "crop_decision"
  ]
}