{
  "address": "ai_session/part_10/chunk_00/07_capture_frame/slide_005",
  "status": "completed",
  "input": {
    "video": "output/ai_session/part_10/chunk_00/01_cut_chunk/artifacts/chunk_high.mp4",
    "timestamp": "00:04:32.700",
    "frame_id": "slide_005",
    "output_ext": ".png"
  },
  "output": "output/ai_session/part_10/chunk_00/07_capture_frame/slide_005/artifacts/slide_005.png",
  "artifacts": [
    "output/ai_session/part_10/chunk_00/07_capture_frame/slide_005/artifacts/slide_005.png"
  ],
  "metadata": {
    "timestamp": "00:04:32.700",
    "frame_id": "slide_005",
    "ffmpeg": "/opt/homebrew/bin/ffmpeg"
  },
  "trace_id": null,
  "duration_ms": 645,
  "started_at": "2025-12-16T01:20:15.524648",
  "completed_at": "2025-12-15T17:20:16.171094",
  "step_config": {},
  "dependencies": [
    "slide_timeline"
  ]
}