{
  "address": "ScienceEducationInnovation/part_02/chunk_00/06_slide_timeline",
  "status": "completed",
  "input": {
    "video": "output/ScienceEducationInnovation/part_02/chunk_00/01_cut_chunk/artifacts/chunk_high.mp4",
    "subtitles": [
      {
        "index": 1,
        "start": 8.385,
        "end": 12.345,
        "text": "谢谢主持人的介绍，也谢谢各位领导、老师。"
      },
      {
        "index": 2,
        "start": 13.125,
        "end": 15.025,
        "text": "我是来自中国人民大学的谢旻辉。"
      },
      {
        "index": 3,
        "start": 15.425,
        "end": 20.61,
        "text": "我本次汇报的题目是面向推荐大模型的参数存储系统研究。"
      },
      {
        "index": 4,
        "start": 21.355,
        "end": 26.335,
        "text": "首先，对我的个人情况做一个简单的介绍。"
      },
      {
        "index": 5,
        "start": 26.755,
        "end": 36.255,
        "text": "我本科在南京大学就读，去年在清华大学计算机系陆游和舒继武老师的指导下获得博士学位，毕业后就职于中国人民大学。"
      },
      {
        "index": 6,
        "start": 37.955,
        "end": 45.295,
        "text": "也获得了一些奖项，包括ACM中国优秀博士学位论文奖、北京市青年人才托举工程，并承担了一系列企业项目。"
      },
      {
        "index": 7,
        "start": 45.295,
        "end": 49.135,
        "text": "我本人的研究方向主要是围绕机器学习系统。"
      },
      {
        "index": 8,
        "start": 49.295,
        "end": 59.07,
        "text": "具体而言，是存储系统和机器学习系统交叉的部分，主要从事面向Storage for AI的研究。"
      },
      {
        "index": 9,
        "start": 61.785,
        "end": 68.665,
        "text": "我们目前的工作主要围绕参数存储、向量存储和记忆存储三个层次展开。"
      },
      {
        "index": 10,
        "start": 69.025,
        "end": 77.905,
        "text": "我们认为，随着人工智能模型规模的增大，需要存储的参数也随之增多。"
      },
      {
        "index": 11,
        "start": 78.265,
        "end": 92.415,
        "text": "其次，人工智能模型看待世界万物的方式，是将其表达为向量。因此，向量也是我们需要考虑的关键组件。"
      },
      {
        "index": 12,
        "start": 92.755,
        "end": 107.975,
        "text": "第三是记忆存储。区别于聊天机器人，一个真正智能体的关键在于其是否拥有记忆。如果没有记忆，它只是一个简单的Chatbot。"
      },
      {
        "index": 13,
        "start": 108.195,
        "end": 120.915,
        "text": "因此，我们也会面向特定场景，研究面向LLM的记忆，包括RAG或参数化的记忆方案。"
      },
      {
        "index": 14,
        "start": 121.255,
        "end": 128.935,
        "text": "回到本次演讲的主题，我们主要针对推荐模型的参数存储，即刚才提到的最底层。"
      },
      {
        "index": 15,
        "start": 131.615,
        "end": 146.995,
        "text": "我们面临的现状是，当今互联网非常发达，每天都会产生海量的视频、微博、推特推文，以及抖音、快手的视频。"
      },
      {
        "index": 16,
        "start": 147.275,
        "end": 153.905,
        "text": "海量信息远超个人处理能力，因此推荐模型负责筛选信息并呈现给用户。"
      },
      {
        "index": 17,
        "start": 154.365,
        "end": 163.465,
        "text": "在Facebook的人工智能集群中，据统计，推荐模型在人工智能服务中的耗时占比已达到80%。"
      },
      {
        "index": 18,
        "start": 163.905,
        "end": 170.88,
        "text": "因此，推荐模型已成为现代数据中心人工智能服务的主要载体。"
      },
      {
        "index": 19,
        "start": 171.955,
        "end": 187.525,
        "text": "我们具体看一下推荐模型的结构。可以发现，它与传统的CV或NLP模型不同，其特点是拥有一个非常大的嵌入层，即Embedding层。"
      },
      {
        "index": 20,
        "start": 187.745,
        "end": 193.805,
        "text": "其中包含许多嵌入表，例如城市嵌入表、用户嵌入表和视频嵌入表。"
      },
      {
        "index": 21,
        "start": 194.245,
        "end": 207.06,
        "text": "这些嵌入表的作用是什么？在推荐模型中，其输入不像ResNet等模型那样是一张稠密的图，而是非常高维、稀疏的ID。"
      },
      {
        "index": 22,
        "start": 207.755,
        "end": 219.975,
        "text": "DNN难以处理高维稀疏的ID，因此使用嵌入表将其转换为低维稠密的向量。"
      },
      {
        "index": 23,
        "start": 219.975,
        "end": 230.775,
        "text": "在整个过程中，以视频ID为例，如果我最近观看了三个视频，就会对应地找出这三行，再输入到神经网络中。"
      },
      {
        "index": 24,
        "start": 231.195,
        "end": 236.795,
        "text": "稀疏参数这一部分并非计算密集型，而是访存密集型。"
      },
      {
        "index": 25,
        "start": 238.435,
        "end": 245.755,
        "text": "我们总结，当前推荐模型面临两方面的存储困境。第一，其参数量巨大。"
      },
      {
        "index": 26,
        "start": 246.675,
        "end": 255.415,
        "text": "由于ID交叉等技术，Embedding层的参数规模可达12万亿。"
      },
      {
        "index": 27,
        "start": 255.815,
        "end": 261.75,
        "text": "此外，广泛的工业实践也表明，模型精度依赖于参数量的提升。"
      },
      {
        "index": 28,
        "start": 262.555,
        "end": 271.415,
        "text": "第二是带宽墙。Embedding层涉及大量访存操作，而非计算操作。"
      },
      {
        "index": 29,
        "start": 271.655,
        "end": 282.055,
        "text": "根据阿里的一项统计，访存操作（即Embedding操作）占端到端模型时间的70%以上。"
      },
      {
        "index": 30,
        "start": 282.455,
        "end": 285.78,
        "text": "因此，这严重限制了算力的发挥。"
      },
      {
        "index": 31,
        "start": 286.815,
        "end": 295.995,
        "text": "受这两堵墙的叠加影响，以快手为例，其部署了上万台内存参数服务器，专门用于存储模型参数。"
      },
      {
        "index": 32,
        "start": 296.415,
        "end": 299.695,
        "text": "其硬件成本非常高昂，达到了十亿元级别。"
      },
      {
        "index": 33,
        "start": 300.775,
        "end": 307.74,
        "text": "综上所述，存储系统已成为制约推荐模型发展的核心因素。"
      },
      {
        "index": 34,
        "start": 310.005,
        "end": 317.355,
        "text": "幸运的是，随着硬件的发展，出现了不同层级的存储硬件。"
      },
      {
        "index": 35,
        "start": 317.355,
        "end": 328.405,
        "text": "例如，在性能层有HBM。HBM不仅被集成到GPU中并得到广泛应用，一些新一代CPU也集成了HBM。"
      },
      {
        "index": 36,
        "start": 328.405,
        "end": 331.835,
        "text": "我们可以将其用作缓存，以缓解带宽墙问题。"
      },
      {
        "index": 37,
        "start": 332.235,
        "end": 338.105,
        "text": "在容量层，则有持久性内存。其成本更低，可用于内存扩容。"
      },
      {
        "index": 38,
        "start": 338.465,
        "end": 344.359,
        "text": "从而打破容量墙。"
      },
      {
        "index": 39,
        "start": 344.359,
        "end": 348.019,
        "text": "那么，我们如何利用好这些硬件呢？"
      },
      {
        "index": 40,
        "start": 348.019,
        "end": 352.999,
        "text": "我们认为需要从算法、系统和硬件三个层面进行协同设计。"
      },
      {
        "index": 41,
        "start": 353.499,
        "end": 362.779,
        "text": "首先，在算法层面，我们需要设计一些感知硬件的算法，例如设计一些感知缓存的算法来提升缓存的命中率。"
      },
      {
        "index": 42,
        "start": 363.179,
        "end": 367.959,
        "text": "其次，在系统层面，我们需要设计一些感知算法的系统。"
      },
      {
        "index": 43,
        "start": 367.959,
        "end": 372.959,
        "text": "例如，我们可以设计一些感知参数重要性的系统来提升系统的性能。"
      },
      {
        "index": 44,
        "start": 373.419,
        "end": 378.179,
        "text": "最后，在硬件层面，我们需要设计一些感知系统的硬件。"
      },
      {
        "index": 45,
        "start": 378.179,
        "end": 382.999,
        "text": "例如，我们可以设计一些感知数据流的硬件来提升硬件的效率。"
      },
      {
        "index": 46,
        "start": 383.439,
        "end": 387.619,
        "text": "基于这个思路，我们开展了一系列的工作。"
      },
      {
        "index": 47,
        "start": 388.139,
        "end": 398.019,
        "text": "首先，在算法层面，我们设计了面向异构内存的参数放置算法；其次，在系统层面，我们设计了面向异构内存的参数存储系统；"
      },
      {
        "index": 48,
        "start": 398.439,
        "end": 403.119,
        "text": "最后，在硬件层面，我们设计了面向异构内存的参数访问硬件。"
      },
      {
        "index": 49,
        "start": 403.679,
        "end": 410.879,
        "text": "我们首先来看一下算法层面的工作，也就是我们发表在OSDI 2022上的工作OptEmbed。"
      },
      {
        "index": 50,
        "start": 411.579,
        "end": 419.379,
        "text": "我们刚才提到，推荐模型的参数具有非常强的访问倾斜性，因此我们可以利用这种倾斜性来做缓存。"
      },
      {
        "index": 51,
        "start": 419.819,
        "end": 427.419,
        "text": "但是，缓存面临一个问题，即缓存替换。当缓存满了之后，我们需要决定淘汰哪些参数。"
      },
      {
        "index": 52,
        "start": 427.919,
        "end": 436.699,
        "text": "传统的缓存替换算法，例如LRU，它只考虑了参数的访问频率，而没有考虑参数的重要性。"
      },
      {
        "index": 53,
        "start": 437.219,
        "end": 445.199,
        "text": "例如，一个参数虽然访问频率很高，但它对模型精度的影响可能很小，因此我们不应该将它缓存。"
      },
      {
        "index": 54,
        "start": 445.729,
        "end": 455.399,
        "text": "因此，我们提出了一种新的缓存替换算法，叫做OptEmbed。它同时考虑了参数的访问频率和重要性。"
      },
      {
        "index": 55,
        "start": 455.859,
        "end": 464.559,
        "text": "具体来说，我们会给每个参数计算一个分数，这个分数是它的访问频率和重要性的一个加权和。"
      },
      {
        "index": 56,
        "start": 465.009,
        "end": 468.939,
        "text": "然后，我们会优先淘汰分数最低的参数。"
      },
      {
        "index": 57,
        "start": 469.439,
        "end": 478.819,
        "text": "通过这种方式，我们可以保证缓存中的参数都是对模型精度影响比较大的参数，从而在保证模型精度的前提下，提升缓存的命中率。"
      },
      {
        "index": 58,
        "start": 479.329,
        "end": 484.399,
        "text": "我们在实验中也验证了OptEmbed的有效性。"
      },
      {
        "index": 59,
        "start": 484.399,
        "end": 491.539,
        "text": "可以看到，相比于LRU，OptEmbed可以将缓存的命中率提升10%以上，同时模型的精度也没有明显的下降。"
      },
      {
        "index": 60,
        "start": 492.419,
        "end": 497.819,
        "text": "接下来，我们看一下系统层面的工作，也就是我们发表在SC 2022上的工作Fluid。"
      },
      {
        "index": 61,
        "start": 498.529,
        "end": 506.899,
        "text": "我们知道，推荐模型的参数是存储在参数服务器上的，而参数服务器通常是采用分布式的方式来部署的。"
      },
      {
        "index": 62,
        "start": 507.419,
        "end": 512.019,
        "text": "因此，我们需要设计一个分布式的参数存储系统。"
      },
      {
        "index": 63,
        "start": 512.499,
        "end": 516.419,
        "text": "我们提出了一个叫做Fluid的系统。"
      },
      {
        "index": 64,
        "start": 516.419,
        "end": 525.119,
        "text": "Fluid是一个分层的参数存储系统，它将参数分为热点参数、温点参数和冷点参数。"
      },
      {
        "index": 65,
        "start": 525.589,
        "end": 532.199,
        "text": "热点参数存储在HBM中，温点参数存储在DRAM中，冷点参数存储在SSD中。"
      },
      {
        "index": 66,
        "start": 532.659,
        "end": 537.519,
        "text": "通过这种方式，我们可以实现一个比较好的性能和成本的折中。"
      },
      {
        "index": 67,
        "start": 538.019,
        "end": 542.159,
        "text": "同时，Fluid还提供了一些高级的功能。"
      },
      {
        "index": 68,
        "start": 542.159,
        "end": 546.179,
        "text": "比如说，它支持参数的动态迁移。"
      },
      {
        "index": 69,
        "start": 546.179,
        "end": 551.359,
        "text": "当一个参数的热度发生变化时，Fluid会自动地将其迁移到合适的存储层。"
      },
      {
        "index": 70,
        "start": 551.819,
        "end": 556.039,
        "text": "此外，Fluid还支持参数的快照和恢复。"
      },
      {
        "index": 71,
        "start": 556.039,
        "end": 560.359,
        "text": "当系统发生故障时，我们可以快速地将参数恢复到之前的状态。"
      },
      {
        "index": 72,
        "start": 560.839,
        "end": 565.119,
        "text": "我们在实验中也验证了Fluid的有效性。"
      },
      {
        "index": 73,
        "start": 565.119,
        "end": 572.519,
        "text": "可以看到，相比于传统的参数服务器，Fluid可以将系统的吞吐量提升2倍以上，同时系统的成本也降低了50%以上。"
      },
      {
        "index": 74,
        "start": 573.379,
        "end": 580.239,
        "text": "最后，我们看一下硬件层面的工作，也就是我们发表在MICRO 2022上的工作Smart-Prefetcher。"
      },
      {
        "index": 75,
        "start": 580.849,
        "end": 586.279,
        "text": "我们知道，推荐模型的参数访问具有很强的局部性。"
      },
      {
        "index": 76,
        "start": 586.279,
        "end": 590.639,
        "text": "例如，一个用户可能会连续访问多个相关的视频。"
      },
      {
        "index": 77,
        "start": 591.079,
        "end": 597.239,
        "text": "因此，我们可以利用这种局部性，将相关的参数预取到缓存中，从而提升缓存的命中率。"
      },
      {
        "index": 78,
        "start": 597.719,
        "end": 3602.839,
        "text": "但是，传统的预取方法并不适用于推荐模型的场景。"
      },
      {
        "index": 79,
        "start": 3602.839,
        "end": 3607.319,
        "text": "因为推荐模型的参数访问模式是动态变化的。"
      },
      {
        "index": 80,
        "start": 3607.319,
        "end": 3611.919,
        "text": "例如，一个用户的兴趣可能会随着时间的推移而发生变化。"
      },
      {
        "index": 81,
        "start": 3612.399,
        "end": 3617.519,
        "text": "因此，我们需要设计一个能够自适应地调整预取策略的硬件。"
      },
      {
        "index": 82,
        "start": 3618.019,
        "end": 3622.119,
        "text": "我们提出了一个叫做Smart-Prefetcher的硬件。"
      },
      {
        "index": 83,
        "start": 3622.119,
        "end": 3629.279,
        "text": "Smart-Prefetcher可以根据参数的访问历史，动态地学习参数之间的关联关系，然后根据学习到的关联关系来预取相关的参数。"
      },
      {
        "index": 84,
        "start": 3629.759,
        "end": 3633.919,
        "text": "通过这种方式，我们可以有效地提升缓存的命中率。"
      },
      {
        "index": 85,
        "start": 3634.399,
        "end": 3638.719,
        "text": "我们在实验中也验证了Smart-Prefetcher的有效性。"
      },
      {
        "index": 86,
        "start": 3638.719,
        "end": 3646.199,
        "text": "可以看到，相比于传统的预取方法，Smart-Prefetcher可以将缓存的命中率提升20%以上，同时系统的性能也得到了显著的提升。"
      },
      {
        "index": 87,
        "start": 3647.029,
        "end": 3656.349,
        "text": "总结一下，我们从算法、系统和硬件三个层面，提出了一系列面向推荐大模型的参数存储优化方法。"
      },
      {
        "index": 88,
        "start": 3656.789,
        "end": 3662.269,
        "text": "这些方法可以有效地解决推荐模型面临的存储困境，从而提升推荐模型的性能和效率。"
      },
      {
        "index": 89,
        "start": 3662.949,
        "end": 3667.389,
        "text": "未来，我们还将继续探索更多的优化方法。"
      },
      {
        "index": 90,
        "start": 3667.389,
        "end": 3671.829,
        "text": "例如，我们可以将我们的方法应用到其他的机器学习模型中。"
      },
      {
        "index": 91,
        "start": 3671.829,
        "end": 3678.869,
        "text": "此外，我们还可以探索如何利用新型的存储硬件，例如相变存储器，来进一步提升系统的性能。"
      },
      {
        "index": 92,
        "start": 3679.489,
        "end": 3682.229,
        "text": "我的汇报就到这里，谢谢大家。"
      }
    ],
    "duration": 1470.7399999999998,
    "chunk_label": "part_02/chunk_00"
  },
  "output": {
    "video": "output/ScienceEducationInnovation/part_02/chunk_00/01_cut_chunk/artifacts/chunk_high.mp4",
    "slides": [
      {
        "id": "slide_001",
        "timestamp": "00:00:01,000",
        "second_offset": 1.0,
        "end_second": 24.9,
        "title": "面向推荐大模型的参数存储系统研究 汇报人：谢旻辉",
        "kind": "slide",
        "notes": ""
      },
      {
        "id": "slide_002",
        "timestamp": "00:00:26,000",
        "second_offset": 26.0,
        "end_second": 58.9,
        "title": "自我介绍 教育背景与研究兴趣",
        "kind": "slide",
        "notes": ""
      },
      {
        "id": "slide_003",
        "timestamp": "00:01:00,000",
        "second_offset": 60.0,
        "end_second": 118.9,
        "title": "工作总览 参数存储、向量存储、记忆存储",
        "kind": "slide",
        "notes": ""
      },
      {
        "id": "slide_004",
        "timestamp": "00:02:00,000",
        "second_offset": 120.0,
        "end_second": 170.9,
        "title": "研究背景：应用需求 信息过载与推荐系统",
        "kind": "slide",
        "notes": ""
      },
      {
        "id": "slide_005",
        "timestamp": "00:02:52,000",
        "second_offset": 172.0,
        "end_second": 236.9,
        "title": "研究背景：推荐模型结构 Embedding层与稀疏参数",
        "kind": "slide",
        "notes": ""
      },
      {
        "id": "slide_006",
        "timestamp": "00:03:58,000",
        "second_offset": 238.0,
        "end_second": 285.9,
        "title": "研究背景：推荐模型的存储困境 容量墙与带宽墙",
        "kind": "slide",
        "notes": ""
      },
      {
        "id": "slide_007",
        "timestamp": "00:04:47,000",
        "second_offset": 287.0,
        "end_second": 308.9,
        "title": "存储系统成为核心因素 制约推荐模型发展的瓶颈",
        "kind": "slide",
        "notes": ""
      },
      {
        "id": "slide_008",
        "timestamp": "00:05:10,000",
        "second_offset": 310.0,
        "end_second": 351.9,
        "title": "研究背景：硬件趋势 存储层级：SRAM, DRAM, PM, SSD",
        "kind": "slide",
        "notes": ""
      },
      {
        "id": "slide_009",
        "timestamp": "00:05:53,000",
        "second_offset": 353.0,
        "end_second": 388.9,
        "title": "关键问题：GPU片上内存层 软硬交互效率低",
        "kind": "slide",
        "notes": ""
      },
      {
        "id": "slide_010",
        "timestamp": "00:06:30,000",
        "second_offset": 390.0,
        "end_second": 420.9,
        "title": "关键问题：PM层 介质性能难发挥",
        "kind": "slide",
        "notes": ""
      },
      {
        "id": "slide_011",
        "timestamp": "00:07:02,000",
        "second_offset": 422.0,
        "end_second": 465.9,
        "title": "关键问题：SSD层 读放大现象严重",
        "kind": "slide",
        "notes": ""
      },
      {
        "id": "slide_012",
        "timestamp": "00:07:47,000",
        "second_offset": 467.0,
        "end_second": 481.9,
        "title": "核心想法 针对各层级的解决方案概览",
        "kind": "slide",
        "notes": ""
      },
      {
        "id": "slide_013",
        "timestamp": "00:08:03,000",
        "second_offset": 483.0,
        "end_second": 487.9,
        "title": "报告目录 02 GPU层参数存储",
        "kind": "slide",
        "notes": ""
      },
      {
        "id": "slide_014",
        "timestamp": "00:08:09,000",
        "second_offset": 489.0,
        "end_second": 508.9,
        "title": "Fleche - 研究动机 现有GPU稀疏参数存储系统软硬交互开销大",
        "kind": "slide",
        "notes": ""
      },
      {
        "id": "slide_015",
        "timestamp": "00:08:30,000",
        "second_offset": 510.0,
        "end_second": 564.9,
        "title": "静态每表缓存策略的问题 产生大量零碎小kernel",
        "kind": "slide",
        "notes": ""
      },
      {
        "id": "slide_016",
        "timestamp": "00:09:26,000",
        "second_offset": 566.0,
        "end_second": 601.9,
        "title": "Fleche - 核心想法 查询融合：小kernel调用来自同一函数",
        "kind": "slide",
        "notes": ""
      },
      {
        "id": "slide_017",
        "timestamp": "00:10:03,000",
        "second_offset": 603.0,
        "end_second": 660.9,
        "title": "Fleche - 关键技术 自识别kernel融合方法",
        "kind": "slide",
        "notes": ""
      },
      {
        "id": "slide_018",
        "timestamp": "00:11:02,000",
        "second_offset": 662.0,
        "end_second": 673.9,
        "title": "Fleche - 性能评估 吞吐率提升与延迟降低",
        "kind": "slide",
        "notes": ""
      },
      {
        "id": "slide_019",
        "timestamp": "00:11:15,000",
        "second_offset": 675.0,
        "end_second": 683.9,
        "title": "Fleche - 小结 查询融合解决软硬交互开销",
        "kind": "slide",
        "notes": ""
      },
      {
        "id": "slide_020",
        "timestamp": "00:11:25,000",
        "second_offset": 685.0,
        "end_second": 686.9,
        "title": "报告目录 03 PM层参数存储",
        "kind": "slide",
        "notes": ""
      },
      {
        "id": "slide_021",
        "timestamp": "00:11:28,000",
        "second_offset": 688.0,
        "end_second": 724.9,
        "title": "PetPS - 研究动机 PM高延迟导致CPU瓶颈",
        "kind": "slide",
        "notes": ""
      },
      {
        "id": "slide_022",
        "timestamp": "00:12:06,000",
        "second_offset": 726.0,
        "end_second": 748.9,
        "title": "PetPS - 核心想法 利用网卡DMA引擎",
        "kind": "slide",
        "notes": ""
      },
      {
        "id": "slide_023",
        "timestamp": "00:12:30,000",
        "second_offset": 750.0,
        "end_second": 784.9,
        "title": "PetPS - 核心想法示意图 scatter-gather DMA功能",
        "kind": "slide",
        "notes": ""
      },
      {
        "id": "slide_024",
        "timestamp": "00:13:06,000",
        "second_offset": 786.0,
        "end_second": 823.9,
        "title": "PetPS - 关键技术：网卡聚集机制 卸载聚集操作至网卡",
        "kind": "slide",
        "notes": ""
      },
      {
        "id": "slide_025",
        "timestamp": "00:13:45,000",
        "second_offset": 825.0,
        "end_second": 845.9,
        "title": "PetPS - 关键技术：参数一致性维护 问题：参数更新与DMA读取冲突",
        "kind": "slide",
        "notes": ""
      },
      {
        "id": "slide_026",
        "timestamp": "00:14:07,000",
        "second_offset": 847.0,
        "end_second": 860.9,
        "title": "PetPS - 关键技术：参数一致性维护 写时拷贝与基于epoch-list的空间回收",
        "kind": "slide",
        "notes": ""
      },
      {
        "id": "slide_027",
        "timestamp": "00:14:22,000",
        "second_offset": 862.0,
        "end_second": 887.9,
        "title": "PetPS - 整体性能 端到端吞吐率与DRAM系统对比",
        "kind": "slide",
        "notes": ""
      },
      {
        "id": "slide_028",
        "timestamp": "00:14:49,000",
        "second_offset": 889.0,
        "end_second": 903.9,
        "title": "PetPS - 小结 利用网卡DMA规避PM高延迟",
        "kind": "slide",
        "notes": ""
      },
      {
        "id": "slide_029",
        "timestamp": "00:15:05,000",
        "second_offset": 905.0,
        "end_second": 906.9,
        "title": "报告目录 04 SSD层参数存储",
        "kind": "slide",
        "notes": ""
      },
      {
        "id": "slide_030",
        "timestamp": "00:15:08,000",
        "second_offset": 908.0,
        "end_second": 947.9,
        "title": "MaxEmbed - 研究动机 SSD读放大现象严重",
        "kind": "slide",
        "notes": ""
      },
      {
        "id": "slide_031",
        "timestamp": "00:15:49,000",
        "second_offset": 949.0,
        "end_second": 960.9,
        "title": "现有工作：超图划分 仅为一个参数捕获一个共现关系",
        "kind": "slide",
        "notes": ""
      },
      {
        "id": "slide_032",
        "timestamp": "00:16:02,000",
        "second_offset": 962.0,
        "end_second": 996.9,
        "title": "超图划分的局限性 一个节点仅存在于一个子图中",
        "kind": "slide",
        "notes": ""
      },
      {
        "id": "slide_033",
        "timestamp": "00:16:38,000",
        "second_offset": 998.0,
        "end_second": 1052.9,
        "title": "热点参数存在于多个共现关系中 多公开数据集观测结果",
        "kind": "slide",
        "notes": ""
      },
      {
        "id": "slide_034",
        "timestamp": "00:17:34,000",
        "second_offset": 1054.0,
        "end_second": 1083.9,
        "title": "MaxEmbed - 核心想法 选择性副本热点参数",
        "kind": "slide",
        "notes": ""
      },
      {
        "id": "slide_035",
        "timestamp": "00:18:05,000",
        "second_offset": 1085.0,
        "end_second": 1145.9,
        "title": "MaxEmbed - 核心想法 选择哪些参数组合关系副本？",
        "kind": "slide",
        "notes": ""
      },
      {
        "id": "slide_036",
        "timestamp": "00:19:07,000",
        "second_offset": 1147.0,
        "end_second": 1159.9,
        "title": "MaxEmbed - 实验结果 有效带宽提升",
        "kind": "slide",
        "notes": ""
      },
      {
        "id": "slide_037",
        "timestamp": "00:19:21,000",
        "second_offset": 1161.0,
        "end_second": 1168.9,
        "title": "MaxEmbed - 小结 热点参数多副本的选择性复制",
        "kind": "slide",
        "notes": ""
      },
      {
        "id": "slide_038",
        "timestamp": "00:19:30,000",
        "second_offset": 1170.0,
        "end_second": 1184.9,
        "title": "框架研发 - RecStore 通用、高效、低成本的稀疏参数存储系统",
        "kind": "slide",
        "notes": ""
      },
      {
        "id": "slide_039",
        "timestamp": "00:19:46,000",
        "second_offset": 1186.0,
        "end_second": 1200.9,
        "title": "研究工作影响 核心设计被阿里、快手等采用",
        "kind": "slide",
        "notes": ""
      },
      {
        "id": "slide_040",
        "timestamp": "00:20:02,000",
        "second_offset": 1202.0,
        "end_second": 1210.9,
        "title": "未来展望：生成式推荐大模型 基于LLM架构的生成式推荐",
        "kind": "slide",
        "notes": ""
      },
      {
        "id": "slide_041",
        "timestamp": "00:20:12,000",
        "second_offset": 1212.0,
        "end_second": 1219.9,
        "title": "生成式推荐大模型结构 大稀疏+大稠密",
        "kind": "slide",
        "notes": ""
      },
      {
        "id": "slide_042",
        "timestamp": "00:20:21,000",
        "second_offset": 1221.0,
        "end_second": 1244.9,
        "title": "GR为系统研究带来的机遇 算力门槛、以存代算、存储带宽需求",
        "kind": "slide",
        "notes": ""
      },
      {
        "id": "slide_043",
        "timestamp": "00:20:46,000",
        "second_offset": 1246.0,
        "end_second": 1459.0,
        "title": "总结 多层次参数存储系统的挑战与解题思路",
        "kind": "slide",
        "notes": ""
      },
      {
        "id": "slide_044",
        "timestamp": "00:24:20,000",
        "second_offset": 1460.0,
        "end_second": 1470.7399999999998,
        "title": "人工智能端到端的复杂攻击检测技术研究 汇报人：李玎",
        "kind": "slide",
        "notes": ""
      }
    ],
    "srt_path": "output/ScienceEducationInnovation/part_02/chunk_00/06_slide_timeline/artifacts/slide_timeline.srt"
  },
  "artifacts": [
    "output/ScienceEducationInnovation/part_02/chunk_00/06_slide_timeline/artifacts/slide_timeline.srt"
  ],
  "metadata": {
    "slides": 44,
    "rounds": 1,
    "llm_video": "output/ScienceEducationInnovation/part_02/chunk_00/02_downscale/artifacts/chunk_low.mp4",
    "rerun_threshold_ratio": 0.6666666667,
    "reran": false,
    "confirm_asked": false,
    "confirm_token_seen": false,
    "confirmed_no_more": false,
    "covered_seconds": 1470.7399999999998,
    "duration_seconds": 1470.7399999999998
  },
  "trace_id": "85652532-29c4-4044-967f-298b1ba2476b",
  "duration_ms": 100680,
  "started_at": "2025-12-17T10:48:47.212215",
  "completed_at": "2025-12-17T02:50:27.897561",
  "step_config": {
    "model": "gemini-3-pro-preview",
    "temperature": 0.2,
    "prompt_file": "/Users/lichuan/Codes/TalkDistill/config/prompts/slide_timeline.md"
  },
  "dependencies": [
    "subtitle_align"
  ]
}