{
  "address": "ScienceEducationInnovation/part_02/chunk_00/07_capture_frame/slide_025",
  "status": "completed",
  "input": {
    "video": "output/ScienceEducationInnovation/part_02/chunk_00/01_cut_chunk/artifacts/chunk_high.mp4",
    "timestamp": "00:13:49.180",
    "frame_id": "slide_025",
    "output_ext": ".png"
  },
  "output": "output/ScienceEducationInnovation/part_02/chunk_00/07_capture_frame/slide_025/artifacts/slide_025.png",
  "artifacts": [
    "output/ScienceEducationInnovation/part_02/chunk_00/07_capture_frame/slide_025/artifacts/slide_025.png"
  ],
  "metadata": {
    "timestamp": "00:13:49.180",
    "frame_id": "slide_025",
    "ffmpeg": "/opt/homebrew/bin/ffmpeg"
  },
  "trace_id": null,
  "duration_ms": 3001,
  "started_at": "2025-12-17T10:50:27.899824",
  "completed_at": "2025-12-17T02:50:30.902985",
  "step_config": {},
  "dependencies": [
    "slide_timeline"
  ]
}