{
  "address": "ai_session/part_04/chunk_00/09_apply_crop/slide_005",
  "status": "completed",
  "input": {
    "image_path": "output/ai_session/part_04/chunk_00/07_capture_frame/slide_005/artifacts/slide_005.png",
    "crop_region": {
      "x": 230,
      "y": 100,
      "width": 1049,
      "height": 619
    }
  },
  "output": "output/ai_session/part_04/chunk_00/09_apply_crop/slide_005/artifacts/slide_005.png",
  "artifacts": [
    "output/ai_session/part_04/chunk_00/09_apply_crop/slide_005/artifacts/slide_005.png"
  ],
  "metadata": {
    "source": "output/ai_session/part_04/chunk_00/07_capture_frame/slide_005/artifacts/slide_005.png",
    "applied": true,
    "crop_region": {
      "x": 230,
      "y": 100,
      "width": 1049,
      "height": 619
    },
    "size": {
      "width": 1049,
      "height": 619
    }
  },
  "trace_id": null,
  "duration_ms": 203,
  "started_at": "2025-12-15T17:52:40.834097",
  "completed_at": "2025-12-15T09:52:41.042286",
  "step_config": {},
  "dependencies": [
    "capture_frame",
    "crop_decision"
  ]
}