{
  "address": "ScienceEducationInnovation/part_04/chunk_00/07_capture_frame/slide_003",
  "status": "completed",
  "input": {
    "video": "output/ScienceEducationInnovation/part_04/chunk_00/01_cut_chunk/artifacts/chunk_high.mp4",
    "timestamp": "00:01:22.100",
    "frame_id": "slide_003",
    "output_ext": ".png"
  },
  "output": "output/ScienceEducationInnovation/part_04/chunk_00/07_capture_frame/slide_003/artifacts/slide_003.png",
  "artifacts": [
    "output/ScienceEducationInnovation/part_04/chunk_00/07_capture_frame/slide_003/artifacts/slide_003.png"
  ],
  "metadata": {
    "timestamp": "00:01:22.100",
    "frame_id": "slide_003",
    "ffmpeg": "/opt/homebrew/bin/ffmpeg"
  },
  "trace_id": null,
  "duration_ms": 461,
  "started_at": "2025-12-21T23:17:27.051813",
  "completed_at": "2025-12-21T15:17:27.514260",
  "step_config": {},
  "dependencies": [
    "slide_timeline"
  ]
}