{
  "address": "ai_session/part_11/chunk_00/07_capture_frame/slide_011",
  "status": "completed",
  "input": {
    "video": "output/ai_session/part_11/chunk_00/01_cut_chunk/artifacts/chunk_high.mp4",
    "timestamp": "00:08:06.400",
    "frame_id": "slide_011",
    "output_ext": ".png"
  },
  "output": "output/ai_session/part_11/chunk_00/07_capture_frame/slide_011/artifacts/slide_011.png",
  "artifacts": [
    "output/ai_session/part_11/chunk_00/07_capture_frame/slide_011/artifacts/slide_011.png"
  ],
  "metadata": {
    "timestamp": "00:08:06.400",
    "frame_id": "slide_011",
    "ffmpeg": "/opt/homebrew/bin/ffmpeg"
  },
  "trace_id": null,
  "duration_ms": 1289,
  "started_at": "2025-12-16T01:34:13.738290",
  "completed_at": "2025-12-15T17:34:15.028714",
  "step_config": {},
  "dependencies": [
    "slide_timeline"
  ]
}