{
  "address": "ai_session/part_03/chunk_00/03_srt_slice",
  "status": "completed",
  "input": {
    "global_srt": "output/ai_session/part_-01/chunk_-01/00_global_funasr/artifacts/global.srt",
    "start_ms": 3529920.0,
    "end_ms": 4619730.0,
    "output_name": "chunk_baseline.srt"
  },
  "output": [
    {
      "index": 1,
      "start": 0,
      "end": 4.34,
      "text": "那么下面有请我们那个 nara 这个的工程师刘新良先生，"
    },
    {
      "index": 2,
      "start": 4.34,
      "end": 11.01,
      "text": "给我们带来就是 FSML storage 二点零的性能评测与调优的分享。"
    },
    {
      "index": 3,
      "start": 11.21,
      "end": 18.18,
      "text": "欢大家欢迎大家上午好啊，"
    },
    {
      "index": 4,
      "start": 18.34,
      "end": 20.22,
      "text": "我是来自林郎导的刘新良。"
    },
    {
      "index": 5,
      "start": 20.22,
      "end": 20.46,
      "text": "啊，"
    },
    {
      "index": 6,
      "start": 20.48,
      "end": 30.655,
      "text": "今天给大家分享的主题是这个促使呃 FS 呃 l perf storage v 二点零的性能测评与调优。"
    },
    {
      "index": 7,
      "start": 33.83,
      "end": 34.07,
      "text": "嗯，"
    },
    {
      "index": 8,
      "start": 34.57,
      "end": 37.59,
      "text": "今天分享的内容主要分为以下这几部分，"
    },
    {
      "index": 9,
      "start": 37.85,
      "end": 39.31,
      "text": "首先是一个介绍。"
    },
    {
      "index": 10,
      "start": 39.55,
      "end": 42.945,
      "text": "第二部分是呃测试与就分析，"
    },
    {
      "index": 11,
      "start": 43.68,
      "end": 45.185,
      "text": "然后最后来来一个总结。"
    },
    {
      "index": 12,
      "start": 48.1,
      "end": 51.24,
      "text": "那么呃我们首先介绍一下那个注释注释 FS，"
    },
    {
      "index": 13,
      "start": 51.36,
      "end": 52.36,
      "text": "它是什么东西呢？"
    },
    {
      "index": 14,
      "start": 52.66,
      "end": 52.9,
      "text": "呃，"
    },
    {
      "index": 15,
      "start": 52.92,
      "end": 60.36,
      "text": "它是一个呃呃就是一条开源的一个一个一个高性能的一个基对象存储的一个低成本的一个分布式的文件系统。"
    },
    {
      "index": 16,
      "start": 60.36,
      "end": 64.655,
      "text": "它是现在可能呃流行用的比较多的一个 AI 一个文件系统。"
    },
    {
      "index": 17,
      "start": 65.81,
      "end": 68.09,
      "text": "然后它的特性主要其实有这些哈，"
    },
    {
      "index": 18,
      "start": 68.09,
      "end": 69.55,
      "text": "有就是 poo poses，"
    },
    {
      "index": 19,
      "start": 69.59,
      "end": 71.17,
      "text": "还有大数据呃，"
    },
    {
      "index": 20,
      "start": 71.19,
      "end": 73.31,
      "text": "就是大数据的 java SDK，"
    },
    {
      "index": 21,
      "start": 73.31,
      "end": 74.63,
      "text": "还有那个 python 的 SDK，"
    },
    {
      "index": 22,
      "start": 74.63,
      "end": 76.45,
      "text": "还有 s 三的这种接口的兼容性。"
    },
    {
      "index": 23,
      "start": 78.31,
      "end": 81.23,
      "text": "然后它的呃企业版本其实还有更多的特性，"
    },
    {
      "index": 24,
      "start": 81.23,
      "end": 86.655,
      "text": "比如有一个呃分布式的一个呃 data catch。"
    },
    {
      "index": 25,
      "start": 88.16,
      "end": 88.4,
      "text": "呃，"
    },
    {
      "index": 26,
      "start": 88.46,
      "end": 92.225,
      "text": "那么它更多用于这个云云延伸的一个环境下的哈。"
    },
    {
      "index": 27,
      "start": 93.12,
      "end": 96.74,
      "text": "应用景的话呃主要是 AI 训练啊、"
    },
    {
      "index": 28,
      "start": 96.76,
      "end": 97.26,
      "text": "推理啊，"
    },
    {
      "index": 29,
      "start": 97.26,
      "end": 97.9,
      "text": "有大数据啊，"
    },
    {
      "index": 30,
      "start": 97.9,
      "end": 101.6,
      "text": "这些哈跟他有类似的一些呃文件系统，"
    },
    {
      "index": 31,
      "start": 101.6,
      "end": 103.0,
      "text": "其实有阿 lose IO，"
    },
    {
      "index": 32,
      "start": 103.0,
      "end": 104.425,
      "text": "还有这个 s 三 FS。"
    },
    {
      "index": 33,
      "start": 105.45,
      "end": 106.59,
      "text": "嗯嗯，"
    },
    {
      "index": 34,
      "start": 106.67,
      "end": 108.27,
      "text": "可以看一下右边那个图哈，"
    },
    {
      "index": 35,
      "start": 108.27,
      "end": 108.85,
      "text": "再讲一下，"
    },
    {
      "index": 36,
      "start": 108.85,
      "end": 115.985,
      "text": "就是它是一个典型的一个嗯原数据跟呃文件 data 就是分离的一个架构哈。"
    },
    {
      "index": 37,
      "start": 116.66,
      "end": 118.3,
      "text": "然后上面这个大框盖，"
    },
    {
      "index": 38,
      "start": 118.3,
      "end": 118.78,
      "text": "是的，"
    },
    {
      "index": 39,
      "start": 118.98,
      "end": 120.16,
      "text": "就是计算节点上。"
    },
    {
      "index": 40,
      "start": 120.42,
      "end": 123.44,
      "text": "所以你大家看到它其实它的架构还是非常简单的。"
    },
    {
      "index": 41,
      "start": 123.64,
      "end": 126.4,
      "text": "因为因为你在于因为它这个架构，"
    },
    {
      "index": 42,
      "start": 126.48,
      "end": 131.22,
      "text": "它可以呃数据库可以呃嗯就是设备很多很多是吧？"
    },
    {
      "index": 43,
      "start": 131.64,
      "end": 135.92,
      "text": "然后嗯文件存储它也可以适备很多很多的那个推象存储。"
    },
    {
      "index": 44,
      "start": 136.08,
      "end": 139.26,
      "text": "这就说明我可以复用已有的一些呃数据库，"
    },
    {
      "index": 45,
      "start": 139.28,
      "end": 141.06,
      "text": "还有那个对象存储的这种。"
    },
    {
      "index": 46,
      "start": 141.06,
      "end": 141.3,
      "text": "呃，"
    },
    {
      "index": 47,
      "start": 141.48,
      "end": 143.62,
      "text": "尤其你在云云的环境上使用起来，"
    },
    {
      "index": 48,
      "start": 143.62,
      "end": 147.895,
      "text": "其实你会发现它是非常非常好用哈简单的一个架构。"
    },
    {
      "index": 49,
      "start": 150.45,
      "end": 150.69,
      "text": "呃，"
    },
    {
      "index": 50,
      "start": 150.69,
      "end": 154.21,
      "text": "那么那么为什什么是那个 airperof storage 呢？"
    },
    {
      "index": 51,
      "start": 154.23,
      "end": 155.995,
      "text": "这个这个东西是什么东西呢？"
    },
    {
      "index": 52,
      "start": 157.48,
      "end": 161.78,
      "text": "让 perf storgy 是其实是一个全球权威的一个 AI 工程联盟。"
    },
    {
      "index": 53,
      "start": 161.98,
      "end": 167.215,
      "text": "然后 comments 呢开发一个 l 我们幺幺存储变成 mark。"
    },
    {
      "index": 54,
      "start": 168.29,
      "end": 169.81,
      "text": "那其他他们开发的编程，"
    },
    {
      "index": 55,
      "start": 169.81,
      "end": 170.13,
      "text": "mark，"
    },
    {
      "index": 56,
      "start": 170.13,
      "end": 171.97,
      "text": "其实还有那个自动驾驶，"
    },
    {
      "index": 57,
      "start": 171.99,
      "end": 173.07,
      "text": "还有 training 啊，"
    },
    {
      "index": 58,
      "start": 173.07,
      "end": 174.51,
      "text": "还有推理啊，"
    },
    {
      "index": 59,
      "start": 174.51,
      "end": 175.55,
      "text": "还有的安全的。"
    },
    {
      "index": 60,
      "start": 175.55,
      "end": 178.01,
      "text": "其实他他是专门做 AI 这个编程，"
    },
    {
      "index": 61,
      "start": 178.01,
      "end": 180.35,
      "text": "mark 的一一个工程联盟一个权威的，"
    },
    {
      "index": 62,
      "start": 180.61,
      "end": 182.295,
      "text": "就他还是做的比较全的。"
    },
    {
      "index": 63,
      "start": 184.61,
      "end": 187.49,
      "text": "然后它的呃这个 stoge 的这个目的，"
    },
    {
      "index": 64,
      "start": 187.97,
      "end": 188.97,
      "text": "它是呃测点，"
    },
    {
      "index": 65,
      "start": 188.97,
      "end": 193.15,
      "text": "就是我们虽然领就是工作负载的存储方面的一个性能，"
    },
    {
      "index": 66,
      "start": 193.55,
      "end": 196.255,
      "text": "包括它呃数据社区，"
    },
    {
      "index": 67,
      "start": 197.64,
      "end": 198.54,
      "text": "还还有训练，"
    },
    {
      "index": 68,
      "start": 198.54,
      "end": 199.18,
      "text": "还有推理。"
    },
    {
      "index": 69,
      "start": 199.4,
      "end": 204.2,
      "text": "那目前呢它呃短期的目标就已经实际上就是训练哈。"
    },
    {
      "index": 70,
      "start": 204.2,
      "end": 205.88,
      "text": "中期的话它还有包括社区，"
    },
    {
      "index": 71,
      "start": 205.88,
      "end": 207.875,
      "text": "还有长期是还有推理。"
    },
    {
      "index": 72,
      "start": 209.09,
      "end": 211.05,
      "text": "那么为什么需要测量这个存储呢？"
    },
    {
      "index": 73,
      "start": 211.05,
      "end": 212.59,
      "text": "在 AAI 的环境中呢？"
    },
    {
      "index": 74,
      "start": 212.83,
      "end": 219.4,
      "text": "因为因为我们要了解就是呃机器学习的工作负载中存储的瓶颈是什么？"
    },
    {
      "index": 75,
      "start": 219.4,
      "end": 220.0,
      "text": "到底是什么？"
    },
    {
      "index": 76,
      "start": 220.0,
      "end": 220.36,
      "text": "是吧？"
    },
    {
      "index": 77,
      "start": 220.78,
      "end": 226.16,
      "text": "还有就是我们要帮助呃就是呃 AI 的从业相关人员做出比较明确的决策。"
    },
    {
      "index": 78,
      "start": 226.32,
      "end": 229.92,
      "text": "比如说我要嗯使用什么样的存储系统，"
    },
    {
      "index": 79,
      "start": 230.06,
      "end": 233.22,
      "text": "那我我的那个 GPU 大家知道 GPU 很贵嘛，"
    },
    {
      "index": 80,
      "start": 233.22,
      "end": 237.0,
      "text": "我他我才能达到他的 GP 利用率达到百分之九十以上是吧？"
    },
    {
      "index": 81,
      "start": 237.0,
      "end": 238.985,
      "text": "达到这个资源的有效利用。"
    },
    {
      "index": 82,
      "start": 239.9,
      "end": 242.4,
      "text": "那还有就是包括存呃存储厂厂商啊，"
    },
    {
      "index": 83,
      "start": 242.4,
      "end": 247.08,
      "text": "其实还有还有 AI 框架的框架的那些优化者哈，"
    },
    {
      "index": 84,
      "start": 247.1,
      "end": 249.275,
      "text": "就是各行各业 AI 相关的人哈，"
    },
    {
      "index": 85,
      "start": 249.9,
      "end": 253.485,
      "text": "来怎么来来针对 AI 的负载哈。"
    },
    {
      "index": 86,
      "start": 254.23,
      "end": 258.03,
      "text": "就是就是可能其实就是大家相互配合好是吧？"
    },
    {
      "index": 87,
      "start": 258.31,
      "end": 262.59,
      "text": "因为因为你存储可能跟他会配互相配合之间会会还是会有一点影响。"
    },
    {
      "index": 88,
      "start": 262.59,
      "end": 263.575,
      "text": "有些接口嘛是吧？"
    },
    {
      "index": 89,
      "start": 265.15,
      "end": 267.89,
      "text": "就是达到到大家互相配合，"
    },
    {
      "index": 90,
      "start": 267.89,
      "end": 270.77,
      "text": "然后达到最好整个系统最优化的一个一个状态。"
    },
    {
      "index": 91,
      "start": 270.91,
      "end": 271.59,
      "text": "这样子哈。"
    },
    {
      "index": 92,
      "start": 271.93,
      "end": 279.71,
      "text": "然后右边那个图也是一个简单的一个一一个它的那个 storgy 这个 pagchman 的一个框架是吧？"
    },
    {
      "index": 93,
      "start": 279.83,
      "end": 281.005,
      "text": "可以简单介绍一下。"
    },
    {
      "index": 94,
      "start": 282.16,
      "end": 287.06,
      "text": "那我们看 AI 其实的训练其实主要是从呃就是 data 数，"
    },
    {
      "index": 95,
      "start": 287.06,
      "end": 290.84,
      "text": "就是硬盘或者是存储读 data 数据集是吧？"
    },
    {
      "index": 96,
      "start": 290.84,
      "end": 293.14,
      "text": "然后漏到内存里面去，"
    },
    {
      "index": 97,
      "start": 293.14,
      "end": 297.96,
      "text": "当然那个内存里面去可能那可能会做一些呃就是训练前的一些呃处理，"
    },
    {
      "index": 98,
      "start": 297.96,
      "end": 300.3,
      "text": "是比如转换成什么张量是吧？"
    },
    {
      "index": 99,
      "start": 300.3,
      "end": 301.52,
      "text": "那这些东西哈，"
    },
    {
      "index": 100,
      "start": 301.52,
      "end": 303.98,
      "text": "然后再以 patch 的形式，"
    },
    {
      "index": 101,
      "start": 303.98,
      "end": 305.1,
      "text": "每就是每一轮一轮，"
    },
    {
      "index": 102,
      "start": 305.1,
      "end": 306.96,
      "text": "然后就往 GPU 那边来，"
    },
    {
      "index": 103,
      "start": 306.96,
      "end": 308.6,
      "text": "就是送数据据，"
    },
    {
      "index": 104,
      "start": 308.6,
      "end": 310.365,
      "text": "然然后是做训量是吧？"
    },
    {
      "index": 105,
      "start": 311.27,
      "end": 312.59,
      "text": "然后我们这个编程 mark，"
    },
    {
      "index": 106,
      "start": 312.59,
      "end": 314.85,
      "text": "其实大家了解是对于存储的时候，"
    },
    {
      "index": 107,
      "start": 314.85,
      "end": 317.31,
      "text": "它其实只是它跟它比较相关。"
    },
    {
      "index": 108,
      "start": 317.69,
      "end": 320.67,
      "text": "是吧其实主要是呃右边这一块大图哈。"
    },
    {
      "index": 109,
      "start": 321.03,
      "end": 322.97,
      "text": "然后哦其实主要是左边哈，"
    },
    {
      "index": 110,
      "start": 323.11,
      "end": 324.07,
      "text": "左边这块大图啊，"
    },
    {
      "index": 111,
      "start": 324.07,
      "end": 326.07,
      "text": "就数数据么么载载哈怎么转换，"
    },
    {
      "index": 112,
      "start": 326.19,
      "end": 328.71,
      "text": "然后怎怎么送给那个 GPU 那边是吧？"
    },
    {
      "index": 113,
      "start": 328.71,
      "end": 330.51,
      "text": "但 GPU 那边其实它怎么训练，"
    },
    {
      "index": 114,
      "start": 330.51,
      "end": 333.37,
      "text": "我们其实对数据来不不是那么关心。"
    },
    {
      "index": 115,
      "start": 333.79,
      "end": 335.55,
      "text": "所以我们做个编程 mark 的时候呢，"
    },
    {
      "index": 116,
      "start": 335.55,
      "end": 336.57,
      "text": "就可以简化一下，"
    },
    {
      "index": 117,
      "start": 336.57,
      "end": 337.89,
      "text": "就是 GPU 那边的训练。"
    },
    {
      "index": 118,
      "start": 338.07,
      "end": 339.81,
      "text": "因为我们通过实际测量，"
    },
    {
      "index": 119,
      "start": 339.81,
      "end": 342.08,
      "text": "就是发现就是测量出这个 GPU，"
    },
    {
      "index": 120,
      "start": 342.08,
      "end": 343.98,
      "text": "实际它运行的这个时间是吧？"
    },
    {
      "index": 121,
      "start": 343.98,
      "end": 344.96,
      "text": "训练时间是多少？"
    },
    {
      "index": 122,
      "start": 345.2,
      "end": 348.38,
      "text": "我们这个也可以简单的通过一个 sleeper 是吧？"
    },
    {
      "index": 123,
      "start": 348.42,
      "end": 349.98,
      "text": "睡眠的一个同样的时间，"
    },
    {
      "index": 124,
      "start": 349.98,
      "end": 353.42,
      "text": "来来模拟这个呃这个 AI 的那个训练的流程。"
    },
    {
      "index": 125,
      "start": 353.42,
      "end": 359.895,
      "text": "这样就很简化了那个编程慢的一个一个一个这个实现的一个工作了。"
    },
    {
      "index": 126,
      "start": 363.38,
      "end": 367.8,
      "text": "那么呃这个 v 二点零的话是呃目前最新的一个版本哈，"
    },
    {
      "index": 127,
      "start": 367.8,
      "end": 371.72,
      "text": "它大概支持哪些呃工作负载呢哈主要有这些哈，"
    },
    {
      "index": 128,
      "start": 371.72,
      "end": 376.18,
      "text": "有一些呃比如呃有有图像的是吧？"
    },
    {
      "index": 129,
      "start": 376.18,
      "end": 376.7,
      "text": "分割啊、"
    },
    {
      "index": 130,
      "start": 376.7,
      "end": 377.3,
      "text": "图像分啊、"
    },
    {
      "index": 131,
      "start": 377.3,
      "end": 377.98,
      "text": "分类啊哈，"
    },
    {
      "index": 132,
      "start": 378.62,
      "end": 384.26,
      "text": "还有还还有这个也还有沙星家的那个 check point，"
    },
    {
      "index": 133,
      "start": 384.28,
      "end": 385.08,
      "text": "check point 是吧？"
    },
    {
      "index": 134,
      "start": 385.56,
      "end": 391.8,
      "text": "这些其实都是 AI 训练中对存组系统啊可能哈就是各种各各种各样的 IL pattern 哈，"
    },
    {
      "index": 135,
      "start": 391.8,
      "end": 392.86,
      "text": "它都要模拟的。"
    },
    {
      "index": 136,
      "start": 392.86,
      "end": 394.36,
      "text": "大家可以看到各种的模型哈。"
    },
    {
      "index": 137,
      "start": 394.5,
      "end": 398.3,
      "text": "它它的 summer size 是是是是有各种各样的哈。"
    },
    {
      "index": 138,
      "start": 398.64,
      "end": 402.26,
      "text": "然后它它每一次读取的数据是吧，"
    },
    {
      "index": 139,
      "start": 402.26,
      "end": 403.98,
      "text": "它也是呃各种各样的。"
    },
    {
      "index": 140,
      "start": 404.28,
      "end": 407.52,
      "text": "所以他他的数据这些模拟的数据哈怎么设置？"
    },
    {
      "index": 141,
      "start": 407.74,
      "end": 412.42,
      "text": "它还是经过实际测量中的那个实际系统来测量出得出的数据。"
    },
    {
      "index": 142,
      "start": 412.5,
      "end": 416.955,
      "text": "所以它这么模拟还是还是就很符合 TL 实际的哈。"
    },
    {
      "index": 143,
      "start": 417.99,
      "end": 422.38,
      "text": "然后他可能会测量存储系统的不同的方面能力，"
    },
    {
      "index": 144,
      "start": 422.38,
      "end": 423.86,
      "text": "比如第一个可能会带宽，"
    },
    {
      "index": 145,
      "start": 423.98,
      "end": 425.28,
      "text": "还有还有 IOPS，"
    },
    {
      "index": 146,
      "start": 425.38,
      "end": 426.24,
      "text": "还有那个时延，"
    },
    {
      "index": 147,
      "start": 426.3,
      "end": 428.26,
      "text": "还有还有这这并并发能力。"
    },
    {
      "index": 148,
      "start": 428.26,
      "end": 429.88,
      "text": "还有这个 check point 的话，"
    },
    {
      "index": 149,
      "start": 429.9,
      "end": 432.38,
      "text": "可能就是上面的训练模型，"
    },
    {
      "index": 150,
      "start": 432.72,
      "end": 435.0,
      "text": "可能就是呃读数据就是读能力嘛。"
    },
    {
      "index": 151,
      "start": 435.28,
      "end": 437.16,
      "text": "上面的话 check point 的话可能要写，"
    },
    {
      "index": 152,
      "start": 437.52,
      "end": 440.135,
      "text": "还有这种超大文件的并发读写是吧？"
    },
    {
      "index": 153,
      "start": 448.03,
      "end": 448.27,
      "text": "好，"
    },
    {
      "index": 154,
      "start": 448.41,
      "end": 449.27,
      "text": "我们来看一下，"
    },
    {
      "index": 155,
      "start": 449.27,
      "end": 454.575,
      "text": "接下来就看一下从呃就是嗯从存储的角度角度来看是吧？"
    },
    {
      "index": 156,
      "start": 455.71,
      "end": 458.53,
      "text": "分布式的一个布式式训练是什么样子的。"
    },
    {
      "index": 157,
      "start": 458.53,
      "end": 462.39,
      "text": "就是说首先它的数据局是往我们比较关心的存储是吧？"
    },
    {
      "index": 158,
      "start": 462.39,
      "end": 465.27,
      "text": "它是其实你分布式呃训练化，"
    },
    {
      "index": 159,
      "start": 465.27,
      "end": 468.57,
      "text": "其实它是把这个数据分分割成很多很多的，"
    },
    {
      "index": 160,
      "start": 468.65,
      "end": 472.47,
      "text": "就是不这个就 party 损失吧，"
    },
    {
      "index": 161,
      "start": 472.47,
      "end": 475.77,
      "text": "就给他分隔很多层部分是吧，"
    },
    {
      "index": 162,
      "start": 475.77,
      "end": 477.61,
      "text": "然后每一个 GPU 是吧，"
    },
    {
      "index": 163,
      "start": 477.61,
      "end": 480.53,
      "text": "他就读某一部分来读来来来训练是吧，"
    },
    {
      "index": 164,
      "start": 480.53,
      "end": 481.11,
      "text": "训完两吗？"
    },
    {
      "index": 165,
      "start": 481.45,
      "end": 482.61,
      "text": "大概训练完之后，"
    },
    {
      "index": 166,
      "start": 482.61,
      "end": 483.81,
      "text": "分布式训练之后啊，"
    },
    {
      "index": 167,
      "start": 483.81,
      "end": 486.71,
      "text": "不管是同一台机器里面的多特 YGPU 还好，"
    },
    {
      "index": 168,
      "start": 486.71,
      "end": 490.13,
      "text": "还是不同机器的呃的的 GPU 还好，"
    },
    {
      "index": 169,
      "start": 490.13,
      "end": 492.53,
      "text": "它都是读某一块的数据集是吧？"
    },
    {
      "index": 170,
      "start": 492.71,
      "end": 493.41,
      "text": "然后训练完，"
    },
    {
      "index": 171,
      "start": 493.41,
      "end": 494.59,
      "text": "然后再最终再同步，"
    },
    {
      "index": 172,
      "start": 494.67,
      "end": 496.235,
      "text": "大概是这么个流程哈。"
    },
    {
      "index": 173,
      "start": 499.71,
      "end": 501.91,
      "text": "然后这个是这个呃变成 mark story，"
    },
    {
      "index": 174,
      "start": 501.91,
      "end": 504.41,
      "text": "变成 mark 的一个里面的一个流程，"
    },
    {
      "index": 175,
      "start": 504.41,
      "end": 507.79,
      "text": "其实也是刚才那个流程的一个一个一个实现吧哈。"
    },
    {
      "index": 176,
      "start": 508.45,
      "end": 512.43,
      "text": "就说的右边数据就是分成很多个呃分块是吧？"
    },
    {
      "index": 177,
      "start": 512.45,
      "end": 517.41,
      "text": "然后然后每一个每一个每个 GPU 的那个线程是吧，"
    },
    {
      "index": 178,
      "start": 517.41,
      "end": 519.39,
      "text": "或者他出呃训练的线程，"
    },
    {
      "index": 179,
      "start": 519.39,
      "end": 521.05,
      "text": "他就读一块数据过来哈。"
    },
    {
      "index": 180,
      "start": 521.41,
      "end": 522.37,
      "text": "然后他读时候，"
    },
    {
      "index": 181,
      "start": 522.37,
      "end": 524.29,
      "text": "它其实它是循环的哈，"
    },
    {
      "index": 182,
      "start": 524.87,
      "end": 528.15,
      "text": "它循环的每一次就是读一个一个 batchy，"
    },
    {
      "index": 183,
      "start": 528.15,
      "end": 530.58,
      "text": "就是一个 batch 的一个上数据过来哈，"
    },
    {
      "index": 184,
      "start": 531.04,
      "end": 535.28,
      "text": "然后不断的读读每次读完这个三百个数据过来，"
    },
    {
      "index": 185,
      "start": 535.7,
      "end": 537.85,
      "text": "然后放到 GPU。"
    },
    {
      "index": 186,
      "start": 537.85,
      "end": 544.49,
      "text": "其实就讲话就是呃模拟它嘛就是用一个睡眠的一个的一个多少秒那个这个时间来。"
    },
    {
      "index": 187,
      "start": 544.969,
      "end": 546.59,
      "text": "所以所以对于存储来说，"
    },
    {
      "index": 188,
      "start": 546.59,
      "end": 549.19,
      "text": "可能关心就是这个 sledata loader 是吧？"
    },
    {
      "index": 189,
      "start": 549.19,
      "end": 551.03,
      "text": "是我数据是怎么加载的。"
    },
    {
      "index": 190,
      "start": 551.05,
      "end": 556.63,
      "text": "然后我因为这个东西就决定了 IO 的嗯嗯行为是什么样子的，"
    },
    {
      "index": 191,
      "start": 556.63,
      "end": 558.005,
      "text": "pattern 是什么什么样子的。"
    },
    {
      "index": 192,
      "start": 563.42,
      "end": 566.46,
      "text": "然后就是我们其实要呃为了分析问题的话，"
    },
    {
      "index": 193,
      "start": 566.46,
      "end": 573.33,
      "text": "就呃是需要有呃对整个系统有呃有一个一个生成模型的一个刻画是吧？"
    },
    {
      "index": 194,
      "start": 573.4300000000005,
      "end": 575.59,
      "text": "这个是一个简单呃这个例子。"
    },
    {
      "index": 195,
      "start": 575.9700000000005,
      "end": 584.21,
      "text": "就然后从这个例子中我们可以看到它大概有哪些线程是吧？"
    },
    {
      "index": 196,
      "start": 584.2299999999996,
      "end": 586.0100000000004,
      "text": "比如呃就是这个编程 bug，"
    },
    {
      "index": 197,
      "start": 586.0100000000004,
      "end": 587.79,
      "text": "有的应用线程是是吧，"
    },
    {
      "index": 198,
      "start": 587.95,
      "end": 589.5100000000004,
      "text": "然后它是多线程的是吧？"
    },
    {
      "index": 199,
      "start": 590.0500000000004,
      "end": 593.09,
      "text": "然后呃然后就是 f ice 这边，"
    },
    {
      "index": 200,
      "start": 593.09,
      "end": 595.1899999999995,
      "text": "其实它是一个 fuse 的文件系统是吧？"
    },
    {
      "index": 201,
      "start": 595.3500000000005,
      "end": 596.6899999999995,
      "text": "它是有一个主线程，"
    },
    {
      "index": 202,
      "start": 596.71,
      "end": 601.3149999999995,
      "text": "还有还有很多很多这种呃呃就是后端后端发起，"
    },
    {
      "index": 203,
      "start": 602.03,
      "end": 602.7699999999995,
      "text": "后端发起，"
    },
    {
      "index": 204,
      "start": 602.7699999999995,
      "end": 604.45,
      "text": "就是读那个数据呃，"
    },
    {
      "index": 205,
      "start": 604.45,
      "end": 605.0500000000004,
      "text": "原数据，"
    },
    {
      "index": 206,
      "start": 605.0500000000004,
      "end": 609.6499999999995,
      "text": "还那个文件件系统的那个那个那个那个异步的一些现场是吧？"
    },
    {
      "index": 207,
      "start": 609.6499999999995,
      "end": 612.25,
      "text": "这些还这中间有多少步是吧？"
    },
    {
      "index": 208,
      "start": 612.25,
      "end": 613.4700000000005,
      "text": "然后哪一步是同步的，"
    },
    {
      "index": 209,
      "start": 613.4700000000005,
      "end": 614.8500000000005,
      "text": "哪一步是哪些步，"
    },
    {
      "index": 210,
      "start": 614.8500000000005,
      "end": 615.99,
      "text": "是异步的是吧？"
    },
    {
      "index": 211,
      "start": 615.99,
      "end": 616.8099999999995,
      "text": "还些哪些步？"
    },
    {
      "index": 212,
      "start": 616.8099999999995,
      "end": 618.13,
      "text": "其实很关键的，"
    },
    {
      "index": 213,
      "start": 618.13,
      "end": 621.7699999999995,
      "text": "涉及到有一些呃就是数据 copy 的是吧？"
    },
    {
      "index": 214,
      "start": 621.79,
      "end": 623.9849999999996,
      "text": "这些东西都我们都是要大概了解的哈。"
    },
    {
      "index": 215,
      "start": 626.1800000000005,
      "end": 626.32,
      "text": "好，"
    },
    {
      "index": 216,
      "start": 626.32,
      "end": 630.0599999999995,
      "text": "先接下来我们看一下这个我们这个性能测试与分析是吧？"
    },
    {
      "index": 217,
      "start": 630.1800000000005,
      "end": 632.075,
      "text": "这个是我们呃测试环境。"
    },
    {
      "index": 218,
      "start": 633.6499999999995,
      "end": 634.17,
      "text": "对呃，"
    },
    {
      "index": 219,
      "start": 634.29,
      "end": 635.91,
      "text": "有啊硬件还有软件哈。"
    },
    {
      "index": 220,
      "start": 635.91,
      "end": 642.545,
      "text": "我们是在欧盟拉二二四点零零三这个 LTSSTP two 这个版本上进行测试的哈，"
    },
    {
      "index": 221,
      "start": 646.1800000000005,
      "end": 648.84,
      "text": "环境部署我就呃不类类似了哈，"
    },
    {
      "index": 222,
      "start": 649.42,
      "end": 650.075,
      "text": "类似于我。"
    },
    {
      "index": 223,
      "start": 654.2699999999995,
      "end": 656.33,
      "text": "那首先我们要呃跑测试，"
    },
    {
      "index": 224,
      "start": 656.3500000000005,
      "end": 659.5500000000004,
      "text": "其实要是第一步可能要生成这个数据的哈，"
    },
    {
      "index": 225,
      "start": 659.6899999999995,
      "end": 666.735,
      "text": "这个数据升级它其实它也是也是呃也是根据实际情况那那个各种参数来来生成的哈。"
    },
    {
      "index": 226,
      "start": 669.09,
      "end": 670.85,
      "text": "然后其实在这里要注意点，"
    },
    {
      "index": 227,
      "start": 670.85,
      "end": 674.81,
      "text": "就是说对你要测试一个文件系统被保证的公平性。"
    },
    {
      "index": 228,
      "start": 674.81,
      "end": 680.45,
      "text": "就是我要保证我数据量的级比较大大于系统的内存的五倍以上哈。"
    },
    {
      "index": 229,
      "start": 680.45,
      "end": 682.05,
      "text": "这样可能就是说不用，"
    },
    {
      "index": 230,
      "start": 682.05,
      "end": 685.99,
      "text": "不是我不是我通过这个内存 catch 来得到那个收益嘛，"
    },
    {
      "index": 231,
      "start": 685.99,
      "end": 686.27,
      "text": "是吧？"
    },
    {
      "index": 232,
      "start": 686.27,
      "end": 687.715,
      "text": "要要排除掉这个影响。"
    },
    {
      "index": 233,
      "start": 688.53,
      "end": 692.87,
      "text": "还有就是说这个柱址 s 其实它支持是把数据预热到本地的哈，"
    },
    {
      "index": 234,
      "start": 692.89,
      "end": 697.555,
      "text": "这样的话可就就可以呃把那个数据访问搞得更快一点。"
    },
    {
      "index": 235,
      "start": 702.91,
      "end": 704.85,
      "text": "我首先我们看一下第一个模型哈，"
    },
    {
      "index": 236,
      "start": 704.85,
      "end": 709.37,
      "text": "第一个模型哈我们就是发现我们呃测的最好的数据是能撑单机，"
    },
    {
      "index": 237,
      "start": 709.37,
      "end": 710.715,
      "text": "能撑到五块 CPU 哈。"
    },
    {
      "index": 238,
      "start": 712.02,
      "end": 715.56,
      "text": "然后呃我们呃这里调会有一些关键调仓哈，"
    },
    {
      "index": 239,
      "start": 715.76,
      "end": 719.62,
      "text": "比如从就是因为它那个数据读是多线程嘛，"
    },
    {
      "index": 240,
      "start": 719.92,
      "end": 723.48,
      "text": "我们这从四线程得到十六和加快一点数据哈，"
    },
    {
      "index": 241,
      "start": 723.48,
      "end": 727.705,
      "text": "还有这个直接 GIO 也会减少这个拜法 IO 的那个开销。"
    },
    {
      "index": 242,
      "start": 730.24,
      "end": 732.04,
      "text": "然后为什么它撑不了六块呢？"
    },
    {
      "index": 243,
      "start": 732.04,
      "end": 733.3,
      "text": "我们这又来分析哈，"
    },
    {
      "index": 244,
      "start": 733.52,
      "end": 737.68,
      "text": "我们就发现它的带宽已经达到十五点一兆的哈啊，"
    },
    {
      "index": 245,
      "start": 737.8,
      "end": 740.18,
      "text": "十五点一的 GB 每秒了哈。"
    },
    {
      "index": 246,
      "start": 740.42,
      "end": 741.86,
      "text": "然后我们用 FI 的测，"
    },
    {
      "index": 247,
      "start": 742.06,
      "end": 746.279,
      "text": "然后发现它其实它的呃文件系统的带宽提供也是这个能力。"
    },
    {
      "index": 248,
      "start": 746.279,
      "end": 749.795,
      "text": "所以它的瓶颈可能就是这个注册 s 的那个带宽。"
    },
    {
      "index": 249,
      "start": 750.67,
      "end": 754.73,
      "text": "那为什么他的那个嗯呃带宽上不上去呢？"
    },
    {
      "index": 250,
      "start": 754.97,
      "end": 757.27,
      "text": "就是 US 为什么带宽上不上去呢？"
    },
    {
      "index": 251,
      "start": 757.47,
      "end": 759.89,
      "text": "因为我们发现其实呃就是 GPS，"
    },
    {
      "index": 252,
      "start": 760.29,
      "end": 763.31,
      "text": "我们呃通过绑一个 CPU 发现它是最好的哈。"
    },
    {
      "index": 253,
      "start": 763.65,
      "end": 764.15,
      "text": "为什么？"
    },
    {
      "index": 254,
      "start": 764.15,
      "end": 764.445,
      "text": "呃，"
    },
    {
      "index": 255,
      "start": 765.34,
      "end": 768.165,
      "text": "然后我们的发现哈绑一个 CPU 时候，"
    },
    {
      "index": 256,
      "start": 769.05,
      "end": 771.43,
      "text": "它的 CPU 其实在看的呃第一张图啊，"
    },
    {
      "index": 257,
      "start": 771.43,
      "end": 772.49,
      "text": "它的 CPU 已经用满了。"
    },
    {
      "index": 258,
      "start": 772.51,
      "end": 775.285,
      "text": "因为一个 CPU 的话大概是四十八核左右哈。"
    },
    {
      "index": 259,
      "start": 777.97,
      "end": 781.67,
      "text": "然后我们嗯就是 CPU 嘛时候一般就可以在自己分析。"
    },
    {
      "index": 260,
      "start": 781.67,
      "end": 784.15,
      "text": "就是说比如看一下 top top 的东西哈，"
    },
    {
      "index": 261,
      "start": 784.59,
      "end": 793.17,
      "text": "我们就发现它其实主要是耗时在那个呃 memory 报哈 memory 报话就发现在幺三就是读数据的时候，"
    },
    {
      "index": 262,
      "start": 793.17,
      "end": 798.81,
      "text": "就然后我们再看呢再看就是有一些呃就是 oppo aliir，"
    },
    {
      "index": 263,
      "start": 798.83,
      "end": 799.65,
      "text": "其实设计挺好，"
    },
    {
      "index": 264,
      "start": 799.65,
      "end": 802.49,
      "text": "就是还有一些 double kease 的工具者帮忙协助分析啊，"
    },
    {
      "index": 265,
      "start": 802.67,
      "end": 809.47,
      "text": "我们发现其实它呃就是这个 LLLLC 的 msiy 是吧？"
    },
    {
      "index": 266,
      "start": 809.71,
      "end": 810.67,
      "text": "它类比较高，"
    },
    {
      "index": 267,
      "start": 810.81,
      "end": 812.25,
      "text": "然后它主要干干嘛呢？"
    },
    {
      "index": 268,
      "start": 812.25,
      "end": 815.29,
      "text": "其实在干这些 MM copy 东东西在左下角这里哈，"
    },
    {
      "index": 269,
      "start": 815.41,
      "end": 818.775,
      "text": "我们发现它只是主主要耗时还是在内存 copy 这一块。"
    },
    {
      "index": 270,
      "start": 821.07,
      "end": 823.17,
      "text": "你看不板和就是不板 CPU，"
    },
    {
      "index": 271,
      "start": 823.17,
      "end": 823.71,
      "text": "它为什么呢？"
    },
    {
      "index": 272,
      "start": 823.71,
      "end": 826.43,
      "text": "上不去呢哈我们又嗯进行分析，"
    },
    {
      "index": 273,
      "start": 826.47,
      "end": 828.9,
      "text": "发现嗯不饱合的时候，"
    },
    {
      "index": 274,
      "start": 828.9,
      "end": 830.54,
      "text": "我们呃用工具来查看，"
    },
    {
      "index": 275,
      "start": 830.54,
      "end": 834.64,
      "text": "发现它它这个跨跨 CPU 的那个呃流量非常的高，"
    },
    {
      "index": 276,
      "start": 834.72,
      "end": 836.039,
      "text": "这个它比例很高。"
    },
    {
      "index": 277,
      "start": 836.039,
      "end": 838.735,
      "text": "是我看到你买达到到差不多百分之八十了。"
    },
    {
      "index": 278,
      "start": 840.52,
      "end": 843.4,
      "text": "然后我们要查那个呃就是芯片的数据哈，"
    },
    {
      "index": 279,
      "start": 843.42,
      "end": 845.48,
      "text": "发现它只是跨跨 CPU 的，"
    },
    {
      "index": 280,
      "start": 845.48,
      "end": 848.04,
      "text": "它的物理带宽才只有六十 g 秒。"
    },
    {
      "index": 281,
      "start": 848.18,
      "end": 850.14,
      "text": "可所以就可能猜测它瓶颈，"
    },
    {
      "index": 282,
      "start": 850.14,
      "end": 852.1,
      "text": "可能就是这个跨片的那个访问带宽，"
    },
    {
      "index": 283,
      "start": 852.38,
      "end": 853.325,
      "text": "还有它的时延。"
    },
    {
      "index": 284,
      "start": 855.18,
      "end": 855.42,
      "text": "好，"
    },
    {
      "index": 285,
      "start": 855.46,
      "end": 857.22,
      "text": "我们再接下来看第二个模型哈。"
    },
    {
      "index": 286,
      "start": 857.22,
      "end": 858.18,
      "text": "第二个模型的话，"
    },
    {
      "index": 287,
      "start": 858.46,
      "end": 859.96,
      "text": "其实它也是类似的，"
    },
    {
      "index": 288,
      "start": 859.96,
      "end": 865.125,
      "text": "也是测试一个一个一个呃就是文件系统带宽的哈。"
    },
    {
      "index": 289,
      "start": 866.23,
      "end": 874.2,
      "text": "我们发现最呃就单机最高也是能支撑啊五十个 GPU 哈呃也有一些关键条。"
    },
    {
      "index": 290,
      "start": 874.48,
      "end": 875.58,
      "text": "因为因为这个模型，"
    },
    {
      "index": 291,
      "start": 875.58,
      "end": 878.7,
      "text": "它每每个备 h 就每个每一轮它读取数据比较少，"
    },
    {
      "index": 292,
      "start": 878.7,
      "end": 880.14,
      "text": "就只有五十八点。"
    },
    {
      "index": 293,
      "start": 880.22,
      "end": 880.459,
      "text": "呃，"
    },
    {
      "index": 294,
      "start": 880.5,
      "end": 881.1,
      "text": "多兆哈，"
    },
    {
      "index": 295,
      "start": 881.32,
      "end": 883.44,
      "text": "我们就发现其实一个线程就够了哈，"
    },
    {
      "index": 296,
      "start": 883.48,
      "end": 884.905,
      "text": "就设了一下这个参数。"
    },
    {
      "index": 297,
      "start": 886.63,
      "end": 888.33,
      "text": "那为什么他又涨不上去呢？"
    },
    {
      "index": 298,
      "start": 888.33,
      "end": 893.88,
      "text": "哈因为我们发现其实我们在在抓加到更多的 GPU，"
    },
    {
      "index": 299,
      "start": 893.88,
      "end": 894.76,
      "text": "有五十五个 GPU。"
    },
    {
      "index": 300,
      "start": 894.76,
      "end": 897.6,
      "text": "其实发现它的那个带宽也是九点二哈，"
    },
    {
      "index": 301,
      "start": 897.84,
      "end": 900.76,
      "text": "是发现它瓶颈还是那个初始的带宽哈，"
    },
    {
      "index": 302,
      "start": 900.76,
      "end": 901.655,
      "text": "后端的带宽。"
    },
    {
      "index": 303,
      "start": 904.1,
      "end": 904.68,
      "text": "那为什么？"
    },
    {
      "index": 304,
      "start": 904.68,
      "end": 906.84,
      "text": "刚才因为我们刚才看第一个模型的时候，"
    },
    {
      "index": 305,
      "start": 906.84,
      "end": 908.08,
      "text": "大家有幸发现的话，"
    },
    {
      "index": 306,
      "start": 908.18,
      "end": 913.36,
      "text": "它其实是从呃呃十五带宽是就是后端文件是从十五，"
    },
    {
      "index": 307,
      "start": 913.6,
      "end": 914.84,
      "text": "然后掉到了九六二。"
    },
    {
      "index": 308,
      "start": 914.84,
      "end": 916.0,
      "text": "为什么它是这样子呢？"
    },
    {
      "index": 309,
      "start": 916.18,
      "end": 918.98,
      "text": "就是因为这个这个模型它是一个八百 l，"
    },
    {
      "index": 310,
      "start": 919.0,
      "end": 920.5,
      "text": "它还会有很多很多这种。"
    },
    {
      "index": 311,
      "start": 920.5,
      "end": 920.74,
      "text": "嗯，"
    },
    {
      "index": 312,
      "start": 920.8,
      "end": 922.28,
      "text": "就是从火焰图给看出来，"
    },
    {
      "index": 313,
      "start": 922.28,
      "end": 924.82,
      "text": "它有很多 memo copy 会消耗一部分的内存带宽，"
    },
    {
      "index": 314,
      "start": 925.12,
      "end": 928.895,
      "text": "所以会导致我整体的注释带宽后端呢也会减小了。"
    },
    {
      "index": 315,
      "start": 932.75,
      "end": 936.53,
      "text": "这个是一个我们做了一个一个简单的呃一个测试。"
    },
    {
      "index": 316,
      "start": 936.53,
      "end": 938.01,
      "text": "我们拿了很多那个机器，"
    },
    {
      "index": 317,
      "start": 938.19,
      "end": 940.71,
      "text": "类似呃有阿阿姆的叉八六的，"
    },
    {
      "index": 318,
      "start": 940.85,
      "end": 943.21,
      "text": "然后做一个呃 string 的测试。"
    },
    {
      "index": 319,
      "start": 943.23,
      "end": 946.37,
      "text": "我们发现就是系统内存它的贷款越大，"
    },
    {
      "index": 320,
      "start": 946.39,
      "end": 949.845,
      "text": "然后我的那个柱子的吞吐的贷款越大，"
    },
    {
      "index": 321,
      "start": 951.49,
      "end": 956.73,
      "text": "所以就是说注死带宽呢可能就决取决于这个系统的内存带宽大小哦。"
    },
    {
      "index": 322,
      "start": 956.73,
      "end": 957.99,
      "text": "最后来总结一下哈，"
    },
    {
      "index": 323,
      "start": 958.03,
      "end": 960.53,
      "text": "就是说我们通过这个测试和分析啊，"
    },
    {
      "index": 324,
      "start": 960.53,
      "end": 964.05,
      "text": "会发现这个嗯 AI 学习这模型啊，"
    },
    {
      "index": 325,
      "start": 964.05,
      "end": 968.89,
      "text": "其实它嗯它能支撑多少块 GPU 是吧？"
    },
    {
      "index": 326,
      "start": 969.19,
      "end": 970.99,
      "text": "这取取完全取决于以后呃，"
    },
    {
      "index": 327,
      "start": 971.17,
      "end": 972.75,
      "text": "这就这两个模型来说啊，"
    },
    {
      "index": 328,
      "start": 972.93,
      "end": 973.975,
      "text": "这比较典型啊，"
    },
    {
      "index": 329,
      "start": 974.94,
      "end": 976.715,
      "text": "是是取决于它的带宽。"
    },
    {
      "index": 330,
      "start": 977.5,
      "end": 980.04,
      "text": "然后主要是考证这个文件系统并发啊，"
    },
    {
      "index": 331,
      "start": 980.04,
      "end": 983.335,
      "text": "还有大块啊中块的这个呃数据读的能力。"
    },
    {
      "index": 332,
      "start": 985.18,
      "end": 988.1,
      "text": "而且这所以说这变程 bug 其实是一个系统工程，"
    },
    {
      "index": 333,
      "start": 988.1,
      "end": 990.36,
      "text": "它需要各部件来一起协同，"
    },
    {
      "index": 334,
      "start": 990.54,
      "end": 991.74,
      "text": "协同来合作，"
    },
    {
      "index": 335,
      "start": 991.92,
      "end": 993.6,
      "text": "才能到最后最有有性能了。"
    },
    {
      "index": 336,
      "start": 994.04,
      "end": 996.8,
      "text": "就是说我们通过这个呃测试和分析，"
    },
    {
      "index": 337,
      "start": 996.8,
      "end": 999.7,
      "text": "发现就是系统内存和互联之间的代换时延。"
    },
    {
      "index": 338,
      "start": 999.84,
      "end": 1001.62,
      "text": "其实对于整个系统的那个系统，"
    },
    {
      "index": 339,
      "start": 1001.62,
      "end": 1003.235,
      "text": "通统能量是至关重要的，"
    },
    {
      "index": 340,
      "start": 1003.92,
      "end": 1005.32,
      "text": "包括内存的 copy 啊，"
    },
    {
      "index": 341,
      "start": 1005.46,
      "end": 1006.9,
      "text": "它是很消化的内容。"
    },
    {
      "index": 342,
      "start": 1006.9,
      "end": 1007.14,
      "text": "呃，"
    },
    {
      "index": 343,
      "start": 1007.56,
      "end": 1008.5,
      "text": "内内存带宽，"
    },
    {
      "index": 344,
      "start": 1008.58,
      "end": 1009.82,
      "text": "还有很消耗 CPU 的。"
    },
    {
      "index": 345,
      "start": 1009.86,
      "end": 1010.92,
      "text": "因为你你 CPU，"
    },
    {
      "index": 346,
      "start": 1010.92,
      "end": 1015.36,
      "text": "其实你看到大家刚才看他下不是他在等后端那个内存访问，"
    },
    {
      "index": 347,
      "start": 1015.36,
      "end": 1017.835,
      "text": "其实相当于 CPU 假完了他不干别的哈。"
    },
    {
      "index": 348,
      "start": 1019.92,
      "end": 1022.44,
      "text": "而且我们也发现就是 go go 这东西哈，"
    },
    {
      "index": 349,
      "start": 1022.44,
      "end": 1024.7,
      "text": "它本身是没有做到 nemal awareness 的。"
    },
    {
      "index": 350,
      "start": 1024.84,
      "end": 1027.48,
      "text": "所以对讨大规模的这种 CPU 核数的话，"
    },
    {
      "index": 351,
      "start": 1027.48,
      "end": 1031.98,
      "text": "性能可能没有小规模这种就设置少点数据核这种会好一点哈。"
    },
    {
      "index": 352,
      "start": 1031.98,
      "end": 1034.32,
      "text": "所以对于种多 nema 的系统来说，"
    },
    {
      "index": 353,
      "start": 1034.32,
      "end": 1038.515,
      "text": "我们还是尽量的避免这种咔夸 CPU socket 这种会好一点。"
    },
    {
      "index": 354,
      "start": 1039.1,
      "end": 1039.34,
      "text": "好，"
    },
    {
      "index": 355,
      "start": 1039.34,
      "end": 1039.96,
      "text": "谢谢谢大家。"
    },
    {
      "index": 356,
      "start": 1039.96,
      "end": 1047.375,
      "text": "我的分享完了开始啊。"
    },
    {
      "index": 357,
      "start": 1050.74,
      "end": 1050.98,
      "text": "好，"
    },
    {
      "index": 358,
      "start": 1051.26,
      "end": 1054.54,
      "text": "那个非常感谢那个刘老师的这个精彩的分享啊。"
    },
    {
      "index": 359,
      "start": 1054.54,
      "end": 1057.86,
      "text": "其实我觉得这个让我看到很有感触，"
    },
    {
      "index": 360,
      "start": 1057.86,
      "end": 1061.04,
      "text": "就是这种除了给我们做性能评测，"
    },
    {
      "index": 361,
      "start": 1061.06,
      "end": 1062.96,
      "text": "还能够给出针对性的分析，"
    },
    {
      "index": 362,
      "start": 1062.96,
      "end": 1064.86,
      "text": "很专业的优专业的分析啊，"
    },
    {
      "index": 363,
      "start": 1064.92,
      "end": 1067.8,
      "text": "对那个 workload 这个建模的分析挺好的，"
    },
    {
      "index": 364,
      "start": 1067.82,
      "end": 1070.6,
      "text": "然后给我们这个在后面对就是 FS。"
    },
    {
      "index": 365,
      "start": 1070.98,
      "end": 1073.96,
      "text": "因为这个可能我觉得除了那个是不是能用在就是 f 下面，"
    },
    {
      "index": 366,
      "start": 1073.96,
      "end": 1075.14,
      "text": "还能用其他的那个场景，"
    },
    {
      "index": 367,
      "start": 1075.14,
      "end": 1078.2,
      "text": "应该都可以用的一套呃工程化的思想跟思路。"
    },
    {
      "index": 368,
      "start": 1078.46,
      "end": 1079.04,
      "text": "感谢哈。"
    },
    {
      "index": 369,
      "start": 1079.2,
      "end": 1080.06,
      "text": "嗯嗯，"
    },
    {
      "index": 370,
      "start": 1080.85,
      "end": 1084.61,
      "text": "其实也填补了我们社区在后面的一些这个相相关的工具链。"
    },
    {
      "index": 371,
      "start": 1084.79,
      "end": 1086.49,
      "text": "我后面也会联系您这边，"
    },
    {
      "index": 372,
      "start": 1086.49,
      "end": 1089.19,
      "text": "获得一些更多的相关的嗯处理啊。"
    },
    {
      "index": 373,
      "start": 1089.51,
      "end": 1089.75,
      "text": "好，"
    },
    {
      "index": 374,
      "start": 1089.81,
      "end": 1097.67,
      "text": "下面有请咱们那个宝德计算机系统股份有限公司的那个呃解决方案销售总监金龙先生，"
    }
  ],
  "artifacts": [
    "output/ai_session/part_03/chunk_00/03_srt_slice/artifacts/chunk_baseline.srt"
  ],
  "metadata": {},
  "trace_id": null,
  "duration_ms": 0,
  "started_at": "2025-12-15T23:10:07.896690",
  "completed_at": "2025-12-15T15:10:08.013709",
  "step_config": {},
  "dependencies": [
    "downscale"
  ]
}