{
  "address": "ai_session/part_02/chunk_00/07_capture_frame/slide_011",
  "status": "completed",
  "input": {
    "video": "output/ai_session/part_02/chunk_00/01_cut_chunk/artifacts/chunk_high.mp4",
    "timestamp": "00:12:16.200",
    "frame_id": "slide_011",
    "output_ext": ".png"
  },
  "output": "output/ai_session/part_02/chunk_00/07_capture_frame/slide_011/artifacts/slide_011.png",
  "artifacts": [
    "output/ai_session/part_02/chunk_00/07_capture_frame/slide_011/artifacts/slide_011.png"
  ],
  "metadata": {
    "timestamp": "00:12:16.200",
    "frame_id": "slide_011",
    "ffmpeg": "/opt/homebrew/bin/ffmpeg"
  },
  "trace_id": null,
  "duration_ms": 2641,
  "started_at": "2025-12-15T23:00:01.443333",
  "completed_at": "2025-12-15T15:00:04.086986",
  "step_config": {},
  "dependencies": [
    "slide_timeline"
  ]
}