{
  "address": "day1_main/part_07/chunk_00/09_apply_crop/slide_006",
  "status": "completed",
  "input": {
    "image_path": "output/day1_main/part_07/chunk_00/07_capture_frame/slide_006/artifacts/slide_006.png",
    "crop_region": null
  },
  "output": "output/day1_main/part_07/chunk_00/09_apply_crop/slide_006/artifacts/slide_006.png",
  "artifacts": [
    "output/day1_main/part_07/chunk_00/09_apply_crop/slide_006/artifacts/slide_006.png"
  ],
  "metadata": {
    "source": "output/day1_main/part_07/chunk_00/07_capture_frame/slide_006/artifacts/slide_006.png",
    "applied": false
  },
  "trace_id": null,
  "duration_ms": 8,
  "started_at": "2025-12-17T19:50:37.786131",
  "completed_at": "2025-12-17T11:50:37.797234",
  "step_config": {},
  "dependencies": [
    "capture_frame",
    "crop_decision"
  ]
}