{
  "address": "ai_session/part_04/chunk_00/07_capture_frame/slide_006",
  "status": "completed",
  "input": {
    "video": "output/ai_session/part_04/chunk_00/02_downscale/artifacts/chunk_low.mp4",
    "timestamp": "00:03:01.360",
    "frame_id": "slide_006",
    "output_ext": ".png"
  },
  "output": "output/ai_session/part_04/chunk_00/07_capture_frame/slide_006/artifacts/slide_006.png",
  "artifacts": [
    "output/ai_session/part_04/chunk_00/07_capture_frame/slide_006/artifacts/slide_006.png"
  ],
  "metadata": {
    "timestamp": "00:03:01.360",
    "frame_id": "slide_006",
    "ffmpeg": "/opt/homebrew/bin/ffmpeg"
  },
  "trace_id": null,
  "duration_ms": 1078,
  "started_at": "2025-12-15T17:51:31.600551",
  "completed_at": "2025-12-15T09:51:32.680539",
  "step_config": {},
  "dependencies": [
    "slide_timeline"
  ]
}