{
  "address": "ai_session/part_01/final/03_part_cut",
  "status": "completed",
  "input": {
    "video": "/Users/lichuan/Codes/TalkDistill/ai_session.mp4",
    "start": 1202.359,
    "duration": 826.4010000000001,
    "output_name": "part_high.mp4"
  },
  "output": {
    "path": "output/ai_session/part_01/final/03_part_cut/artifacts/part_high.mp4",
    "start": 1202.359,
    "duration": 826.4010000000001
  },
  "artifacts": [
    "output/ai_session/part_01/final/03_part_cut/artifacts/part_high.mp4"
  ],
  "metadata": {
    "ffmpeg": "/opt/homebrew/bin/ffmpeg",
    "start": 1202.359,
    "duration": 826.4010000000001,
    "size_bytes": 430264480
  },
  "trace_id": null,
  "duration_ms": 914,
  "started_at": "2025-12-15T22:38:00.204818",
  "completed_at": "2025-12-15T14:38:01.121834",
  "step_config": {},
  "dependencies": []
}