{
  "address": "day1_main/part_07/chunk_00/07_capture_frame/slide_006",
  "status": "completed",
  "input": {
    "video": "output/day1_main/part_07/chunk_00/01_cut_chunk/artifacts/chunk_high.mp4",
    "timestamp": "00:10:04.300",
    "frame_id": "slide_006",
    "output_ext": ".png"
  },
  "output": "output/day1_main/part_07/chunk_00/07_capture_frame/slide_006/artifacts/slide_006.png",
  "artifacts": [
    "output/day1_main/part_07/chunk_00/07_capture_frame/slide_006/artifacts/slide_006.png"
  ],
  "metadata": {
    "timestamp": "00:10:04.300",
    "frame_id": "slide_006",
    "ffmpeg": "/opt/homebrew/bin/ffmpeg"
  },
  "trace_id": null,
  "duration_ms": 950,
  "started_at": "2025-12-17T19:28:02.259245",
  "completed_at": "2025-12-17T11:28:03.212909",
  "step_config": {},
  "dependencies": [
    "slide_timeline"
  ]
}