{
  "id": "sec_1",
  "index": 0,
  "title": "ANNC：加速深度学习模型推理的AI编译器",
  "time_range": "00:00:00,000 - 00:00:40,205",
  "script": "下面有请华为技术有限公司的软件工程师郑晨卉女士，为我们带来ANNC，基于XLA的深度学习图编译器的技术在搜推场景的探索与应用分享，欢迎。\n大家好。\n我是来自华为技术有限公司的软件工程师郑晨卉。\n今天想给大家分享一下我们团队最新的一个研究成果，就是ANNC。\n这是一款面向CPU的，加速深度学习模型推理的一款AI编译器。",
  "summary": "华为软件工程师郑晨卉介绍了团队的最新研究成果 ANNC。ANNC 是一款面向 CPU、用于加速深度学习模型推理的 AI 编译器。"
}