{
  "id": "sec_5",
  "index": 4,
  "title": "深入工控控制领域，引领产业智能化转型",
  "time_range": "00:08:41,090 - 00:09:53,710",
  "script": "为什么我们要发布相关嵌入式领域的版本呢？是因为过往呢，openEuler是从服务器和云起家的。那么在从22年以后，我们发现在嵌入式领域，openEuler也进入了做了非常多的创新。大家在外面的展台可以看到，近两年我们所有的展馆中，嵌入式的区域一定是最有趣的，有非常多的嵌入式的设备在进行展示。同时呢，我们也看到随着OT、IT化的转型以及这种AI下沉到了边缘、下沉到了端侧，同时这种实时、非实时业务的混部的需求的出现，以及对硬件灵活编调度、编排这种需求的出现，所以整个的工业控制领域、嵌入领域已经发生了翻天覆地的变化。那在这个变化的过程中呢，openEuler我们有两个很强力的抓手。第一个就是我们的MICA架构，可以实现我们的实时、非实时业务的混部、混编，同时灵活编排。同时就是我们openEuler Intelligence BoooM的嵌入式版本。有了这两个抓手，我们是可以提为我们的新型的工业化，我们的vPLC、我们的巨身智能等等这种新型的嵌入式、边缘计算场景提供完整的解决方案。",
  "summary": "openEuler 正在积极拓展嵌入式领域，以应对工业控制领域因 OT/IT 融合、AI 下沉及混合业务部署等需求带来的变革。凭借 MICA 架构和 openEuler Intelligence BoooM 嵌入式版本两大抓手，openEuler 能够为 vPLC、机器人等新型工业化场景提供完整的解决方案，引领产业智能化转型。"
}