{
  "address": "ScienceEducationInnovation/part_04/chunk_00/07_capture_frame/slide_009",
  "status": "completed",
  "input": {
    "video": "output/ScienceEducationInnovation/part_04/chunk_00/01_cut_chunk/artifacts/chunk_high.mp4",
    "timestamp": "00:05:57.900",
    "frame_id": "slide_009",
    "output_ext": ".png"
  },
  "output": "output/ScienceEducationInnovation/part_04/chunk_00/07_capture_frame/slide_009/artifacts/slide_009.png",
  "artifacts": [
    "output/ScienceEducationInnovation/part_04/chunk_00/07_capture_frame/slide_009/artifacts/slide_009.png"
  ],
  "metadata": {
    "timestamp": "00:05:57.900",
    "frame_id": "slide_009",
    "ffmpeg": "/opt/homebrew/bin/ffmpeg"
  },
  "trace_id": null,
  "duration_ms": 1024,
  "started_at": "2025-12-21T23:17:27.053629",
  "completed_at": "2025-12-21T15:17:28.081905",
  "step_config": {},
  "dependencies": [
    "slide_timeline"
  ]
}