{
  "address": "ai_session/part_03/chunk_00/09_apply_crop/slide_004",
  "status": "completed",
  "input": {
    "image_path": "output/ai_session/part_03/chunk_00/07_capture_frame/slide_004/artifacts/slide_004.png",
    "crop_region": {
      "x": 552,
      "y": 192,
      "width": 1367,
      "height": 887
    }
  },
  "output": "output/ai_session/part_03/chunk_00/09_apply_crop/slide_004/artifacts/slide_004.png",
  "artifacts": [
    "output/ai_session/part_03/chunk_00/09_apply_crop/slide_004/artifacts/slide_004.png"
  ],
  "metadata": {
    "source": "output/ai_session/part_03/chunk_00/07_capture_frame/slide_004/artifacts/slide_004.png",
    "applied": true,
    "crop_region": {
      "x": 552,
      "y": 192,
      "width": 1367,
      "height": 887
    },
    "size": {
      "width": 1367,
      "height": 887
    }
  },
  "trace_id": null,
  "duration_ms": 163,
  "started_at": "2025-12-15T23:21:59.365740",
  "completed_at": "2025-12-15T15:21:59.547304",
  "step_config": {},
  "dependencies": [
    "capture_frame",
    "crop_decision"
  ]
}