{
  "address": "ScienceEducationInnovation/part_04/chunk_00/07_capture_frame/slide_028",
  "status": "completed",
  "input": {
    "video": "output/ScienceEducationInnovation/part_04/chunk_00/01_cut_chunk/artifacts/chunk_high.mp4",
    "timestamp": "00:20:07.100",
    "frame_id": "slide_028",
    "output_ext": ".png"
  },
  "output": "output/ScienceEducationInnovation/part_04/chunk_00/07_capture_frame/slide_028/artifacts/slide_028.png",
  "artifacts": [
    "output/ScienceEducationInnovation/part_04/chunk_00/07_capture_frame/slide_028/artifacts/slide_028.png"
  ],
  "metadata": {
    "timestamp": "00:20:07.100",
    "frame_id": "slide_028",
    "ffmpeg": "/opt/homebrew/bin/ffmpeg"
  },
  "trace_id": null,
  "duration_ms": 2917,
  "started_at": "2025-12-21T23:17:27.057601",
  "completed_at": "2025-12-21T15:17:29.976447",
  "step_config": {},
  "dependencies": [
    "slide_timeline"
  ]
}