{
  "address": "ScienceEducationInnovation/part_02/chunk_00/07_capture_frame/slide_014",
  "status": "completed",
  "input": {
    "video": "output/ScienceEducationInnovation/part_02/chunk_00/01_cut_chunk/artifacts/chunk_high.mp4",
    "timestamp": "00:08:12.980",
    "frame_id": "slide_014",
    "output_ext": ".png"
  },
  "output": "output/ScienceEducationInnovation/part_02/chunk_00/07_capture_frame/slide_014/artifacts/slide_014.png",
  "artifacts": [
    "output/ScienceEducationInnovation/part_02/chunk_00/07_capture_frame/slide_014/artifacts/slide_014.png"
  ],
  "metadata": {
    "timestamp": "00:08:12.980",
    "frame_id": "slide_014",
    "ffmpeg": "/opt/homebrew/bin/ffmpeg"
  },
  "trace_id": null,
  "duration_ms": 2029,
  "started_at": "2025-12-17T10:50:27.899723",
  "completed_at": "2025-12-17T02:50:29.930367",
  "step_config": {},
  "dependencies": [
    "slide_timeline"
  ]
}