{
  "address": "ai_session/part_10/chunk_00/09_apply_crop/slide_009",
  "status": "completed",
  "input": {
    "image_path": "output/ai_session/part_10/chunk_00/07_capture_frame/slide_009/artifacts/slide_009.png",
    "crop_region": {
      "x": 816,
      "y": 194,
      "width": 1104,
      "height": 885
    }
  },
  "output": "output/ai_session/part_10/chunk_00/09_apply_crop/slide_009/artifacts/slide_009.png",
  "artifacts": [
    "output/ai_session/part_10/chunk_00/09_apply_crop/slide_009/artifacts/slide_009.png"
  ],
  "metadata": {
    "source": "output/ai_session/part_10/chunk_00/07_capture_frame/slide_009/artifacts/slide_009.png",
    "applied": true,
    "crop_region": {
      "x": 816,
      "y": 194,
      "width": 1104,
      "height": 885
    },
    "size": {
      "width": 1104,
      "height": 885
    }
  },
  "trace_id": null,
  "duration_ms": 70,
  "started_at": "2025-12-16T01:21:34.120586",
  "completed_at": "2025-12-15T17:21:34.194057",
  "step_config": {},
  "dependencies": [
    "capture_frame",
    "crop_decision"
  ]
}