{
  "id": "sec_5",
  "index": 4,
  "title": "中间件智能体：定义、架构、能力与价值",
  "time_range": "00:06:14,070 - 00:12:28,000",
  "script": "所以基于这几大问题，我们要去解决。随着现在的大模型也是越来越成熟，我们公司自己，在垂直领域自己训练的模型也是越来越聪明，所以说基于这些条件，我们推出了我们现在的这个中间件智能体。\n那么中间件智能体说白一点，它是干什么的呢？它主要是中间件的AI协作者和这个自动驾驶仪。\n那么中间件智能体当中，它集成了一些AI的运维和一些自动化的技术，面向的是整个中间件的全生命周期的智能化管理。\n从我们以前分析和这个执行割裂的情况，我们把它合并起来，让它走向不仅能发现问题，还能自己去解决问题，让我们的这个中间件走向更加智能化的这个阶段。\n那么我们最终要达到的是将开发和运维从他们的工作当中把他们给解脱出来，让他们由工作由它一个这个操作员转向于这个系统的规划师和最终的决策者。\n那么另外一个是将我们的中间件从所有的这个手动驾驶转向于这个自动驾驶的演进。\n这是我们目前中间件智能系统体系的这个体系架构。它是一个多智能体的体系结构。那么这里由最核心的三部分组成，一个是智能体服务，一个是能力中心和这个模型层。\n由最主要是由这几部分组成。那么智能体服务层，它承载的是将我们下面底层服务的所有这个能力向上层应用去做一个这个协调和一个调度。在我们上层应用可以开发成便利开发，你可以做出多式多样的这个应用体。\n那么我们这个服务层可以将上层应用体提供下来的这个图形也好，然后自然化描述语言或者视频也好，它会对这些内容进行这个解析和这个语义识别，然后将这个语义转换成多种这个任务链条，并且和下面这个能力中心进行调度，然后去支持我当前用户的任务的这个用户任务链条的这个执行。\n然后当然也离不开我们下面这个底层，包括我们openEuler的一些技术支持。\n我们目前中间件智能体由目前的这几大智能化能力。\n第一个是智能规划。智能规划在我们目前阶段的话，我们是，因为我们本身在这个行业领域里面已经积累了非常丰富的这个数据知识，所以说我们基于用户的这个业务场景，可以透过一些历史数据和我现在用户的这个硬件的一些容量，然后去给它分析出一个\n合适用户的一些那个资源规划和我具体的这个中间件的系统配置。\n那么拿到这套配置方案以后，我们即将进入的就是一些智能配置。那么进入配置阶段的话，我们可以将前一阶段生成出来的配置自动地应用到我的中间件上面去，包括热部署、冷部署都可以应用到我的中间件上面。\n那么这两个跨度的阶段在以前，就是在没有智能体出现之前，我们大部分都是先规划，后手工配置。那么有了我们中间件智能体了以后，我们可以通过用户的自然语言描述，自动地把这些相关的这些动作全部由中间件智能体去把它给联动起来。\n那么当智能配置完了以后，下一步我们要进阶的就是对于整个这一次的这个配置进行一次性能的这个检测。性能的检测也避免不了我们要去开发一些这个测试的应用。\n那么在这个测试应用阶段，目前我们可以做到用户不用自己去编码，由我的这个智能编码的这个智能体，它会根据用户目前使用的中间件，它用户的一些测试要求，比如说用户我这次要检测的是内存，或者检测的是TPS，甚至是检测的是CPU。\n那么针对于这些特定的需求，我们这个智能编码模块会自动地为用户生成多个这个测试用例，包括性能测试的，包括功能测试的，甚至用户可以描述它的业务，我们也能为它生成一些简单的业务测试的一些用例。\n那么最后是一个这个，包括把这些测试用例运行起来的一些那个测试智能体，还有一些那个运维智能体。\n我们中间件的一个核心价值，最终要打造的就是这三大核心价值。第一个是降本增效，第二个是稳定易用，第三个是智慧赋能。\n那么打造在这个整个中间件的智能化这个生命周期的这个管理过程当中，我们是要以这个数据与AI驱动，然后覆盖全智能化、智能化的这个规划、部署到最终的这个配置全生命周期的一个联动的，让他们具体地去协调起来。\n然后降本增效方面，我们不光是可以降低这个开发和运维的这个成本，而且我们还可以降低资源的这个成本，最终提升这个运行效率，包括实现部署、变更流程从天级我们到目前到分钟级就可以完成一个系统的部署。\n在稳定易用方面，基于我们的中间件智能体，可以实现故障自愈。\n当中间件出现问题时，智能体可以自动发现并解决。\n在智慧赋能方面，我们希望将中间件智能体打造成中间件领域的专家，成为开发和运维人员的助手。\n接下来，我将通过几个场景向大家展示中间件智能体的能力。",
  "summary": "本节详细介绍了中间件智能体的定义、架构、核心能力与价值。它被定义为中间件的AI协作者与自动驾驶仪，采用多智能体架构，旨在实现从规划、配置到测试的全生命周期智能化管理。其核心价值在于降本增效、通过故障自愈实现稳定易用，并作为领域专家为开发和运维人员智慧赋能。"
}