{
  "address": "day2_main/part_05/chunk_00/07_capture_frame/slide_006",
  "status": "completed",
  "input": {
    "video": "output/day2_main/part_05/chunk_00/01_cut_chunk/artifacts/chunk_high.mp4",
    "timestamp": "00:05:43.000",
    "frame_id": "slide_006",
    "output_ext": ".png"
  },
  "output": "output/day2_main/part_05/chunk_00/07_capture_frame/slide_006/artifacts/slide_006.png",
  "artifacts": [
    "output/day2_main/part_05/chunk_00/07_capture_frame/slide_006/artifacts/slide_006.png"
  ],
  "metadata": {
    "timestamp": "00:05:43.000",
    "frame_id": "slide_006",
    "ffmpeg": "/opt/homebrew/bin/ffmpeg"
  },
  "trace_id": null,
  "duration_ms": 1228,
  "started_at": "2025-12-17T21:08:46.268996",
  "completed_at": "2025-12-17T13:08:47.498062",
  "step_config": {},
  "dependencies": [
    "slide_timeline"
  ]
}