{
  "address": "ai_session/part_06/chunk_00/09_apply_crop/slide_015",
  "status": "completed",
  "input": {
    "image_path": "output/ai_session/part_06/chunk_00/07_capture_frame/slide_015/artifacts/slide_015.png",
    "crop_region": {
      "x": 345,
      "y": 0,
      "width": 1574,
      "height": 1080
    }
  },
  "output": "output/ai_session/part_06/chunk_00/09_apply_crop/slide_015/artifacts/slide_015.png",
  "artifacts": [
    "output/ai_session/part_06/chunk_00/09_apply_crop/slide_015/artifacts/slide_015.png"
  ],
  "metadata": {
    "source": "output/ai_session/part_06/chunk_00/07_capture_frame/slide_015/artifacts/slide_015.png",
    "applied": true,
    "crop_region": {
      "x": 345,
      "y": 0,
      "width": 1574,
      "height": 1080
    },
    "size": {
      "width": 1574,
      "height": 1080
    }
  },
  "trace_id": null,
  "duration_ms": 153,
  "started_at": "2025-12-15T23:49:14.311202",
  "completed_at": "2025-12-15T15:49:14.465407",
  "step_config": {},
  "dependencies": [
    "capture_frame",
    "crop_decision"
  ]
}