{
  "address": "ai_session/part_02/final/03_part_cut",
  "status": "completed",
  "input": {
    "video": "/Users/lichuan/Codes/TalkDistill/ai_session.mp4",
    "start": 2028.76,
    "duration": 1501.16,
    "output_name": "part_high.mp4"
  },
  "output": {
    "path": "output/ai_session/part_02/final/03_part_cut/artifacts/part_high.mp4",
    "start": 2028.76,
    "duration": 1501.16
  },
  "artifacts": [
    "output/ai_session/part_02/final/03_part_cut/artifacts/part_high.mp4"
  ],
  "metadata": {
    "ffmpeg": "/opt/homebrew/bin/ffmpeg",
    "start": 2028.76,
    "duration": 1501.16,
    "size_bytes": 775515811
  },
  "trace_id": null,
  "duration_ms": 947,
  "started_at": "2025-12-15T23:03:47.002885",
  "completed_at": "2025-12-15T15:03:47.952031",
  "step_config": {},
  "dependencies": []
}