{
  "address": "ai_session/part_11/final/04_part_downscale",
  "status": "completed",
  "input": {
    "source": "output/ai_session/part_11/final/03_part_cut/artifacts/part_high.mp4",
    "duration": 652.7749999999996,
    "original_fps": 24.999911229471817,
    "output_name": "part_low.mp4"
  },
  "output": {
    "path": "output/ai_session/part_11/final/04_part_downscale/artifacts/part_low.mp4",
    "duration": 652.7749999999996,
    "original_fps": 24.999911229471817,
    "target_fps": 8
  },
  "artifacts": [
    "output/ai_session/part_11/final/04_part_downscale/artifacts/part_low.mp4"
  ],
  "metadata": {
    "ffmpeg": "/opt/homebrew/bin/ffmpeg",
    "target_size_mb": 25.0,
    "original_fps": 24.999911229471817,
    "target_fps": 8,
    "min_video_bitrate": 80000,
    "audio_bitrate": 32000,
    "scale_height": 720,
    "prefer_hwaccel": false,
    "size_bytes": 19621284
  },
  "trace_id": null,
  "duration_ms": 11339,
  "started_at": "2025-12-16T01:55:55.950730",
  "completed_at": "2025-12-15T17:56:07.292022",
  "step_config": {},
  "dependencies": [
    "part_cut"
  ]
}