{
  "address": "ScienceEducationInnovation/part_02/chunk_00/07_capture_frame/slide_023",
  "status": "completed",
  "input": {
    "video": "output/ScienceEducationInnovation/part_02/chunk_00/01_cut_chunk/artifacts/chunk_high.mp4",
    "timestamp": "00:12:36.980",
    "frame_id": "slide_023",
    "output_ext": ".png"
  },
  "output": "output/ScienceEducationInnovation/part_02/chunk_00/07_capture_frame/slide_023/artifacts/slide_023.png",
  "artifacts": [
    "output/ScienceEducationInnovation/part_02/chunk_00/07_capture_frame/slide_023/artifacts/slide_023.png"
  ],
  "metadata": {
    "timestamp": "00:12:36.980",
    "frame_id": "slide_023",
    "ffmpeg": "/opt/homebrew/bin/ffmpeg"
  },
  "trace_id": null,
  "duration_ms": 2828,
  "started_at": "2025-12-17T10:50:27.899807",
  "completed_at": "2025-12-17T02:50:30.729644",
  "step_config": {},
  "dependencies": [
    "slide_timeline"
  ]
}