{
  "address": "ai_session/part_03/chunk_00/09_apply_crop/slide_005",
  "status": "completed",
  "input": {
    "image_path": "output/ai_session/part_03/chunk_00/07_capture_frame/slide_005/artifacts/slide_005.png",
    "crop_region": {
      "x": 549,
      "y": 248,
      "width": 1370,
      "height": 831
    }
  },
  "output": "output/ai_session/part_03/chunk_00/09_apply_crop/slide_005/artifacts/slide_005.png",
  "artifacts": [
    "output/ai_session/part_03/chunk_00/09_apply_crop/slide_005/artifacts/slide_005.png"
  ],
  "metadata": {
    "source": "output/ai_session/part_03/chunk_00/07_capture_frame/slide_005/artifacts/slide_005.png",
    "applied": true,
    "crop_region": {
      "x": 549,
      "y": 248,
      "width": 1370,
      "height": 831
    },
    "size": {
      "width": 1370,
      "height": 831
    }
  },
  "trace_id": null,
  "duration_ms": 212,
  "started_at": "2025-12-15T23:21:59.366291",
  "completed_at": "2025-12-15T15:21:59.603942",
  "step_config": {},
  "dependencies": [
    "capture_frame",
    "crop_decision"
  ]
}