{
  "address": "ai_session/part_06/chunk_00/09_apply_crop/slide_005",
  "status": "completed",
  "input": {
    "image_path": "output/ai_session/part_06/chunk_00/07_capture_frame/slide_005/artifacts/slide_005.png",
    "crop_region": {
      "x": 656,
      "y": 189,
      "width": 1263,
      "height": 810
    }
  },
  "output": "output/ai_session/part_06/chunk_00/09_apply_crop/slide_005/artifacts/slide_005.png",
  "artifacts": [
    "output/ai_session/part_06/chunk_00/09_apply_crop/slide_005/artifacts/slide_005.png"
  ],
  "metadata": {
    "source": "output/ai_session/part_06/chunk_00/07_capture_frame/slide_005/artifacts/slide_005.png",
    "applied": true,
    "crop_region": {
      "x": 656,
      "y": 189,
      "width": 1263,
      "height": 810
    },
    "size": {
      "width": 1263,
      "height": 810
    }
  },
  "trace_id": null,
  "duration_ms": 100,
  "started_at": "2025-12-15T23:49:14.309516",
  "completed_at": "2025-12-15T15:49:14.410658",
  "step_config": {},
  "dependencies": [
    "capture_frame",
    "crop_decision"
  ]
}