{
  "address": "ScienceEducationInnovation/part_03/chunk_00/07_capture_frame/slide_033",
  "status": "completed",
  "input": {
    "video": "output/ScienceEducationInnovation/part_03/chunk_00/01_cut_chunk/artifacts/chunk_high.mp4",
    "timestamp": "00:20:26.626",
    "frame_id": "slide_033",
    "output_ext": ".png"
  },
  "output": "output/ScienceEducationInnovation/part_03/chunk_00/07_capture_frame/slide_033/artifacts/slide_033.png",
  "artifacts": [
    "output/ScienceEducationInnovation/part_03/chunk_00/07_capture_frame/slide_033/artifacts/slide_033.png"
  ],
  "metadata": {
    "timestamp": "00:20:26.626",
    "frame_id": "slide_033",
    "ffmpeg": "/opt/homebrew/bin/ffmpeg"
  },
  "trace_id": null,
  "duration_ms": 2993,
  "started_at": "2025-12-17T11:54:02.177538",
  "completed_at": "2025-12-17T03:54:05.172196",
  "step_config": {},
  "dependencies": [
    "slide_timeline"
  ]
}