{
  "address": "ai_session/part_08/chunk_00/09_apply_crop/slide_006",
  "status": "completed",
  "input": {
    "image_path": "output/ai_session/part_08/chunk_00/07_capture_frame/slide_006/artifacts/slide_006.png",
    "crop_region": {
      "x": 480,
      "y": 162,
      "width": 1420,
      "height": 885
    }
  },
  "output": "output/ai_session/part_08/chunk_00/09_apply_crop/slide_006/artifacts/slide_006.png",
  "artifacts": [
    "output/ai_session/part_08/chunk_00/09_apply_crop/slide_006/artifacts/slide_006.png"
  ],
  "metadata": {
    "source": "output/ai_session/part_08/chunk_00/07_capture_frame/slide_006/artifacts/slide_006.png",
    "applied": true,
    "crop_region": {
      "x": 480,
      "y": 162,
      "width": 1420,
      "height": 885
    },
    "size": {
      "width": 1420,
      "height": 885
    }
  },
  "trace_id": null,
  "duration_ms": 123,
  "started_at": "2025-12-16T00:48:23.673834",
  "completed_at": "2025-12-15T16:48:23.797577",
  "step_config": {},
  "dependencies": [
    "capture_frame",
    "crop_decision"
  ]
}