{
  "address": "ai_session/part_10/chunk_00/01_cut_chunk",
  "status": "completed",
  "input": {
    "video": "/Users/lichuan/Codes/TalkDistill/ai_session.mp4",
    "start": 9815.25,
    "duration": 791.75,
    "output_name": "chunk_high.mp4"
  },
  "output": {
    "path": "output/ai_session/part_10/chunk_00/01_cut_chunk/artifacts/chunk_high.mp4",
    "start": 9815.25,
    "duration": 791.75
  },
  "artifacts": [
    "output/ai_session/part_10/chunk_00/01_cut_chunk/artifacts/chunk_high.mp4"
  ],
  "metadata": {
    "ffmpeg": "/opt/homebrew/bin/ffmpeg",
    "start": 9815.25,
    "duration": 791.75,
    "size_bytes": 410102368
  },
  "trace_id": null,
  "duration_ms": 513,
  "started_at": "2025-12-16T01:12:05.042557",
  "completed_at": "2025-12-15T17:12:05.556792",
  "step_config": {},
  "dependencies": []
}