{
  "address": "ScienceEducationInnovation/part_04/chunk_00/07_capture_frame/slide_027",
  "status": "completed",
  "input": {
    "video": "output/ScienceEducationInnovation/part_04/chunk_00/01_cut_chunk/artifacts/chunk_high.mp4",
    "timestamp": "00:19:51.100",
    "frame_id": "slide_027",
    "output_ext": ".png"
  },
  "output": "output/ScienceEducationInnovation/part_04/chunk_00/07_capture_frame/slide_027/artifacts/slide_027.png",
  "artifacts": [
    "output/ScienceEducationInnovation/part_04/chunk_00/07_capture_frame/slide_027/artifacts/slide_027.png"
  ],
  "metadata": {
    "timestamp": "00:19:51.100",
    "frame_id": "slide_027",
    "ffmpeg": "/opt/homebrew/bin/ffmpeg"
  },
  "trace_id": null,
  "duration_ms": 2865,
  "started_at": "2025-12-21T23:17:27.057386",
  "completed_at": "2025-12-21T15:17:29.924566",
  "step_config": {},
  "dependencies": [
    "slide_timeline"
  ]
}