{
  "address": "ai_session/part_10/chunk_00/09_apply_crop/slide_011",
  "status": "completed",
  "input": {
    "image_path": "output/ai_session/part_10/chunk_00/07_capture_frame/slide_011/artifacts/slide_011.png",
    "crop_region": {
      "x": 153,
      "y": 97,
      "width": 1555,
      "height": 788
    }
  },
  "output": "output/ai_session/part_10/chunk_00/09_apply_crop/slide_011/artifacts/slide_011.png",
  "artifacts": [
    "output/ai_session/part_10/chunk_00/09_apply_crop/slide_011/artifacts/slide_011.png"
  ],
  "metadata": {
    "source": "output/ai_session/part_10/chunk_00/07_capture_frame/slide_011/artifacts/slide_011.png",
    "applied": true,
    "crop_region": {
      "x": 153,
      "y": 97,
      "width": 1555,
      "height": 788
    },
    "size": {
      "width": 1555,
      "height": 788
    }
  },
  "trace_id": null,
  "duration_ms": 107,
  "started_at": "2025-12-16T01:21:34.120785",
  "completed_at": "2025-12-15T17:21:34.228439",
  "step_config": {},
  "dependencies": [
    "capture_frame",
    "crop_decision"
  ]
}