{
  "address": "ai_session/part_00/chunk_00/07_capture_frame/slide_006",
  "status": "completed",
  "input": {
    "video": "output/ai_session/part_00/chunk_00/01_cut_chunk/artifacts/chunk_high.mp4",
    "timestamp": "00:11:44.700",
    "frame_id": "slide_006",
    "output_ext": ".png"
  },
  "output": "output/ai_session/part_00/chunk_00/07_capture_frame/slide_006/artifacts/slide_006.png",
  "artifacts": [
    "output/ai_session/part_00/chunk_00/07_capture_frame/slide_006/artifacts/slide_006.png"
  ],
  "metadata": {
    "timestamp": "00:11:44.700",
    "frame_id": "slide_006",
    "ffmpeg": "/opt/homebrew/bin/ffmpeg"
  },
  "trace_id": null,
  "duration_ms": 5253,
  "started_at": "2025-12-15T21:21:14.769915",
  "completed_at": "2025-12-15T13:21:20.873173",
  "step_config": {},
  "dependencies": [
    "slide_timeline"
  ]
}