{
  "address": "ai_session/part_01/chunk_00/09_apply_crop/slide_008",
  "status": "completed",
  "input": {
    "image_path": "output/ai_session/part_01/chunk_00/07_capture_frame/slide_008/artifacts/slide_008.png",
    "crop_region": {
      "x": 539,
      "y": 227,
      "width": 1380,
      "height": 829
    }
  },
  "output": "output/ai_session/part_01/chunk_00/09_apply_crop/slide_008/artifacts/slide_008.png",
  "artifacts": [
    "output/ai_session/part_01/chunk_00/09_apply_crop/slide_008/artifacts/slide_008.png"
  ],
  "metadata": {
    "source": "output/ai_session/part_01/chunk_00/07_capture_frame/slide_008/artifacts/slide_008.png",
    "applied": true,
    "crop_region": {
      "x": 539,
      "y": 227,
      "width": 1380,
      "height": 829
    },
    "size": {
      "width": 1380,
      "height": 829
    }
  },
  "trace_id": null,
  "duration_ms": 236,
  "started_at": "2025-12-15T22:21:11.737687",
  "completed_at": "2025-12-15T14:21:11.976671",
  "step_config": {},
  "dependencies": [
    "capture_frame",
    "crop_decision"
  ]
}