{
  "address": "ai_session/part_02/chunk_00/09_apply_crop/slide_013",
  "status": "completed",
  "input": {
    "image_path": "output/ai_session/part_02/chunk_00/07_capture_frame/slide_013/artifacts/slide_013.png",
    "crop_region": {
      "x": 558,
      "y": 174,
      "width": 1361,
      "height": 905
    }
  },
  "output": "output/ai_session/part_02/chunk_00/09_apply_crop/slide_013/artifacts/slide_013.png",
  "artifacts": [
    "output/ai_session/part_02/chunk_00/09_apply_crop/slide_013/artifacts/slide_013.png"
  ],
  "metadata": {
    "source": "output/ai_session/part_02/chunk_00/07_capture_frame/slide_013/artifacts/slide_013.png",
    "applied": true,
    "crop_region": {
      "x": 558,
      "y": 174,
      "width": 1361,
      "height": 905
    },
    "size": {
      "width": 1361,
      "height": 905
    }
  },
  "trace_id": null,
  "duration_ms": 192,
  "started_at": "2025-12-15T23:02:57.629459",
  "completed_at": "2025-12-15T15:02:57.828599",
  "step_config": {},
  "dependencies": [
    "capture_frame",
    "crop_decision"
  ]
}