{
  "address": "ai_session/part_03/chunk_00/07_capture_frame/slide_001",
  "status": "completed",
  "input": {
    "video": "output/ai_session/part_03/chunk_00/01_cut_chunk/artifacts/chunk_high.mp4",
    "timestamp": "00:00:01.800",
    "frame_id": "slide_001",
    "output_ext": ".png"
  },
  "output": "output/ai_session/part_03/chunk_00/07_capture_frame/slide_001/artifacts/slide_001.png",
  "artifacts": [
    "output/ai_session/part_03/chunk_00/07_capture_frame/slide_001/artifacts/slide_001.png"
  ],
  "metadata": {
    "timestamp": "00:00:01.800",
    "frame_id": "slide_001",
    "ffmpeg": "/opt/homebrew/bin/ffmpeg"
  },
  "trace_id": null,
  "duration_ms": 560,
  "started_at": "2025-12-15T23:19:15.553600",
  "completed_at": "2025-12-15T15:19:16.115400",
  "step_config": {},
  "dependencies": [
    "slide_timeline"
  ]
}