{
  "address": "ai_session/part_02/chunk_00/07_capture_frame/slide_015",
  "status": "completed",
  "input": {
    "video": "output/ai_session/part_02/chunk_00/01_cut_chunk/artifacts/chunk_high.mp4",
    "timestamp": "00:15:04.600",
    "frame_id": "slide_015",
    "output_ext": ".png"
  },
  "output": "output/ai_session/part_02/chunk_00/07_capture_frame/slide_015/artifacts/slide_015.png",
  "artifacts": [
    "output/ai_session/part_02/chunk_00/07_capture_frame/slide_015/artifacts/slide_015.png"
  ],
  "metadata": {
    "timestamp": "00:15:04.600",
    "frame_id": "slide_015",
    "ffmpeg": "/opt/homebrew/bin/ffmpeg"
  },
  "trace_id": null,
  "duration_ms": 3352,
  "started_at": "2025-12-15T23:00:01.446158",
  "completed_at": "2025-12-15T15:00:04.799567",
  "step_config": {},
  "dependencies": [
    "slide_timeline"
  ]
}