{
  "address": "day2_main/part_05/chunk_00/09_apply_crop/slide_001",
  "status": "completed",
  "input": {
    "image_path": "output/day2_main/part_05/chunk_00/07_capture_frame/slide_001/artifacts/slide_001.png",
    "crop_region": null
  },
  "output": "output/day2_main/part_05/chunk_00/09_apply_crop/slide_001/artifacts/slide_001.png",
  "artifacts": [
    "output/day2_main/part_05/chunk_00/09_apply_crop/slide_001/artifacts/slide_001.png"
  ],
  "metadata": {
    "source": "output/day2_main/part_05/chunk_00/07_capture_frame/slide_001/artifacts/slide_001.png",
    "applied": false
  },
  "trace_id": null,
  "duration_ms": 8,
  "started_at": "2025-12-17T21:35:09.861598",
  "completed_at": "2025-12-17T13:35:09.880160",
  "step_config": {},
  "dependencies": [
    "capture_frame",
    "crop_decision"
  ]
}