{
  "address": "ScienceEducationInnovation/part_02/chunk_00/07_capture_frame/slide_002",
  "status": "completed",
  "input": {
    "video": "output/ScienceEducationInnovation/part_02/chunk_00/01_cut_chunk/artifacts/chunk_high.mp4",
    "timestamp": "00:00:32.580",
    "frame_id": "slide_002",
    "output_ext": ".png"
  },
  "output": "output/ScienceEducationInnovation/part_02/chunk_00/07_capture_frame/slide_002/artifacts/slide_002.png",
  "artifacts": [
    "output/ScienceEducationInnovation/part_02/chunk_00/07_capture_frame/slide_002/artifacts/slide_002.png"
  ],
  "metadata": {
    "timestamp": "00:00:32.580",
    "frame_id": "slide_002",
    "ffmpeg": "/opt/homebrew/bin/ffmpeg"
  },
  "trace_id": null,
  "duration_ms": 507,
  "started_at": "2025-12-17T10:50:27.899604",
  "completed_at": "2025-12-17T02:50:28.410211",
  "step_config": {},
  "dependencies": [
    "slide_timeline"
  ]
}