{
  "id": "sec_7",
  "index": 6,
  "title": "联合社区持续创新，服务千行百业",
  "time_range": "00:12:32,820 - 00:14:14,140",
  "script": "面向未来，百度也将持续与开源社区合作。我们将基于BaiduLinux CloudOS在全场景的实践，提炼共性需求，与社区开展联合创新，共同推动操作系统技术在更多行业落地。在社区共建上，未来我们也将重点投入在三个方向。第一，联合发布业内首个Arm CCA机密计算解决方案，并推动该技术从通用计算走向智能计算。第二，作为异构融合产学研联盟首批成员，和社区共建软件标准。第三，积极参加AI工作组，打造智能化平台，助力企业进行智能化转型。在技术联创方面，我们也将聚焦三个领域：第一，面向超节点，攻关内存池化、设备池化、通信加速等核心技术，打造超节点原生的操作系统。第二，在系统智能化方面，打造操作系统领域的旗舰产品，提升系统部署和运维效率。第三，在机密计算领域，推进机密计算从虚拟机向容器演进，构建全栈安全方案。最后，再次感谢openEuler的邀请。智能生成无限可能，也欢迎大家进一步来了解百度智能云，了解我们的智算原生混合云产品。谢谢大家。",
  "summary": "百度将持续与开源社区合作，在社区共建和技术联创两方面投入。社区共建方面，将重点投入Arm CCA机密计算、异构融合软件标准和AI工作组三个方向。技术联创方面，将聚焦超节点原生操作系统、系统智能化和机密计算容器化演进三个领域，以服务千行百业。"
}