{
  "address": "ai_session/part_02/chunk_00/03_srt_slice",
  "status": "completed",
  "input": {
    "global_srt": "output/ai_session/part_-01/chunk_-01/00_global_funasr/artifacts/global.srt",
    "start_ms": 2028760.0,
    "end_ms": 3529920.0,
    "output_name": "chunk_baseline.srt"
  },
  "output": [
    {
      "index": 1,
      "start": 0,
      "end": 0,
      "text": "谢谢。"
    },
    {
      "index": 2,
      "start": 0,
      "end": 7.69,
      "text": "然后下面呢有请嗯我们的那个招商证证股股份有限公司核心的系统架构师黄静先生，"
    },
    {
      "index": 3,
      "start": 7.69,
      "end": 13.87,
      "text": "给我们带来基于大模型的新一代核心交易信创系统智能调优探索，"
    },
    {
      "index": 4,
      "start": 14.29,
      "end": 15.005,
      "text": "大家欢迎。"
    },
    {
      "index": 5,
      "start": 24.59,
      "end": 24.830000000000233,
      "text": "呃，"
    },
    {
      "index": 6,
      "start": 24.87,
      "end": 25.39,
      "text": "大家好，"
    },
    {
      "index": 7,
      "start": 25.43,
      "end": 25.629999999999768,
      "text": "呃，"
    },
    {
      "index": 8,
      "start": 25.629999999999768,
      "end": 27.59,
      "text": "我是来自那个招商证券的黄俊。"
    },
    {
      "index": 9,
      "start": 28.01,
      "end": 28.250000000000234,
      "text": "呃，"
    },
    {
      "index": 10,
      "start": 28.790000000000234,
      "end": 32.61,
      "text": "这次呃我给大家带来的一个分享是想基于大模型技术，"
    },
    {
      "index": 11,
      "start": 32.61,
      "end": 35.83000000000023,
      "text": "在我们一些核心系统其实是国产化地代，"
    },
    {
      "index": 12,
      "start": 35.83000000000023,
      "end": 40.664,
      "text": "就是新创这个领域想做一些性能差距的一些补齐的一些探索。"
    },
    {
      "index": 13,
      "start": 42.399999999999764,
      "end": 42.64,
      "text": "呃，"
    },
    {
      "index": 14,
      "start": 42.959999999999766,
      "end": 45.47999999999977,
      "text": "首先就是赵例还是来一个自我介绍啊，"
    },
    {
      "index": 15,
      "start": 45.76,
      "end": 49.28,
      "text": "我在招商经济目前供职是做核心系统架构师，"
    },
    {
      "index": 16,
      "start": 49.36,
      "end": 52.76,
      "text": "然后也兼职公司的一个 devo SS devo bos 的一个校能教练。"
    },
    {
      "index": 17,
      "start": 53.16,
      "end": 53.399999999999764,
      "text": "呃，"
    },
    {
      "index": 18,
      "start": 53.500000000000234,
      "end": 55.74,
      "text": "主要技术 flag 呢我大概列了五个，"
    },
    {
      "index": 19,
      "start": 55.76,
      "end": 60.26,
      "text": "一个就是今年有幸呃就是参与了这个开放原子开源基金会。"
    },
    {
      "index": 20,
      "start": 60.41999999999977,
      "end": 60.56000000000023,
      "text": "呃，"
    },
    {
      "index": 21,
      "start": 60.56000000000023,
      "end": 63.78,
      "text": "我们 open 奥拉这个社区的 AI 联合工作组成员。"
    },
    {
      "index": 22,
      "start": 64.26,
      "end": 64.50000000000023,
      "text": "呃，"
    },
    {
      "index": 23,
      "start": 64.84,
      "end": 70.34,
      "text": "另外就是过去三年就有幸在创园会当选了他们的一个年度营业生的一个 MVP。"
    },
    {
      "index": 24,
      "start": 70.74,
      "end": 70.96,
      "text": "呃，"
    },
    {
      "index": 25,
      "start": 70.96,
      "end": 76.41,
      "text": "这个创园会呢其实是全球那个云原生计算基金会跟那个华为啊，"
    },
    {
      "index": 26,
      "start": 76.41,
      "end": 79.83,
      "text": "还有新能工业组织的一个云原生技术的一个交流组织。"
    },
    {
      "index": 27,
      "start": 80.21,
      "end": 80.45,
      "text": "呃，"
    },
    {
      "index": 28,
      "start": 80.45,
      "end": 84.21,
      "text": "如果大家有兴趣也可以呃去参加一下呃软件。"
    },
    {
      "index": 29,
      "start": 84.21,
      "end": 88.23,
      "text": "在这一块呢呃过去我一开始其实是做前端出身的，"
    },
    {
      "index": 30,
      "start": 88.23,
      "end": 89.63,
      "text": "就做过安卓 IOS 啊，"
    },
    {
      "index": 31,
      "start": 89.63,
      "end": 92.75,
      "text": "包括 h 五后面就也包括董赖 t，"
    },
    {
      "index": 32,
      "start": 92.75,
      "end": 94.47,
      "text": "可能 java 后台也做过开发。"
    },
    {
      "index": 33,
      "start": 95.01,
      "end": 95.25,
      "text": "呃，"
    },
    {
      "index": 34,
      "start": 95.27,
      "end": 98.31,
      "text": "develops 这一边呢呃大概拥有十多年的一个带团经验，"
    },
    {
      "index": 35,
      "start": 98.31,
      "end": 101.07,
      "text": "就可能对过去的那种瀑布式的模型啊，"
    },
    {
      "index": 36,
      "start": 101.07,
      "end": 105.16,
      "text": "包括现在这都让民经理带都有那个带团的一个经验。"
    },
    {
      "index": 37,
      "start": 105.6,
      "end": 105.82,
      "text": "呃，"
    },
    {
      "index": 38,
      "start": 105.82,
      "end": 107.8,
      "text": "最后就是我是公司的一个内训讲师，"
    },
    {
      "index": 39,
      "start": 107.8,
      "end": 109.06,
      "text": "然后也是 TWT，"
    },
    {
      "index": 40,
      "start": 109.18,
      "end": 112.205,
      "text": "他邀请我回去做过一次那个技术主持。"
    },
    {
      "index": 41,
      "start": 114.03,
      "end": 114.27,
      "text": "呃，"
    },
    {
      "index": 42,
      "start": 114.41,
      "end": 116.35,
      "text": "本次我的分享大概也会分为四块。"
    },
    {
      "index": 43,
      "start": 116.57,
      "end": 119.99,
      "text": "就首先还是会讲一下整体一个国产化替代的过程中，"
    },
    {
      "index": 44,
      "start": 120.09,
      "end": 123.59,
      "text": "我们全面落地的时候遇到的一些痛点跟一些挑战挑战。"
    },
    {
      "index": 45,
      "start": 123.69,
      "end": 126.95,
      "text": "然后第二块我们可能就快速呃讲解一下，"
    },
    {
      "index": 46,
      "start": 126.95,
      "end": 128.67,
      "text": "就是大模型技术出现之后，"
    },
    {
      "index": 47,
      "start": 128.67,
      "end": 133.17,
      "text": "我们能带来给那我们的一些技术方案层面的一些更新的机遇。"
    },
    {
      "index": 48,
      "start": 133.17,
      "end": 133.41,
      "text": "呃，"
    },
    {
      "index": 49,
      "start": 133.77,
      "end": 141.77,
      "text": "第三块就呃想想跟大家分享一下我们设计的一个呃这个智能调优方案的一个呃细节点，"
    },
    {
      "index": 50,
      "start": 141.77,
      "end": 142.95,
      "text": "或者跟一些创新点。"
    },
    {
      "index": 51,
      "start": 142.95,
      "end": 143.19,
      "text": "呃，"
    },
    {
      "index": 52,
      "start": 143.8,
      "end": 147.22,
      "text": "第四块呢还是就是基于整个新创这种技术生态，"
    },
    {
      "index": 53,
      "start": 147.36,
      "end": 150.465,
      "text": "还是想跟大家一起做一些创意跟共创。"
    },
    {
      "index": 54,
      "start": 152.94,
      "end": 153.18,
      "text": "呃，"
    },
    {
      "index": 55,
      "start": 153.48,
      "end": 155.98,
      "text": "这一块呢呃其实因为时间有限，"
    },
    {
      "index": 56,
      "start": 155.98,
      "end": 157.2,
      "text": "这块我们就不细讲了，"
    },
    {
      "index": 57,
      "start": 157.2,
      "end": 158.76,
      "text": "因为字比较多面也比较多。"
    },
    {
      "index": 58,
      "start": 159.04,
      "end": 159.28,
      "text": "呃，"
    },
    {
      "index": 59,
      "start": 159.38,
      "end": 160.76,
      "text": "如果是做信创的同学，"
    },
    {
      "index": 60,
      "start": 160.76,
      "end": 162.44,
      "text": "应该这一些就比较熟悉了。"
    },
    {
      "index": 61,
      "start": 162.44,
      "end": 165.4,
      "text": "就包括呃硬件层的 CPU 啊、"
    },
    {
      "index": 62,
      "start": 165.4,
      "end": 167.36,
      "text": "网卡啊这种低时间交换机啊，"
    },
    {
      "index": 63,
      "start": 167.36,
      "end": 168.14,
      "text": "包括存储啊，"
    },
    {
      "index": 64,
      "start": 168.32,
      "end": 170.08,
      "text": "在跟国外竞品，"
    },
    {
      "index": 65,
      "start": 170.08,
      "end": 173.36,
      "text": "其实我们差距都还呃有不小的啊。"
    },
    {
      "index": 66,
      "start": 173.5,
      "end": 178.46,
      "text": "就因为这些涉及一些底层的一些先进式制制的这种使使用，"
    },
    {
      "index": 67,
      "start": 178.54,
      "end": 181.3,
      "text": "可能短期内还是需要一定的这种突破。"
    },
    {
      "index": 68,
      "start": 181.3,
      "end": 181.54,
      "text": "呃，"
    },
    {
      "index": 69,
      "start": 182.0,
      "end": 183.17,
      "text": "在软这层面呢，"
    },
    {
      "index": 70,
      "start": 183.17,
      "end": 185.61,
      "text": "我们觉得可能它差距相对来说会更小一点，"
    },
    {
      "index": 71,
      "start": 185.65,
      "end": 188.67,
      "text": "特别是像操作系统啊 GDK 这种呃，"
    },
    {
      "index": 72,
      "start": 188.67,
      "end": 189.75,
      "text": "我觉得就国内而言，"
    },
    {
      "index": 73,
      "start": 189.75,
      "end": 194.53,
      "text": "它的这种呃开源跟这种商务的一个有效闭环。"
    },
    {
      "index": 74,
      "start": 194.55,
      "end": 196.33,
      "text": "其实已经这种模式已经跑通了，"
    },
    {
      "index": 75,
      "start": 196.47,
      "end": 197.71,
      "text": "就以欧拉为例，"
    },
    {
      "index": 76,
      "start": 197.79,
      "end": 199.83,
      "text": "就欧拉我们这一次做这个分享，"
    },
    {
      "index": 77,
      "start": 199.95,
      "end": 202.57,
      "text": "我们看到它是一个操作系统的生态底座。"
    },
    {
      "index": 78,
      "start": 202.79,
      "end": 204.55,
      "text": "然后呢上面会有统信啊、"
    },
    {
      "index": 79,
      "start": 204.57,
      "end": 207.51,
      "text": "麒麟啊这种商务发行码来做增增强。"
    },
    {
      "index": 80,
      "start": 207.81,
      "end": 210.39,
      "text": "然后通过这种商务商务增强发行呢，"
    },
    {
      "index": 81,
      "start": 210.51,
      "end": 212.37,
      "text": "你拿到一些持续的商务收益，"
    },
    {
      "index": 82,
      "start": 212.37,
      "end": 215.18,
      "text": "一直你是可以反馈给开源社区，"
    },
    {
      "index": 83,
      "start": 215.34,
      "end": 217.5,
      "text": "从而使你整个生态全面开花的。"
    },
    {
      "index": 84,
      "start": 217.56,
      "end": 218.8,
      "text": "其实这一块在 JDK，"
    },
    {
      "index": 85,
      "start": 218.8,
      "end": 220.92,
      "text": "我们觉得也是已经开始有这个苗头了。"
    },
    {
      "index": 86,
      "start": 221.12,
      "end": 222.16,
      "text": "就毕胜 JDK，"
    },
    {
      "index": 87,
      "start": 222.16,
      "end": 224.16,
      "text": "它底座也是呃开源的，"
    },
    {
      "index": 88,
      "start": 224.16,
      "end": 227.48,
      "text": "然后呢上面有 SV 厂商来做一个增强的发行。"
    },
    {
      "index": 89,
      "start": 227.48,
      "end": 227.72,
      "text": "呃，"
    },
    {
      "index": 90,
      "start": 228.16,
      "end": 229.44,
      "text": "我们像宝兰德啊，"
    },
    {
      "index": 91,
      "start": 229.44,
      "end": 230.64,
      "text": "呃东方通啊，"
    },
    {
      "index": 92,
      "start": 230.64,
      "end": 231.94,
      "text": "基本上都有这一块的方案。"
    },
    {
      "index": 93,
      "start": 231.94,
      "end": 232.18,
      "text": "呃，"
    },
    {
      "index": 94,
      "start": 232.66,
      "end": 235.66,
      "text": "下面两个呢其实我就只讲一下数据库了。"
    },
    {
      "index": 95,
      "start": 235.66,
      "end": 238.1,
      "text": "数据库我们呃就准备从两个方面讲，"
    },
    {
      "index": 96,
      "start": 238.1,
      "end": 239.84,
      "text": "一个就是呃分布式场景。"
    },
    {
      "index": 97,
      "start": 239.84,
      "end": 243.45,
      "text": "分布式场景我们知道就以 OCNASE 为例，"
    },
    {
      "index": 98,
      "start": 243.45,
      "end": 243.59,
      "text": "呃，"
    },
    {
      "index": 99,
      "start": 243.59,
      "end": 249.75,
      "text": "他在这种双十一这种高超高并发的这种呃场景下面已经是经历了很多年了。"
    },
    {
      "index": 100,
      "start": 249.75,
      "end": 253.83,
      "text": "所以相对来说我们觉得它的技术水平在国放到国际上去比，"
    },
    {
      "index": 101,
      "start": 253.83,
      "end": 256.53,
      "text": "我觉得至少呃哪不哪怕不说领先，"
    },
    {
      "index": 102,
      "start": 256.55,
      "end": 257.85,
      "text": "至少应该是并驾齐驱的。"
    },
    {
      "index": 103,
      "start": 258.21,
      "end": 258.45,
      "text": "呃，"
    },
    {
      "index": 104,
      "start": 258.51,
      "end": 259.81,
      "text": "但在集中式场景，"
    },
    {
      "index": 105,
      "start": 259.81,
      "end": 261.85,
      "text": "我们如果以替代 oracle 为目标的话，"
    },
    {
      "index": 106,
      "start": 261.85,
      "end": 264.23,
      "text": "我觉得可能还是有一些些的差距。"
    },
    {
      "index": 107,
      "start": 264.39,
      "end": 265.87,
      "text": "就虽然性能的话，"
    },
    {
      "index": 108,
      "start": 265.87,
      "end": 268.85,
      "text": "我们也尝试结合这种软硬件的链条的能力啊，"
    },
    {
      "index": 109,
      "start": 268.91,
      "end": 270.53,
      "text": "把它能基本抹平。"
    },
    {
      "index": 110,
      "start": 270.87,
      "end": 271.11,
      "text": "呃，"
    },
    {
      "index": 111,
      "start": 271.13,
      "end": 273.16,
      "text": "但是在整个产品的成速度啊，"
    },
    {
      "index": 112,
      "start": 273.16,
      "end": 275.26,
      "text": "包括上下游的工具链的成熟度方面，"
    },
    {
      "index": 113,
      "start": 275.52,
      "end": 275.76,
      "text": "呃，"
    },
    {
      "index": 114,
      "start": 276.04,
      "end": 278.3,
      "text": "当然也有社区生态的一个规模方面，"
    },
    {
      "index": 115,
      "start": 278.42,
      "end": 281.275,
      "text": "确实呃还是有一些比较大的欠缺。"
    },
    {
      "index": 116,
      "start": 282.13,
      "end": 282.37,
      "text": "呃，"
    },
    {
      "index": 117,
      "start": 282.49,
      "end": 282.99,
      "text": "当然了，"
    },
    {
      "index": 118,
      "start": 282.99,
      "end": 285.43,
      "text": "就上面那些呢就是说虽然我们说有差距，"
    },
    {
      "index": 119,
      "start": 285.43,
      "end": 287.83,
      "text": "但是你如果要做零到一的这种替代，"
    },
    {
      "index": 120,
      "start": 287.83,
      "end": 289.39,
      "text": "我觉得还是至少有产品可用。"
    },
    {
      "index": 121,
      "start": 289.85,
      "end": 290.09,
      "text": "呃，"
    },
    {
      "index": 122,
      "start": 290.09,
      "end": 295.37,
      "text": "这一块呢就是我们发现就是说如果你要做这种全面的铺广呃铺开推广，"
    },
    {
      "index": 123,
      "start": 295.51,
      "end": 300.29,
      "text": "就是你要做到从一到十从甚至从十到一百的这个效果。"
    },
    {
      "index": 124,
      "start": 300.59,
      "end": 300.83,
      "text": "呃，"
    },
    {
      "index": 125,
      "start": 300.83,
      "end": 303.33,
      "text": "这一块我觉得是一个组织层面的一些差距。"
    },
    {
      "index": 126,
      "start": 303.33,
      "end": 306.61,
      "text": "就是说呃在传统我们的这种企业架构之中啊，"
    },
    {
      "index": 127,
      "start": 306.71,
      "end": 308.89,
      "text": "开发跟运维它是严格分离的嘛。"
    },
    {
      "index": 128,
      "start": 309.07,
      "end": 313.1,
      "text": "所以一般我们看到系统开发可能会侧重业务开发一点。"
    },
    {
      "index": 129,
      "start": 313.18,
      "end": 317.42,
      "text": "运维呢它会整呃注重整个系统的一个运行稳定性。"
    },
    {
      "index": 130,
      "start": 317.8,
      "end": 320.42,
      "text": "所以这里面就如果要做新仓替代的话，"
    },
    {
      "index": 131,
      "start": 320.42,
      "end": 323.28,
      "text": "中间就有一块就是调优这块的职责没人做。"
    },
    {
      "index": 132,
      "start": 324.0,
      "end": 324.24,
      "text": "呃，"
    },
    {
      "index": 133,
      "start": 324.24,
      "end": 326.88,
      "text": "这其实就是我们想做这个方案的一个初衷。"
    },
    {
      "index": 134,
      "start": 327.14,
      "end": 330.2,
      "text": "就我们希望呃借助这种大模型的技术啊，"
    },
    {
      "index": 135,
      "start": 330.2,
      "end": 333.68,
      "text": "能把这些专家经验能够沉淀到这种模型库中，"
    },
    {
      "index": 136,
      "start": 334.0,
      "end": 335.54,
      "text": "然后来加以复用，"
    },
    {
      "index": 137,
      "start": 335.76,
      "end": 339.555,
      "text": "由此来弥补中间这一块那个调优职责的一个缺失的问题。"
    },
    {
      "index": 138,
      "start": 342.39,
      "end": 342.63,
      "text": "呃，"
    },
    {
      "index": 139,
      "start": 342.67,
      "end": 345.39,
      "text": "当然就是因为大模型其实技术也非常新啊，"
    },
    {
      "index": 140,
      "start": 345.43,
      "end": 348.65,
      "text": "刚刚呃呃那个呃老师也说了，"
    },
    {
      "index": 141,
      "start": 348.65,
      "end": 352.19,
      "text": "就是其实呃它是还是有一些不确信因素的表现，"
    },
    {
      "index": 142,
      "start": 352.19,
      "end": 354.25,
      "text": "最突出的其实就是幻觉。"
    },
    {
      "index": 143,
      "start": 354.57,
      "end": 361.01,
      "text": "我这里就恰好那天我想把这个主题啊让杜博爱生成一个一个胶片。"
    },
    {
      "index": 144,
      "start": 361.67,
      "end": 361.91,
      "text": "呃，"
    },
    {
      "index": 145,
      "start": 361.99,
      "end": 363.59,
      "text": "其实整体效果大家可以看到，"
    },
    {
      "index": 146,
      "start": 363.59,
      "end": 364.73,
      "text": "应该已经达到，"
    },
    {
      "index": 147,
      "start": 364.73,
      "end": 367.83,
      "text": "至少我这边百分之八十多的九十的一个预期了。"
    },
    {
      "index": 148,
      "start": 367.87,
      "end": 371.94,
      "text": "但是很明显的就是这个下面这里有两个地方有还是有些妙误。"
    },
    {
      "index": 149,
      "start": 372.16,
      "end": 378.52,
      "text": "就第一个就是呃他把这个中实性幻觉下面一些说明内容跟这个中实性幻觉，"
    },
    {
      "index": 150,
      "start": 378.52,
      "end": 381.44,
      "text": "这个一级标题做了一个并并列。"
    },
    {
      "index": 151,
      "start": 381.62,
      "end": 383.96,
      "text": "其实我们知道这种是肯定是不是一个并列，"
    },
    {
      "index": 152,
      "start": 383.96,
      "end": 385.04,
      "text": "是一个重属的关系。"
    },
    {
      "index": 153,
      "start": 385.06,
      "end": 385.24,
      "text": "啊，"
    },
    {
      "index": 154,
      "start": 385.24,
      "end": 386.22,
      "text": "这种逻辑关系呢，"
    },
    {
      "index": 155,
      "start": 386.3,
      "end": 387.72,
      "text": "其实你通过语言模型，"
    },
    {
      "index": 156,
      "start": 387.74,
      "end": 390.84,
      "text": "你的那种金属算法其实是不一定能识别到的。"
    },
    {
      "index": 157,
      "start": 390.9,
      "end": 394.24,
      "text": "因为它是它已经超脱了常规的这种语言逻辑了。"
    },
    {
      "index": 158,
      "start": 394.54,
      "end": 394.78,
      "text": "呃，"
    },
    {
      "index": 159,
      "start": 394.84,
      "end": 397.62,
      "text": "第二块呢就是说呃就比较明显了，"
    },
    {
      "index": 160,
      "start": 397.62,
      "end": 400.26,
      "text": "就是一个呃内容的一个重复，"
    },
    {
      "index": 161,
      "start": 400.26,
      "end": 402.67,
      "text": "这种相当就对我们就比较致命了。"
    },
    {
      "index": 162,
      "start": 402.67,
      "end": 404.13,
      "text": "因为这是一个非常明显，"
    },
    {
      "index": 163,
      "start": 404.13,
      "end": 406.11,
      "text": "普通用户也能识别出来的一些错误。"
    },
    {
      "index": 164,
      "start": 406.53,
      "end": 406.77,
      "text": "嗯，"
    },
    {
      "index": 165,
      "start": 407.11,
      "end": 411.45,
      "text": "但是我们就是说呃我们既想用这个大模型的一些优势，"
    },
    {
      "index": 166,
      "start": 411.71,
      "end": 414.97,
      "text": "那同时呢还是得想办法要摒弃它的一些劣势。"
    },
    {
      "index": 167,
      "start": 415.27,
      "end": 415.51,
      "text": "呃，"
    },
    {
      "index": 168,
      "start": 415.85,
      "end": 418.09,
      "text": "所以我们就呃想了一些办法，"
    },
    {
      "index": 169,
      "start": 418.09,
      "end": 420.13,
      "text": "当然首先还是想讲讲大模型，"
    },
    {
      "index": 170,
      "start": 420.13,
      "end": 421.67,
      "text": "我们用的它的一些长处吧。"
    },
    {
      "index": 171,
      "start": 421.87,
      "end": 422.09,
      "text": "啊，"
    },
    {
      "index": 172,
      "start": 422.09,
      "end": 425.57,
      "text": "当然就在这个呃介绍大模型之前还是稍微做一点导入，"
    },
    {
      "index": 173,
      "start": 425.57,
      "end": 427.57,
      "text": "就是整个系统调优这一块，"
    },
    {
      "index": 174,
      "start": 427.57,
      "end": 429.95,
      "text": "其实业界其实已经也有很多年了，"
    },
    {
      "index": 175,
      "start": 430.01,
      "end": 430.75,
      "text": "也有各种工具。"
    },
    {
      "index": 176,
      "start": 430.75,
      "end": 430.99,
      "text": "呃，"
    },
    {
      "index": 177,
      "start": 431.36,
      "end": 432.5,
      "text": "不管是数据库的也好，"
    },
    {
      "index": 178,
      "start": 432.5,
      "end": 433.96,
      "text": "还是 linux 的也好，"
    },
    {
      "index": 179,
      "start": 434.28,
      "end": 434.52,
      "text": "呃，"
    },
    {
      "index": 180,
      "start": 434.52,
      "end": 436.04,
      "text": "那我们这边拿到一个对标的，"
    },
    {
      "index": 181,
      "start": 436.04,
      "end": 439.14,
      "text": "就是目前其实呃在应用大模型之前，"
    },
    {
      "index": 182,
      "start": 439.38,
      "end": 441.4,
      "text": "应该算是一个最先进的一个优化框架。"
    },
    {
      "index": 183,
      "start": 441.4,
      "end": 444.56,
      "text": "就是贝叶斯呃迭代模呃代理模型这一套。"
    },
    {
      "index": 184,
      "start": 444.94,
      "end": 445.18,
      "text": "呃，"
    },
    {
      "index": 185,
      "start": 445.18,
      "end": 454.46,
      "text": "他基本上其实也他的思路其实也是呃希望基于贝叶斯定理来找到这个函数的一些就是条件函数的一些最大值或者最小值。"
    },
    {
      "index": 186,
      "start": 454.76,
      "end": 456.5,
      "text": "然后呢呃在这个过程中，"
    },
    {
      "index": 187,
      "start": 456.5,
      "end": 458.22,
      "text": "它是可以做一轮轮的迭代，"
    },
    {
      "index": 188,
      "start": 458.32,
      "end": 459.0,
      "text": "上一轮迭代。"
    },
    {
      "index": 189,
      "start": 459.0,
      "end": 461.155,
      "text": "它拿到的这些历史的运行信息啊，"
    },
    {
      "index": 190,
      "start": 461.45,
      "end": 463.21,
      "text": "可以指导下一次的优化，"
    },
    {
      "index": 191,
      "start": 463.39,
      "end": 465.43,
      "text": "来调整你那个参数集的一些取值。"
    },
    {
      "index": 192,
      "start": 465.99,
      "end": 466.23,
      "text": "呃，"
    },
    {
      "index": 193,
      "start": 466.29,
      "end": 468.73,
      "text": "整体的逻辑其实我差不多就是这个图吧。"
    },
    {
      "index": 194,
      "start": 468.81,
      "end": 471.17,
      "text": "就你将负负载特征化之后，"
    },
    {
      "index": 195,
      "start": 471.35,
      "end": 474.67,
      "text": "你就可以通过那个专家来做一些关键参数，"
    },
    {
      "index": 196,
      "start": 474.67,
      "end": 476.09,
      "text": "调优参数的一些选型。"
    },
    {
      "index": 197,
      "start": 476.43,
      "end": 477.51,
      "text": "选了这个范围之后，"
    },
    {
      "index": 198,
      "start": 477.55,
      "end": 479.19,
      "text": "就可以来训练你这个代理模型。"
    },
    {
      "index": 199,
      "start": 479.55,
      "end": 481.49,
      "text": "然后代理模型训练出入来之后，"
    },
    {
      "index": 200,
      "start": 481.49,
      "end": 485.59,
      "text": "它就具备了智能来生成这些参数配置方案的一个能力。"
    },
    {
      "index": 201,
      "start": 485.89,
      "end": 486.13,
      "text": "呃，"
    },
    {
      "index": 202,
      "start": 486.35,
      "end": 487.99,
      "text": "一旦通过它生成这个方案，"
    },
    {
      "index": 203,
      "start": 487.99,
      "end": 491.225,
      "text": "你就可以通过 a 景的下发到你的应用节点去做执行，"
    },
    {
      "index": 204,
      "start": 491.6,
      "end": 493.7,
      "text": "同时通过 agent 来采集它。"
    },
    {
      "index": 205,
      "start": 493.7,
      "end": 495.74,
      "text": "你这个运行数据有这个运行数据，"
    },
    {
      "index": 206,
      "start": 495.74,
      "end": 503.08,
      "text": "其实你就又又可以传回给后端这个代理模型来做一下一轮的一个呃校相当于一个校正。"
    },
    {
      "index": 207,
      "start": 503.12,
      "end": 503.28,
      "text": "呃，"
    },
    {
      "index": 208,
      "start": 503.28,
      "end": 506.66,
      "text": "由此呢就又可以做新一轮的那个那个参数下发，"
    },
    {
      "index": 209,
      "start": 506.7,
      "end": 509.92,
      "text": "就可以形成一个持续的一个呃自循环。"
    },
    {
      "index": 210,
      "start": 509.92,
      "end": 514.76,
      "text": "然后最终可以达到就说你整个环境的那个性能效果比较稳定之后，"
    },
    {
      "index": 211,
      "start": 514.94,
      "end": 517.965,
      "text": "你的这个调优方案相对来说就应该是比较成熟了。"
    },
    {
      "index": 212,
      "start": 520.05,
      "end": 521.07,
      "text": "呃呃，"
    },
    {
      "index": 213,
      "start": 521.09,
      "end": 521.77,
      "text": "刚刚我们说了，"
    },
    {
      "index": 214,
      "start": 521.77,
      "end": 524.77,
      "text": "就那个是我们就是说对标的一个方案。"
    },
    {
      "index": 215,
      "start": 524.83,
      "end": 530.21,
      "text": "那我们所以还是把如果我们要用这种大模型来做一个中能综合的型的智能调优方案，"
    },
    {
      "index": 216,
      "start": 530.33,
      "end": 533.63,
      "text": "跟它贝叶斯会有了一些呃比较性的优势。"
    },
    {
      "index": 217,
      "start": 534.03,
      "end": 535.65,
      "text": "就我们从第二条开始，"
    },
    {
      "index": 218,
      "start": 535.67,
      "end": 537.39,
      "text": "就是呃负载感知这一块。"
    },
    {
      "index": 219,
      "start": 537.39,
      "end": 540.51,
      "text": "其实刚刚那个贝叶斯的整个循环，"
    },
    {
      "index": 220,
      "start": 540.51,
      "end": 544.09,
      "text": "我们觉得其实它已经初步有一些这种系统感知的能力的。"
    },
    {
      "index": 221,
      "start": 544.11,
      "end": 547.27,
      "text": "当然它可能呃没有智能化的能力，"
    },
    {
      "index": 222,
      "start": 547.27,
      "end": 550.3,
      "text": "所以这一块也是我们想用大模型的一个最大的优是。"
    },
    {
      "index": 223,
      "start": 550.3,
      "end": 554.98,
      "text": "它就可以呃实现这种细粒度跟多维度的一些呃负载的分析，"
    },
    {
      "index": 224,
      "start": 554.98,
      "end": 558.22,
      "text": "然后来由此来识别一些关键的一个性能瓶颈点。"
    },
    {
      "index": 225,
      "start": 558.22,
      "end": 558.32,
      "text": "呃，"
    },
    {
      "index": 226,
      "start": 558.32,
      "end": 560.42,
      "text": "就不只是基于一些规则项了。"
    },
    {
      "index": 227,
      "start": 560.58,
      "end": 560.72,
      "text": "呃，"
    },
    {
      "index": 228,
      "start": 560.72,
      "end": 561.82,
      "text": "参数识别这一块呢，"
    },
    {
      "index": 229,
      "start": 561.82,
      "end": 564.82,
      "text": "刚刚其实贝叶斯这边刚刚特地呃特别提过了，"
    },
    {
      "index": 230,
      "start": 564.82,
      "end": 569.12,
      "text": "就他可能还是需要专家来筛选这些关键参数，"
    },
    {
      "index": 231,
      "start": 569.18,
      "end": 573.5,
      "text": "就是你还是一摆脱了不了人工的这个呃束缚。"
    },
    {
      "index": 232,
      "start": 573.92,
      "end": 575.6,
      "text": "而大模型方案这一块，"
    },
    {
      "index": 233,
      "start": 575.6,
      "end": 578.0,
      "text": "其实是我们最其实最看看重的。"
    },
    {
      "index": 234,
      "start": 578.0,
      "end": 582.81,
      "text": "我们希望就是把这些呃知识啊形成领域知识沉淀到大模型。"
    },
    {
      "index": 235,
      "start": 583.21,
      "end": 583.43,
      "text": "呃，"
    },
    {
      "index": 236,
      "start": 583.43,
      "end": 586.71,
      "text": "不管是基于 reg 库还是说基于调优呃微调，"
    },
    {
      "index": 237,
      "start": 587.03,
      "end": 588.75,
      "text": "然后结合这个工作负载，"
    },
    {
      "index": 238,
      "start": 588.75,
      "end": 590.35,
      "text": "能够自动识别一些关键参数，"
    },
    {
      "index": 239,
      "start": 590.35,
      "end": 592.21,
      "text": "来形成这个参数呃调优的方案。"
    },
    {
      "index": 240,
      "start": 592.73,
      "end": 592.97,
      "text": "呃，"
    },
    {
      "index": 241,
      "start": 593.33,
      "end": 596.65,
      "text": "有由由上面其实就决定下面这个调优范围了。"
    },
    {
      "index": 242,
      "start": 596.65,
      "end": 601.91,
      "text": "就肯定贝析师这边呢呃它只能做部分参数的这种写调优，"
    },
    {
      "index": 243,
      "start": 601.91,
      "end": 603.99,
      "text": "它没办法做到大规模的这种调优。"
    },
    {
      "index": 244,
      "start": 604.31,
      "end": 606.63,
      "text": "而在新创这种全站调优下面，"
    },
    {
      "index": 245,
      "start": 606.99,
      "end": 607.23,
      "text": "呃，"
    },
    {
      "index": 246,
      "start": 607.39,
      "end": 611.56,
      "text": "基本上现在大概有呃一万三千多个参数了。"
    },
    {
      "index": 247,
      "start": 611.56,
      "end": 613.94,
      "text": "所以你如果用人工来调优，"
    },
    {
      "index": 248,
      "start": 613.94,
      "end": 615.02,
      "text": "其实是做不到的。"
    },
    {
      "index": 249,
      "start": 615.18,
      "end": 618.64,
      "text": "所以我们就还是希望就是说结合这种领域知识的辅助啊，"
    },
    {
      "index": 250,
      "start": 618.64,
      "end": 621.78,
      "text": "能够用大模型来做这种模型呃方案的输出。"
    },
    {
      "index": 251,
      "start": 622.38,
      "end": 622.62,
      "text": "呃，"
    },
    {
      "index": 252,
      "start": 622.62,
      "end": 624.54,
      "text": "可只解释性我觉得就不太说了。"
    },
    {
      "index": 253,
      "start": 624.54,
      "end": 628.02,
      "text": "因为呃两者其实都还是有一些解释性问题。"
    },
    {
      "index": 254,
      "start": 628.46,
      "end": 628.7,
      "text": "呃，"
    },
    {
      "index": 255,
      "start": 628.94,
      "end": 630.48,
      "text": "中下面四个方面呢，"
    },
    {
      "index": 256,
      "start": 630.48,
      "end": 634.96,
      "text": "就最终你会发现就是说我们毕叶斯的模型它调优效率，"
    },
    {
      "index": 257,
      "start": 635.2,
      "end": 637.12,
      "text": "我们觉得已经其已已经算较较了，"
    },
    {
      "index": 258,
      "start": 637.12,
      "end": 638.78,
      "text": "就就以天级别算吧。"
    },
    {
      "index": 259,
      "start": 638.86,
      "end": 641.37,
      "text": "那最终你全生命中估计算下来应该就是一周了。"
    },
    {
      "index": 260,
      "start": 641.79,
      "end": 644.83,
      "text": "而大模型这边可能相对来说就会快很多，"
    },
    {
      "index": 261,
      "start": 644.83,
      "end": 646.93,
      "text": "就基本上只要你方案出来，"
    },
    {
      "index": 262,
      "start": 646.93,
      "end": 648.17,
      "text": "基本上就可以小时级。"
    },
    {
      "index": 263,
      "start": 648.33,
      "end": 650.39,
      "text": "例如你跑一个晚上基本上就能出来了。"
    },
    {
      "index": 264,
      "start": 650.49,
      "end": 653.49,
      "text": "那整个呃全生命周期就从你入开始，"
    },
    {
      "index": 265,
      "start": 653.49,
      "end": 654.87,
      "text": "调到最终出方案，"
    },
    {
      "index": 266,
      "start": 654.89,
      "end": 656.845,
      "text": "基本上可能呃天级别吧。"
    },
    {
      "index": 267,
      "start": 659.26,
      "end": 659.48,
      "text": "呃，"
    },
    {
      "index": 268,
      "start": 659.48,
      "end": 661.92,
      "text": "下面呢我们就呃稍微快速的过一下，"
    },
    {
      "index": 269,
      "start": 661.92,
      "end": 664.86,
      "text": "就大模型的一我们用到的一些比较技术长处的地方，"
    },
    {
      "index": 270,
      "start": 664.86,
      "end": 666.88,
      "text": "或者觉得它能有价值的地方。"
    },
    {
      "index": 271,
      "start": 667.02,
      "end": 667.24,
      "text": "呃，"
    },
    {
      "index": 272,
      "start": 667.24,
      "end": 669.64,
      "text": "rag 库这个技术应该大家就用的非常熟了，"
    },
    {
      "index": 273,
      "start": 669.64,
      "end": 674.78,
      "text": "也是呃最早大模型技术出来想解决这个模型幻觉的一个技术。"
    },
    {
      "index": 274,
      "start": 675.14,
      "end": 675.38,
      "text": "呃，"
    },
    {
      "index": 275,
      "start": 675.38,
      "end": 678.38,
      "text": "这一块就呃一方面它非常成熟简单，"
    },
    {
      "index": 276,
      "start": 678.38,
      "end": 680.98,
      "text": "就各个开发框架基本上都能一键接入。"
    },
    {
      "index": 277,
      "start": 680.98,
      "end": 682.74,
      "text": "所以它的那个接入成本很低，"
    },
    {
      "index": 278,
      "start": 682.82,
      "end": 684.9,
      "text": "就成本效益比相对很高。"
    },
    {
      "index": 279,
      "start": 685.26,
      "end": 685.5,
      "text": "呃，"
    },
    {
      "index": 280,
      "start": 685.52,
      "end": 688.16,
      "text": "也是和企业这种来接入它的一些思维数据嘛，"
    },
    {
      "index": 281,
      "start": 688.16,
      "end": 690.045,
      "text": "就数据不会跑出去呃，"
    },
    {
      "index": 282,
      "start": 691.23,
      "end": 691.45,
      "text": "呃，"
    },
    {
      "index": 283,
      "start": 691.45,
      "end": 692.99,
      "text": "及可解释性跟可信度。"
    },
    {
      "index": 284,
      "start": 693.07,
      "end": 694.99,
      "text": "就因为它依赖本身这个知识库，"
    },
    {
      "index": 285,
      "start": 694.99,
      "end": 697.41,
      "text": "所以相对来说这个是应该可以想到的。"
    },
    {
      "index": 286,
      "start": 697.57,
      "end": 699.45,
      "text": "我们还是稍微说一下它的劣势，"
    },
    {
      "index": 287,
      "start": 699.67,
      "end": 700.53,
      "text": "劣势呃，"
    },
    {
      "index": 288,
      "start": 700.67,
      "end": 701.67,
      "text": "这里面列到第四。"
    },
    {
      "index": 289,
      "start": 701.69,
      "end": 702.17,
      "text": "第四块。"
    },
    {
      "index": 290,
      "start": 702.17,
      "end": 703.27,
      "text": "其实我觉得是最重要的，"
    },
    {
      "index": 291,
      "start": 703.27,
      "end": 709.93,
      "text": "就是说它比较难以处理这种还是比较难以处理这种复杂的这种跨领域的这种关联的问题的推理。"
    },
    {
      "index": 292,
      "start": 710.07,
      "end": 713.51,
      "text": "因为它其实本质上还是一个呃向量检索技术嘛，"
    },
    {
      "index": 293,
      "start": 713.55,
      "end": 716.93,
      "text": "它并没有太多的利用这个模型的一个推理能力。"
    },
    {
      "index": 294,
      "start": 717.23,
      "end": 717.47,
      "text": "呃，"
    },
    {
      "index": 295,
      "start": 717.83,
      "end": 722.695,
      "text": "其他的这些嗯我觉得就还是比较简单的。"
    },
    {
      "index": 296,
      "start": 724.95,
      "end": 725.19,
      "text": "呃，"
    },
    {
      "index": 297,
      "start": 725.59,
      "end": 726.37,
      "text": "模型微调呢，"
    },
    {
      "index": 298,
      "start": 726.37,
      "end": 727.93,
      "text": "这是我们就第一卷的方案，"
    },
    {
      "index": 299,
      "start": 727.93,
      "end": 733.89,
      "text": "还是想测呃重点去抓抓的一个就是说我们希望通过我们的一些知识的沉淀啊，"
    },
    {
      "index": 300,
      "start": 733.97,
      "end": 737.91,
      "text": "能把这个呃微调的这个模型给训练出来，"
    },
    {
      "index": 301,
      "start": 737.97,
      "end": 741.335,
      "text": "然后来呃真正产生这种专业化的价值。"
    },
    {
      "index": 302,
      "start": 742.0,
      "end": 742.24,
      "text": "嗯，"
    },
    {
      "index": 303,
      "start": 742.54,
      "end": 745.85,
      "text": "第二块就啊蒸馏这一块，"
    },
    {
      "index": 304,
      "start": 745.85,
      "end": 747.45,
      "text": "其实是 deep sik 带火的啊，"
    },
    {
      "index": 305,
      "start": 747.47,
      "end": 749.79,
      "text": "我们这其实主要是成本方面的一个优势。"
    },
    {
      "index": 306,
      "start": 749.85,
      "end": 754.29,
      "text": "就啊你如果把一个大模型通用大模型的能力有个百分之八九十的，"
    },
    {
      "index": 307,
      "start": 754.29,
      "end": 757.67,
      "text": "能够呃呃蒸馏到这个小模型，"
    },
    {
      "index": 308,
      "start": 757.95,
      "end": 759.35,
      "text": "然后让你的部署成本，"
    },
    {
      "index": 309,
      "start": 759.53,
      "end": 762.17,
      "text": "那就可以大呃规模的一个降低了。"
    },
    {
      "index": 310,
      "start": 762.39,
      "end": 763.71,
      "text": "你部署成本降低了，"
    },
    {
      "index": 311,
      "start": 763.73,
      "end": 767.425,
      "text": "那你应用的数量啊场景呢自然就可以极大的扩张了。"
    },
    {
      "index": 312,
      "start": 768.96,
      "end": 769.18,
      "text": "呃，"
    },
    {
      "index": 313,
      "start": 769.18,
      "end": 778.42,
      "text": "MCP 的话应该就我觉得它更更多的是借助帮助大模型来呃融入整个现有的一些我们的呃专业领域能力也好，"
    },
    {
      "index": 314,
      "start": 778.42,
      "end": 779.2,
      "text": "工具能力也好，"
    },
    {
      "index": 315,
      "start": 779.3,
      "end": 780.56,
      "text": "把它形成一个整体的方案。"
    },
    {
      "index": 316,
      "start": 780.56,
      "end": 782.335,
      "text": "所以其实这是一种融合性的技术。"
    },
    {
      "index": 317,
      "start": 783.19,
      "end": 783.43,
      "text": "呃，"
    },
    {
      "index": 318,
      "start": 783.85,
      "end": 787.55,
      "text": "在第三块我们的方案这边呢呃我其实换了一个回环，"
    },
    {
      "index": 319,
      "start": 787.73,
      "end": 789.93,
      "text": "但这个因为时间比较少了，"
    },
    {
      "index": 320,
      "start": 790.29,
      "end": 791.83,
      "text": "所以就不展开聊了。"
    },
    {
      "index": 321,
      "start": 791.83,
      "end": 793.175,
      "text": "刚刚其实已经讲过了，"
    },
    {
      "index": 322,
      "start": 794.6,
      "end": 794.84,
      "text": "呃，"
    },
    {
      "index": 323,
      "start": 795.18,
      "end": 798.0,
      "text": "基于上面那些技术的那个呃优势，"
    },
    {
      "index": 324,
      "start": 798.12,
      "end": 801.88,
      "text": "我们就整体就大概做了一个多模型的一个架构方案的构想。"
    },
    {
      "index": 325,
      "start": 801.9,
      "end": 804.28,
      "text": "其实我们希望就是说整个通用大模型，"
    },
    {
      "index": 326,
      "start": 804.28,
      "end": 806.38,
      "text": "它只是在上面一层。"
    },
    {
      "index": 327,
      "start": 806.76,
      "end": 808.6,
      "text": "我们可能可以加路由解析层。"
    },
    {
      "index": 328,
      "start": 808.84,
      "end": 810.8,
      "text": "它依托一些呃输入之后，"
    },
    {
      "index": 329,
      "start": 810.98,
      "end": 813.38,
      "text": "你可以最简单问题或者结合 reg 库，"
    },
    {
      "index": 330,
      "start": 813.62,
      "end": 818.4,
      "text": "你可以把一些相对比较简单的或者说呃解答类的问题，"
    },
    {
      "index": 331,
      "start": 818.62,
      "end": 820.32,
      "text": "把它做一些输出。"
    },
    {
      "index": 332,
      "start": 820.42,
      "end": 825.39,
      "text": "但是如果更深层次次的一些通用的逻呃调优的这种任务啊，"
    },
    {
      "index": 333,
      "start": 825.43,
      "end": 829.07,
      "text": "我们还是希望他能路由到我们后端的这些领域模型来。"
    },
    {
      "index": 334,
      "start": 829.29,
      "end": 829.53,
      "text": "呃，"
    },
    {
      "index": 335,
      "start": 829.55,
      "end": 832.97,
      "text": "没呃根据不同的领域模型来做专业的事情啊，"
    },
    {
      "index": 336,
      "start": 832.97,
      "end": 834.69,
      "text": "当然这个其实只是一个事例啊。"
    },
    {
      "index": 337,
      "start": 834.71,
      "end": 838.685,
      "text": "嗯实践的目前我们其实还只调优了一个 OS 的一个领域模型。"
    },
    {
      "index": 338,
      "start": 840.24,
      "end": 840.44,
      "text": "呃，"
    },
    {
      "index": 339,
      "start": 840.44,
      "end": 842.08,
      "text": "最终方案呢我们也放了一张图。"
    },
    {
      "index": 340,
      "start": 842.34,
      "end": 842.58,
      "text": "呃，"
    },
    {
      "index": 341,
      "start": 842.58,
      "end": 847.4,
      "text": "左边呢是我们呃想做的一个叫 AI 特能的一个智能的调优系统。"
    },
    {
      "index": 342,
      "start": 847.58,
      "end": 848.6,
      "text": "它大概分为三层，"
    },
    {
      "index": 343,
      "start": 848.62,
      "end": 849.46,
      "text": "一个上层，"
    },
    {
      "index": 344,
      "start": 849.46,
      "end": 853.1,
      "text": "就是呃基于这个呃 co paler 的。"
    },
    {
      "index": 345,
      "start": 853.1,
      "end": 855.68,
      "text": "其实做的就我们跟华为在联创，"
    },
    {
      "index": 346,
      "start": 855.68,
      "end": 866.02,
      "text": "就通过它一方面就是说做做一基能测试试一跟一个性能采集集后呢了性能能采集之呢呢你的性能指标数据就可以收集给到中间这个 cpalel 的服务端，"
    },
    {
      "index": 347,
      "start": 866.02,
      "end": 867.7,
      "text": "由它来做一个负载感知，"
    },
    {
      "index": 348,
      "start": 867.7,
      "end": 870.79,
      "text": "还有呃参数的一汇汇总啊评颈分析呀。"
    },
    {
      "index": 349,
      "start": 870.79,
      "end": 870.89,
      "text": "啊。"
    },
    {
      "index": 350,
      "start": 870.89,
      "end": 874.01,
      "text": "但是最终呢你汇总汇汇总这些参数之后，"
    },
    {
      "index": 351,
      "start": 874.01,
      "end": 875.51,
      "text": "还是得要传到大模型。"
    },
    {
      "index": 352,
      "start": 875.51,
      "end": 879.31,
      "text": "这边由大模型来呃生成它的专业的这个参数方案。"
    },
    {
      "index": 353,
      "start": 879.57,
      "end": 879.81,
      "text": "呃，"
    },
    {
      "index": 354,
      "start": 879.81,
      "end": 882.93,
      "text": "当然这一块我也还是把那个 rag 库的一块要放上来了。"
    },
    {
      "index": 355,
      "start": 882.93,
      "end": 885.53,
      "text": "因为这一块还是它模模型的一个能力啊，"
    },
    {
      "index": 356,
      "start": 885.53,
      "end": 892.15,
      "text": "但我们真正核心的其实还是希望大模型能跟小门形形成一个联动由由领域的这种小模型，"
    },
    {
      "index": 357,
      "start": 892.15,
      "end": 893.81,
      "text": "来输出一个调优的一个策略。"
    },
    {
      "index": 358,
      "start": 894.29,
      "end": 894.49,
      "text": "呃，"
    },
    {
      "index": 359,
      "start": 894.49,
      "end": 897.95,
      "text": "右边是我们画的一个我们自己的一个核心交易系统简图。"
    },
    {
      "index": 360,
      "start": 898.17,
      "end": 901.14,
      "text": "就除了刚刚那个呃的 agent，"
    },
    {
      "index": 361,
      "start": 901.14,
      "end": 903.9,
      "text": "然后跟我们这个模型层做交互之外。"
    },
    {
      "index": 362,
      "start": 903.9,
      "end": 907.02,
      "text": "那本身我们也还有一个应用的一个运维的监控平台，"
    },
    {
      "index": 363,
      "start": 907.36,
      "end": 910.32,
      "text": "来实现整个一个运行的监控跟应用的部署。"
    },
    {
      "index": 364,
      "start": 910.66,
      "end": 910.9,
      "text": "呃，"
    },
    {
      "index": 365,
      "start": 910.92,
      "end": 918.2,
      "text": "当然后续呢我们也还是希望呃这个监控平台能跟我们的模型能做更多的一个呃交互。"
    },
    {
      "index": 366,
      "start": 918.24,
      "end": 922.04,
      "text": "能够例如你把你的运行信息能呃输出到这边，"
    },
    {
      "index": 367,
      "start": 922.3,
      "end": 922.54,
      "text": "呃，"
    },
    {
      "index": 368,
      "start": 922.9,
      "end": 925.8,
      "text": "那嗯引擎层这边如果收到这些信息之后，"
    },
    {
      "index": 369,
      "start": 925.8,
      "end": 926.94,
      "text": "就除了做调优，"
    },
    {
      "index": 370,
      "start": 926.94,
      "end": 932.735,
      "text": "你还可以做问题诊断呢呃呃各种系统的一些调度之类的这也是远期的一个场景。"
    },
    {
      "index": 371,
      "start": 934.75,
      "end": 934.99,
      "text": "呃，"
    },
    {
      "index": 372,
      "start": 935.45,
      "end": 937.63,
      "text": "后面呢我们可能就做一些展示性的内容。"
    },
    {
      "index": 373,
      "start": 937.63,
      "end": 940.57,
      "text": "就这一块就是我们呃主要看右下角这张图，"
    },
    {
      "index": 374,
      "start": 940.59,
      "end": 943.57,
      "text": "就我们把我们整个的核心的运维平台，"
    },
    {
      "index": 375,
      "start": 943.87,
      "end": 948.19,
      "text": "把这个呃欧拉 intelligence 做了一个集呃初步的集成计时室。"
    },
    {
      "index": 376,
      "start": 948.27,
      "end": 954.43,
      "text": "就把它把它以一个呃 i phone 框架的形式把它嵌到了一个子页面里面，"
    },
    {
      "index": 377,
      "start": 954.59,
      "end": 956.465,
      "text": "来形成一个初步的一个效果。"
    },
    {
      "index": 378,
      "start": 958.65,
      "end": 958.85,
      "text": "呃，"
    },
    {
      "index": 379,
      "start": 958.85,
      "end": 963.73,
      "text": "这个是我们规划的一个 rag 库的一个呃呃资产库吧，"
    },
    {
      "index": 380,
      "start": 963.73,
      "end": 964.55,
      "text": "资产库列表吧。"
    },
    {
      "index": 381,
      "start": 964.55,
      "end": 968.37,
      "text": "反正就包括一般就是核心系统的一些运维的，"
    },
    {
      "index": 382,
      "start": 968.37,
      "end": 969.75,
      "text": "或者说技术类的资产。"
    },
    {
      "index": 383,
      "start": 970.01,
      "end": 971.23,
      "text": "然后另外就数据库的，"
    },
    {
      "index": 384,
      "start": 971.33,
      "end": 973.23,
      "text": "还有呃昆鹏的、"
    },
    {
      "index": 385,
      "start": 973.23,
      "end": 973.93,
      "text": "计算类的，"
    },
    {
      "index": 386,
      "start": 973.93,
      "end": 974.83,
      "text": "还有 MQ 啊，"
    },
    {
      "index": 387,
      "start": 974.83,
      "end": 976.65,
      "text": "包括一些其他中间就 REDIS 啊，"
    },
    {
      "index": 388,
      "start": 976.65,
      "end": 979.39,
      "text": "JDK 后面可这块肯定应该还是会继续拓展。"
    },
    {
      "index": 389,
      "start": 980.83,
      "end": 981.07,
      "text": "嗯，"
    },
    {
      "index": 390,
      "start": 981.49,
      "end": 984.37,
      "text": "这个是属于组织赋能上面的吧。"
    },
    {
      "index": 391,
      "start": 984.37,
      "end": 988.71,
      "text": "就我们目前这个其实还是有一个一点零版本的输出，"
    },
    {
      "index": 392,
      "start": 988.729,
      "end": 991.83,
      "text": "目前已经把它呃赋能到我们的研发团队。"
    },
    {
      "index": 393,
      "start": 991.91,
      "end": 994.15,
      "text": "就呃呃恒生电子那边，"
    },
    {
      "index": 394,
      "start": 994.25,
      "end": 996.37,
      "text": "然后让他们呢就是在研发阶段呢，"
    },
    {
      "index": 395,
      "start": 996.43,
      "end": 998.51,
      "text": "就参与这个调优跟评测啊，"
    },
    {
      "index": 396,
      "start": 998.51,
      "end": 999.81,
      "text": "交给我们交付的时候，"
    },
    {
      "index": 397,
      "start": 999.81,
      "end": 1002.23,
      "text": "就交付整个呃调优资产库。"
    },
    {
      "index": 398,
      "start": 1002.31,
      "end": 1003.315,
      "text": "就这一块，"
    },
    {
      "index": 399,
      "start": 1005.96,
      "end": 1006.2,
      "text": "嗯，"
    },
    {
      "index": 400,
      "start": 1006.46,
      "end": 1009.26,
      "text": "这个就是我们近期做的一些调优的一个效果了。"
    },
    {
      "index": 401,
      "start": 1009.26,
      "end": 1010.86,
      "text": "这个是一个接入网关的呃，"
    },
    {
      "index": 402,
      "start": 1010.86,
      "end": 1012.82,
      "text": "在开箱调优的场景下，"
    },
    {
      "index": 403,
      "start": 1012.96,
      "end": 1015.04,
      "text": "大概提升百分之十三点六的样子。"
    },
    {
      "index": 404,
      "start": 1015.22,
      "end": 1015.46,
      "text": "呃，"
    },
    {
      "index": 405,
      "start": 1015.9,
      "end": 1022.31,
      "text": "主要起作用的参数其实就是那些呃这个是最近我们调的呃，"
    },
    {
      "index": 406,
      "start": 1022.33,
      "end": 1024.49,
      "text": "像也是相对来说看效果还可以的，"
    },
    {
      "index": 407,
      "start": 1024.63,
      "end": 1027.07,
      "text": "就是我们期权的系统的一个调优。"
    },
    {
      "index": 408,
      "start": 1027.39,
      "end": 1027.63,
      "text": "呃，"
    },
    {
      "index": 409,
      "start": 1027.63,
      "end": 1032.63,
      "text": "当然这里面其实呃除了就是操作系统层的一些调优啊啊也很哎也。"
    },
    {
      "index": 410,
      "start": 1032.63,
      "end": 1036.41,
      "text": "还有就是 JDK 跟那个数据库的呃整体来说效果还可以。"
    },
    {
      "index": 411,
      "start": 1036.65,
      "end": 1039.51,
      "text": "就呃特别是跟那个基线，"
    },
    {
      "index": 412,
      "start": 1039.73,
      "end": 1040.83,
      "text": "就是我们不调优，"
    },
    {
      "index": 413,
      "start": 1040.83,
      "end": 1041.37,
      "text": "跟调优，"
    },
    {
      "index": 414,
      "start": 1041.37,
      "end": 1042.81,
      "text": "它的提升还是比较明显的。"
    },
    {
      "index": 415,
      "start": 1043.09,
      "end": 1043.33,
      "text": "呃，"
    },
    {
      "index": 416,
      "start": 1043.47,
      "end": 1045.87,
      "text": "跟叉八六其实我们也做了一版对比。"
    },
    {
      "index": 417,
      "start": 1045.87,
      "end": 1049.09,
      "text": "当然这个授权云那个硬件的性能它不完全一致的，"
    },
    {
      "index": 418,
      "start": 1049.25,
      "end": 1049.45,
      "text": "呃，"
    },
    {
      "index": 419,
      "start": 1049.45,
      "end": 1050.225,
      "text": "就对得齐。"
    },
    {
      "index": 420,
      "start": 1050.42,
      "end": 1052.4,
      "text": "所以其实数据还是仅供参考，"
    },
    {
      "index": 421,
      "start": 1052.5,
      "end": 1053.28,
      "text": "而且也看到了，"
    },
    {
      "index": 422,
      "start": 1053.28,
      "end": 1054.0,
      "text": "哪怕是这样，"
    },
    {
      "index": 423,
      "start": 1054.1,
      "end": 1054.34,
      "text": "呃，"
    },
    {
      "index": 424,
      "start": 1054.56,
      "end": 1055.86,
      "text": "下面还是有蛮多接口，"
    },
    {
      "index": 425,
      "start": 1056.0,
      "end": 1057.64,
      "text": "它的性能还是不及叉八六的。"
    },
    {
      "index": 426,
      "start": 1057.68,
      "end": 1062.355,
      "text": "只能说我们说呃我们通过调优是可以尽可能的弥补这些差距。"
    },
    {
      "index": 427,
      "start": 1064.74,
      "end": 1064.98,
      "text": "呃，"
    },
    {
      "index": 428,
      "start": 1065.72,
      "end": 1066.06,
      "text": "分享。"
    },
    {
      "index": 429,
      "start": 1066.06,
      "end": 1068.48,
      "text": "最后呢其实还是想跟大家同步一下，"
    },
    {
      "index": 430,
      "start": 1068.48,
      "end": 1071.88,
      "text": "我就是我们的一些下一一阶段的一些研究计划，"
    },
    {
      "index": 431,
      "start": 1072.04,
      "end": 1073.6,
      "text": "也欢迎大家一起来共建。"
    },
    {
      "index": 432,
      "start": 1073.84,
      "end": 1079.58,
      "text": "就一方面我们是希望就是把我们公司专有领域跳优模型呢做一个进一步的输出，"
    },
    {
      "index": 433,
      "start": 1079.74,
      "end": 1084.02,
      "text": "然后使平台呢嗯它的那个方案能够输出的更专业精准。"
    },
    {
      "index": 434,
      "start": 1084.02,
      "end": 1084.26,
      "text": "嗯，"
    },
    {
      "index": 435,
      "start": 1084.62,
      "end": 1088.96,
      "text": "同时呢呃也希望这种我们高同频度的使用这个 intelligence，"
    },
    {
      "index": 436,
      "start": 1088.96,
      "end": 1090.58,
      "text": "能跟华为团队一起联创，"
    },
    {
      "index": 437,
      "start": 1090.58,
      "end": 1094.85,
      "text": "把整个平台的产品的易用性呃给做起起来，"
    },
    {
      "index": 438,
      "start": 1094.85,
      "end": 1096.73,
      "text": "然后能深度赋能发团队队。"
    },
    {
      "index": 439,
      "start": 1096.73,
      "end": 1096.83,
      "text": "呃，"
    },
    {
      "index": 440,
      "start": 1096.83,
      "end": 1098.63,
      "text": "第三块其实也是一个呼吁，"
    },
    {
      "index": 441,
      "start": 1098.63,
      "end": 1102.15,
      "text": "就是希望看看国内同行有没有对这块感兴趣。"
    },
    {
      "index": 442,
      "start": 1102.15,
      "end": 1105.87,
      "text": "我们希望就是是探索一下持续在线学习这个方向。"
    },
    {
      "index": 443,
      "start": 1106.15,
      "end": 1106.39,
      "text": "呃，"
    },
    {
      "index": 444,
      "start": 1106.49,
      "end": 1109.95,
      "text": "它整个方向我觉得它在通用大模型的落地方面，"
    },
    {
      "index": 445,
      "start": 1109.95,
      "end": 1114.19,
      "text": "应该是一个战略性的一个一个可行性点。"
    },
    {
      "index": 446,
      "start": 1114.41,
      "end": 1115.79,
      "text": "如果这个点不解决的话，"
    },
    {
      "index": 447,
      "start": 1115.81,
      "end": 1117.65,
      "text": "通用大模型你要真正做商务落地，"
    },
    {
      "index": 448,
      "start": 1117.75,
      "end": 1120.03,
      "text": "你始终没办法解决的一些幻觉问题。"
    },
    {
      "index": 449,
      "start": 1120.21,
      "end": 1123.33,
      "text": "因为你你模型能力你没办法持续的适应，"
    },
    {
      "index": 450,
      "start": 1123.41,
      "end": 1126.08,
      "text": "你落地场你去持续的强优化，"
    },
    {
      "index": 451,
      "start": 1126.32,
      "end": 1129.485,
      "text": "那你你始终就是一个离线训练的一种模式。"
    },
    {
      "index": 452,
      "start": 1130.98,
      "end": 1131.22,
      "text": "呃，"
    },
    {
      "index": 453,
      "start": 1131.22,
      "end": 1135.34,
      "text": "第四块是我觉得还是可以呃有比较大的落地价值。"
    },
    {
      "index": 454,
      "start": 1135.44,
      "end": 1139.72,
      "text": "然后后续呢应该是也可以是可实现性比较高的。"
    },
    {
      "index": 455,
      "start": 1139.8,
      "end": 1144.6,
      "text": "就呃这一块其实就是呃现在我们企业有大量的数据嘛。"
    },
    {
      "index": 456,
      "start": 1144.68,
      "end": 1147.38,
      "text": "但是企业呢你如果要堆一类堆卡，"
    },
    {
      "index": 457,
      "start": 1147.38,
      "end": 1148.44,
      "text": "特别是中小企业来说，"
    },
    {
      "index": 458,
      "start": 1148.44,
      "end": 1150.98,
      "text": "毕竟他认为嗯单卡那么贵，"
    },
    {
      "index": 459,
      "start": 1151.06,
      "end": 1151.3,
      "text": "嗯，"
    },
    {
      "index": 460,
      "start": 1151.3,
      "end": 1152.32,
      "text": "你不可能堆很多。"
    },
    {
      "index": 461,
      "start": 1152.5,
      "end": 1154.9,
      "text": "但你如果要做模型的训练呢，"
    },
    {
      "index": 462,
      "start": 1155.14,
      "end": 1157.12,
      "text": "呃资源消耗还挺大的。"
    },
    {
      "index": 463,
      "start": 1157.26,
      "end": 1160.595,
      "text": "所以我觉得最终可能比较理想的状态下，"
    },
    {
      "index": 464,
      "start": 1160.91,
      "end": 1165.65,
      "text": "你企业应该是主要就负责推理这一侧的人算力资源的积累。"
    },
    {
      "index": 465,
      "start": 1165.93,
      "end": 1171.81,
      "text": "你你训练这类的资类嗯资源积累应该还是依托远端的这种算力平台或者云平台。"
    },
    {
      "index": 466,
      "start": 1172.17,
      "end": 1172.39,
      "text": "呃，"
    },
    {
      "index": 467,
      "start": 1172.39,
      "end": 1175.65,
      "text": "但是你要你要能达成这种愿景，"
    },
    {
      "index": 468,
      "start": 1175.71,
      "end": 1179.35,
      "text": "你一定是要解决你企业那个知识的一个信息安全的问题。"
    },
    {
      "index": 469,
      "start": 1179.47,
      "end": 1184.49,
      "text": "所以我们就跟呃华为的光模块团队啊呃也在探讨这一块的方案，"
    },
    {
      "index": 470,
      "start": 1184.51,
      "end": 1189.15,
      "text": "就是说看是不是说他知识库我们做一些呃脱敏。"
    },
    {
      "index": 471,
      "start": 1189.17,
      "end": 1193.62,
      "text": "当然这个具体具体技术方案其实嗯直也还只是一个意向想法，"
    },
    {
      "index": 472,
      "start": 1193.86,
      "end": 1195.8,
      "text": "就就例如可能做了相量化，"
    },
    {
      "index": 473,
      "start": 1195.8,
      "end": 1196.92,
      "text": "然后做一些脱敏之后，"
    },
    {
      "index": 474,
      "start": 1197.22,
      "end": 1200.62,
      "text": "然后在远端会有一个专有的算力词给到企业这边。"
    },
    {
      "index": 475,
      "start": 1200.72,
      "end": 1203.38,
      "text": "然后企业就在基于这个专有算力词来做训练。"
    },
    {
      "index": 476,
      "start": 1203.6,
      "end": 1204.36,
      "text": "训练完之后，"
    },
    {
      "index": 477,
      "start": 1204.56,
      "end": 1207.019,
      "text": "你再到把这个模型传回给你呃，"
    },
    {
      "index": 478,
      "start": 1207.34,
      "end": 1210.76,
      "text": "公司本地这样就确保你整个数据呢呃，"
    },
    {
      "index": 479,
      "start": 1211.04,
      "end": 1212.76,
      "text": "看上去是没有泄露的。"
    },
    {
      "index": 480,
      "start": 1213.08,
      "end": 1215.22,
      "text": "当然这个是其实还是个非常宽呃，"
    },
    {
      "index": 481,
      "start": 1215.62,
      "end": 1218.04,
      "text": "初期跟那个开放性的一个构想。"
    },
    {
      "index": 482,
      "start": 1218.28,
      "end": 1223.155,
      "text": "只是说我们觉得他应该是后续有比较大的一个商业运行价值。"
    },
    {
      "index": 483,
      "start": 1224.64,
      "end": 1224.88,
      "text": "呃，"
    },
    {
      "index": 484,
      "start": 1224.9,
      "end": 1228.98,
      "text": "这张图如果呃呃跟我比较熟的同学应该看过好多次了，"
    },
    {
      "index": 485,
      "start": 1228.98,
      "end": 1231.16,
      "text": "因为我每一次分享都会把它放到最后面，"
    },
    {
      "index": 486,
      "start": 1231.46,
      "end": 1234.38,
      "text": "就因为整个新仓替代呃确实做的很难，"
    },
    {
      "index": 487,
      "start": 1234.56,
      "end": 1236.0,
      "text": "然后也有很很几年了，"
    },
    {
      "index": 488,
      "start": 1236.02,
      "end": 1238.82,
      "text": "然后呢呃差距确实也在不断的缩小。"
    },
    {
      "index": 489,
      "start": 1238.86,
      "end": 1242.04,
      "text": "但是呃毕竟国外的平台它积累了几十年嘛，"
    },
    {
      "index": 490,
      "start": 1242.28,
      "end": 1244.44,
      "text": "所以你一下子要赶要赶上他们。"
    },
    {
      "index": 491,
      "start": 1244.6,
      "end": 1244.84,
      "text": "呃，"
    },
    {
      "index": 492,
      "start": 1245.14,
      "end": 1246.68,
      "text": "其实我觉得也没那么快，"
    },
    {
      "index": 493,
      "start": 1247.2,
      "end": 1250.66,
      "text": "所以此这种情况下只能就是说大家就是说一起来做，"
    },
    {
      "index": 494,
      "start": 1251.02,
      "end": 1254.105,
      "text": "然后嗯步骤尽可能的保持一致。"
    },
    {
      "index": 495,
      "start": 1254.41,
      "end": 1259.65,
      "text": "就因为你大家都来用你那些呃可能的坑啊或者场景啊方面，"
    },
    {
      "index": 496,
      "start": 1259.77,
      "end": 1262.15,
      "text": "你就能使产品能得到更多的锤炼，"
    },
    {
      "index": 497,
      "start": 1262.21,
      "end": 1264.915,
      "text": "那能就能更快的加速它的一个成熟化。"
    },
    {
      "index": 498,
      "start": 1268.65,
      "end": 1268.89,
      "text": "呃，"
    },
    {
      "index": 499,
      "start": 1268.89,
      "end": 1269.13,
      "text": "行，"
    },
    {
      "index": 500,
      "start": 1269.37,
      "end": 1269.61,
      "text": "呃，"
    },
    {
      "index": 501,
      "start": 1269.69,
      "end": 1271.35,
      "text": "我的呃分享就到这里，"
    },
    {
      "index": 502,
      "start": 1271.35,
      "end": 1271.59,
      "text": "呃，"
    },
    {
      "index": 503,
      "start": 1271.63,
      "end": 1272.91,
      "text": "时间好像也超了一些啊，"
    },
    {
      "index": 504,
      "start": 1272.93,
      "end": 1273.505,
      "text": "感谢大家。"
    },
    {
      "index": 505,
      "start": 1274.2,
      "end": 1274.44,
      "text": "哎，"
    },
    {
      "index": 506,
      "start": 1274.52,
      "end": 1277.76,
      "text": "那个黄老师请留步请允许我这我看到你刚才那个问题，"
    },
    {
      "index": 507,
      "start": 1277.76,
      "end": 1282.62,
      "text": "我特别想那个可能有你上面的那页的第三个问题，"
    },
    {
      "index": 508,
      "start": 1282.66,
      "end": 1286.26,
      "text": "四点一能老师能帮我回放一下吗？"
    },
    {
      "index": 509,
      "start": 1286.26,
      "end": 1289.92,
      "text": "那个啊就是或者别的这话也可以耽误一分钟时间啊。"
    },
    {
      "index": 510,
      "start": 1290.14,
      "end": 1292.14,
      "text": "就是您刚才提到的第三个点哈，"
    },
    {
      "index": 511,
      "start": 1292.14,
      "end": 1296.4,
      "text": "就是说那个在线去啊实线在去在线学习一个点。"
    },
    {
      "index": 512,
      "start": 1296.4,
      "end": 1296.74,
      "text": "你看。"
    },
    {
      "index": 513,
      "start": 1296.9,
      "end": 1300.86,
      "text": "第三点就是对共同探索在线这个学习的方案可行性。"
    },
    {
      "index": 514,
      "start": 1300.86,
      "end": 1301.1,
      "text": "啊，"
    },
    {
      "index": 515,
      "start": 1301.26,
      "end": 1304.95,
      "text": "这里面其实我们花一十分钟时间很想请教一下。"
    },
    {
      "index": 516,
      "start": 1305.09,
      "end": 1305.21,
      "text": "嗯，"
    },
    {
      "index": 517,
      "start": 1305.21,
      "end": 1307.45,
      "text": "就是这个问题它本质上来讲的话，"
    },
    {
      "index": 518,
      "start": 1307.45,
      "end": 1310.33,
      "text": "它其实就于就是是你的数据或者环境。"
    },
    {
      "index": 519,
      "start": 1310.33,
      "end": 1312.41,
      "text": "第一个条优会带来一些底座的问题。"
    },
    {
      "index": 520,
      "start": 1312.71,
      "end": 1313.13,
      "text": "第二个呢，"
    },
    {
      "index": 521,
      "start": 1313.13,
      "end": 1316.41,
      "text": "就是说可能会对你的系统里面可能会有一定的这个底噪，"
    },
    {
      "index": 522,
      "start": 1316.67,
      "end": 1319.11,
      "text": "就是你必须要运行这个在线的能力的时候，"
    },
    {
      "index": 523,
      "start": 1319.17,
      "end": 1321.49,
      "text": "其实这个地方在一些探索的时候，"
    },
    {
      "index": 524,
      "start": 1321.55,
      "end": 1323.71,
      "text": "我们是一个可接受的方案吧。"
    },
    {
      "index": 525,
      "start": 1323.83,
      "end": 1324.07,
      "text": "对，"
    },
    {
      "index": 526,
      "start": 1324.07,
      "end": 1326.65,
      "text": "就是这个问题可能想可能想问一下啊。"
    },
    {
      "index": 527,
      "start": 1326.65,
      "end": 1326.85,
      "text": "对，"
    },
    {
      "index": 528,
      "start": 1326.85,
      "end": 1332.27,
      "text": "其实呃我觉得业界目前也有一些在往放这方面走的。"
    },
    {
      "index": 529,
      "start": 1332.47,
      "end": 1338.8,
      "text": "我觉得初步可以去想的呢就是说呃是第一步走增量增量学习的一个路线。"
    },
    {
      "index": 530,
      "start": 1339.16,
      "end": 1339.36,
      "text": "呃，"
    },
    {
      "index": 531,
      "start": 1339.36,
      "end": 1343.06,
      "text": "所以增量学习其实其实它本质上还是一种离线学习模式啊，"
    },
    {
      "index": 532,
      "start": 1343.06,
      "end": 1344.92,
      "text": "就是离线训练式训练学习。"
    },
    {
      "index": 533,
      "start": 1344.92,
      "end": 1345.06,
      "text": "呃，"
    },
    {
      "index": 534,
      "start": 1345.06,
      "end": 1346.46,
      "text": "那个推理是推理，"
    },
    {
      "index": 535,
      "start": 1346.74,
      "end": 1346.96,
      "text": "呃，"
    },
    {
      "index": 536,
      "start": 1346.96,
      "end": 1348.58,
      "text": "但它的可以做到，"
    },
    {
      "index": 537,
      "start": 1348.58,
      "end": 1351.32,
      "text": "就是说你可能频度上会比较加快。"
    },
    {
      "index": 538,
      "start": 1351.62,
      "end": 1355.8,
      "text": "就例如呃我用我们这个调优的这个这个例子来说，"
    },
    {
      "index": 539,
      "start": 1355.98,
      "end": 1357.3,
      "text": "我觉得也也还可以。"
    },
    {
      "index": 540,
      "start": 1357.3,
      "end": 1361.66,
      "text": "就是说你例如你持续的采集线上的这些生产数据，"
    },
    {
      "index": 541,
      "start": 1362.02,
      "end": 1364.89,
      "text": "那你采集例如你持续采集一天，"
    },
    {
      "index": 542,
      "start": 1365.01,
      "end": 1366.29,
      "text": "你肯定有一定量的积累，"
    },
    {
      "index": 543,
      "start": 1366.35,
      "end": 1367.83,
      "text": "哪哪怕一天的量如果不够，"
    },
    {
      "index": 544,
      "start": 1367.83,
      "end": 1368.57,
      "text": "我采集一周，"
    },
    {
      "index": 545,
      "start": 1368.65,
      "end": 1369.71,
      "text": "你的量也是可以的。"
    },
    {
      "index": 546,
      "start": 1370.05,
      "end": 1371.67,
      "text": "然后再在你晚上的时候，"
    },
    {
      "index": 547,
      "start": 1371.73,
      "end": 1374.07,
      "text": "例如就是非呃非生产时间，"
    },
    {
      "index": 548,
      "start": 1374.31,
      "end": 1379.17,
      "text": "你就可以切换这个角色来做那个呃我们叫 VTL 也好，"
    },
    {
      "index": 549,
      "start": 1379.17,
      "end": 1379.99,
      "text": "教育训练也好。"
    },
    {
      "index": 550,
      "start": 1380.23,
      "end": 1382.51,
      "text": "然后把这个这个事情做完之后，"
    },
    {
      "index": 551,
      "start": 1382.51,
      "end": 1385.69,
      "text": "因为你模型我们目前说我们想调的还是小模型嘛，"
    },
    {
      "index": 552,
      "start": 1385.69,
      "end": 1386.99,
      "text": "你时间整体应该可控，"
    },
    {
      "index": 553,
      "start": 1387.07,
      "end": 1387.77,
      "text": "可控之后，"
    },
    {
      "index": 554,
      "start": 1387.99,
      "end": 1389.27,
      "text": "再把这个能力更新，"
    },
    {
      "index": 555,
      "start": 1389.43,
      "end": 1390.05,
      "text": "更新之后，"
    },
    {
      "index": 556,
      "start": 1390.11,
      "end": 1391.31,
      "text": "你第二天就可以继续用。"
    },
    {
      "index": 557,
      "start": 1391.73,
      "end": 1391.97,
      "text": "呃，"
    },
    {
      "index": 558,
      "start": 1391.97,
      "end": 1395.68,
      "text": "但其实呃但后续呢觉得可能在这个基础上，"
    },
    {
      "index": 559,
      "start": 1395.68,
      "end": 1398.92,
      "text": "应该把平台的一个能力自动化之后啊，"
    },
    {
      "index": 560,
      "start": 1399.08,
      "end": 1401.32,
      "text": "这个应该效率应该可以赚的越来越快，"
    },
    {
      "index": 561,
      "start": 1401.4,
      "end": 1402.28,
      "text": "就越来越顺畅，"
    },
    {
      "index": 562,
      "start": 1402.28,
      "end": 1404.5,
      "text": "就不需要人工来接入太多。"
    },
    {
      "index": 563,
      "start": 1404.9,
      "end": 1405.14,
      "text": "呃，"
    },
    {
      "index": 564,
      "start": 1405.24,
      "end": 1407.54,
      "text": "当然也还有一个呃，"
    },
    {
      "index": 565,
      "start": 1407.6,
      "end": 1409.12,
      "text": "好像是武汉那边有个家厂商，"
    },
    {
      "index": 566,
      "start": 1409.12,
      "end": 1410.18,
      "text": "他给的一个思路，"
    },
    {
      "index": 567,
      "start": 1410.48,
      "end": 1410.72,
      "text": "呃，"
    },
    {
      "index": 568,
      "start": 1411.08,
      "end": 1413.0,
      "text": "那个我觉得成本有点高。"
    },
    {
      "index": 569,
      "start": 1413.12,
      "end": 1414.42,
      "text": "他他其实就生产，"
    },
    {
      "index": 570,
      "start": 1414.56,
      "end": 1417.22,
      "text": "他是会布两嗯布两个卡，"
    },
    {
      "index": 571,
      "start": 1417.22,
      "end": 1418.38,
      "text": "其实就是布两个模型，"
    },
    {
      "index": 572,
      "start": 1418.62,
      "end": 1420.84,
      "text": "一个是用来线上在线的推理。"
    },
    {
      "index": 573,
      "start": 1420.98,
      "end": 1428.23,
      "text": "另外一个呢就是做来做和那个持续的这个学习等这个学习的这呃那或者叫微调。"
    },
    {
      "index": 574,
      "start": 1428.25,
      "end": 1431.33,
      "text": "微调之后能力具备了再替换那个线上的模型。"
    },
    {
      "index": 575,
      "start": 1431.59,
      "end": 1435.01,
      "text": "当然这个我觉得它的算力的损耗你至少就是两倍了。"
    },
    {
      "index": 576,
      "start": 1435.19,
      "end": 1435.43,
      "text": "嗯，"
    },
    {
      "index": 577,
      "start": 1435.67,
      "end": 1436.51,
      "text": "远期来说，"
    },
    {
      "index": 578,
      "start": 1436.51,
      "end": 1439.63,
      "text": "我觉得可能不一定具备太强的这种可落地性啊，"
    },
    {
      "index": 579,
      "start": 1440.03,
      "end": 1441.03,
      "text": "就这么多好。"
    },
    {
      "index": 580,
      "start": 1441.37,
      "end": 1442.79,
      "text": "非常感谢黄老师啊，"
    },
    {
      "index": 581,
      "start": 1443.35,
      "end": 1444.57,
      "text": "请请就就座，"
    },
    {
      "index": 582,
      "start": 1444.77,
      "end": 1445.15,
      "text": "谢谢。"
    },
    {
      "index": 583,
      "start": 1445.49,
      "end": 1446.435,
      "text": "再次欢迎啊，"
    },
    {
      "index": 584,
      "start": 1449.35,
      "end": 1449.59,
      "text": "好，"
    },
    {
      "index": 585,
      "start": 1449.83,
      "end": 1450.85,
      "text": "那个耽误一点时间啊。"
    },
    {
      "index": 586,
      "start": 1450.85,
      "end": 1454.79,
      "text": "我觉得这个问题可能都是大家希望看到的一个这个探讨的一个问题。"
    },
    {
      "index": 587,
      "start": 1455.03,
      "end": 1456.93,
      "text": "那我们非常感谢黄老师，"
    },
    {
      "index": 588,
      "start": 1456.93,
      "end": 1458.91,
      "text": "黄老师给我们带来的那个精彩分享啊，"
    },
    {
      "index": 589,
      "start": 1458.91,
      "end": 1463.71,
      "text": "其实黄老师从这个呃叶贝斯的调优跟那个模型的调优，"
    },
    {
      "index": 590,
      "start": 1463.71,
      "end": 1466.33,
      "text": "以及 IG 的方案跟那个微调的方案呢，"
    },
    {
      "index": 591,
      "start": 1466.33,
      "end": 1467.99,
      "text": "给我们做了一个详细的阐述。"
    },
    {
      "index": 592,
      "start": 1468.21,
      "end": 1471.83,
      "text": "并且结合这个 MCB server 或者领域的，"
    },
    {
      "index": 593,
      "start": 1471.85,
      "end": 1473.87,
      "text": "刚才我也看到了一个 OS 领域大模型。"
    },
    {
      "index": 594,
      "start": 1473.87,
      "end": 1480.64,
      "text": "这个视角啊就是说对我们操作系统的相关的这个一万三千多个参数的一个调有做了一些关的的。"
    },
    {
      "index": 595,
      "start": 1480.64,
      "end": 1486.46,
      "text": "这个呃那个呃不管是从效率上还是这个这个成果上面都能得到一定的提升哈。"
    },
    {
      "index": 596,
      "start": 1486.62,
      "end": 1490.84,
      "text": "然后可以看到后面这个呃这个也规划了很多的相关的工作，"
    },
    {
      "index": 597,
      "start": 1490.84,
      "end": 1491.86,
      "text": "也带来一些性能，"
    },
    {
      "index": 598,
      "start": 1491.86,
      "end": 1493.48,
      "text": "还有一些高低的那个问题，"
    },
    {
      "index": 599,
      "start": 1493.48,
      "end": 1494.9,
      "text": "可能还有很多问题要去解决。"
    },
    {
      "index": 600,
      "start": 1495.06,
      "end": 1498.04,
      "text": "我们也到时会欢迎后面一起来讨论，"
    },
    {
      "index": 601,
      "start": 1498.16,
      "end": 1500.32,
      "text": "能不能更好的去解决这类的问题哈，"
    },
    {
      "index": 602,
      "start": 1500.32,
      "end": 1500.68,
      "text": "谢谢。"
    },
    {
      "index": 603,
      "start": 1501.16,
      "end": 1505.5,
      "text": "那么下面有请我们那个 nara 这个的工程师刘新良先生，"
    }
  ],
  "artifacts": [
    "output/ai_session/part_02/chunk_00/03_srt_slice/artifacts/chunk_baseline.srt"
  ],
  "metadata": {},
  "trace_id": null,
  "duration_ms": 0,
  "started_at": "2025-12-15T22:45:42.744615",
  "completed_at": "2025-12-15T14:45:42.872992",
  "step_config": {},
  "dependencies": [
    "downscale"
  ]
}