{
  "part_index": 2,
  "title": "面向推荐大模型的参数存储系统研究与RecStore落地",
  "type_tag": "技术研究报告",
  "tech_tags": [
    "推荐大模型",
    "Embedding Layer",
    "参数存储",
    "HBM",
    "持久性内存",
    "SSD",
    "Kernel Fusion",
    "SG-DMA",
    "RecStore",
    "Fleche",
    "PetPS",
    "MaxEmbed"
  ],
  "domain_tags": [
    "AI基础设施",
    "存储系统",
    "推荐系统"
  ],
  "summary": "针对推荐大模型嵌入层面临的容量墙与带宽墙挑战，本报告深入分析了多层级存储（HBM/PM/SSD）在软硬交互中的效率瓶颈。提出了Fleche自识别Kernel融合、PetPS网卡聚集机制及MaxEmbed选择性副本布局三项核心技术，分别解决了GPU交互开销大、PM访问延迟高及SSD读放大严重的问题。基于此研发的RecStore系统已在快手等企业落地，显著降低硬件成本并提升服务吞吐，同时探讨了生成式推荐（GR）带来的新挑战。",
  "highlights": [
    "推荐模型嵌入层面临万亿级参数容量与海量随机访存带宽的双重挑战",
    "Fleche利用自识别Kernel融合技术，解决GPU处理动态小查询的交互开销问题",
    "PetPS通过网卡SG-DMA卸载参数序列化任务，突破持久性内存的CPU访问瓶颈",
    "MaxEmbed采用热点参数选择性副本策略，以空间换带宽缓解SSD读放大现象",
    "RecStore系统整合多层级优化方案，在快手落地节省约一亿元硬件成本",
    "展望生成式推荐（GR）模型“大稀疏+大稠密”特征下的存储计算新范式"
  ]
}