{
  "address": "ai_session/part_02/chunk_00/09_apply_crop/slide_005",
  "status": "completed",
  "input": {
    "image_path": "output/ai_session/part_02/chunk_00/07_capture_frame/slide_005/artifacts/slide_005.png",
    "crop_region": {
      "x": 599,
      "y": 199,
      "width": 1320,
      "height": 820
    }
  },
  "output": "output/ai_session/part_02/chunk_00/09_apply_crop/slide_005/artifacts/slide_005.png",
  "artifacts": [
    "output/ai_session/part_02/chunk_00/09_apply_crop/slide_005/artifacts/slide_005.png"
  ],
  "metadata": {
    "source": "output/ai_session/part_02/chunk_00/07_capture_frame/slide_005/artifacts/slide_005.png",
    "applied": true,
    "crop_region": {
      "x": 599,
      "y": 199,
      "width": 1320,
      "height": 820
    },
    "size": {
      "width": 1320,
      "height": 820
    }
  },
  "trace_id": null,
  "duration_ms": 193,
  "started_at": "2025-12-15T23:02:57.627710",
  "completed_at": "2025-12-15T15:02:57.825197",
  "step_config": {},
  "dependencies": [
    "capture_frame",
    "crop_decision"
  ]
}