{
  "address": "ai_session/part_09/chunk_00/09_apply_crop/slide_012",
  "status": "completed",
  "input": {
    "image_path": "output/ai_session/part_09/chunk_00/07_capture_frame/slide_012/artifacts/slide_012.png",
    "crop_region": {
      "x": 558,
      "y": 169,
      "width": 1361,
      "height": 910
    }
  },
  "output": "output/ai_session/part_09/chunk_00/09_apply_crop/slide_012/artifacts/slide_012.png",
  "artifacts": [
    "output/ai_session/part_09/chunk_00/09_apply_crop/slide_012/artifacts/slide_012.png"
  ],
  "metadata": {
    "source": "output/ai_session/part_09/chunk_00/07_capture_frame/slide_012/artifacts/slide_012.png",
    "applied": true,
    "crop_region": {
      "x": 558,
      "y": 169,
      "width": 1361,
      "height": 910
    },
    "size": {
      "width": 1361,
      "height": 910
    }
  },
  "trace_id": null,
  "duration_ms": 117,
  "started_at": "2025-12-16T01:06:51.505019",
  "completed_at": "2025-12-15T17:06:51.633732",
  "step_config": {},
  "dependencies": [
    "capture_frame",
    "crop_decision"
  ]
}