{
  "address": "ScienceEducationInnovation/part_03/final/07_script_refine/0",
  "status": "completed",
  "input": {
    "narrative": {
      "id": "sec_001",
      "index": 0,
      "title": "开场与讲者介绍：人工智能端到端的复杂攻击检测技术研究报告分享者李锭老师介绍及主题开场。介绍北京大学李锭老师及其演讲主题《人工智能端到端的复杂攻击检测技术研究》。",
      "time_range": "00:00:00,000 - 00:01:01,505",
      "script": "接下来让我们有请北京大学的李锭老师，为我们带来《人工智能端到端的复杂攻击检测技术研究》的主题分享。\n在人工智能广泛应用的今天，安全防护至关重要。让我们掌声欢迎李老师。\n谢谢主持人的介绍。非常感谢华为的邀请。\n我们今天介绍的这个项目，实际上已经与 openEuler 合作了很长时间。\n从2023年开始，我们就在这里进行过分享。2024年，我们非常荣幸能再次分享该项目的最新进展。\n今天的主题是《人工智能端到端的复杂攻击检测技术研究》。",
      "summary": ""
    }
  },
  "output": {
    "section_id": "sec_001",
    "index": 0,
    "title": "开场与讲者介绍：人工智能端到端的复杂攻击检测技术研究报告分享者李锭老师介绍及主题开场。介绍北京大学李锭老师及其演讲主题《人工智能端到端的复杂攻击检测技术研究》。",
    "time_range": "00:00:00,000 - 00:01:01,505",
    "refined_script": "# 专题分享：人工智能端到端的复杂攻击检测技术研究\n\n## 1. 讲者简介\n**李锭**\n*   **机构**：北京大学\n*   **研究领域**：人工智能安全、端到端攻击检测技术\n\n## 2. 项目背景与社区合作\n本项目致力于解决人工智能广泛应用背景下的安全防护挑战，并与 **openEuler 社区** 保持着长期的深度合作：\n*   **合作起点**：2023 年，项目正式入驻社区并进行首次技术分享。\n*   **当前进展**：2024 年，项目进入新阶段，本次分享将重点展示该研究课题的最新技术突破与进展。\n\n## 3. 核心课题概述\n**主题**：《人工智能端到端的复杂攻击检测技术研究》\n\n**核心目标**：\n在 AI 应用日益普及的趋势下，构建从端到端的全链路安全防御体系，针对复杂攻击行为实现高效、精准的自动化检测，确保底层系统与上层应用的安全性。",
    "summary": "",
    "original_script": "接下来让我们有请北京大学的李锭老师，为我们带来《人工智能端到端的复杂攻击检测技术研究》的主题分享。\n在人工智能广泛应用的今天，安全防护至关重要。让我们掌声欢迎李老师。\n谢谢主持人的介绍。非常感谢华为的邀请。\n我们今天介绍的这个项目，实际上已经与 openEuler 合作了很长时间。\n从2023年开始，我们就在这里进行过分享。2024年，我们非常荣幸能再次分享该项目的最新进展。\n今天的主题是《人工智能端到端的复杂攻击检测技术研究》。"
  },
  "artifacts": [
    "output/ScienceEducationInnovation/part_03/final/07_script_refine/0/artifacts/section_sec_001_refined.md"
  ],
  "metadata": {
    "refined_length": 384,
    "original_length": 217,
    "summary_length": 0
  },
  "trace_id": "f44929c1-fa3b-4b94-b9bf-8f04173c58f0",
  "duration_ms": 8494,
  "started_at": "2025-12-19T01:26:36.931224",
  "completed_at": "2025-12-18T17:26:45.425959",
  "step_config": {
    "model": "gemini-3-flash-preview",
    "temperature": 0.2,
    "prompt_file": "/Users/lichuan/Codes/TalkDistill/config/prompts/script_refine.md",
    "schema_file": "/Users/lichuan/Codes/TalkDistill/config/schemas/script_refine.json"
  },
  "dependencies": [
    "section_timing"
  ]
}