{
  "address": "ai_session/part_01/chunk_00/09_apply_crop/slide_004",
  "status": "completed",
  "input": {
    "image_path": "output/ai_session/part_01/chunk_00/07_capture_frame/slide_004/artifacts/slide_004.png",
    "crop_region": {
      "x": 902,
      "y": 140,
      "width": 1017,
      "height": 939
    }
  },
  "output": "output/ai_session/part_01/chunk_00/09_apply_crop/slide_004/artifacts/slide_004.png",
  "artifacts": [
    "output/ai_session/part_01/chunk_00/09_apply_crop/slide_004/artifacts/slide_004.png"
  ],
  "metadata": {
    "source": "output/ai_session/part_01/chunk_00/07_capture_frame/slide_004/artifacts/slide_004.png",
    "applied": true,
    "crop_region": {
      "x": 902,
      "y": 140,
      "width": 1017,
      "height": 939
    },
    "size": {
      "width": 1017,
      "height": 939
    }
  },
  "trace_id": null,
  "duration_ms": 144,
  "started_at": "2025-12-15T22:21:11.735604",
  "completed_at": "2025-12-15T14:21:11.898414",
  "step_config": {},
  "dependencies": [
    "capture_frame",
    "crop_decision"
  ]
}