{
  "address": "ScienceEducationInnovation/part_03/chunk_00/07_capture_frame/slide_021",
  "status": "completed",
  "input": {
    "video": "output/ScienceEducationInnovation/part_03/chunk_00/01_cut_chunk/artifacts/chunk_high.mp4",
    "timestamp": "00:15:20.680",
    "frame_id": "slide_021",
    "output_ext": ".png"
  },
  "output": "output/ScienceEducationInnovation/part_03/chunk_00/07_capture_frame/slide_021/artifacts/slide_021.png",
  "artifacts": [
    "output/ScienceEducationInnovation/part_03/chunk_00/07_capture_frame/slide_021/artifacts/slide_021.png"
  ],
  "metadata": {
    "timestamp": "00:15:20.680",
    "frame_id": "slide_021",
    "ffmpeg": "/opt/homebrew/bin/ffmpeg"
  },
  "trace_id": null,
  "duration_ms": 1746,
  "started_at": "2025-12-19T01:07:58.335853",
  "completed_at": "2025-12-18T17:08:00.083523",
  "step_config": {},
  "dependencies": [
    "slide_timeline"
  ]
}