{
  "address": "ai_session/part_02/chunk_00/07_capture_frame/slide_017",
  "status": "completed",
  "input": {
    "video": "output/ai_session/part_02/chunk_00/01_cut_chunk/artifacts/chunk_high.mp4",
    "timestamp": "00:15:38.400",
    "frame_id": "slide_017",
    "output_ext": ".png"
  },
  "output": "output/ai_session/part_02/chunk_00/07_capture_frame/slide_017/artifacts/slide_017.png",
  "artifacts": [
    "output/ai_session/part_02/chunk_00/07_capture_frame/slide_017/artifacts/slide_017.png"
  ],
  "metadata": {
    "timestamp": "00:15:38.400",
    "frame_id": "slide_017",
    "ffmpeg": "/opt/homebrew/bin/ffmpeg"
  },
  "trace_id": null,
  "duration_ms": 3750,
  "started_at": "2025-12-15T23:00:01.446794",
  "completed_at": "2025-12-15T15:00:05.198175",
  "step_config": {},
  "dependencies": [
    "slide_timeline"
  ]
}