{
  "address": "ai_session/part_07/chunk_00/01_cut_chunk",
  "status": "completed",
  "input": {
    "video": "/Users/lichuan/Codes/TalkDistill/ai_session.mp4",
    "start": 6647.81,
    "duration": 1097.29,
    "output_name": "chunk_high.mp4"
  },
  "output": {
    "path": "output/ai_session/part_07/chunk_00/01_cut_chunk/artifacts/chunk_high.mp4",
    "start": 6647.81,
    "duration": 1097.29
  },
  "artifacts": [
    "output/ai_session/part_07/chunk_00/01_cut_chunk/artifacts/chunk_high.mp4"
  ],
  "metadata": {
    "ffmpeg": "/opt/homebrew/bin/ffmpeg",
    "start": 6647.81,
    "duration": 1097.29,
    "size_bytes": 568521091
  },
  "trace_id": null,
  "duration_ms": 670,
  "started_at": "2025-12-15T23:53:56.445642",
  "completed_at": "2025-12-15T15:53:57.117658",
  "step_config": {},
  "dependencies": []
}