{
  "address": "ScienceEducationInnovation/part_03/final/03_part_cut",
  "status": "completed",
  "input": {
    "video": "ScienceEducationInnovation.mp4",
    "start": 3376.25,
    "duration": 1225.0,
    "output_name": "part_high.mp4"
  },
  "output": {
    "path": "output/ScienceEducationInnovation/part_03/final/03_part_cut/artifacts/part_high.mp4",
    "start": 3376.25,
    "duration": 1225.0
  },
  "artifacts": [
    "output/ScienceEducationInnovation/part_03/final/03_part_cut/artifacts/part_high.mp4"
  ],
  "metadata": {
    "ffmpeg": "/opt/homebrew/bin/ffmpeg",
    "start": 3376.25,
    "duration": 1225.0,
    "size_bytes": 631924929
  },
  "trace_id": null,
  "duration_ms": 556,
  "started_at": "2025-12-19T01:12:56.182341",
  "completed_at": "2025-12-18T17:12:56.740300",
  "step_config": {},
  "dependencies": []
}