{
  "address": "ScienceEducationInnovation/part_04/chunk_00/07_capture_frame/slide_005",
  "status": "completed",
  "input": {
    "video": "output/ScienceEducationInnovation/part_04/chunk_00/01_cut_chunk/artifacts/chunk_high.mp4",
    "timestamp": "00:02:37.900",
    "frame_id": "slide_005",
    "output_ext": ".png"
  },
  "output": "output/ScienceEducationInnovation/part_04/chunk_00/07_capture_frame/slide_005/artifacts/slide_005.png",
  "artifacts": [
    "output/ScienceEducationInnovation/part_04/chunk_00/07_capture_frame/slide_005/artifacts/slide_005.png"
  ],
  "metadata": {
    "timestamp": "00:02:37.900",
    "frame_id": "slide_005",
    "ffmpeg": "/opt/homebrew/bin/ffmpeg"
  },
  "trace_id": null,
  "duration_ms": 655,
  "started_at": "2025-12-21T23:17:27.052547",
  "completed_at": "2025-12-21T15:17:27.708605",
  "step_config": {},
  "dependencies": [
    "slide_timeline"
  ]
}