{
  "address": "ScienceEducationInnovation/part_02/chunk_00/03_srt_slice",
  "status": "completed",
  "input": {
    "global_srt": "output/ScienceEducationInnovation/part_-01/chunk_-01/00_global_funasr/artifacts/global.srt",
    "start_ms": 1921105.0,
    "end_ms": 3391845.0,
    "output_name": "chunk_baseline.srt"
  },
  "output": [
    {
      "index": 1,
      "start": 0,
      "end": 0,
      "text": "掌声欢迎。"
    },
    {
      "index": 2,
      "start": 8.145,
      "end": 8.385,
      "text": "呃，"
    },
    {
      "index": 3,
      "start": 8.385,
      "end": 10.625,
      "text": "谢谢主持人的呃这个介绍。"
    },
    {
      "index": 4,
      "start": 10.645,
      "end": 12.345,
      "text": "然后也谢谢各位领导老师，"
    },
    {
      "index": 5,
      "start": 12.825,
      "end": 13.065,
      "text": "呃，"
    },
    {
      "index": 6,
      "start": 13.125,
      "end": 15.025,
      "text": "我是来自中国人民大学的谢明辉。"
    },
    {
      "index": 7,
      "start": 15.425,
      "end": 20.61,
      "text": "然后我本次汇报的题目是这个呃面向推荐到模型的参数存储系统研究。"
    },
    {
      "index": 8,
      "start": 21.355,
      "end": 23.635,
      "text": "那首先先对我自己的这样一个介绍，"
    },
    {
      "index": 9,
      "start": 24.035,
      "end": 24.275,
      "text": "呃，"
    },
    {
      "index": 10,
      "start": 24.615,
      "end": 26.335,
      "text": "个人的情况做一个简单的介绍。"
    },
    {
      "index": 11,
      "start": 26.495,
      "end": 26.735,
      "text": "呃，"
    },
    {
      "index": 12,
      "start": 26.755,
      "end": 28.635,
      "text": "我本科的话是在南大读的。"
    },
    {
      "index": 13,
      "start": 28.635,
      "end": 32.175,
      "text": "然后去年在清华大学计算机系的路由和数据，"
    },
    {
      "index": 14,
      "start": 32.175,
      "end": 34.075,
      "text": "吴老师这边啊读的博士，"
    },
    {
      "index": 15,
      "start": 34.075,
      "end": 36.255,
      "text": "然后毕业之后来到了中国人民大学。"
    },
    {
      "index": 16,
      "start": 36.915,
      "end": 37.155,
      "text": "呃，"
    },
    {
      "index": 17,
      "start": 37.755,
      "end": 37.955,
      "text": "对，"
    },
    {
      "index": 18,
      "start": 37.955,
      "end": 39.415,
      "text": "然后然后也拿了一些奖，"
    },
    {
      "index": 19,
      "start": 39.435,
      "end": 40.915,
      "text": "包括这个 ACM 的优博，"
    },
    {
      "index": 20,
      "start": 40.955,
      "end": 42.715,
      "text": "然后还有北京市的信托计划，"
    },
    {
      "index": 21,
      "start": 42.895,
      "end": 45.295,
      "text": "然后也承担了一系列的这个企业项目。"
    },
    {
      "index": 22,
      "start": 45.295,
      "end": 49.135,
      "text": "然后我本人的研究方向其实主要是围绕这个机学习系统，"
    },
    {
      "index": 23,
      "start": 49.295,
      "end": 55.385,
      "text": "具体的话会去做这种呃存储系统和呃机学习和机学习系统。"
    },
    {
      "index": 24,
      "start": 55.385,
      "end": 59.07,
      "text": "交叉的部分就主要做一些面向 storage for AI 的事情。"
    },
    {
      "index": 25,
      "start": 60.085,
      "end": 61.785,
      "text": "然后呃我们具体的话，"
    },
    {
      "index": 26,
      "start": 61.785,
      "end": 64.525,
      "text": "我目前的这样一个工作会呃，"
    },
    {
      "index": 27,
      "start": 64.565,
      "end": 66.085,
      "text": "围绕这个参数存储、"
    },
    {
      "index": 28,
      "start": 66.225,
      "end": 68.665,
      "text": "向量存储和记忆存储三个层次展开。"
    },
    {
      "index": 29,
      "start": 69.025,
      "end": 72.745,
      "text": "就我们觉得这个呃现在这个人工智能模型它越来越大。"
    },
    {
      "index": 30,
      "start": 72.765,
      "end": 75.385,
      "text": "那这个模型脑容量大了之后呢，"
    },
    {
      "index": 31,
      "start": 75.385,
      "end": 77.905,
      "text": "它其实对应的就是说要存的参数就会变多。"
    },
    {
      "index": 32,
      "start": 78.265,
      "end": 81.805,
      "text": "那第二个呢是我们觉得呃人工智能模型，"
    },
    {
      "index": 33,
      "start": 81.805,
      "end": 83.665,
      "text": "它看待世间万物的方式，"
    },
    {
      "index": 34,
      "start": 83.685,
      "end": 88.725,
      "text": "其实是相当于是把呃人个世界的一切事物把它表达为这种向量。"
    },
    {
      "index": 35,
      "start": 88.725,
      "end": 92.415,
      "text": "所以向量也是我们需要去考虑的这样一个关键的一个组件。"
    },
    {
      "index": 36,
      "start": 92.755,
      "end": 94.815,
      "text": "然后第三块的话就是这个记忆的存储，"
    },
    {
      "index": 37,
      "start": 94.815,
      "end": 96.775,
      "text": "就是我们知道这个区别。"
    },
    {
      "index": 38,
      "start": 97.135,
      "end": 102.915,
      "text": "聊天机器人和这个一个真正智能体的一个关键的一个区分度。"
    },
    {
      "index": 39,
      "start": 102.915,
      "end": 105.375,
      "text": "就是这个智能体它有没有记忆。"
    },
    {
      "index": 40,
      "start": 105.395,
      "end": 106.235,
      "text": "它如果没有记忆，"
    },
    {
      "index": 41,
      "start": 106.235,
      "end": 107.975,
      "text": "那它只是一个简单的 chat boat。"
    },
    {
      "index": 42,
      "start": 108.195,
      "end": 114.695,
      "text": "所以我们也会去呃面向这种呃特定的场景去做一些这种呃面向 LM 的记忆，"
    },
    {
      "index": 43,
      "start": 114.695,
      "end": 120.915,
      "text": "包括做一些 rag 或者说一些呃这种呃参数化的这种呃记忆方案。"
    },
    {
      "index": 44,
      "start": 121.255,
      "end": 123.615,
      "text": "然后回到我们本次演讲的主题。"
    },
    {
      "index": 45,
      "start": 123.615,
      "end": 128.795,
      "text": "我们其实本次演讲主要是呃针对这个推荐模型的这样一个参数存储，"
    },
    {
      "index": 46,
      "start": 128.795,
      "end": 131.19500000000022,
      "text": "是刚一层的这个最底下的一频。"
    },
    {
      "index": 47,
      "start": 131.61499999999975,
      "end": 133.17500000000024,
      "text": "然后我们所面临的一个现状，"
    },
    {
      "index": 48,
      "start": 133.17500000000024,
      "end": 137.25500000000022,
      "text": "其实是说呃当前的话互联联网非常发达。"
    },
    {
      "index": 49,
      "start": 137.295,
      "end": 140.67500000000024,
      "text": "然后每天的话会有非常多的这种视频啊，"
    },
    {
      "index": 50,
      "start": 140.67500000000024,
      "end": 144.53499999999977,
      "text": "或者是这种抖音呃呃微博的这种推文，"
    },
    {
      "index": 51,
      "start": 144.53499999999977,
      "end": 145.75500000000022,
      "text": "微博推特的推文，"
    },
    {
      "index": 52,
      "start": 145.775,
      "end": 146.995,
      "text": "然后抖音快手的视频，"
    },
    {
      "index": 53,
      "start": 147.275,
      "end": 148.09499999999977,
      "text": "然后这么多消息，"
    },
    {
      "index": 54,
      "start": 148.09499999999977,
      "end": 149.59499999999977,
      "text": "其实人肯定是看不过来的。"
    },
    {
      "index": 55,
      "start": 149.59499999999977,
      "end": 151.165,
      "text": "所所以推荐模型的话，"
    },
    {
      "index": 56,
      "start": 151.165,
      "end": 152.765,
      "text": "负责筛选这些信息，"
    },
    {
      "index": 57,
      "start": 152.84499999999977,
      "end": 153.90500000000023,
      "text": "然后呈现给大家。"
    },
    {
      "index": 58,
      "start": 154.36499999999975,
      "end": 157.904,
      "text": "那在 facebook 的这样一个人工智能集群当中啊，"
    },
    {
      "index": 59,
      "start": 157.904,
      "end": 159.28499999999977,
      "text": "他们统计推荐模型，"
    },
    {
      "index": 60,
      "start": 159.28499999999977,
      "end": 163.46500000000023,
      "text": "它的在人工智能服务耗时占比已经达到了百分之八十。"
    },
    {
      "index": 61,
      "start": 163.90500000000023,
      "end": 164.50500000000022,
      "text": "因此的话，"
    },
    {
      "index": 62,
      "start": 164.50500000000022,
      "end": 170.88000000000022,
      "text": "其实推荐中心已经成为这个现代数据中智能数数据中心人工智能的一个主要的载体。"
    },
    {
      "index": 63,
      "start": 171.955,
      "end": 174.955,
      "text": "然后呃我们来具体看一下一个推荐模型的一个结构。"
    },
    {
      "index": 64,
      "start": 174.975,
      "end": 181.745,
      "text": "会发现呃它和这种传统的呃 CV 或者 NLP 的模型不太一样的地方呢。"
    },
    {
      "index": 65,
      "start": 181.745,
      "end": 186.485,
      "text": "是啊它会有一个非常非常大的一个呃嵌入层，"
    },
    {
      "index": 66,
      "start": 186.545,
      "end": 187.525,
      "text": "就是 embedding 层。"
    },
    {
      "index": 67,
      "start": 187.745,
      "end": 189.565,
      "text": "它里面呢会包含有许许多多，"
    },
    {
      "index": 68,
      "start": 189.565,
      "end": 190.805,
      "text": "比如城市的嵌入表，"
    },
    {
      "index": 69,
      "start": 191.065,
      "end": 192.125,
      "text": "用户的嵌入表，"
    },
    {
      "index": 70,
      "start": 192.145,
      "end": 193.805,
      "text": "视频呃视频的嵌入表，"
    },
    {
      "index": 71,
      "start": 194.245,
      "end": 197.225,
      "text": "然后这些呃嵌入表是做什么事情的呢？"
    },
    {
      "index": 72,
      "start": 197.445,
      "end": 197.685,
      "text": "呃，"
    },
    {
      "index": 73,
      "start": 197.825,
      "end": 198.885,
      "text": "在推荐模型里面，"
    },
    {
      "index": 74,
      "start": 198.885,
      "end": 202.305,
      "text": "其实他们的这个输入啊不像是这个，"
    },
    {
      "index": 75,
      "start": 202.305,
      "end": 203.305,
      "text": "比如 rest net 之类的，"
    },
    {
      "index": 76,
      "start": 203.305,
      "end": 204.485,
      "text": "它是一张稠密的图，"
    },
    {
      "index": 77,
      "start": 204.785,
      "end": 207.06,
      "text": "而是这种非常高维的稀疏的 ID。"
    },
    {
      "index": 78,
      "start": 207.755,
      "end": 211.935,
      "text": "然后我们知道 DNN 它其实很难处理这种高维稀疏的 ID。"
    },
    {
      "index": 79,
      "start": 211.935,
      "end": 219.975,
      "text": "所以啊会用这种嵌入表去把它转互转化为这种呃低维的这种呃稠密的向量。"
    },
    {
      "index": 80,
      "start": 219.975,
      "end": 222.015,
      "text": "然后整个这个过程我们也可以发现，"
    },
    {
      "index": 81,
      "start": 222.015,
      "end": 224.315,
      "text": "就比如说像这个视频 ID 的话，"
    },
    {
      "index": 82,
      "start": 224.315,
      "end": 225.855,
      "text": "我最近可能看了三个视频，"
    },
    {
      "index": 83,
      "start": 225.855,
      "end": 228.255,
      "text": "我就会对应的把这三行找出来，"
    },
    {
      "index": 84,
      "start": 228.255,
      "end": 230.775,
      "text": "然后呃再维到神经网络里面去。"
    },
    {
      "index": 85,
      "start": 231.195,
      "end": 233.195,
      "text": "它这个稀疏参数这样一个部分，"
    },
    {
      "index": 86,
      "start": 233.195,
      "end": 234.515,
      "text": "它其实不是计算密集，"
    },
    {
      "index": 87,
      "start": 234.515,
      "end": 238.135,
      "text": "而是极度缓存密集的那呃，"
    },
    {
      "index": 88,
      "start": 238.435,
      "end": 240.215,
      "text": "我们总结其实当前推荐模型，"
    },
    {
      "index": 89,
      "start": 240.215,
      "end": 242.655,
      "text": "它面临着两方面的一个存储困境。"
    },
    {
      "index": 90,
      "start": 242.655,
      "end": 245.755,
      "text": "就第一个的话是它本身这个参数量比较大。"
    },
    {
      "index": 91,
      "start": 246.155,
      "end": 246.395,
      "text": "呃，"
    },
    {
      "index": 92,
      "start": 246.675,
      "end": 252.595,
      "text": "因为这个 embedding 它的呃是由于一些这种 ID 交叉的技术，"
    },
    {
      "index": 93,
      "start": 252.595,
      "end": 255.815,
      "text": "它可以堆到十二区区链这样一个量级级。"
    },
    {
      "index": 94,
      "start": 255.815,
      "end": 257.195,
      "text": "然后此外的话，"
    },
    {
      "index": 95,
      "start": 257.235,
      "end": 261.75,
      "text": "广泛的工业实践也说明模型的精度其实是需要参数量的一个提升。"
    },
    {
      "index": 96,
      "start": 262.555,
      "end": 264.875,
      "text": "然后第二个方面呢是这个呃带宽墙。"
    },
    {
      "index": 97,
      "start": 264.875,
      "end": 266.815,
      "text": "就是我们刚刚其实也讲了这个 inbedding 层，"
    },
    {
      "index": 98,
      "start": 266.875,
      "end": 269.915,
      "text": "它其实是许许多多的这种仿存操作，"
    },
    {
      "index": 99,
      "start": 270.135,
      "end": 271.415,
      "text": "而不是计算操作。"
    },
    {
      "index": 100,
      "start": 271.655,
      "end": 273.335,
      "text": "那根据阿里的一个统计的话，"
    },
    {
      "index": 101,
      "start": 273.335,
      "end": 275.375,
      "text": "他会发现这个仿存操作，"
    },
    {
      "index": 102,
      "start": 275.375,
      "end": 276.935,
      "text": "也就是这个 mbedding 操作，"
    },
    {
      "index": 103,
      "start": 276.935,
      "end": 282.055,
      "text": "它占到端到端模型的时间差不多有百分之七十以上。"
    },
    {
      "index": 104,
      "start": 282.455,
      "end": 285.78,
      "text": "所以的话它其实严重受限了这种算力的发挥。"
    },
    {
      "index": 105,
      "start": 286.815,
      "end": 289.375,
      "text": "那呃受两堵墙的一个叠加的影响，"
    },
    {
      "index": 106,
      "start": 289.375,
      "end": 293.155,
      "text": "像快手的话目前部署了万台和内存参数服务器，"
    },
    {
      "index": 107,
      "start": 293.355,
      "end": 294.855,
      "text": "这些参数服务器什么都不干，"
    },
    {
      "index": 108,
      "start": 294.875,
      "end": 295.995,
      "text": "就从他们的模型，"
    },
    {
      "index": 109,
      "start": 296.415,
      "end": 298.175,
      "text": "然后这个机器成本也非常的高，"
    },
    {
      "index": 110,
      "start": 298.175,
      "end": 299.33,
      "text": "达到了十亿元级。"
    },
    {
      "index": 111,
      "start": 300.775,
      "end": 302.595,
      "text": "所以的话我们做一个简单小结，"
    },
    {
      "index": 112,
      "start": 302.595,
      "end": 307.74,
      "text": "就是说存储系统已经目前成为这个制约推荐模型发展的一个核心因素。"
    },
    {
      "index": 113,
      "start": 310.005,
      "end": 314.945,
      "text": "然后幸运的是就是当前这个种呃不同的这种随着硬件的发展，"
    },
    {
      "index": 114,
      "start": 314.945,
      "end": 317.625,
      "text": "我们也出现现了不层次的这种存储。"
    },
    {
      "index": 115,
      "start": 317.805,
      "end": 319.045,
      "text": "比如说在性能层的话，"
    },
    {
      "index": 116,
      "start": 319.045,
      "end": 320.985,
      "text": "我们有这种呃 HBM，"
    },
    {
      "index": 117,
      "start": 321.265,
      "end": 324.085,
      "text": "它不仅被集成到 GPU 里面得以广泛应用。"
    },
    {
      "index": 118,
      "start": 324.165,
      "end": 325.645,
      "text": "现在一些新一代的 CPPU，"
    },
    {
      "index": 119,
      "start": 325.645,
      "end": 328.765,
      "text": "它也呃有这个呃 HBM，"
    },
    {
      "index": 120,
      "start": 328.765,
      "end": 331.205,
      "text": "那们可以拿它用用来缓缓来缓解带宽墙。"
    },
    {
      "index": 121,
      "start": 331.685,
      "end": 333.145,
      "text": "那在这个容量层的话，"
    },
    {
      "index": 122,
      "start": 333.145,
      "end": 334.985,
      "text": "其实我们有这种持有性内存，"
    },
    {
      "index": 123,
      "start": 335.325,
      "end": 338.105,
      "text": "它的话呃可以提供一个更低的一个成本，"
    },
    {
      "index": 124,
      "start": 338.465,
      "end": 341.475,
      "text": "然后呃可以用来来去做这种内存的扩容。"
    },
    {
      "index": 125,
      "start": 341.835,
      "end": 344.835,
      "text": "所以我们整个研究的这样一个核心的思路，"
    },
    {
      "index": 126,
      "start": 344.835,
      "end": 348.275,
      "text": "就是说去混合利用啊多层次的内存，"
    },
    {
      "index": 127,
      "start": 348.275,
      "end": 349.515,
      "text": "去构建一个存储系统，"
    },
    {
      "index": 128,
      "start": 349.535,
      "end": 352.09,
      "text": "实现一个容量和带宽的一个互补。"
    },
    {
      "index": 129,
      "start": 353.215,
      "end": 354.795,
      "text": "但我们发现做这样一个事情，"
    },
    {
      "index": 130,
      "start": 354.795,
      "end": 356.415,
      "text": "它其实是非常有挑战的。"
    },
    {
      "index": 131,
      "start": 356.715,
      "end": 360.495,
      "text": "就最主要的一个问题就是这些不同层次的一个硬件，"
    },
    {
      "index": 132,
      "start": 360.815,
      "end": 363.055,
      "text": "它的特性其实是非常不一样的。"
    },
    {
      "index": 133,
      "start": 363.075,
      "end": 366.735,
      "text": "比如说在这个 GPU 呃 HBM 这一层，"
    },
    {
      "index": 134,
      "start": 366.795,
      "end": 369.575,
      "text": "我们所遇到的问题是这个软硬交互效率比较低。"
    },
    {
      "index": 135,
      "start": 370.055,
      "end": 370.295,
      "text": "呃，"
    },
    {
      "index": 136,
      "start": 370.335,
      "end": 372.695,
      "text": "GPU 它的 HBM 做缓存，"
    },
    {
      "index": 137,
      "start": 372.815,
      "end": 376.655,
      "text": "那缓存的查询就需要让 GPU 来 lunch corner 啊，"
    },
    {
      "index": 138,
      "start": 376.655,
      "end": 377.775,
      "text": "需要 CPU lunch corner，"
    },
    {
      "index": 139,
      "start": 377.775,
      "end": 379.515,
      "text": "让这个 GPU 来进行缓存查询。"
    },
    {
      "index": 140,
      "start": 380.015,
      "end": 382.84,
      "text": "但呃 CPU 喊 GPU 做这样一个查询，"
    },
    {
      "index": 141,
      "start": 383.375,
      "end": 383.615,
      "text": "呃，"
    },
    {
      "index": 142,
      "start": 383.655,
      "end": 384.715,
      "text": "可能人家做的很快，"
    },
    {
      "index": 143,
      "start": 384.715,
      "end": 387.295,
      "text": "但你 CPU 去喊它这样一个时间其实非常的高，"
    },
    {
      "index": 144,
      "start": 387.495,
      "end": 388.85,
      "text": "会占到百分之七十。"
    },
    {
      "index": 145,
      "start": 389.745,
      "end": 392.085,
      "text": "那我们往下来到这个 DM 和 PM 层，"
    },
    {
      "index": 146,
      "start": 392.085,
      "end": 396.635,
      "text": "我们会发现我们所遇到的问题是这个介质性能难以发挥。"
    },
    {
      "index": 147,
      "start": 396.995,
      "end": 399.495,
      "text": "因为 PM 它其实本身延迟比较高，"
    },
    {
      "index": 148,
      "start": 399.735,
      "end": 403.335,
      "text": "而且它不像是盘它是一个这种 load store 的介质。"
    },
    {
      "index": 149,
      "start": 403.635,
      "end": 405.455,
      "text": "那呃 PM 它的延迟，"
    },
    {
      "index": 150,
      "start": 405.455,
      "end": 407.035,
      "text": "如果是 d ram 的一个三倍的话，"
    },
    {
      "index": 151,
      "start": 407.035,
      "end": 410.315,
      "text": "那会导致啊它这只要卡 CPU 的流水线。"
    },
    {
      "index": 152,
      "start": 410.675,
      "end": 413.895,
      "text": "那我们把一个参数服务器的 DROM 换成 PM 之后，"
    },
    {
      "index": 153,
      "start": 413.895,
      "end": 417.415,
      "text": "会发现它的一个吞吐啊下降了一点九倍。"
    },
    {
      "index": 154,
      "start": 417.415,
      "end": 420.48,
      "text": "刚好把这个硬件的成本优势完全抹杀掉了。"
    },
    {
      "index": 155,
      "start": 421.255,
      "end": 426.275,
      "text": "那我们再往下一层来到这个外层层就 SSD 层我们所遇到的问题。"
    },
    {
      "index": 156,
      "start": 426.275,
      "end": 429.555,
      "text": "其实这种呃参数的一个读放大现象比较严重，"
    },
    {
      "index": 157,
      "start": 429.975,
      "end": 431.395,
      "text": "就往上这些介质，"
    },
    {
      "index": 158,
      "start": 431.395,
      "end": 432.895,
      "text": "它其实都是字节力度，"
    },
    {
      "index": 159,
      "start": 432.895,
      "end": 434.395,
      "text": "可寻址的内存介质。"
    },
    {
      "index": 160,
      "start": 434.695,
      "end": 436.195,
      "text": "但来到盘这里的话，"
    },
    {
      "index": 161,
      "start": 436.195,
      "end": 438.475,
      "text": "那我们一读啊就是一个 block。"
    },
    {
      "index": 162,
      "start": 438.475,
      "end": 439.655,
      "text": "哪怕你访问的再小，"
    },
    {
      "index": 163,
      "start": 439.735,
      "end": 442.115,
      "text": "那也得把整个四 KB 把它拉上来。"
    },
    {
      "index": 164,
      "start": 442.435,
      "end": 445.415,
      "text": "那呃一个参数它通常来说还比较小，"
    },
    {
      "index": 165,
      "start": 445.475,
      "end": 447.455,
      "text": "是这个六十四到五百一十二 bite，"
    },
    {
      "index": 166,
      "start": 447.715,
      "end": 449.835,
      "text": "那这就导致一个力度不匹配。"
    },
    {
      "index": 167,
      "start": 450.075,
      "end": 450.155,
      "text": "呃，"
    },
    {
      "index": 168,
      "start": 450.155,
      "end": 451.485,
      "text": "整个盘呃，"
    },
    {
      "index": 169,
      "start": 451.485,
      "end": 453.645,
      "text": "比如像一些这种呃 PM 九 a 三，"
    },
    {
      "index": 170,
      "start": 453.645,
      "end": 456.545,
      "text": "或者是呃五八零零叉这种比较好的盘。"
    },
    {
      "index": 171,
      "start": 456.605,
      "end": 463.105,
      "text": "它读带宽可能有个七八个 g 但我们实际测下来发现它有效带宽其实只有百分之六，"
    },
    {
      "index": 172,
      "start": 463.205,
      "end": 465.23,
      "text": "所以独放大现象非常的严重。"
    },
    {
      "index": 173,
      "start": 466.395,
      "end": 468.695,
      "text": "那针对这三个层次的三个问题的话，"
    },
    {
      "index": 174,
      "start": 468.695,
      "end": 470.355,
      "text": "我们其实分别开展了工作。"
    },
    {
      "index": 175,
      "start": 470.395,
      "end": 471.495,
      "text": "然后因为时间问题，"
    },
    {
      "index": 176,
      "start": 471.495,
      "end": 476.375,
      "text": "我每个工作都只会去呃简单讲一下他的一个最核心的一个想法。"
    },
    {
      "index": 177,
      "start": 476.755,
      "end": 479.875,
      "text": "然后他们分别发表在这个 eurosis 和 VRDB，"
    },
    {
      "index": 178,
      "start": 479.875,
      "end": 481.05,
      "text": "还有 s boss 上。"
    },
    {
      "index": 179,
      "start": 482.485,
      "end": 484.125,
      "text": "那首先是在这个 GPU 层，"
    },
    {
      "index": 180,
      "start": 484.345,
      "end": 488.245,
      "text": "我们所遇到的问题是这个软硬件交互的一个开销非常大。"
    },
    {
      "index": 181,
      "start": 488.845,
      "end": 496.485,
      "text": "然后我们发现它呃这个交互开销大本质的原因呢是它会产生非常多零碎的这种小的 corner。"
    },
    {
      "index": 182,
      "start": 496.825,
      "end": 497.885,
      "text": "然后比如一个模型，"
    },
    {
      "index": 183,
      "start": 497.885,
      "end": 501.925,
      "text": "它有个呃这个几百个 embedding table 也就几百列特征，"
    },
    {
      "index": 184,
      "start": 501.925,
      "end": 505.025,
      "text": "那可能会呃对应的也会产生几百个小 corner。"
    },
    {
      "index": 185,
      "start": 505.025,
      "end": 506.205,
      "text": "那它有几千个特征，"
    },
    {
      "index": 186,
      "start": 506.205,
      "end": 508.51,
      "text": "那它就会产生几千个这种小的 corner。"
    },
    {
      "index": 187,
      "start": 510.115,
      "end": 513.735,
      "text": "那呃这个海量小科呢它其实不是一个新鲜的问题。"
    },
    {
      "index": 188,
      "start": 514.055,
      "end": 516.515,
      "text": "在传统的这种深度学习编译器里面的话，"
    },
    {
      "index": 189,
      "start": 516.795,
      "end": 517.035,
      "text": "呃，"
    },
    {
      "index": 190,
      "start": 517.835,
      "end": 524.915,
      "text": "也会有做这种呃 conner fusion 去缓解这种呃大量小柯 ner 的这样一个呃问题。"
    },
    {
      "index": 191,
      "start": 525.175,
      "end": 527.075,
      "text": "但我们发现传统的这种编译器，"
    },
    {
      "index": 192,
      "start": 527.075,
      "end": 530.075,
      "text": "比如 TVM 或者呃 TENL 的这个 flox LA，"
    },
    {
      "index": 193,
      "start": 530.075,
      "end": 534.955,
      "text": "它并不适合于去做这种缓缓存的一个呃 tenner 的融合。"
    },
    {
      "index": 194,
      "start": 535.375,
      "end": 537.095,
      "text": "因为它们其实适合的是说，"
    },
    {
      "index": 195,
      "start": 537.115,
      "end": 542.865,
      "text": "比如这里是一个这个 renet 的一个啊的那个 alex net 的一个结构。"
    },
    {
      "index": 196,
      "start": 543.145,
      "end": 545.205,
      "text": "他们里面的这种呃输入输出，"
    },
    {
      "index": 197,
      "start": 545.205,
      "end": 547.225,
      "text": "包括形状其实都是固定的。"
    },
    {
      "index": 198,
      "start": 547.445,
      "end": 548.685,
      "text": "但在推荐里面的话，"
    },
    {
      "index": 199,
      "start": 548.945,
      "end": 549.185,
      "text": "呃，"
    },
    {
      "index": 200,
      "start": 549.305,
      "end": 551.185,
      "text": "它的张量形状是非常动态的。"
    },
    {
      "index": 201,
      "start": 551.185,
      "end": 553.565,
      "text": "比如我我最近看了四个视频啊，"
    },
    {
      "index": 202,
      "start": 553.585,
      "end": 554.705,
      "text": "比如这个另外一个老师，"
    },
    {
      "index": 203,
      "start": 554.705,
      "end": 555.665,
      "text": "他可能最近比较忙，"
    },
    {
      "index": 204,
      "start": 555.665,
      "end": 556.745,
      "text": "他只看了一个视频。"
    },
    {
      "index": 205,
      "start": 556.865,
      "end": 558.525,
      "text": "然后我们 join 在一个 batch 里面，"
    },
    {
      "index": 206,
      "start": 558.525,
      "end": 559.605,
      "text": "它长的长短的短。"
    },
    {
      "index": 207,
      "start": 559.905,
      "end": 561.845,
      "text": "那对于这个 TVM 来说，"
    },
    {
      "index": 208,
      "start": 561.845,
      "end": 563.145,
      "text": "这种是非常不友好的，"
    },
    {
      "index": 209,
      "start": 563.145,
      "end": 564.67,
      "text": "不利于去做 fusion。"
    },
    {
      "index": 210,
      "start": 565.555,
      "end": 567.375,
      "text": "然后我们的这个工作的核心观察，"
    },
    {
      "index": 211,
      "start": 567.375,
      "end": 577.465,
      "text": "其实是说我们发现和现有的这种呃深度学习模型不太一样的地方呢是现有的它的小 corner 可能是来自于不同的算子，"
    },
    {
      "index": 212,
      "start": 577.705,
      "end": 579.085,
      "text": "是来自于不同的函数的。"
    },
    {
      "index": 213,
      "start": 579.305,
      "end": 582.645,
      "text": "但我们呢是相当于是说我们虽然也有很多小 corner，"
    },
    {
      "index": 214,
      "start": 582.645,
      "end": 585.725,
      "text": "但它来自于同一个这个缓存查询函数。"
    },
    {
      "index": 215,
      "start": 586.145,
      "end": 587.325,
      "text": "那我们就可以说哎，"
    },
    {
      "index": 216,
      "start": 587.345,
      "end": 590.985,
      "text": "我们能不能发一个特别大的一个 corner。"
    },
    {
      "index": 217,
      "start": 591.005,
      "end": 593.965,
      "text": "然后这个 corner 本身就是做这个缓存查询，"
    },
    {
      "index": 218,
      "start": 594.465,
      "end": 600.445,
      "text": "然后里面包含有足够多的线程去呃去分担原来 corner 的这样一个呃关系，"
    },
    {
      "index": 219,
      "start": 600.585,
      "end": 601.85,
      "text": "进行一个自识别。"
    },
    {
      "index": 220,
      "start": 602.985,
      "end": 603.185,
      "text": "啊，"
    },
    {
      "index": 221,
      "start": 603.185,
      "end": 605.565,
      "text": "因此的话我们就提了这样一个呃关键的一个技术，"
    },
    {
      "index": 222,
      "start": 605.565,
      "end": 606.965,
      "text": "叫三阶段的一个自识别。"
    },
    {
      "index": 223,
      "start": 606.965,
      "end": 607.925,
      "text": "cornner 融合方法。"
    },
    {
      "index": 224,
      "start": 608.425,
      "end": 613.485,
      "text": "他大概核心想法就是说我们去发射一个特别大的一个单体的一个 corner。"
    },
    {
      "index": 225,
      "start": 613.865,
      "end": 620.145,
      "text": "然后呢呃同时把呃原来小 corner 的这些线程数的一个前缀和数组把它记下来，"
    },
    {
      "index": 226,
      "start": 620.405,
      "end": 621.765,
      "text": "然后大的的 corner 进去，"
    },
    {
      "index": 227,
      "start": 621.765,
      "end": 623.865,
      "text": "每一个 TID 在这上面做一个二分查找。"
    },
    {
      "index": 228,
      "start": 624.225,
      "end": 628.655,
      "text": "然后呢去呃相当于识别出原来的一个关系，"
    },
    {
      "index": 229,
      "start": 628.675,
      "end": 631.28,
      "text": "然后再进行一个呃缓存的一个查询。"
    },
    {
      "index": 230,
      "start": 632.025,
      "end": 636.285,
      "text": "然后我我们当然也用了一系列的这种技术去优化它的一个性能。"
    },
    {
      "index": 231,
      "start": 636.285,
      "end": 641.005,
      "text": "比如说我们发现这个里面涉及很多 CPU 到 GPU 的这种小的拷贝。"
    },
    {
      "index": 232,
      "start": 641.325,
      "end": 643.445,
      "text": "那调一次扩大 memory copy，"
    },
    {
      "index": 233,
      "start": 643.445,
      "end": 644.605,
      "text": "它就需要七个微秒。"
    },
    {
      "index": 234,
      "start": 644.625,
      "end": 645.785,
      "text": "你哪怕拷一个字节，"
    },
    {
      "index": 235,
      "start": 646.025,
      "end": 648.005,
      "text": "也得要启动 DMA 引擎，"
    },
    {
      "index": 236,
      "start": 648.425,
      "end": 650.505,
      "text": "然后各种各样的这种开销特别的大。"
    },
    {
      "index": 237,
      "start": 650.705,
      "end": 654.025,
      "text": "然后我们利用的这种原来暴露给网卡的这种特性，"
    },
    {
      "index": 238,
      "start": 654.125,
      "end": 656.945,
      "text": "来让 CPU 去实现一个 load store，"
    },
    {
      "index": 239,
      "start": 656.945,
      "end": 659.585,
      "text": "来去直接对显存进行一个拷贝，"
    },
    {
      "index": 240,
      "start": 659.805,
      "end": 661.38,
      "text": "那性能就会比较的好。"
    },
    {
      "index": 241,
      "start": 661.975,
      "end": 663.675,
      "text": "然后我们测了一下它的一个性能，"
    },
    {
      "index": 242,
      "start": 663.695,
      "end": 665.595,
      "text": "就和现有的系统比的话，"
    },
    {
      "index": 243,
      "start": 665.595,
      "end": 668.555,
      "text": "现有的系统它随着这个科的个数增加，"
    },
    {
      "index": 244,
      "start": 668.635,
      "end": 670.575,
      "text": "它的延迟会直线这样上升，"
    },
    {
      "index": 245,
      "start": 670.755,
      "end": 672.55,
      "text": "但我们基本可以做到稳定。"
    },
    {
      "index": 246,
      "start": 674.195,
      "end": 676.255,
      "text": "然后我们这个工作呃小结一下的话，"
    },
    {
      "index": 247,
      "start": 676.255,
      "end": 681.055,
      "text": "就是针对 GPU 片上内存的这样一个软硬交互开销大的问题。"
    },
    {
      "index": 248,
      "start": 681.055,
      "end": 683.54,
      "text": "然后我们的核心思想是做一个查询融合。"
    },
    {
      "index": 249,
      "start": 685.065,
      "end": 686.285,
      "text": "然后在 PM 层的话，"
    },
    {
      "index": 250,
      "start": 686.725,
      "end": 686.965,
      "text": "呃，"
    },
    {
      "index": 251,
      "start": 687.445,
      "end": 693.525,
      "text": "我们第二个工作其实针对这个参数服务器的一个呃换成 PM 之后的一个 CPU 瓶颈现象。"
    },
    {
      "index": 252,
      "start": 694.085,
      "end": 697.605,
      "text": "然后我们发现呃 CPU 它其实特别的忙，"
    },
    {
      "index": 253,
      "start": 697.645,
      "end": 699.465,
      "text": "他利用率的达到了百分之一百，"
    },
    {
      "index": 254,
      "start": 699.465,
      "end": 701.965,
      "text": "然后啊成为了 PS 的整个瓶颈。"
    },
    {
      "index": 255,
      "start": 702.385,
      "end": 703.945,
      "text": "那呃他这么忙，"
    },
    {
      "index": 256,
      "start": 703.945,
      "end": 704.945,
      "text": "他都在忙什么呢？"
    },
    {
      "index": 257,
      "start": 704.945,
      "end": 705.525,
      "text": "我们看了一下，"
    },
    {
      "index": 258,
      "start": 705.525,
      "end": 708.065,
      "text": "发现整个 PS 的一个 workflow。"
    },
    {
      "index": 259,
      "start": 708.065,
      "end": 710.185,
      "text": "如果呃把它用一个图来看的话，"
    },
    {
      "index": 260,
      "start": 710.185,
      "end": 712.465,
      "text": "他就做的是啊收到一堆 key，"
    },
    {
      "index": 261,
      "start": 712.465,
      "end": 714.005,
      "text": "然后把对应的参数找到。"
    },
    {
      "index": 262,
      "start": 714.065,
      "end": 716.835,
      "text": "然后呢把它我们在序列化一起聚集到一起，"
    },
    {
      "index": 263,
      "start": 717.115,
      "end": 719.275,
      "text": "然后再让网络拉走返回一个客户端。"
    },
    {
      "index": 264,
      "start": 719.615,
      "end": 722.475,
      "text": "然后这个聚集过程它其实消耗了大量的 CPU，"
    },
    {
      "index": 265,
      "start": 722.775,
      "end": 723.014,
      "text": "呃，"
    },
    {
      "index": 266,
      "start": 723.035,
      "end": 724.63,
      "text": "大概有占百分之三十五。"
    },
    {
      "index": 267,
      "start": 726.075,
      "end": 727.655,
      "text": "然后那我们进一步分析，"
    },
    {
      "index": 268,
      "start": 727.655,
      "end": 730.915,
      "text": "为什么在 d ram 上面这个参数序列化它不是什么问题，"
    },
    {
      "index": 269,
      "start": 730.975,
      "end": 733.375,
      "text": "但换到 PM 上面就成问题了呢？"
    },
    {
      "index": 270,
      "start": 733.615,
      "end": 733.855,
      "text": "啊，"
    },
    {
      "index": 271,
      "start": 733.875,
      "end": 735.655,
      "text": "我们看右上角的这样一个动图，"
    },
    {
      "index": 272,
      "start": 735.835,
      "end": 737.575,
      "text": "就是呃 PM，"
    },
    {
      "index": 273,
      "start": 737.575,
      "end": 738.815,
      "text": "因为它本身比较慢。"
    },
    {
      "index": 274,
      "start": 739.255,
      "end": 741.635,
      "text": "然后这整个序列化过程当中，"
    },
    {
      "index": 275,
      "start": 741.635,
      "end": 744.915,
      "text": "它要一个一个把参数拷到一个缓冲区里面，"
    },
    {
      "index": 276,
      "start": 745.235,
      "end": 748.81,
      "text": "然后呢再让客户端拉走它的一个延迟其实非常的高。"
    },
    {
      "index": 277,
      "start": 750.015,
      "end": 754.275,
      "text": "然后我们的核心想法就是我们其实注意到这种呃现在的商用网卡，"
    },
    {
      "index": 278,
      "start": 754.295,
      "end": 756.455,
      "text": "它有这种呃长期存在，"
    },
    {
      "index": 279,
      "start": 756.455,
      "end": 758.895,
      "text": "但是总被人忽略的 DMA 引擎啊，"
    },
    {
      "index": 280,
      "start": 758.895,
      "end": 762.555,
      "text": "这 DMA 引擎呢有一个这种功能叫 scattered gether DMA。"
    },
    {
      "index": 281,
      "start": 762.555,
      "end": 764.755,
      "text": "它呢可以去呃代替 CPU，"
    },
    {
      "index": 282,
      "start": 764.755,
      "end": 767.295,
      "text": "去做 PM 上面参数的一个序列化。"
    },
    {
      "index": 283,
      "start": 767.635,
      "end": 768.855,
      "text": "然后我们这里有一个流程，"
    },
    {
      "index": 284,
      "start": 768.855,
      "end": 771.915,
      "text": "就是说 CPU 去提交一个描述符给卡。"
    },
    {
      "index": 285,
      "start": 772.215,
      "end": 773.415,
      "text": "这描述述里面呢，"
    },
    {
      "index": 286,
      "start": 773.635,
      "end": 775.935,
      "text": "比如说有三个原地址和一个目的地址。"
    },
    {
      "index": 287,
      "start": 776.115,
      "end": 778.075,
      "text": "那网卡收到了这个描述符之后，"
    },
    {
      "index": 288,
      "start": 778.075,
      "end": 783.75,
      "text": "它就会去这个内存上面去把这三三三块内存把它给聚集到一起。"
    },
    {
      "index": 289,
      "start": 785.055,
      "end": 786.435,
      "text": "所以基于这个硬件特性呢，"
    },
    {
      "index": 290,
      "start": 786.435,
      "end": 788.315,
      "text": "我们就做了这样一个关键的一个机制，"
    },
    {
      "index": 291,
      "start": 788.315,
      "end": 790.035,
      "text": "叫做网卡聚集机制。"
    },
    {
      "index": 292,
      "start": 790.455,
      "end": 791.675,
      "text": "然后我们可以对比一下，"
    },
    {
      "index": 293,
      "start": 791.675,
      "end": 794.875,
      "text": "上面的话是原来的这样一个方法的一个动图。"
    },
    {
      "index": 294,
      "start": 794.895,
      "end": 796.495,
      "text": "然后中间的话是我们的方法。"
    },
    {
      "index": 295,
      "start": 796.855,
      "end": 798.055,
      "text": "那对于我们的方法，"
    },
    {
      "index": 296,
      "start": 798.055,
      "end": 801.935,
      "text": "其实这个 CPU 它只需要去呃发射这样一个描述符，"
    },
    {
      "index": 297,
      "start": 802.235,
      "end": 805.355,
      "text": "然后网卡来负责把三个参数拉走。"
    },
    {
      "index": 298,
      "start": 805.535,
      "end": 806.835,
      "text": "那整个这个过程当中，"
    },
    {
      "index": 299,
      "start": 807.015,
      "end": 810.135,
      "text": "我们其实会发现 CPU 它都没有去碰到 PM，"
    },
    {
      "index": 300,
      "start": 810.275,
      "end": 814.355,
      "text": "就是 PM 的一个这个比较高的一个漏 load 的延迟，"
    },
    {
      "index": 301,
      "start": 814.355,
      "end": 816.745,
      "text": "其实是被呃完全规避掉了。"
    },
    {
      "index": 302,
      "start": 816.845,
      "end": 818.645,
      "text": "那它的吞吐其实就会比较高。"
    },
    {
      "index": 303,
      "start": 819.325,
      "end": 821.905,
      "text": "但做这个事情其实也会有一些问题啊，"
    },
    {
      "index": 304,
      "start": 821.905,
      "end": 825.845,
      "text": "就是呃我比如说一个典型的问题，"
    },
    {
      "index": 305,
      "start": 825.845,
      "end": 827.045,
      "text": "就是说我们一个参数。"
    },
    {
      "index": 306,
      "start": 827.465,
      "end": 830.105,
      "text": "但如果正在被网卡拉着的时候，"
    },
    {
      "index": 307,
      "start": 830.305,
      "end": 833.385,
      "text": "我们从黄颜色的版本把它改成了蓝颜色的版本。"
    },
    {
      "index": 308,
      "start": 833.825,
      "end": 835.965,
      "text": "但网卡其实又不知道这个事情，"
    },
    {
      "index": 309,
      "start": 836.125,
      "end": 837.985,
      "text": "所以很可能网卡拉着的时候，"
    },
    {
      "index": 310,
      "start": 838.145,
      "end": 841.245,
      "text": "它会出现这样一个前面一半是旧旧版本，"
    },
    {
      "index": 311,
      "start": 841.245,
      "end": 845.215,
      "text": "后面一半是新版本这样一个新旧混杂的这样一个情况。"
    },
    {
      "index": 312,
      "start": 846.525,
      "end": 850.665,
      "text": "然后我我们对应的就是也会去做一些这种参数的一致性维护。"
    },
    {
      "index": 313,
      "start": 851.085,
      "end": 856.585,
      "text": "然后因为这里面涉及一些呃并发的这种无锁的编程的一些细节，"
    },
    {
      "index": 314,
      "start": 856.665,
      "end": 858.665,
      "text": "然后包括一些已 poke 机制，"
    },
    {
      "index": 315,
      "start": 859.025,
      "end": 860.64,
      "text": "然后我就不展开了。"
    },
    {
      "index": 316,
      "start": 862.085,
      "end": 863.205,
      "text": "那最后看一下性能，"
    },
    {
      "index": 317,
      "start": 863.525,
      "end": 865.825,
      "text": "就我们相比于这个最经典的 PS，"
    },
    {
      "index": 318,
      "start": 865.905,
      "end": 870.265,
      "text": "就是李牧老师在这个 MX net 里面提的这样一个呃 PS，"
    },
    {
      "index": 319,
      "start": 870.365,
      "end": 872.365,
      "text": "还有快手呃内部的系统，"
    },
    {
      "index": 320,
      "start": 872.425,
      "end": 874.165,
      "text": "还有包括 VRDB 这样一个论文，"
    },
    {
      "index": 321,
      "start": 874.405,
      "end": 875.885,
      "text": "它的一个吞吐都非常的高。"
    },
    {
      "index": 322,
      "start": 876.325,
      "end": 879.485,
      "text": "然后相比于这个呃纯低 rom 的系统的话，"
    },
    {
      "index": 323,
      "start": 879.485,
      "end": 881.985,
      "text": "我们延迟也可以做到基本相当。"
    },
    {
      "index": 324,
      "start": 882.125,
      "end": 886.465,
      "text": "然后同时的话呃成本也会非常的有有优势，"
    },
    {
      "index": 325,
      "start": 886.465,
      "end": 887.77,
      "text": "降低了百分之三十。"
    },
    {
      "index": 326,
      "start": 889.065,
      "end": 890.705,
      "text": "然后我们对第二个工作进行小结。"
    },
    {
      "index": 327,
      "start": 890.705,
      "end": 893.325,
      "text": "其实我们往下来到呃 DMPM 层，"
    },
    {
      "index": 328,
      "start": 893.325,
      "end": 897.625,
      "text": "我们所遇到的问题是这个介质延迟比较高导致的 CPU 瓶颈。"
    },
    {
      "index": 329,
      "start": 897.845,
      "end": 902.97,
      "text": "然后我们的一个想法就是利用网卡的一个 DMA 能力来进行一个协同的一个访存。"
    },
    {
      "index": 330,
      "start": 905.065,
      "end": 908.225,
      "text": "然后最后我们来到盘上 SSD 层盘上，"
    },
    {
      "index": 331,
      "start": 908.245,
      "end": 911.705,
      "text": "其实所遇到的问题是这个力度不匹配导致的一个读放大。"
    },
    {
      "index": 332,
      "start": 912.165,
      "end": 913.205,
      "text": "然后现有的工作呢，"
    },
    {
      "index": 333,
      "start": 913.205,
      "end": 915.045,
      "text": "他其实也意识到这个问题，"
    },
    {
      "index": 334,
      "start": 915.045,
      "end": 917.685,
      "text": "然后他会去把一些容易贡献的参数，"
    },
    {
      "index": 335,
      "start": 917.705,
      "end": 919.905,
      "text": "把它放到一一个 SSD 页面里面。"
    },
    {
      "index": 336,
      "start": 920.105,
      "end": 920.685,
      "text": "这样子的话，"
    },
    {
      "index": 337,
      "start": 920.685,
      "end": 924.325,
      "text": "单次读它的一个有效读的数据量其实就会变大。"
    },
    {
      "index": 338,
      "start": 924.465,
      "end": 926.125,
      "text": "但我们发现它其实还是不够。"
    },
    {
      "index": 339,
      "start": 926.425,
      "end": 929.465,
      "text": "就是现有的 facebook 的这样一个工作叫 SHP。"
    },
    {
      "index": 340,
      "start": 930.145,
      "end": 930.385,
      "text": "啊，"
    },
    {
      "index": 341,
      "start": 930.385,
      "end": 933.145,
      "text": "这个这个什么颜色这个粉粉粉色的，"
    },
    {
      "index": 342,
      "start": 933.185,
      "end": 934.53,
      "text": "就是我们随机乱排，"
    },
    {
      "index": 343,
      "start": 935.105,
      "end": 938.405,
      "text": "就相比相相比于一个精巧的一个排布方法，"
    },
    {
      "index": 344,
      "start": 938.825,
      "end": 939.065,
      "text": "呃，"
    },
    {
      "index": 345,
      "start": 939.325,
      "end": 941.025,
      "text": "乱排能达到个百分之六。"
    },
    {
      "index": 346,
      "start": 941.105,
      "end": 945.005,
      "text": "那这种精巧的方法它可能也就达到个百分之八这样一个有效带宽。"
    },
    {
      "index": 347,
      "start": 945.305,
      "end": 947.52,
      "text": "所以硬件利用率其实非常的低。"
    },
    {
      "index": 348,
      "start": 948.545,
      "end": 949.945,
      "text": "那我们进一步的去看了一下，"
    },
    {
      "index": 349,
      "start": 949.945,
      "end": 952.03,
      "text": "它为什么这个有效带宽都这么差，"
    },
    {
      "index": 350,
      "start": 953.185,
      "end": 954.505,
      "text": "现有工作他怎么做的呢？"
    },
    {
      "index": 351,
      "start": 954.505,
      "end": 956.345,
      "text": "就是他他会先去看一下，"
    },
    {
      "index": 352,
      "start": 956.505,
      "end": 960.825,
      "text": "比如说六七八这三个参数经常出现一三四二一起出现。"
    },
    {
      "index": 353,
      "start": 961.065,
      "end": 961.485,
      "text": "然后呢，"
    },
    {
      "index": 354,
      "start": 961.485,
      "end": 964.065,
      "text": "他们会把这些视为超图里面的一个边，"
    },
    {
      "index": 355,
      "start": 964.365,
      "end": 966.585,
      "text": "然后去利用这种超图划分算法，"
    },
    {
      "index": 356,
      "start": 966.765,
      "end": 968.845,
      "text": "去把它切成一个一个子图。"
    },
    {
      "index": 357,
      "start": 969.145,
      "end": 973.885,
      "text": "然后让每一个子图里面的这个呃参数的大小是参数的个数，"
    },
    {
      "index": 358,
      "start": 973.885,
      "end": 976.565,
      "text": "是少于一个 SSD block 的这样一个个数。"
    },
    {
      "index": 359,
      "start": 977.125,
      "end": 983.255,
      "text": "但我们发现这种呃方案它虽然能够做到一定程度的贡献货。"
    },
    {
      "index": 360,
      "start": 983.355,
      "end": 985.035,
      "text": "比如说他把这个一十十一、"
    },
    {
      "index": 361,
      "start": 985.035,
      "end": 988.555,
      "text": "十三这样一个呃超编把它捕获到了呃，"
    },
    {
      "index": 362,
      "start": 988.795,
      "end": 990.235,
      "text": "二九十二也捕货到了。"
    },
    {
      "index": 363,
      "start": 990.275,
      "end": 993.215,
      "text": "但一二三四这样一个组他就没有捕获到。"
    },
    {
      "index": 364,
      "start": 993.315,
      "end": 996.86,
      "text": "因为一个参数他只在盘上面啊复制了一份，"
    },
    {
      "index": 365,
      "start": 997.805,
      "end": 1000.025,
      "text": "但我们发现这个其实会有问题。"
    },
    {
      "index": 366,
      "start": 1000.025,
      "end": 1005.625,
      "text": "因为现实生活当中其实非常呃有非常多的情况都会有一个参数，"
    },
    {
      "index": 367,
      "start": 1005.625,
      "end": 1007.785,
      "text": "它存在于多组贡献关系。"
    },
    {
      "index": 368,
      "start": 1008.045,
      "end": 1011.12,
      "text": "比如说我们公开数据集统计的话会有超过三十。"
    },
    {
      "index": 369,
      "start": 1011.825,
      "end": 1013.825,
      "text": "然后为了大家理解这个事情，"
    },
    {
      "index": 370,
      "start": 1013.825,
      "end": 1016.325,
      "text": "我又就是举了一个生活化的一个例子。"
    },
    {
      "index": 371,
      "start": 1016.625,
      "end": 1018.125,
      "text": "就比如说我想买平板，"
    },
    {
      "index": 372,
      "start": 1018.345,
      "end": 1020.565,
      "text": "那我很可能会有华为的 mate pad，"
    },
    {
      "index": 373,
      "start": 1020.565,
      "end": 1024.32,
      "text": "然后 ipad 的 air 或者 mini 或者是小米的这个平板。"
    },
    {
      "index": 374,
      "start": 1025.055,
      "end": 1027.355,
      "text": "然后比如说我我就就想买 ipad，"
    },
    {
      "index": 375,
      "start": 1027.455,
      "end": 1030.675,
      "text": "那啊它可能是这个会有这个 ipad air、"
    },
    {
      "index": 376,
      "start": 1030.675,
      "end": 1031.275,
      "text": "ipad mini，"
    },
    {
      "index": 377,
      "start": 1031.275,
      "end": 1032.27,
      "text": "它的壳和膜。"
    },
    {
      "index": 378,
      "start": 1033.005,
      "end": 1034.325,
      "text": "然后如果我是一个果粉，"
    },
    {
      "index": 379,
      "start": 1034.325,
      "end": 1035.965,
      "text": "那我可能会有 ipad macbook，"
    },
    {
      "index": 380,
      "start": 1035.985,
      "end": 1036.74,
      "text": "还有 iphone。"
    },
    {
      "index": 381,
      "start": 1037.415,
      "end": 1039.075,
      "text": "然后这三个一叠加之后，"
    },
    {
      "index": 382,
      "start": 1039.075,
      "end": 1042.795,
      "text": "我们就会发现 ipad mini 和 ipad air 就成为了这种热点。"
    },
    {
      "index": 383,
      "start": 1043.095,
      "end": 1045.595,
      "text": "然后现有的话它再怎么划分，"
    },
    {
      "index": 384,
      "start": 1045.675,
      "end": 1049.295,
      "text": "它也只能说要么我们把平板系的这样一个贡献关系捕获，"
    },
    {
      "index": 385,
      "start": 1049.475,
      "end": 1052.96,
      "text": "要么去把苹果系的这样一个贡献关系给进行一个捕获，"
    },
    {
      "index": 386,
      "start": 1053.735,
      "end": 1054.755,
      "text": "所以就不够高效。"
    },
    {
      "index": 387,
      "start": 1055.115,
      "end": 1059.895,
      "text": "那我们的一个核心想法就是说呃盘它其实空间非常的便宜。"
    },
    {
      "index": 388,
      "start": 1060.295,
      "end": 1060.535,
      "text": "呃，"
    },
    {
      "index": 389,
      "start": 1061.095,
      "end": 1064.895,
      "text": "我们其实可以相当于去用一些额外的空间来做，"
    },
    {
      "index": 390,
      "start": 1065.075,
      "end": 1065.315,
      "text": "呃，"
    },
    {
      "index": 391,
      "start": 1065.615,
      "end": 1067.11,
      "text": "用用用来换带宽。"
    },
    {
      "index": 392,
      "start": 1068.265,
      "end": 1068.945,
      "text": "然后具体的话，"
    },
    {
      "index": 393,
      "start": 1068.945,
      "end": 1073.605,
      "text": "我们会去相当于去把一些热点的参数去做一个额外的一个副本，"
    },
    {
      "index": 394,
      "start": 1074.225,
      "end": 1077.365,
      "text": "然后尽可能的多捕获一些组合关系。"
    },
    {
      "index": 395,
      "start": 1077.545,
      "end": 1079.045,
      "text": "那相比于原来没有副本，"
    },
    {
      "index": 396,
      "start": 1079.045,
      "end": 1081.485,
      "text": "你可能对于这个一五九十二要读三次。"
    },
    {
      "index": 397,
      "start": 1081.965,
      "end": 1083.79,
      "text": "那现在的话我们只需要读两次，"
    },
    {
      "index": 398,
      "start": 1084.555,
      "end": 1087.315,
      "text": "但做成这个事情其实也也也是非常复杂的。"
    },
    {
      "index": 399,
      "start": 1087.395,
      "end": 1091.215,
      "text": "就是第一个问题就是说我们到底选哪些参数去进行副本，"
    },
    {
      "index": 400,
      "start": 1091.435,
      "end": 1093.355,
      "text": "这其实是一个离线的一个过程。"
    },
    {
      "index": 401,
      "start": 1093.695,
      "end": 1095.935,
      "text": "就是呃它是一个数学问题。"
    },
    {
      "index": 402,
      "start": 1096.215,
      "end": 1099.195,
      "text": "然后我们其实发现它是一个这个 NP hard 的，"
    },
    {
      "index": 403,
      "start": 1099.195,
      "end": 1100.715,
      "text": "然后提了一些解法。"
    },
    {
      "index": 404,
      "start": 1101.135,
      "end": 1104.375,
      "text": "那第二个呢是说我们已经有了这样一个布局，"
    },
    {
      "index": 405,
      "start": 1104.375,
      "end": 1105.995,
      "text": "就是说我盘上已经存好了。"
    },
    {
      "index": 406,
      "start": 1106.155,
      "end": 1107.775,
      "text": "然后我来了一个用户请求，"
    },
    {
      "index": 407,
      "start": 1108.135,
      "end": 1109.275,
      "text": "因为它有副本，"
    },
    {
      "index": 408,
      "start": 1109.535,
      "end": 1112.035,
      "text": "我到底怎么把它拆成各个页面的一个组合。"
    },
    {
      "index": 409,
      "start": 1112.455,
      "end": 1113.675,
      "text": "那这个其实是一个呃，"
    },
    {
      "index": 410,
      "start": 1113.935,
      "end": 1115.565,
      "text": "但大可能觉得这个也是个数。"
    },
    {
      "index": 411,
      "start": 1115.565,
      "end": 1117.385,
      "text": "数学问题是这个集合覆盖问题，"
    },
    {
      "index": 412,
      "start": 1117.625,
      "end": 1118.885,
      "text": "但实际上并不是的。"
    },
    {
      "index": 413,
      "start": 1118.965,
      "end": 1121.705,
      "text": "我们会发现对于一个在线 serving 的系统，"
    },
    {
      "index": 414,
      "start": 1121.705,
      "end": 1126.145,
      "text": "它根本没有什么时间去跑一些这种比较智能的算法。"
    },
    {
      "index": 415,
      "start": 1126.325,
      "end": 1130.945,
      "text": "所以我们这里其实嗯相当于把它做一个系统问题来进行解。"
    },
    {
      "index": 416,
      "start": 1130.965,
      "end": 1138.135,
      "text": "然后我们会去做一些这种呃发 ISSDIO 和这个计算的一个 pipeline。"
    },
    {
      "index": 417,
      "start": 1138.135,
      "end": 1141.575,
      "text": "就是说我们先确定呃哪些页面是必须要读的，"
    },
    {
      "index": 418,
      "start": 1141.575,
      "end": 1142.755,
      "text": "然后先把它发出去，"
    },
    {
      "index": 419,
      "start": 1143.075,
      "end": 1148.31,
      "text": "然后呢在发的过程当中再来好好算一算到底啊这个做做哪些，"
    },
    {
      "index": 420,
      "start": 1149.105,
      "end": 1150.325,
      "text": "到底下一次读哪些。"
    },
    {
      "index": 421,
      "start": 1150.785,
      "end": 1155.385,
      "text": "然后我们最后的一效果就是说我们在一点点百分之二十的这种空间放大下，"
    },
    {
      "index": 422,
      "start": 1155.405,
      "end": 1158.18,
      "text": "我们会提升这个吞吐率百分之三十。"
    },
    {
      "index": 423,
      "start": 1160.365,
      "end": 1162.525,
      "text": "然后我们对最后一个工作进行一个小结的话，"
    },
    {
      "index": 424,
      "start": 1162.525,
      "end": 1167.045,
      "text": "我们其实呃嗯针对盘的一个独放大现象，"
    },
    {
      "index": 425,
      "start": 1167.045,
      "end": 1168.87,
      "text": "我们采取的是这种选择性副本。"
    },
    {
      "index": 426,
      "start": 1170.385,
      "end": 1173.045,
      "text": "然后我们也把三个层次的工作融合到了一起，"
    },
    {
      "index": 427,
      "start": 1173.125,
      "end": 1174.705,
      "text": "就这个系统叫做 reck store，"
    },
    {
      "index": 428,
      "start": 1174.825,
      "end": 1176.025,
      "text": "然后也已经开源了。"
    },
    {
      "index": 429,
      "start": 1176.185,
      "end": 1180.805,
      "text": "我们希望说是说各个层次呃都能够统管起来，"
    },
    {
      "index": 430,
      "start": 1180.805,
      "end": 1184.92,
      "text": "然后向上的话去给多个框架进行一个呃使使用。"
    },
    {
      "index": 431,
      "start": 1186.605,
      "end": 1186.785,
      "text": "对，"
    },
    {
      "index": 432,
      "start": 1186.785,
      "end": 1190.465,
      "text": "然后呃我们一些工作其实也落地到了这个快手啊，"
    },
    {
      "index": 433,
      "start": 1190.465,
      "end": 1192.665,
      "text": "帮他们节省了有一亿元的一个成本。"
    },
    {
      "index": 434,
      "start": 1192.925,
      "end": 1195.785,
      "text": "稳定可靠的服务了一元级的一个用户啊，"
    },
    {
      "index": 435,
      "start": 1195.785,
      "end": 1198.385,
      "text": "稳定可靠的服服了一亿级的用户啊，"
    },
    {
      "index": 436,
      "start": 1198.385,
      "end": 1200.265,
      "text": "英特尔公司也对这个事情进行了一个报道。"
    },
    {
      "index": 437,
      "start": 1200.265,
      "end": 1201.715,
      "text": "对啊，"
    },
    {
      "index": 438,
      "start": 1201.715,
      "end": 1203.035,
      "text": "最后做一页未来展望。"
    },
    {
      "index": 439,
      "start": 1203.035,
      "end": 1208.535,
      "text": "其实现在大模型它对这个呃推荐模型其实也有冲击，"
    },
    {
      "index": 440,
      "start": 1208.695,
      "end": 1210.86,
      "text": "就是有这种叫生成式推荐到模型。"
    },
    {
      "index": 441,
      "start": 1211.765,
      "end": 1212.005,
      "text": "呃，"
    },
    {
      "index": 442,
      "start": 1212.225,
      "end": 1214.685,
      "text": "我们会发现它和传统的 DRM 比的话，"
    },
    {
      "index": 443,
      "start": 1214.685,
      "end": 1217.685,
      "text": "它从这种大稀疏加小稠密，"
    },
    {
      "index": 444,
      "start": 1217.685,
      "end": 1219.145,
      "text": "演化成了这种大稀疏，"
    },
    {
      "index": 445,
      "start": 1219.205,
      "end": 1220.16,
      "text": "再加大稠密。"
    },
    {
      "index": 446,
      "start": 1220.915,
      "end": 1223.155,
      "text": "那呃我们其实做存存储的人，"
    },
    {
      "index": 447,
      "start": 1223.155,
      "end": 1224.415,
      "text": "或者说做 OS 的人，"
    },
    {
      "index": 448,
      "start": 1224.415,
      "end": 1228.415,
      "text": "在这种面向推荐推生成式推荐大模型的情况下，"
    },
    {
      "index": 449,
      "start": 1228.595,
      "end": 1229.975,
      "text": "也是非常有机遇的。"
    },
    {
      "index": 450,
      "start": 1230.075,
      "end": 1236.635,
      "text": "因为企业在部署这种生成式大推荐大模型面所面临的最重要的问题就是这个算力成本。"
    },
    {
      "index": 451,
      "start": 1236.855,
      "end": 1238.755,
      "text": "那类似于 LM 有这种 KV，"
    },
    {
      "index": 452,
      "start": 1238.755,
      "end": 1242.635,
      "text": "开始我们其实也能去做一些啊这种以以存代算，"
    },
    {
      "index": 453,
      "start": 1242.695,
      "end": 1244.94,
      "text": "然后去把整个算力的成本把它给降低。"
    },
    {
      "index": 454,
      "start": 1246.345,
      "end": 1249.985,
      "text": "然后呃今天我主要讲的就是这些内容啊，"
    },
    {
      "index": 455,
      "start": 1250.645,
      "end": 1251.02,
      "text": "行，"
    },
    {
      "index": 456,
      "start": 1252.065,
      "end": 1253.205,
      "text": "好的感谢谢，"
    },
    {
      "index": 457,
      "start": 1253.205,
      "end": 1255.005,
      "text": "谢谢老师的深入解析，"
    },
    {
      "index": 458,
      "start": 1255.005,
      "end": 1255.605,
      "text": "请您留步，"
    },
    {
      "index": 459,
      "start": 1255.605,
      "end": 1256.085,
      "text": "好不好？"
    },
    {
      "index": 460,
      "start": 1256.245,
      "end": 1257.945,
      "text": "然后我们现场的各位嘉宾朋友们，"
    },
    {
      "index": 461,
      "start": 1257.945,
      "end": 1259.824,
      "text": "大家有没有这个想提问的？"
    },
    {
      "index": 462,
      "start": 1259.984,
      "end": 1261.865,
      "text": "我们今天其实可以畅所欲言啊，"
    },
    {
      "index": 463,
      "start": 1261.865,
      "end": 1262.745,
      "text": "如果有想提问的话，"
    },
    {
      "index": 464,
      "start": 1262.745,
      "end": 1265.145,
      "text": "您完全可以举手示应我就可以了。"
    },
    {
      "index": 465,
      "start": 1265.425,
      "end": 1266.01,
      "text": "有吗？"
    },
    {
      "index": 466,
      "start": 1266.975,
      "end": 1267.915,
      "text": "有没有要提问的？"
    },
    {
      "index": 467,
      "start": 1268.415,
      "end": 1269.535,
      "text": "要抓住这个机会，"
    },
    {
      "index": 468,
      "start": 1269.535,
      "end": 1270.235,
      "text": "我们这位先生，"
    },
    {
      "index": 469,
      "start": 1270.235,
      "end": 1270.655,
      "text": "对不对？"
    },
    {
      "index": 470,
      "start": 1270.755,
      "end": 1274.275,
      "text": "来请我们工作人员把我们的麦克风给到我们后面这位先生，"
    },
    {
      "index": 471,
      "start": 1274.655,
      "end": 1276.495,
      "text": "然后也请谢老师稍作留步哈。"
    },
    {
      "index": 472,
      "start": 1276.795,
      "end": 1277.12,
      "text": "嗯，"
    },
    {
      "index": 473,
      "start": 1281.585,
      "end": 1281.825,
      "text": "对，"
    },
    {
      "index": 474,
      "start": 1282.545,
      "end": 1282.785,
      "text": "好，"
    },
    {
      "index": 475,
      "start": 1282.885,
      "end": 1285.855,
      "text": "来帮我们开一下声音啊，"
    },
    {
      "index": 476,
      "start": 1285.895,
      "end": 1287.435,
      "text": "我就可能不问学术问题啊，"
    },
    {
      "index": 477,
      "start": 1287.435,
      "end": 1289.275,
      "text": "我我就问一个产业的问题。"
    },
    {
      "index": 478,
      "start": 1289.615,
      "end": 1289.855,
      "text": "呃，"
    },
    {
      "index": 479,
      "start": 1289.955,
      "end": 1292.375,
      "text": "持久化内存呢去年我也研究过一段时间，"
    },
    {
      "index": 480,
      "start": 1292.435,
      "end": 1297.095,
      "text": "因为觉得当时可能确实是有一比较好的一些应用场景嘛。"
    },
    {
      "index": 481,
      "start": 1297.395,
      "end": 1301.075,
      "text": "呃但是那个呃英特尔不是把这个产线给切了嘛。"
    },
    {
      "index": 482,
      "start": 1301.375,
      "end": 1306.01,
      "text": "然后所以我其实想问国内有没有一些可以替代的一个方案。"
    },
    {
      "index": 483,
      "start": 1307.365,
      "end": 1309.925,
      "text": "对呃谢谢您非常好的问题啊。"
    },
    {
      "index": 484,
      "start": 1310.105,
      "end": 1310.305,
      "text": "对，"
    },
    {
      "index": 485,
      "start": 1310.305,
      "end": 1312.285,
      "text": "其实我们当时做这个工作的时候，"
    },
    {
      "index": 486,
      "start": 1312.285,
      "end": 1313.805,
      "text": "后面也也碰到了这种问题。"
    },
    {
      "index": 487,
      "start": 1314.045,
      "end": 1318.185,
      "text": "但我们其实注意到就是说持久化持持久性内存，"
    },
    {
      "index": 488,
      "start": 1318.505,
      "end": 1321.465,
      "text": "它其实是一个这种比较泛的一个概念，"
    },
    {
      "index": 489,
      "start": 1321.485,
      "end": 1324.645,
      "text": "并不是说非要强绑定到英特尔的这个 auton。"
    },
    {
      "index": 490,
      "start": 1324.945,
      "end": 1327.945,
      "text": "n 持性内存存面现相当于像三星什么的，"
    },
    {
      "index": 491,
      "start": 1327.945,
      "end": 1335.005,
      "text": "它会有这种 memory symmatic SSD 就相当于是字节力度的这样一个呃可可寻址的一个盘。"
    },
    {
      "index": 492,
      "start": 1335.365,
      "end": 1340.535,
      "text": "然后包括像这个呃来叫叫叫叫叫那个公司叫什么来着？"
    },
    {
      "index": 493,
      "start": 1340.535,
      "end": 1340.955,
      "text": "我忘记了，"
    },
    {
      "index": 494,
      "start": 1340.955,
      "end": 1345.395,
      "text": "就他们会有这种 c 叉 CCXL 的这种呃内存扩展卡，"
    },
    {
      "index": 495,
      "start": 1345.855,
      "end": 1350.015,
      "text": "然后插在这个呃主主主机上面，"
    },
    {
      "index": 496,
      "start": 1350.075,
      "end": 1351.255,
      "text": "也类似于这个 PM，"
    },
    {
      "index": 497,
      "start": 1351.455,
      "end": 1353.535,
      "text": "然后同时呢它的成本也能做的比较低。"
    },
    {
      "index": 498,
      "start": 1353.955,
      "end": 1355.535,
      "text": "然后另外的话我们其实也注意到，"
    },
    {
      "index": 499,
      "start": 1355.535,
      "end": 1358.675,
      "text": "就是说像快手它其实也也遇到这个问题。"
    },
    {
      "index": 500,
      "start": 1358.675,
      "end": 1362.455,
      "text": "就是当时呃快手他们买了很多这个熬腾，"
    },
    {
      "index": 501,
      "start": 1362.795,
      "end": 1364.835,
      "text": "然后帮他们也降了很多成本。"
    },
    {
      "index": 502,
      "start": 1364.855,
      "end": 1366.515,
      "text": "然后确实他们觉得这个很有用，"
    },
    {
      "index": 503,
      "start": 1366.715,
      "end": 1367.955,
      "text": "但后面英特尔不产了，"
    },
    {
      "index": 504,
      "start": 1367.955,
      "end": 1368.735,
      "text": "那怎么办呢？"
    },
    {
      "index": 505,
      "start": 1368.835,
      "end": 1373.635,
      "text": "然后他们后面就买了一系列这种呃 CXL 一点一的这种内存扩展卡，"
    },
    {
      "index": 506,
      "start": 1373.675,
      "end": 1376.155,
      "text": "然后来继续相当于把它当成 PM，"
    },
    {
      "index": 507,
      "start": 1376.155,
      "end": 1378.4,
      "text": "来把它当成熬腾来继续使用。"
    },
    {
      "index": 508,
      "start": 1378.785,
      "end": 1379.825,
      "text": "然后等到未来的话，"
    },
    {
      "index": 509,
      "start": 1379.825,
      "end": 1383.545,
      "text": "我觉得像这种 CXL 拓拓展出来的这种内存池，"
    },
    {
      "index": 510,
      "start": 1383.665,
      "end": 1385.585,
      "text": "它其实还会更有机会。"
    },
    {
      "index": 511,
      "start": 1385.885,
      "end": 1390.445,
      "text": "本质上我们的研究其实针对一个这种慢速的一个字节力度，"
    },
    {
      "index": 512,
      "start": 1390.445,
      "end": 1392.505,
      "text": "可寻址的廉价内存去做的。"
    },
    {
      "index": 513,
      "start": 1392.505,
      "end": 1394.945,
      "text": "就比如说非要局限于这个特，"
    },
    {
      "index": 514,
      "start": 1395.065,
      "end": 1399.065,
      "text": "就比如说像像这种 auc XL 远程连出来的一个内存。"
    },
    {
      "index": 515,
      "start": 1399.365,
      "end": 1403.345,
      "text": "那我们的那个呃 scatter together DMA 这样一个特性，"
    },
    {
      "index": 516,
      "start": 1403.405,
      "end": 1405.045,
      "text": "就是网卡聚集的这样一个机制，"
    },
    {
      "index": 517,
      "start": 1405.045,
      "end": 1407.545,
      "text": "其实还是能发挥作用的啊。"
    },
    {
      "index": 518,
      "start": 1407.545,
      "end": 1407.785,
      "text": "行，"
    },
    {
      "index": 519,
      "start": 1407.885,
      "end": 1408.285,
      "text": "谢谢。"
    },
    {
      "index": 520,
      "start": 1408.785,
      "end": 1409.185,
      "text": "好的，"
    },
    {
      "index": 521,
      "start": 1409.185,
      "end": 1409.545,
      "text": "谢谢。"
    },
    {
      "index": 522,
      "start": 1409.725,
      "end": 1409.965,
      "text": "好，"
    },
    {
      "index": 523,
      "start": 1409.965,
      "end": 1411.425,
      "text": "我们再加一位好不好？"
    },
    {
      "index": 524,
      "start": 1411.425,
      "end": 1412.845,
      "text": "来麻烦我们的公作人员，"
    },
    {
      "index": 525,
      "start": 1412.845,
      "end": 1415.375,
      "text": "请请对。"
    },
    {
      "index": 526,
      "start": 1415.375,
      "end": 1419.545,
      "text": "是的啊，"
    },
    {
      "index": 527,
      "start": 1419.545,
      "end": 1424.125,
      "text": "这这个其实主要是就是我我现在在人大带了一些学生，"
    },
    {
      "index": 528,
      "start": 1424.125,
      "end": 1425.005,
      "text": "然后在一起写。"
    },
    {
      "index": 529,
      "start": 1425.505,
      "end": 1427.745,
      "text": "然后目前的话其实还没有做的，"
    },
    {
      "index": 530,
      "start": 1428.325,
      "end": 1428.565,
      "text": "呃，"
    },
    {
      "index": 531,
      "start": 1428.845,
      "end": 1430.325,
      "text": "相当于功能已经差不多了，"
    },
    {
      "index": 532,
      "start": 1430.325,
      "end": 1432.125,
      "text": "但是性能上还需要进一步调优，"
    },
    {
      "index": 533,
      "start": 1432.325,
      "end": 1434.925,
      "text": "但我们就是一一直在迭代。"
    },
    {
      "index": 534,
      "start": 1435.125,
      "end": 1435.245,
      "text": "对，"
    },
    {
      "index": 535,
      "start": 1435.245,
      "end": 1435.545,
      "text": "好的，"
    },
    {
      "index": 536,
      "start": 1435.545,
      "end": 1435.965,
      "text": "谢谢，"
    },
    {
      "index": 537,
      "start": 1435.965,
      "end": 1437.045,
      "text": "再一次感谢辛老师。"
    },
    {
      "index": 538,
      "start": 1437.045,
      "end": 1438.065,
      "text": "由于时间的关系啊，"
    },
    {
      "index": 539,
      "start": 1438.065,
      "end": 1440.845,
      "text": "我们这一轮的这个答解答疑问就到这里了，"
    },
    {
      "index": 540,
      "start": 1440.845,
      "end": 1441.125,
      "text": "好吗？"
    },
    {
      "index": 541,
      "start": 1441.125,
      "end": 1443.705,
      "text": "谢谢请谢谢各位老和这个华为的专家啊，"
    },
    {
      "index": 542,
      "start": 1443.865,
      "end": 1445.71,
      "text": "谢谢谢谢再一次感谢您。"
    },
    {
      "index": 543,
      "start": 1446.985,
      "end": 1451.425,
      "text": "参数存储系统的优化呢不仅提升了大模型的运行效率，"
    },
    {
      "index": 544,
      "start": 1451.705,
      "end": 1454.824,
      "text": "更为人工智能技术的落地提供了坚实支撑。"
    },
    {
      "index": 545,
      "start": 1455.145,
      "end": 1458.425,
      "text": "接下来让我们有请出北京大学的李定老师，"
    },
    {
      "index": 546,
      "start": 1458.505,
      "end": 1463.685,
      "text": "为我们带来人工智能端到端的复杂攻击检测技术研究的主题分享。"
    },
    {
      "index": 547,
      "start": 1463.985,
      "end": 1466.245,
      "text": "在人工智能广泛应用的今天，"
    },
    {
      "index": 548,
      "start": 1466.545,
      "end": 1468.345,
      "text": "安全防护至关重要。"
    },
    {
      "index": 549,
      "start": 1468.405,
      "end": 1470.74,
      "text": "让我们掌声欢迎李老师有请。"
    }
  ],
  "artifacts": [
    "output/ScienceEducationInnovation/part_02/chunk_00/03_srt_slice/artifacts/chunk_baseline.srt"
  ],
  "metadata": {},
  "trace_id": null,
  "duration_ms": 0,
  "started_at": "2025-12-16T22:37:56.738745",
  "completed_at": "2025-12-16T14:37:56.814264",
  "step_config": {},
  "dependencies": [
    "downscale"
  ]
}