{
  "id": "sec_3",
  "index": 2,
  "title": "东方通公司与中间件产品介绍",
  "time_range": "00:00:51,710 - 00:03:07,145",
  "script": "东方通是我们国内最早成立的一家中间件企业。从1997年成立到现在，已经将近30年的技术沉淀。在这个过程当中，我们也取得了许多优秀的成绩，包括国家科技进步奖。服务于目前国内的企业将近有一万多家企业。而且到现在，我们经常会去和很多新创领域、科研所去做更多的技术探索，让我们公司所有的产品向智能化、AI的方向发展。目前经过30年左右的沉淀，我们东方通所有的中间件智能体系已经形成了非常大的一个中间件的全家桶，包括基础类和业务类。像基础类的有大家常见的Web服务器TongWeb，以及在日常开发和日常生活中经常用到的消息传输队列，还有我们经常用到的数据缓存中间件RDS等等一系列。还有一些像我们金融领域和数字领域经常常用到的一些解决分布式事务的交易中间件。当然，在和我们业务比较贴近的，还会有一些相关产品，包括数据类的，数据交换平台、ETL工具、企业服务总线，这是和我们业务息息相关的。当然还有目前前两年比较流行的云方向的产品，我们公司也是倾力去打造了由NCS、MMP，还有CMP的云上对中间件的这种管理平台。这两年，我们是倾力去投向于智能化的发展，也诞生出两款产品。第一款是我们的智能体平台。智能体平台可以协助我们更快地去开发一些智能体。还有另外一个就是我们针对于中间件这个垂直领域去研发的一款TongAgents，这个是中间件智能体。当然这也是我接下来要为大家着重去介绍的我们这款智能体的产品。",
  "summary": "东方通作为国内资深的中间件企业，拥有近30年的技术沉淀和广泛的客户基础。本节介绍了其全面的中间件产品体系，涵盖基础、业务、云平台等多个方向，并引出公司在智能化领域的最新成果——智能体平台与中间件智能体TongAgents。"
}