{
  "address": "ScienceEducationInnovation/part_02/final/09_part_digest",
  "status": "completed",
  "input": {
    "part_index": 2,
    "part_start_s": 1893.41,
    "part_duration_s": 1482.84,
    "sections": [
      {
        "id": "sec_001",
        "index": 0,
        "title": "报告开场与讲者介绍个人背景及研究方向介绍，包括面向 AI 的存储（Storage for AI）领域的工作总览。介绍报告题目《面向推荐大模型的参数存储系统研究》及讲者谢明晖老师的学术背景与研究方向。",
        "time_range": "00:00:09,360 - 00:01:26,765",
        "summary": "",
        "start_ms": 9360,
        "end_ms": 86765,
        "material_ids": [
          "chunk_00/slide_001",
          "chunk_00/slide_002"
        ]
      },
      {
        "id": "sec_002",
        "index": 1,
        "title": "研究背景：推荐模型的结构与存储困境阐述推荐模型中嵌入层（Embedding Layer）的重要性，以及当前面临的容量墙和带宽墙挑战。阐述推荐模型中嵌入层（Embedding Layer）的重要性，以及当前面临的容量墙和带宽墙挑战。",
        "time_range": "00:01:27,780 - 00:05:35,435",
        "summary": "",
        "start_ms": 87780,
        "end_ms": 335435,
        "material_ids": [
          "chunk_00/slide_003",
          "chunk_00/slide_004",
          "chunk_00/slide_005",
          "chunk_00/slide_006",
          "chunk_00/slide_007"
        ]
      },
      {
        "id": "sec_003",
        "index": 2,
        "title": "硬件趋势与核心科学问题分析多层级存储（HBM, PM, SSD）的特性，指出软件在利用这些硬件时存在的交互效率低、延迟高及读放大等问题。分析多层级存储（HBM, PM, SSD）的特性，指出软件在利用这些硬件时存在的交互效率低、延迟高及读放大等问题。",
        "time_range": "00:05:37,700 - 00:08:28,745",
        "summary": "",
        "start_ms": 337700,
        "end_ms": 508745,
        "material_ids": [
          "chunk_00/slide_008",
          "chunk_00/slide_009",
          "chunk_00/slide_010",
          "chunk_00/slide_011",
          "chunk_00/slide_012",
          "chunk_00/slide_013"
        ]
      },
      {
        "id": "sec_004",
        "index": 3,
        "title": "GPU层参数存储：Fleche查询融合针对GPU片上内存软硬交互开销大的问题，提出自识别Kernel融合方法，减少零碎小Kernel产生的开销。针对GPU片上内存软硬交互开销大的问题，提出自识别Kernel融合方法，减少零碎小Kernel产生的开销。",
        "time_range": "00:08:30,180 - 00:11:51,235",
        "summary": "",
        "start_ms": 510180,
        "end_ms": 711235,
        "material_ids": [
          "chunk_00/slide_014",
          "chunk_00/slide_015",
          "chunk_00/slide_016",
          "chunk_00/slide_017",
          "chunk_00/slide_018",
          "chunk_00/slide_019",
          "chunk_00/slide_020"
        ]
      },
      {
        "id": "sec_005",
        "index": 4,
        "title": "PM层参数存储：PetPS网卡聚集机制利用网卡的SG-DMA功能代替CPU完成参数序列化，规避持久性内存（PM）的高延迟导致的CPU瓶颈。利用网卡的SG-DMA功能代替CPU完成参数序列化，规避持久性内存（PM）的高延迟导致的CPU瓶颈。",
        "time_range": "00:11:52,760 - 00:15:30,665",
        "summary": "",
        "start_ms": 712760,
        "end_ms": 930665,
        "material_ids": [
          "chunk_00/slide_021",
          "chunk_00/slide_022",
          "chunk_00/slide_023",
          "chunk_00/slide_024",
          "chunk_00/slide_025",
          "chunk_00/slide_026",
          "chunk_00/slide_027",
          "chunk_00/slide_028",
          "chunk_00/slide_029"
        ]
      },
      {
        "id": "sec_006",
        "index": 5,
        "title": "SSD层参数存储：MaxEmbed选择性副本针对SSD读放大问题，通过热点参数的选择性副本策略，利用空间换带宽，提升硬件利用率。针对SSD读放大问题，通过热点参数的选择性副本策略，利用空间换带宽，提升硬件利用率。",
        "time_range": "00:15:32,760 - 00:19:56,565",
        "summary": "",
        "start_ms": 932760,
        "end_ms": 1196565,
        "material_ids": [
          "chunk_00/slide_030",
          "chunk_00/slide_031",
          "chunk_00/slide_032",
          "chunk_00/slide_033",
          "chunk_00/slide_034",
          "chunk_00/slide_035",
          "chunk_00/slide_036",
          "chunk_00/slide_037",
          "chunk_00/slide_038"
        ]
      },
      {
        "id": "sec_007",
        "index": 6,
        "title": "RecStore系统研发与产业落地介绍整合三层优化工作的RecStore系统及其在快手等企业的实际应用效果。介绍整合三层优化工作的RecStore系统及其在快手等企业的实际应用效果。",
        "time_range": "00:19:58,080 - 00:20:29,410",
        "summary": "",
        "start_ms": 1198080,
        "end_ms": 1229410,
        "material_ids": [
          "chunk_00/slide_039",
          "chunk_00/slide_040"
        ]
      },
      {
        "id": "sec_008",
        "index": 7,
        "title": "未来展望与总结探讨生成式推荐模型（GR）带来的新挑战，并对全篇内容进行总结及现场问答。探讨生成式推荐模型（GR）带来的新挑战，并对全篇内容进行总结及现场问答。",
        "time_range": "00:20:30,730 - 00:24:42,519",
        "summary": "",
        "start_ms": 1230730,
        "end_ms": 1482519,
        "material_ids": [
          "chunk_00/slide_041",
          "chunk_00/slide_042"
        ]
      }
    ],
    "materials": [
      {
        "id": "chunk_00/slide_001",
        "type": "slide",
        "title": "面向推荐大模型的参数存储系统研究 谢明晖，中国人民大学计算机系讲师、助理教授",
        "start_ms": 15500,
        "end_ms": 48500,
        "best_capture_ms": null
      },
      {
        "id": "chunk_00/slide_002",
        "type": "slide",
        "title": "自我介绍 谢明晖的教育背景、获奖情况及研究方向",
        "start_ms": 49300,
        "end_ms": 86500,
        "best_capture_ms": null
      },
      {
        "id": "chunk_00/slide_003",
        "type": "slide",
        "title": "工作总览 涵盖记忆存储、向量存储和参数存储三个层面",
        "start_ms": 87300,
        "end_ms": 147500,
        "best_capture_ms": null
      },
      {
        "id": "chunk_00/slide_004",
        "type": "slide",
        "title": "研究背景：应用需求 信息过载与推荐系统，推荐模型已成为现代数据中心AI服务的主要载体",
        "start_ms": 148300,
        "end_ms": 198500,
        "best_capture_ms": null
      },
      {
        "id": "chunk_00/slide_005",
        "type": "slide",
        "title": "研究背景：推荐模型结构 使用稀疏参数处理海量高维稀疏特征（ID特征）",
        "start_ms": 199300,
        "end_ms": 264500,
        "best_capture_ms": null
      },
      {
        "id": "chunk_00/slide_006",
        "type": "slide",
        "title": "研究背景：推荐模型的存储困境 面临容量墙和带宽墙的双重挑战",
        "start_ms": 265300,
        "end_ms": 326500,
        "best_capture_ms": null
      },
      {
        "id": "chunk_00/slide_007",
        "type": "slide",
        "title": "存储系统已成为制约推荐模型发展的核心因素",
        "start_ms": 327300,
        "end_ms": 335500,
        "best_capture_ms": null
      },
      {
        "id": "chunk_00/slide_008",
        "type": "slide",
        "title": "研究背景：硬件趋势 存储层级变深，包括高带宽内存（HBM）和持久性内存（PM）",
        "start_ms": 336300,
        "end_ms": 379500,
        "best_capture_ms": null
      },
      {
        "id": "chunk_00/slide_009",
        "type": "slide",
        "title": "关键问题：介质特性各异，软件难以充分利用 GPU片上内存：软硬交互效率低",
        "start_ms": 380300,
        "end_ms": 417500,
        "best_capture_ms": null
      },
      {
        "id": "chunk_00/slide_010",
        "type": "slide",
        "title": "关键问题：介质特性各异，软件难以充分利用 PM层：介质性能难发挥",
        "start_ms": 418300,
        "end_ms": 448500,
        "best_capture_ms": null
      },
      {
        "id": "chunk_00/slide_011",
        "type": "slide",
        "title": "关键问题：介质特性各异，软件难以充分利用 SSD层：读放大现象严重",
        "start_ms": 449300,
        "end_ms": 493500,
        "best_capture_ms": null
      },
      {
        "id": "chunk_00/slide_012",
        "type": "slide",
        "title": "针对不同层级存储问题的研究工作概览 Fleche, PetPS, MaxEmbed",
        "start_ms": 494300,
        "end_ms": 508500,
        "best_capture_ms": null
      },
      {
        "id": "chunk_00/slide_013",
        "type": "slide",
        "title": "报告目录 01 研究背景, 02 GPU层参数存储, 03 PM层参数存储, 04 SSD层参数存储, 05 未来展望",
        "start_ms": 509300,
        "end_ms": 510500,
        "best_capture_ms": null
      },
      {
        "id": "chunk_00/slide_014",
        "type": "slide",
        "title": "Fleche - 研究动机 现有GPU稀疏参数缓存交互开销大",
        "start_ms": 511300,
        "end_ms": 516500,
        "best_capture_ms": null
      },
      {
        "id": "chunk_00/slide_015",
        "type": "slide",
        "title": "Fleche - 研究动机 静态张量结构导致产生大量零碎小kernel",
        "start_ms": 517300,
        "end_ms": 537500,
        "best_capture_ms": null
      },
      {
        "id": "chunk_00/slide_016",
        "type": "slide",
        "title": "Fleche - 核心想法 解决kernel fusion（内核融合）在推荐模型动态形状下的难题",
        "start_ms": 538300,
        "end_ms": 592500,
        "best_capture_ms": null
      },
      {
        "id": "chunk_00/slide_017",
        "type": "slide",
        "title": "Fleche - 核心想法：查询融合 小kernel调用来自于同一函数，通过自识别实现融合",
        "start_ms": 593300,
        "end_ms": 629500,
        "best_capture_ms": null
      },
      {
        "id": "chunk_00/slide_018",
        "type": "slide",
        "title": "Fleche - 关键技术：自识别kernel融合方法 三阶段融合：初始化参数、自识别阶段、执行阶段",
        "start_ms": 630300,
        "end_ms": 688500,
        "best_capture_ms": null
      },
      {
        "id": "chunk_00/slide_019",
        "type": "slide",
        "title": "Fleche - 性能评估 吞吐率提升及缓存查询延迟对比",
        "start_ms": 689300,
        "end_ms": 701500,
        "best_capture_ms": null
      },
      {
        "id": "chunk_00/slide_020",
        "type": "slide",
        "title": "Fleche - 小结 针对GPU片上内存软硬交互开销大的解决方案",
        "start_ms": 702300,
        "end_ms": 711500,
        "best_capture_ms": null
      },
      {
        "id": "chunk_00/slide_021",
        "type": "slide",
        "title": "报告目录 03 PM层参数存储：参数网卡聚集机制 [VLDB'23]",
        "start_ms": 712300,
        "end_ms": 713500,
        "best_capture_ms": null
      },
      {
        "id": "chunk_00/slide_022",
        "type": "slide",
        "title": "PetPS - 研究动机 持久性内存参数服务器（PS）的CPU瓶颈现象",
        "start_ms": 714300,
        "end_ms": 752500,
        "best_capture_ms": null
      },
      {
        "id": "chunk_00/slide_023",
        "type": "slide",
        "title": "PetPS - 核心想法 PM参数聚集消耗大量CPU指令周期",
        "start_ms": 753300,
        "end_ms": 776500,
        "best_capture_ms": null
      },
      {
        "id": "chunk_00/slide_024",
        "type": "slide",
        "title": "PetPS - 核心想法 利用网卡DMA引擎（SG-DMA）功能，减轻CPU负担",
        "start_ms": 777300,
        "end_ms": 812500,
        "best_capture_ms": null
      },
      {
        "id": "chunk_00/slide_025",
        "type": "slide",
        "title": "PetPS - 关键技术：网卡聚集机制 对比Naive方法与PetPS方法的执行流程",
        "start_ms": 813300,
        "end_ms": 851500,
        "best_capture_ms": null
      },
      {
        "id": "chunk_00/slide_026",
        "type": "slide",
        "title": "PetPS - 关键技术：网卡聚集机制 面临的问题：参数一致性",
        "start_ms": 852300,
        "end_ms": 873500,
        "best_capture_ms": null
      },
      {
        "id": "chunk_00/slide_027",
        "type": "slide",
        "title": "PetPS - 关键技术：参数一致性的维护 写时拷贝与基于epoch-list的空间回收机制",
        "start_ms": 874300,
        "end_ms": 888500,
        "best_capture_ms": null
      },
      {
        "id": "chunk_00/slide_028",
        "type": "slide",
        "title": "PetPS - 整体性能 端到端吞吐率及延迟对比",
        "start_ms": 889300,
        "end_ms": 915500,
        "best_capture_ms": null
      },
      {
        "id": "chunk_00/slide_029",
        "type": "slide",
        "title": "PetPS - 小结 利用网卡访存，使CPU更高效率地处理PM层参数",
        "start_ms": 916300,
        "end_ms": 931500,
        "best_capture_ms": null
      },
      {
        "id": "chunk_00/slide_030",
        "type": "slide",
        "title": "报告目录 04 SSD层参数存储：参数选择性副本布局机制 [ASPLOS'24]",
        "start_ms": 932300,
        "end_ms": 933500,
        "best_capture_ms": null
      },
      {
        "id": "chunk_00/slide_031",
        "type": "slide",
        "title": "MaxEmbed - 研究动机 使用SSD存储参数时存在的严重读放大现象，浪费带宽",
        "start_ms": 934300,
        "end_ms": 975500,
        "best_capture_ms": null
      },
      {
        "id": "chunk_00/slide_032",
        "type": "slide",
        "title": "MaxEmbed - 研究动机 现有工作使用超图划分共现关系，但一个参数仅获一个共现关系",
        "start_ms": 976300,
        "end_ms": 989500,
        "best_capture_ms": null
      },
      {
        "id": "chunk_00/slide_033",
        "type": "slide",
        "title": "MaxEmbed - 研究动机 超图划分后，一个节点仅存在于一个子图中",
        "start_ms": 990300,
        "end_ms": 1025500,
        "best_capture_ms": null
      },
      {
        "id": "chunk_00/slide_034",
        "type": "slide",
        "title": "MaxEmbed - 研究动机 一个热点参数同时存在于多个共现关系中",
        "start_ms": 1026300,
        "end_ms": 1081500,
        "best_capture_ms": null
      },
      {
        "id": "chunk_00/slide_035",
        "type": "slide",
        "title": "MaxEmbed - 核心想法 选择性副本热点参数，在空间开销内捕获组合共现关系",
        "start_ms": 1082300,
        "end_ms": 1111500,
        "best_capture_ms": null
      },
      {
        "id": "chunk_00/slide_036",
        "type": "slide",
        "title": "MaxEmbed - 核心想法 面临的挑战：选择哪些参数副本及如何拆分用户请求",
        "start_ms": 1112300,
        "end_ms": 1174500,
        "best_capture_ms": null
      },
      {
        "id": "chunk_00/slide_037",
        "type": "slide",
        "title": "MaxEmbed - 实验结果 单次页面包含有效参数数量分布及端到端吞吐率提升",
        "start_ms": 1175300,
        "end_ms": 1187500,
        "best_capture_ms": null
      },
      {
        "id": "chunk_00/slide_038",
        "type": "slide",
        "title": "MaxEmbed - 小结 针对SSD读放大问题，采用热点参数选择性副本策略",
        "start_ms": 1188300,
        "end_ms": 1197500,
        "best_capture_ms": null
      },
      {
        "id": "chunk_00/slide_039",
        "type": "slide",
        "title": "框架研发 - RecStore 通用、高效、低成本的推荐参数存储系统",
        "start_ms": 1198300,
        "end_ms": 1212500,
        "best_capture_ms": null
      },
      {
        "id": "chunk_00/slide_040",
        "type": "slide",
        "title": "研究工作影响力 在阿里巴巴、快手、NVIDIA、Intel等企业的落地与应用",
        "start_ms": 1213300,
        "end_ms": 1228500,
        "best_capture_ms": null
      },
      {
        "id": "chunk_00/slide_041",
        "type": "slide",
        "title": "未来展望：生成式推荐大模型 从DLRM到GR（生成式推荐），参数量和计算模式的变化",
        "start_ms": 1229300,
        "end_ms": 1273500,
        "best_capture_ms": null
      },
      {
        "id": "chunk_00/slide_042",
        "type": "slide",
        "title": "总结 推荐模型对存储系统提出的挑战及多层次存储优化思路",
        "start_ms": 1274300,
        "end_ms": 1482840,
        "best_capture_ms": null
      }
    ],
    "graph": {
      "nodes": [
        {
          "id": "p1",
          "label": "研究背景与存储困境",
          "category": "Pillar",
          "references": {
            "section_ids": [
              "sec_001",
              "sec_002",
              "sec_003"
            ],
            "material_ids": [
              "chunk_00/slide_001",
              "chunk_00/slide_002",
              "chunk_00/slide_003",
              "chunk_00/slide_004",
              "chunk_00/slide_005",
              "chunk_00/slide_006",
              "chunk_00/slide_007",
              "chunk_00/slide_008",
              "chunk_00/slide_009",
              "chunk_00/slide_010",
              "chunk_00/slide_011"
            ],
            "highlight": {
              "primary_material_id": "chunk_00/slide_006",
              "primary_time_ts": "00:04:25,300",
              "primary_time_ms": 265300
            }
          },
          "parent": null,
          "summary": "介绍推荐大模型在现代数据中心的核心地位，分析其独特的嵌入层结构，并指出当前面临的容量墙与带宽墙挑战，以及多层级存储硬件的演进趋势。"
        },
        {
          "id": "p2",
          "label": "多层级存储优化技术",
          "category": "Pillar",
          "references": {
            "section_ids": [
              "sec_004",
              "sec_005",
              "sec_006",
              "sec_003"
            ],
            "material_ids": [
              "chunk_00/slide_012",
              "chunk_00/slide_013",
              "chunk_00/slide_014",
              "chunk_00/slide_015",
              "chunk_00/slide_016",
              "chunk_00/slide_017",
              "chunk_00/slide_018",
              "chunk_00/slide_019",
              "chunk_00/slide_020",
              "chunk_00/slide_021",
              "chunk_00/slide_022",
              "chunk_00/slide_023",
              "chunk_00/slide_024",
              "chunk_00/slide_025",
              "chunk_00/slide_026",
              "chunk_00/slide_027",
              "chunk_00/slide_028",
              "chunk_00/slide_029",
              "chunk_00/slide_030",
              "chunk_00/slide_031",
              "chunk_00/slide_032",
              "chunk_00/slide_033",
              "chunk_00/slide_034",
              "chunk_00/slide_035",
              "chunk_00/slide_036",
              "chunk_00/slide_037",
              "chunk_00/slide_038"
            ],
            "highlight": {
              "primary_material_id": "chunk_00/slide_012",
              "primary_time_ts": "00:08:14,300",
              "primary_time_ms": 494300
            }
          },
          "parent": null,
          "summary": "针对 GPU、PM 和 SSD 三个存储层级的瓶颈，分别提出了 Fleche 查询融合、PetPS 网卡聚集和 MaxEmbed 选择性副本三项核心技术。"
        },
        {
          "id": "p3",
          "label": "系统落地与未来展望",
          "category": "Pillar",
          "references": {
            "section_ids": [
              "sec_007",
              "sec_008"
            ],
            "material_ids": [
              "chunk_00/slide_039",
              "chunk_00/slide_040",
              "chunk_00/slide_041",
              "chunk_00/slide_042"
            ],
            "highlight": {
              "primary_material_id": "chunk_00/slide_039",
              "primary_time_ts": "00:19:58,300",
              "primary_time_ms": 1198300
            }
          },
          "parent": null,
          "summary": "整合优化成果构建 RecStore 系统，分享在快手等企业的落地成效，并探讨生成式推荐模型（GR）带来的新挑战及后 Optane 时代的硬件替代方案。"
        },
        {
          "id": "d1_1",
          "label": "嵌入层 (Embedding Layer) 瓶颈",
          "category": "Problem",
          "references": {
            "section_ids": [
              "sec_002"
            ],
            "material_ids": [
              "chunk_00/slide_005",
              "chunk_00/slide_006"
            ],
            "highlight": {
              "primary_material_id": "chunk_00/slide_006",
              "primary_time_ts": "00:04:25,300",
              "primary_time_ms": 265300
            }
          },
          "parent": "p1",
          "summary": "推荐模型中嵌入层参数量巨大且涉及海量随机访存，导致严重的容量墙（12万亿级参数）与带宽墙（占运行时间70%以上）问题。"
        },
        {
          "id": "d1_2",
          "label": "多层级存储硬件趋势",
          "category": "Concept",
          "references": {
            "section_ids": [
              "sec_003"
            ],
            "material_ids": [
              "chunk_00/slide_008",
              "chunk_00/slide_009",
              "chunk_00/slide_010",
              "chunk_00/slide_011"
            ],
            "highlight": {
              "primary_material_id": "chunk_00/slide_008",
              "primary_time_ts": "00:05:36,300",
              "primary_time_ms": 336300
            }
          },
          "parent": "p1",
          "summary": "分析了 HBM（高性能层）、PM（容量层）和 SSD（存储层）的特性，指出软件在利用这些异构介质时存在交互效率低、延迟高及读放大等核心科学问题。"
        },
        {
          "id": "d2_1",
          "label": "Fleche: GPU 查询融合",
          "category": "Technology",
          "references": {
            "section_ids": [
              "sec_004"
            ],
            "material_ids": [
              "chunk_00/slide_017",
              "chunk_00/slide_018"
            ],
            "highlight": {
              "primary_material_id": "chunk_00/slide_017",
              "primary_time_ts": "00:09:53,300",
              "primary_time_ms": 593300
            }
          },
          "parent": "p2",
          "summary": "针对 GPU 软硬交互开销大的问题，提出自识别 Kernel 融合方法，通过单体大 Kernel 处理海量动态形状的小查询任务。"
        },
        {
          "id": "d2_2",
          "label": "PetPS: PM 网卡聚集机制",
          "category": "Technology",
          "references": {
            "section_ids": [
              "sec_005"
            ],
            "material_ids": [
              "chunk_00/slide_024",
              "chunk_00/slide_025"
            ],
            "highlight": {
              "primary_material_id": "chunk_00/slide_024",
              "primary_time_ts": "00:12:57,300",
              "primary_time_ms": 777300
            }
          },
          "parent": "p2",
          "summary": "利用网卡的 SG-DMA 功能代替 CPU 完成参数序列化，规避了持久性内存（PM）高延迟导致的 CPU 瓶颈，实现协同访存。"
        },
        {
          "id": "d2_3",
          "label": "MaxEmbed: SSD 选择性副本",
          "category": "Technology",
          "references": {
            "section_ids": [
              "sec_006"
            ],
            "material_ids": [
              "chunk_00/slide_035",
              "chunk_00/slide_036"
            ],
            "highlight": {
              "primary_material_id": "chunk_00/slide_035",
              "primary_time_ts": "00:18:02,300",
              "primary_time_ms": 1082300
            }
          },
          "parent": "p2",
          "summary": "针对 SSD 读放大问题，通过为热点参数创建选择性副本，以空间换带宽，提升了 SSD 在处理稀疏参数读取时的硬件利用率。"
        },
        {
          "id": "d3_1",
          "label": "RecStore 系统落地成效",
          "category": "Result",
          "references": {
            "section_ids": [
              "sec_007"
            ],
            "material_ids": [
              "chunk_00/slide_039",
              "chunk_00/slide_040"
            ],
            "highlight": {
              "primary_material_id": "chunk_00/slide_040",
              "primary_time_ts": "00:20:13,300",
              "primary_time_ms": 1213300
            }
          },
          "parent": "p3",
          "summary": "RecStore 在快手落地，节省约一亿元成本，稳定服务亿级用户，并获得 Intel 等厂商的认可。"
        },
        {
          "id": "d3_2",
          "label": "生成式推荐 (GR) 展望",
          "category": "Concept",
          "references": {
            "section_ids": [
              "sec_008",
              "sec_007"
            ],
            "material_ids": [
              "chunk_00/slide_041"
            ],
            "highlight": {
              "primary_material_id": "chunk_00/slide_041",
              "primary_time_ts": "00:20:29,300",
              "primary_time_ms": 1229300
            }
          },
          "parent": "p3",
          "summary": "探讨推荐模型从 DLRM 向 GR 的范式转移，分析其“大稀疏+大稠密”的特征，并提出“以存代算”的优化思路。"
        }
      ],
      "edges": [
        {
          "source": "p1",
          "target": "p2",
          "relation_type": "sequential",
          "label": "针对挑战提出方案"
        },
        {
          "source": "p2",
          "target": "p3",
          "relation_type": "sequential",
          "label": "方案整合与落地"
        },
        {
          "source": "d1_1",
          "target": "d1_2",
          "relation_type": "causal",
          "label": "驱动硬件架构演进"
        },
        {
          "source": "d2_1",
          "target": "d2_2",
          "relation_type": "parallel",
          "label": "并列技术方案"
        },
        {
          "source": "d2_2",
          "target": "d2_3",
          "relation_type": "parallel",
          "label": "并列技术方案"
        },
        {
          "source": "d2_1",
          "target": "d3_1",
          "relation_type": "compositional",
          "label": "整合进系统"
        },
        {
          "source": "d2_2",
          "target": "d3_1",
          "relation_type": "compositional",
          "label": "整合进系统"
        },
        {
          "source": "d2_3",
          "target": "d3_1",
          "relation_type": "compositional",
          "label": "整合进系统"
        },
        {
          "source": "d3_1",
          "target": "d3_2",
          "relation_type": "sequential",
          "label": "面向未来演进"
        }
      ]
    }
  },
  "output": {
    "part_index": 2,
    "title": "面向推荐大模型的参数存储系统研究与RecStore落地",
    "type_tag": "技术研究报告",
    "tech_tags": [
      "推荐大模型",
      "Embedding Layer",
      "参数存储",
      "HBM",
      "持久性内存",
      "SSD",
      "Kernel Fusion",
      "SG-DMA",
      "RecStore",
      "Fleche",
      "PetPS",
      "MaxEmbed"
    ],
    "domain_tags": [
      "AI基础设施",
      "存储系统",
      "推荐系统"
    ],
    "summary": "针对推荐大模型嵌入层面临的容量墙与带宽墙挑战，本报告深入分析了多层级存储（HBM/PM/SSD）在软硬交互中的效率瓶颈。提出了Fleche自识别Kernel融合、PetPS网卡聚集机制及MaxEmbed选择性副本布局三项核心技术，分别解决了GPU交互开销大、PM访问延迟高及SSD读放大严重的问题。基于此研发的RecStore系统已在快手等企业落地，显著降低硬件成本并提升服务吞吐，同时探讨了生成式推荐（GR）带来的新挑战。",
    "highlights": [
      "推荐模型嵌入层面临万亿级参数容量与海量随机访存带宽的双重挑战",
      "Fleche利用自识别Kernel融合技术，解决GPU处理动态小查询的交互开销问题",
      "PetPS通过网卡SG-DMA卸载参数序列化任务，突破持久性内存的CPU访问瓶颈",
      "MaxEmbed采用热点参数选择性副本策略，以空间换带宽缓解SSD读放大现象",
      "RecStore系统整合多层级优化方案，在快手落地节省约一亿元硬件成本",
      "展望生成式推荐（GR）模型“大稀疏+大稠密”特征下的存储计算新范式"
    ]
  },
  "artifacts": [
    "output/ScienceEducationInnovation/part_02/final/09_part_digest/artifacts/part_digest.json"
  ],
  "metadata": {
    "part_index": 2,
    "title": "面向推荐大模型的参数存储系统研究与RecStore落地",
    "type_tag": "技术研究报告",
    "tech_tags": 12,
    "domain_tags": 3
  },
  "trace_id": "8665483e-eb05-42ac-bd78-e8193ef63209",
  "duration_ms": 20888,
  "started_at": "2025-12-19T00:57:19.135897",
  "completed_at": "2025-12-18T16:57:40.026358",
  "step_config": {
    "model": "gemini-3-pro-preview",
    "temperature": 0.2,
    "prompt_file": "/Users/lichuan/Codes/TalkDistill/config/prompts/part_digest.md",
    "schema_file": "/Users/lichuan/Codes/TalkDistill/config/schemas/part_digest.json"
  },
  "dependencies": [
    "graph_gen"
  ]
}