{
  "id": "sec_001",
  "index": 0,
  "title": "开场与介绍",
  "time_range": "00:00:00,511 - 00:00:26,460",
  "script": "下面有请北京凝思软件股份有限公司的研发经理钟茂恒先生，为我们带来AI赋能智能运维平台的分享，大家欢迎。大家好，我是凝思软件的钟茂恒，负责智能运维平台的研发。今天非常荣幸能在这里，跟大家分享一下我们在AIOps领域的一些思考和实践。",
  "summary": "主持人邀请北京凝思软件股份有限公司的研发经理钟茂恒先生上台分享。钟茂恒进行自我介绍，并引出本次分享的主题：关于公司在AIOps领域的一些思考和实践。"
}