{
  "address": "ai_session/part_06/chunk_00/09_apply_crop/slide_012",
  "status": "completed",
  "input": {
    "image_path": "output/ai_session/part_06/chunk_00/07_capture_frame/slide_012/artifacts/slide_012.png",
    "crop_region": {
      "x": 549,
      "y": 129,
      "width": 1294,
      "height": 885
    }
  },
  "output": "output/ai_session/part_06/chunk_00/09_apply_crop/slide_012/artifacts/slide_012.png",
  "artifacts": [
    "output/ai_session/part_06/chunk_00/09_apply_crop/slide_012/artifacts/slide_012.png"
  ],
  "metadata": {
    "source": "output/ai_session/part_06/chunk_00/07_capture_frame/slide_012/artifacts/slide_012.png",
    "applied": true,
    "crop_region": {
      "x": 549,
      "y": 129,
      "width": 1294,
      "height": 885
    },
    "size": {
      "width": 1294,
      "height": 885
    }
  },
  "trace_id": null,
  "duration_ms": 117,
  "started_at": "2025-12-15T23:49:14.310642",
  "completed_at": "2025-12-15T15:49:14.429046",
  "step_config": {},
  "dependencies": [
    "capture_frame",
    "crop_decision"
  ]
}