{
  "address": "ScienceEducationInnovation/part_02/chunk_00/07_capture_frame/slide_019",
  "status": "completed",
  "input": {
    "video": "output/ScienceEducationInnovation/part_02/chunk_00/01_cut_chunk/artifacts/chunk_high.mp4",
    "timestamp": "00:11:16.780",
    "frame_id": "slide_019",
    "output_ext": ".png"
  },
  "output": "output/ScienceEducationInnovation/part_02/chunk_00/07_capture_frame/slide_019/artifacts/slide_019.png",
  "artifacts": [
    "output/ScienceEducationInnovation/part_02/chunk_00/07_capture_frame/slide_019/artifacts/slide_019.png"
  ],
  "metadata": {
    "timestamp": "00:11:16.780",
    "frame_id": "slide_019",
    "ffmpeg": "/opt/homebrew/bin/ffmpeg"
  },
  "trace_id": null,
  "duration_ms": 2455,
  "started_at": "2025-12-17T10:50:27.899768",
  "completed_at": "2025-12-17T02:50:30.356752",
  "step_config": {},
  "dependencies": [
    "slide_timeline"
  ]
}