{
  "address": "ScienceEducationInnovation/part_03/chunk_00/07_capture_frame/slide_016",
  "status": "completed",
  "input": {
    "video": "output/ScienceEducationInnovation/part_03/chunk_00/01_cut_chunk/artifacts/chunk_high.mp4",
    "timestamp": "00:11:25.280",
    "frame_id": "slide_016",
    "output_ext": ".png"
  },
  "output": "output/ScienceEducationInnovation/part_03/chunk_00/07_capture_frame/slide_016/artifacts/slide_016.png",
  "artifacts": [
    "output/ScienceEducationInnovation/part_03/chunk_00/07_capture_frame/slide_016/artifacts/slide_016.png"
  ],
  "metadata": {
    "timestamp": "00:11:25.280",
    "frame_id": "slide_016",
    "ffmpeg": "/opt/homebrew/bin/ffmpeg"
  },
  "trace_id": null,
  "duration_ms": 1371,
  "started_at": "2025-12-19T01:07:58.333490",
  "completed_at": "2025-12-18T17:07:59.706430",
  "step_config": {},
  "dependencies": [
    "slide_timeline"
  ]
}