{
  "id": "sec_6",
  "index": 5,
  "title": "百度与openEuler的合作与成果",
  "time_range": "00:11:09,890 - 00:12:31,725",
  "script": "那么回到百度和openEuler的合作。实际上从2021年起，百度就与openEuler社区展开了密切的合作。我们共同发布并持续演进了BaiduLinux智能云操作系统，随后又将其升级为现在的智能原生底座操作系统，全面支撑百度的千帆大模型平台和百舸异构计算平台。到目前已在内外多场景部署的规模超过2万套。百度也同时作为用户委员会的委员，持续参与社区共建。作为我们和openEuler重要的合作成果，BaiduLinux CloudOS在智算集群架构中处于重要的位置，承担我们整个智算体系当中承上启下的重要作用。这也是我们跟openEuler深度协同，充分借助其在生态、运维与创新方面的优势，经过一年多的联合创新，共同打造的新一代操作系统。集成了openEuler全栈观测与协同分析的能力，并且引入了基于机密计算的大模型运行时安全机制，提升智算场景下的运维效率和安全水平。",
  "summary": "百度自2021年起与openEuler社区深度合作，共同演进BaiduLinux智能云操作系统，目前部署规模已超2万套。该系统作为智能原生底座，全面支撑了千帆大模型及百舸异构计算平台，通过集成全栈观测与机密计算能力，显著提升了智算场景的运维效率与安全性。"
}