{
  "address": "ScienceEducationInnovation/part_03/final/10_part_digest",
  "status": "completed",
  "input": {
    "part_index": 3,
    "part_start_s": 3391.845,
    "part_duration_s": 1236.73,
    "sections": [
      {
        "id": "sec_1",
        "index": 0,
        "title": "演讲开场",
        "time_range": "00:00:05,475 - 00:00:45,910",
        "summary": "演讲者首先感谢主持人和华为的邀请，并提及该项目是与 openEuler 长期合作的成果，之前已分享过。接着，他特别感谢了 openEuler 团队成员的贡献。最后，引出本次演讲的主题：人工智能端到端的复杂攻击检测技术。",
        "start_ms": 5475,
        "end_ms": 45910,
        "material_ids": [
          "chunk_00/slide_001",
          "chunk_00/slide_002"
        ]
      },
      {
        "id": "sec_2",
        "index": 1,
        "title": "背景介绍：APT攻击检测的挑战",
        "time_range": "00:00:46,675 - 00:02:58,995",
        "summary": "本节内容介绍了研究背景，即防御当前复杂的APT攻击。与20年前相比，现在的网络安全环境已发生巨大变化，攻击者不再是分散的业余选手。",
        "start_ms": 46675,
        "end_ms": 178995,
        "material_ids": [
          "chunk_00/slide_003",
          "chunk_00/slide_004",
          "chunk_00/slide_005"
        ]
      },
      {
        "id": "sec_3",
        "index": 2,
        "title": "科学问题与关键挑战",
        "time_range": "00:03:04,755 - 00:07:01,680",
        "summary": "讲者提出了利用AI实现端到端网络攻击检测的科学问题，即让AI自动分析原始日志并生成人类可读的攻击报告。然而，直接使用大语言模型效果不佳，主要面临三大挑战。首先是数据质量差，体现在训练数据量少、标注成本高且质量低、以及攻击与正常数据分布极端不均。其次是语义理解困难，存在底层日志与自然语言的语义鸿沟、行为判断的二义性以及数据维度过高的问题。最后是成本限制，安全行业投入有限，难以支撑大规模、高时效性的计算需求。",
        "start_ms": 184755,
        "end_ms": 421680,
        "material_ids": [
          "chunk_00/slide_006",
          "chunk_00/slide_007",
          "chunk_00/slide_008",
          "chunk_00/slide_009"
        ]
      },
      {
        "id": "sec_4",
        "index": 3,
        "title": "研究方法与核心思路",
        "time_range": "00:07:02,445 - 00:08:46,455",
        "summary": "该研究通过系统、算法和硬件的协同优化来解决问题，并与华为合作获取真实企业数据，同时采用无监督算法消除对数据标注的依赖。其核心思路是溯源分析，即采集操作系统日志（包括网络、文件、进程访问）构建数据流动图。最后，利用无监督学习在图上主动挖掘异常特征，从而自动识别出与攻击相关的行为。",
        "start_ms": 422445,
        "end_ms": 526455,
        "material_ids": [
          "chunk_00/slide_010",
          "chunk_00/slide_011"
        ]
      },
      {
        "id": "sec_5",
        "index": 4,
        "title": "关键技术一：无监督快速日志过滤",
        "time_range": "00:08:46,455 - 00:11:31,015",
        "summary": "面对海量日志中攻击事件极端稀疏的挑战，我们提出一种无监督快速日志过滤技术。该方法利用攻击事件在统计上的异常性和拓扑上的聚合性这两个规律，首先过滤掉大量无关事件，再用更强的模型处理可疑事件。通过改进的在线搜索算法和缓存优化，该技术在保证高检出率的同时，将误报率降低了两个数量级，并已在实际应用中得到验证。",
        "start_ms": 526455,
        "end_ms": 691015,
        "material_ids": [
          "chunk_00/slide_012",
          "chunk_00/slide_013",
          "chunk_00/slide_014",
          "chunk_00/slide_015",
          "chunk_00/slide_016"
        ]
      },
      {
        "id": "sec_6",
        "index": 5,
        "title": "关键技术二：基于大语言模型的攻击检测和日志理解",
        "time_range": "00:11:31,615 - 00:14:50,448",
        "summary": "为了弥合底层日志与自然语言报告之间的鸿沟，我们提出了一种名为 gIoC 的中间表述，它能让大语言模型理解底层事件并具备泛化能力。通过结合攻击步骤的逻辑推理系统来消除误报，最终由安全 Agent 自动生成可读的攻击报告，该方法在华为内部数据测试中显著降低了误报率。",
        "start_ms": 691615,
        "end_ms": 890448,
        "material_ids": [
          "chunk_00/slide_017",
          "chunk_00/slide_018",
          "chunk_00/slide_019",
          "chunk_00/slide_020",
          "chunk_00/slide_021"
        ]
      },
      {
        "id": "sec_7",
        "index": 6,
        "title": "关键技术三：低开销日志采集系统",
        "time_range": "00:14:52,165 - 00:16:50,345",
        "summary": "第三项关键技术是低开销日志采集系统。为解决传统监控方案因保护探针和集中处理而导致的高昂性能开销，我们从软硬件两方面进行优化。软件上，我们提出新的分片式架构，让各进程独立处理自己的日志以实现隔离、防止干扰；硬件上，我们将监控负载卸载到DPU，利用其强大的处理和拉取能力，实现了近乎零代价的日志采集。最终，即使在采集每一个系统调用的情况下，我们的系统开销仍能控制在3%以内，相比主流方案降低了一个数量级。",
        "start_ms": 892165,
        "end_ms": 1010345,
        "material_ids": [
          "chunk_00/slide_022",
          "chunk_00/slide_023",
          "chunk_00/slide_024",
          "chunk_00/slide_025",
          "chunk_00/slide_026",
          "chunk_00/slide_027"
        ]
      },
      {
        "id": "sec_8",
        "index": 7,
        "title": "原型系统：SysArmor",
        "time_range": "00:16:52,345 - 00:17:23,494",
        "summary": "我们实现了一个名为SysArmor的简单系统原型，它集成了前面提到的所有技术，并已在华为openEuler社区开源。该系统能实现端到端的攻击，并利用大模型分析攻击过程、所用技术及各步骤间的关联。",
        "start_ms": 1012345,
        "end_ms": 1043494,
        "material_ids": [
          "chunk_00/slide_028"
        ]
      },
      {
        "id": "sec_9",
        "index": 8,
        "title": "其他工作、未来展望与致谢",
        "time_range": "00:17:26,805 - 00:19:46,985",
        "summary": "首先介绍了在软件分析与漏洞挖掘方面的相关工作，如WASM符号执行工具和二进制模糊测试工具。接着，展望了未来的工作计划，包括在openEuler社区开源SysArmor系统、公开数据集以支持社区算法迭代，并欢迎各界参与共建。最后，探讨了核心算法在AI大模型安全、金融反诈等领域的拓展应用，并对合作伙伴表示感谢。",
        "start_ms": 1046805,
        "end_ms": 1186985,
        "material_ids": [
          "chunk_00/slide_029",
          "chunk_00/slide_030",
          "chunk_00/slide_031"
        ]
      },
      {
        "id": "sec_10",
        "index": 9,
        "title": "问答与串场",
        "time_range": "00:19:47,185 - 00:20:36,730",
        "summary": "主持人感谢李老师的分享并开放现场问答环节。由于无人提问，主持人再次感谢讲者，并简要总结了其分享的意义。随后，主持人介绍了下一位讲者——来自北京航空航天大学的杨任宇老师及其分享主题。",
        "start_ms": 1187185,
        "end_ms": 1236730,
        "material_ids": [
          "chunk_00/slide_032",
          "chunk_00/slide_033"
        ]
      }
    ],
    "materials": [
      {
        "id": "chunk_00/slide_001",
        "type": "slide",
        "title": "演讲标题页：人工智能端到端的复杂攻击检测技术研究 讲者：李锭（北京大学助理教授）",
        "start_ms": 0,
        "end_ms": 40600,
        "best_capture_ms": null
      },
      {
        "id": "chunk_00/slide_002",
        "type": "slide",
        "title": "演讲标题页（北京大学版） 人工智能端到端的复杂攻击检测技术研究",
        "start_ms": 41300,
        "end_ms": 45500,
        "best_capture_ms": null
      },
      {
        "id": "chunk_00/slide_003",
        "type": "slide",
        "title": "背景介绍：高级可持续性威胁（APT） APT攻击的特征：逻辑复杂、特征隐蔽、技术多变",
        "start_ms": 46300,
        "end_ms": 82400,
        "best_capture_ms": null
      },
      {
        "id": "chunk_00/slide_004",
        "type": "slide",
        "title": "APT攻击检测面临巨大挑战 逻辑复杂、特征隐蔽、技术多变的三大挑战图示",
        "start_ms": 83200,
        "end_ms": 143300,
        "best_capture_ms": null
      },
      {
        "id": "chunk_00/slide_005",
        "type": "slide",
        "title": "当前技术大量依赖专家规则和人工研判 展示三代技术演进：病毒特征码检测、行为检测技术、微观检测与响应",
        "start_ms": 144100,
        "end_ms": 178400,
        "best_capture_ms": null
      },
      {
        "id": "chunk_00/slide_006",
        "type": "slide",
        "title": "科学问题：能否摆脱对人工规则的依赖 实现完全AI端到端的APT攻击检测流程图",
        "start_ms": 179200,
        "end_ms": 224300,
        "best_capture_ms": null
      },
      {
        "id": "chunk_00/slide_007",
        "type": "slide",
        "title": "关键挑战一：数据质量差 训练数据不足、数据标注缺乏、数据分布不均",
        "start_ms": 225100,
        "end_ms": 311400,
        "best_capture_ms": null
      },
      {
        "id": "chunk_00/slide_008",
        "type": "slide",
        "title": "关键挑战二：语义理解难 语义鸿沟难弥合、理解存在二义性、日志数据维度极高",
        "start_ms": 312200,
        "end_ms": 383300,
        "best_capture_ms": null
      },
      {
        "id": "chunk_00/slide_009",
        "type": "slide",
        "title": "关键挑战三：成本限制大 成本限制原因及对实时检测的要求",
        "start_ms": 384100,
        "end_ms": 420300,
        "best_capture_ms": null
      },
      {
        "id": "chunk_00/slide_010",
        "type": "slide",
        "title": "研究方法：系统/算法/硬件协同优化 针对数据质量差、语义理解难、成本限制大的解决方案矩阵",
        "start_ms": 421100,
        "end_ms": 484300,
        "best_capture_ms": null
      },
      {
        "id": "chunk_00/slide_011",
        "type": "slide",
        "title": "核心思路：溯源分析 用图模型表征系统内进程、文件、网络接口等实体间的交互行为",
        "start_ms": 485100,
        "end_ms": 524300,
        "best_capture_ms": null
      },
      {
        "id": "chunk_00/slide_012",
        "type": "slide",
        "title": "关键技术一：无监督快速日志过滤 攻击事件在海量正常事件中的占比极小，需快速过滤",
        "start_ms": 525100,
        "end_ms": 571300,
        "best_capture_ms": null
      },
      {
        "id": "chunk_00/slide_013",
        "type": "slide",
        "title": "利用攻击事件在异构图中的统计异构性设计快速过滤算法 异构性：攻击和正常程序在统计上的明显差异",
        "start_ms": 572100,
        "end_ms": 615300,
        "best_capture_ms": null
      },
      {
        "id": "chunk_00/slide_014",
        "type": "slide",
        "title": "充分利用异常局部聚集和融合性质减少算法复杂度 在线斯坦纳树问题 (Online Steiner Tree Problem)",
        "start_ms": 616100,
        "end_ms": 632300,
        "best_capture_ms": null
      },
      {
        "id": "chunk_00/slide_015",
        "type": "slide",
        "title": "两阶段异常检测流程 阶段一：基于VAE的单点异常检测；阶段二：节点异常程度在拓扑中传播",
        "start_ms": 633100,
        "end_ms": 663300,
        "best_capture_ms": null
      },
      {
        "id": "chunk_00/slide_016",
        "type": "slide",
        "title": "溯源节点剪枝有效方法与现有SOTA数据对比 展示在不同数据集下的误报率和检测率",
        "start_ms": 664100,
        "end_ms": 690300,
        "best_capture_ms": null
      },
      {
        "id": "chunk_00/slide_017",
        "type": "slide",
        "title": "关键技术二：基于大语言模型的攻击检测和日志理解 底层系统日志与自然语言存在语义鸿沟",
        "start_ms": 691100,
        "end_ms": 747300,
        "best_capture_ms": null
      },
      {
        "id": "chunk_00/slide_018",
        "type": "slide",
        "title": "提出一种拥有泛化能力的知识抽取中间表示gIoC 弥补底层日志与自然语言的语义鸿沟",
        "start_ms": 748100,
        "end_ms": 801300,
        "best_capture_ms": null
      },
      {
        "id": "chunk_00/slide_019",
        "type": "slide",
        "title": "基于大语言模型的上下文关联能力 联合剪枝误报结果，消除误报",
        "start_ms": 802100,
        "end_ms": 833300,
        "best_capture_ms": null
      },
      {
        "id": "chunk_00/slide_020",
        "type": "slide",
        "title": "基于大语言模型，自动生成可读的APT攻击报告 从算法输出结果到安全Agent再到自然语言攻击报告",
        "start_ms": 834100,
        "end_ms": 872300,
        "best_capture_ms": null
      },
      {
        "id": "chunk_00/slide_021",
        "type": "slide",
        "title": "基于企业运维数据的攻击检测方法效果验证 在多个数据集上的检测基线对比",
        "start_ms": 873100,
        "end_ms": 890300,
        "best_capture_ms": null
      },
      {
        "id": "chunk_00/slide_022",
        "type": "slide",
        "title": "日志采集系统：SysArmor 全栈系统的日志采集开销分析及现有技术的局限性",
        "start_ms": 891100,
        "end_ms": 912300,
        "best_capture_ms": null
      },
      {
        "id": "chunk_00/slide_023",
        "type": "slide",
        "title": "软件端瓶颈：核心问题 (Security 23) 现有中心化架构带来的资源竞争与开销",
        "start_ms": 913100,
        "end_ms": 955300,
        "best_capture_ms": null
      },
      {
        "id": "chunk_00/slide_024",
        "type": "slide",
        "title": "分片式架构：关键思路 针对监控中的每一个进程分配独立日志路径，防止互相干扰",
        "start_ms": 956100,
        "end_ms": 965300,
        "best_capture_ms": null
      },
      {
        "id": "chunk_00/slide_025",
        "type": "slide",
        "title": "硬件端瓶颈：基于DPU的系统调用日志追踪 (HPCA 25) 将系统调用日志卸载到DPU上，减少CPU开销",
        "start_ms": 966100,
        "end_ms": 976300,
        "best_capture_ms": null
      },
      {
        "id": "chunk_00/slide_026",
        "type": "slide",
        "title": "硬件端挑战：核心挑战 保障证据完整性与降低主机开销的矛盾",
        "start_ms": 977100,
        "end_ms": 989300,
        "best_capture_ms": null
      },
      {
        "id": "chunk_00/slide_027",
        "type": "slide",
        "title": "性能评测：实验效果 性能开销在3%以内，吞吐能力提升10倍",
        "start_ms": 990100,
        "end_ms": 1010300,
        "best_capture_ms": null
      },
      {
        "id": "chunk_00/slide_028",
        "type": "slide",
        "title": "原型系统：SysArmor 技术集成实现SysArmor原型系统演示界面",
        "start_ms": 1011100,
        "end_ms": 1045300,
        "best_capture_ms": null
      },
      {
        "id": "chunk_00/slide_029",
        "type": "slide",
        "title": "其他工作 软件分析与漏洞挖掘 (WASEM, SPFuzz) 及可信数据共享流通系统",
        "start_ms": 1046100,
        "end_ms": 1068300,
        "best_capture_ms": null
      },
      {
        "id": "chunk_00/slide_030",
        "type": "slide",
        "title": "未来工作 社区建设、系统构建、应用扩展",
        "start_ms": 1069100,
        "end_ms": 1166300,
        "best_capture_ms": null
      },
      {
        "id": "chunk_00/slide_031",
        "type": "slide",
        "title": "谢谢大家，请多指教 SysArmor总结页：AI端到端的APT攻击检测",
        "start_ms": 1167100,
        "end_ms": 1187300,
        "best_capture_ms": null
      },
      {
        "id": "chunk_00/slide_032",
        "type": "slide",
        "title": "论坛过场页：科教创新分论坛 openEuler Developer Day 2024",
        "start_ms": 1188100,
        "end_ms": 1223300,
        "best_capture_ms": null
      },
      {
        "id": "chunk_00/slide_033",
        "type": "slide",
        "title": "下一位讲者介绍：杨任宇 异构融合的AI Infra系统软件资源管理与可靠性保障",
        "start_ms": 1224100,
        "end_ms": 1236730,
        "best_capture_ms": null
      }
    ],
    "graph": {
      "nodes": [
        {
          "id": "p1",
          "label": "问题与挑战",
          "category": "Pillar",
          "references": {
            "section_ids": [
              "sec_2",
              "sec_3"
            ],
            "material_ids": [
              "chunk_00/slide_003",
              "chunk_00/slide_004",
              "chunk_00/slide_005",
              "chunk_00/slide_006",
              "chunk_00/slide_007",
              "chunk_00/slide_008",
              "chunk_00/slide_009"
            ],
            "highlight": {
              "primary_material_id": "chunk_00/slide_006",
              "primary_time_ts": "00:02:59,200",
              "primary_time_ms": 179200
            }
          },
          "parent": null,
          "summary": "演讲首先定义了利用AI实现端到端攻击检测的科学问题，即让AI自动分析原始日志并生成人类可读的攻击报告。然而，这一目标面临三大关键挑战：数据质量差（训练数据少、标注成本高、分布不均）、语义理解困难（日志与自然语言的鸿沟、行为二义性、数据维度高）以及成本限制（算力投入有限、性能要求严苛）。"
        },
        {
          "id": "p2",
          "label": "核心思路与方法",
          "category": "Pillar",
          "references": {
            "section_ids": [
              "sec_4"
            ],
            "material_ids": [
              "chunk_00/slide_010",
              "chunk_00/slide_011"
            ],
            "highlight": {
              "primary_material_id": "chunk_00/slide_011",
              "primary_time_ts": "00:08:05,100",
              "primary_time_ms": 485100
            }
          },
          "parent": null,
          "summary": "为应对挑战，研究采用了系统、算法和硬件协同优化的策略。核心思路是基于溯源分析（Provenance Analysis），通过采集操作系统底层日志（网络、文件、进程）来构建一个数据流动图（Provenance Graph）。然后，利用无监督学习算法在该图上主动挖掘异常结构与特征，从而自动识别和定位攻击行为。"
        },
        {
          "id": "p3",
          "label": "三大关键技术",
          "category": "Pillar",
          "references": {
            "section_ids": [
              "sec_5",
              "sec_6",
              "sec_7",
              "sec_4"
            ],
            "material_ids": [
              "chunk_00/slide_012",
              "chunk_00/slide_013",
              "chunk_00/slide_014",
              "chunk_00/slide_015",
              "chunk_00/slide_016",
              "chunk_00/slide_017",
              "chunk_00/slide_018",
              "chunk_00/slide_019",
              "chunk_00/slide_020",
              "chunk_00/slide_021",
              "chunk_00/slide_022",
              "chunk_00/slide_023",
              "chunk_00/slide_024",
              "chunk_00/slide_025",
              "chunk_00/slide_026",
              "chunk_00/slide_027"
            ],
            "highlight": {
              "primary_material_id": "chunk_00/slide_012",
              "primary_time_ts": "00:08:46,455",
              "primary_time_ms": 526455
            }
          },
          "parent": null,
          "summary": "为实现核心思路，研发了三项关键技术。一是无监督快速日志过滤，通过两阶段过滤策略高效识别稀疏的攻击事件。二是基于大语言模型的日志理解，利用gIoC中间表述和逻辑推理弥合语义鸿沟，自动生成攻击报告。三是低开销日志采集系统，通过软硬件协同优化（分片式架构与DPU卸载）将系统开销控制在3%以内。"
        },
        {
          "id": "p4",
          "label": "系统实现与展望",
          "category": "Pillar",
          "references": {
            "section_ids": [
              "sec_8",
              "sec_9"
            ],
            "material_ids": [
              "chunk_00/slide_028",
              "chunk_00/slide_029",
              "chunk_00/slide_030",
              "chunk_00/slide_031"
            ],
            "highlight": {
              "primary_material_id": "chunk_00/slide_028",
              "primary_time_ts": "00:16:52,345",
              "primary_time_ms": 1012345
            }
          },
          "parent": null,
          "summary": "所有技术被集成到一个名为SysArmor的原型系统中，并已在openEuler社区开源。未来计划公开数据集以促进社区发展，并将核心算法拓展至AI大模型安全、金融反诈等新领域。"
        },
        {
          "id": "d1_1",
          "label": "数据质量差",
          "category": "Problem",
          "references": {
            "section_ids": [
              "sec_3"
            ],
            "material_ids": [
              "chunk_00/slide_007"
            ],
            "highlight": {
              "primary_material_id": "chunk_00/slide_007",
              "primary_time_ts": "00:03:45,100",
              "primary_time_ms": 225100
            }
          },
          "parent": "p1",
          "summary": "AI攻击检测面临数据质量挑战，体现在：1) 训练数据量不足，因企业数据隐私性强，学术界多用模拟数据；2) 标注成本高、质量低，需要昂贵的专家知识，且效率低下；3) 数据分布极端不均衡，攻击数据与正常数据比例悬殊（如1:10,000,000），给模型训练带来巨大困难。"
        },
        {
          "id": "d1_2",
          "label": "语义理解困难",
          "category": "Problem",
          "references": {
            "section_ids": [
              "sec_3"
            ],
            "material_ids": [
              "chunk_00/slide_008"
            ],
            "highlight": {
              "primary_material_id": "chunk_00/slide_008",
              "primary_time_ts": "00:05:12,200",
              "primary_time_ms": 312200
            }
          },
          "parent": "p1",
          "summary": "让AI理解底层日志并生成报告存在语义鸿沟。具体包括：1) 底层日志（机器语言）与自然语言的语义差异巨大；2) 行为判断存在二义性，同一操作的性质（正常/恶意）依赖于上下文；3) 数据维度过高，长期攻击产生的海量日志远超当前大模型的上下文窗口处理能力。"
        },
        {
          "id": "d1_3",
          "label": "成本限制大",
          "category": "Problem",
          "references": {
            "section_ids": [
              "sec_3"
            ],
            "material_ids": [
              "chunk_00/slide_009"
            ],
            "highlight": {
              "primary_material_id": "chunk_00/slide_009",
              "primary_time_ts": "00:06:24,100",
              "primary_time_ms": 384100
            }
          },
          "parent": "p1",
          "summary": "安全行业特性导致资源投入受限，与AI所需的高昂成本形成矛盾。行业普遍不愿意投入巨额资金购买算力，但同时对检测的时效性和处理的数据规模有严苛要求，构成了严峻的工程挑战。"
        },
        {
          "id": "d2_1",
          "label": "协同优化策略",
          "category": "Concept",
          "references": {
            "section_ids": [
              "sec_4"
            ],
            "material_ids": [
              "chunk_00/slide_010"
            ],
            "highlight": {
              "primary_material_id": "chunk_00/slide_010",
              "primary_time_ts": "00:07:02,445",
              "primary_time_ms": 422445
            }
          },
          "parent": "p2",
          "summary": "为应对三大挑战，研究采取了系统、算法、硬件的协同优化策略。通过与华为合作获取真实数据，采用无监督算法解决标注依赖，基于溯源分析消除语义二义性，并通过系统和算法优化来控制成本。"
        },
        {
          "id": "d2_2",
          "label": "溯源分析",
          "category": "Concept",
          "references": {
            "section_ids": [
              "sec_4"
            ],
            "material_ids": [
              "chunk_00/slide_011"
            ],
            "highlight": {
              "primary_material_id": "chunk_00/slide_011",
              "primary_time_ts": "00:08:05,100",
              "primary_time_ms": 485100
            }
          },
          "parent": "p2",
          "summary": "核心思路是溯源分析。通过全面采集操作系统日志（网络、文件、进程），构建一个数据流动图（Provenance Graph），其中节点代表实体，边代表数据流动。最后在该图上应用无监督学习算法，主动挖掘异常特征以识别攻击。"
        },
        {
          "id": "d3_1",
          "label": "无监督快速日志过滤",
          "category": "Technology",
          "references": {
            "section_ids": [
              "sec_5",
              "sec_4"
            ],
            "material_ids": [
              "chunk_00/slide_012",
              "chunk_00/slide_013",
              "chunk_00/slide_014",
              "chunk_00/slide_015",
              "chunk_00/slide_016"
            ],
            "highlight": {
              "primary_material_id": "chunk_00/slide_012",
              "primary_time_ts": "00:08:46,455",
              "primary_time_ms": 526455
            }
          },
          "parent": "p3",
          "summary": "针对海量日志中攻击事件极端稀疏的问题，提出一种无监督快速过滤技术。利用攻击事件的“统计异常性”和“拓扑聚合性”规律，通过两阶段过滤（快速过滤+深度分析）和改进的在线搜索算法，在保证高检出率的同时，将误报率降低了两个数量级。"
        },
        {
          "id": "d3_2",
          "label": "基于LLM的日志理解",
          "category": "Technology",
          "references": {
            "section_ids": [
              "sec_6"
            ],
            "material_ids": [
              "chunk_00/slide_017",
              "chunk_00/slide_018",
              "chunk_00/slide_019",
              "chunk_00/slide_020",
              "chunk_00/slide_021"
            ],
            "highlight": {
              "primary_material_id": "chunk_00/slide_018",
              "primary_time_ts": "00:12:28,100",
              "primary_time_ms": 748100
            }
          },
          "parent": "p3",
          "summary": "为弥合底层日志与自然语言报告的语义鸿沟，提出名为gIoC的中间表述，使大模型能理解底层事件并泛化。结合攻击步骤的逻辑推理系统消除误报后，由安全Agent自动生成可读的攻击报告，显著降低了误报率。"
        },
        {
          "id": "d3_3",
          "label": "低开销日志采集",
          "category": "Technology",
          "references": {
            "section_ids": [
              "sec_7"
            ],
            "material_ids": [
              "chunk_00/slide_022",
              "chunk_00/slide_023",
              "chunk_00/slide_024",
              "chunk_00/slide_025",
              "chunk_00/slide_026",
              "chunk_00/slide_027"
            ],
            "highlight": {
              "primary_material_id": "chunk_00/slide_027",
              "primary_time_ts": "00:16:30,100",
              "primary_time_ms": 990100
            }
          },
          "parent": "p3",
          "summary": "为解决传统监控方案的高性能开销问题，从软硬件两方面进行优化。软件上采用分片式架构实现进程隔离；硬件上将监控负载卸载到DPU。最终在采集每个系统调用的情况下，系统开销仍控制在3%以内，相比主流方案降低一个数量级。"
        },
        {
          "id": "d4_1",
          "label": "原型系统: SysArmor",
          "category": "Result",
          "references": {
            "section_ids": [
              "sec_8"
            ],
            "material_ids": [
              "chunk_00/slide_028"
            ],
            "highlight": {
              "primary_material_id": "chunk_00/slide_028",
              "primary_time_ts": "00:16:52,345",
              "primary_time_ms": 1012345
            }
          },
          "parent": "p4",
          "summary": "实现了一个名为SysArmor的系统原型，集成了所有关键技术。该系统能实现端到端攻击分析，并利用大模型解释攻击过程。项目已在华为openEuler社区开源。"
        },
        {
          "id": "d4_2",
          "label": "未来工作与应用拓展",
          "category": "Concept",
          "references": {
            "section_ids": [
              "sec_9"
            ],
            "material_ids": [
              "chunk_00/slide_030"
            ],
            "highlight": {
              "primary_material_id": "chunk_00/slide_030",
              "primary_time_ts": "00:17:49,100",
              "primary_time_ms": 1069100
            }
          },
          "parent": "p4",
          "summary": "未来计划包括在openEuler社区持续建设SysArmor、公开数据集以支持社区算法迭代。同时，核心算法已开始拓展应用到AI大模型安全和金融反诈等领域，并取得初步成功。"
        }
      ],
      "edges": [
        {
          "source": "p1",
          "target": "p2",
          "relation_type": "sequential",
          "label": "提出思路"
        },
        {
          "source": "p2",
          "target": "p3",
          "relation_type": "sequential",
          "label": "研发技术"
        },
        {
          "source": "p3",
          "target": "p4",
          "relation_type": "sequential",
          "label": "集成实现"
        },
        {
          "source": "d1_1",
          "target": "d1_2",
          "relation_type": "parallel",
          "label": "并列挑战"
        },
        {
          "source": "d1_2",
          "target": "d1_3",
          "relation_type": "parallel",
          "label": "并列挑战"
        },
        {
          "source": "d2_1",
          "target": "d2_2",
          "relation_type": "compositional",
          "label": "引出"
        },
        {
          "source": "d3_1",
          "target": "d3_2",
          "relation_type": "parallel",
          "label": "并列技术"
        },
        {
          "source": "d3_2",
          "target": "d3_3",
          "relation_type": "parallel",
          "label": "并列技术"
        },
        {
          "source": "d4_1",
          "target": "d4_2",
          "relation_type": "sequential",
          "label": "展望未来"
        }
      ]
    }
  },
  "output": {
    "part_index": 3,
    "title": "人工智能端到端的复杂攻击检测技术研究",
    "type_tag": "学术研究与系统实现",
    "tech_tags": [
      "SysArmor",
      "openEuler",
      "APT攻击检测",
      "无监督学习",
      "大语言模型",
      "溯源分析",
      "Provenance Graph",
      "gIoC",
      "DPU卸载",
      "分片式架构",
      "在线斯坦纳树"
    ],
    "domain_tags": [
      "网络安全",
      "系统安全",
      "人工智能安全",
      "操作系统",
      "入侵检测"
    ],
    "summary": "本环节由北京大学李锭老师分享了关于利用AI实现端到端APT攻击检测的研究成果。针对当前攻击检测面临的数据质量差、语义理解难及成本限制大三大挑战，团队提出了系统、算法与硬件协同优化的解决方案。核心思路是基于溯源图（Provenance Graph）进行无监督异常挖掘，并研发了三项关键技术：无监督快速日志过滤、基于大语言模型（LLM）的日志理解与报告生成、以及基于DPU卸载的低开销日志采集。最终集成为原型系统SysArmor并在openEuler社区开源，实现了低开销、高检出率的自动化攻击分析。",
    "highlights": [
      "提出利用AI自动分析原始日志并生成可读攻击报告的端到端检测思路",
      "研发无监督快速日志过滤技术，利用统计异常性将误报率降低两个数量级",
      "设计gIoC中间表述，结合大语言模型弥合底层日志与自然语言的语义鸿沟",
      "实现基于DPU卸载和分片式架构的低开销日志采集，系统开销控制在3%以内",
      "集成研发原型系统SysArmor，并在openEuler社区开源供开发者使用"
    ]
  },
  "artifacts": [
    "output/ScienceEducationInnovation/part_03/final/10_part_digest/artifacts/part_digest.json"
  ],
  "metadata": {
    "part_index": 3,
    "title": "人工智能端到端的复杂攻击检测技术研究",
    "type_tag": "学术研究与系统实现",
    "tech_tags": 11,
    "domain_tags": 5
  },
  "trace_id": "335367c8-406f-425a-9d11-54dfc7b3312d",
  "duration_ms": 10143,
  "started_at": "2025-12-17T16:29:50.655731",
  "completed_at": "2025-12-17T08:30:00.800480",
  "step_config": {
    "model": "gemini-3-pro-preview",
    "temperature": 0.2,
    "prompt_file": "/Users/lichuan/Codes/TalkDistill/config/prompts/part_digest.md",
    "schema_file": "/Users/lichuan/Codes/TalkDistill/config/schemas/part_digest.json"
  },
  "dependencies": [
    "graph_gen"
  ]
}