{
  "address": "day2_main/part_05/chunk_00/09_apply_crop/slide_006",
  "status": "completed",
  "input": {
    "image_path": "output/day2_main/part_05/chunk_00/07_capture_frame/slide_006/artifacts/slide_006.png",
    "crop_region": {
      "x": 145,
      "y": 345,
      "width": 1628,
      "height": 464
    }
  },
  "output": "output/day2_main/part_05/chunk_00/09_apply_crop/slide_006/artifacts/slide_006.png",
  "artifacts": [
    "output/day2_main/part_05/chunk_00/09_apply_crop/slide_006/artifacts/slide_006.png"
  ],
  "metadata": {
    "source": "output/day2_main/part_05/chunk_00/07_capture_frame/slide_006/artifacts/slide_006.png",
    "applied": true,
    "crop_region": {
      "x": 145,
      "y": 345,
      "width": 1628,
      "height": 464
    },
    "size": {
      "width": 1628,
      "height": 464
    }
  },
  "trace_id": null,
  "duration_ms": 146,
  "started_at": "2025-12-17T21:35:09.862819",
  "completed_at": "2025-12-17T13:35:10.010055",
  "step_config": {},
  "dependencies": [
    "capture_frame",
    "crop_decision"
  ]
}