{
  "address": "ScienceEducationInnovation/part_02/chunk_00/07_capture_frame/slide_044",
  "status": "completed",
  "input": {
    "video": "output/ScienceEducationInnovation/part_02/chunk_00/01_cut_chunk/artifacts/chunk_high.mp4",
    "timestamp": "00:24:22.148",
    "frame_id": "slide_044",
    "output_ext": ".png"
  },
  "output": "output/ScienceEducationInnovation/part_02/chunk_00/07_capture_frame/slide_044/artifacts/slide_044.png",
  "artifacts": [
    "output/ScienceEducationInnovation/part_02/chunk_00/07_capture_frame/slide_044/artifacts/slide_044.png"
  ],
  "metadata": {
    "timestamp": "00:24:22.148",
    "frame_id": "slide_044",
    "ffmpeg": "/opt/homebrew/bin/ffmpeg"
  },
  "trace_id": null,
  "duration_ms": 4801,
  "started_at": "2025-12-17T10:50:27.902377",
  "completed_at": "2025-12-17T02:50:32.704378",
  "step_config": {},
  "dependencies": [
    "slide_timeline"
  ]
}