{
  "id": "sec_1",
  "index": 0,
  "title": "开场与主题介绍",
  "time_range": "00:00:00,000 - 00:00:41,405",
  "script": "下面有请天翼云科技有限公司的后端开发工程师\n吴开顺先生，为我们带来《CTyunOS智能安全中心》的分享。\n大家欢迎。\nCTyunOS智能安全中心的一个分享，大家欢迎。\n各位同事，大家下午好。\n今天在这里主要是对天翼云研发的CTyunOS智能安全中心做一个介绍。\n操作系统安全是我们整个操作系统运行的基石。\n如何将AI和我们的操作系统安全结合，这是一个很有趣的话题。",
  "summary": "主持人开场后，来自天翼云的后端开发工程师吴开顺先生开始分享。他介绍了本次的主题——CTyunOS智能安全中心，并指出将AI与操作系统安全相结合是本次分享的重点和有趣话题。"
}