{
  "address": "ai_session/part_08/chunk_00/07_capture_frame/slide_011",
  "status": "completed",
  "input": {
    "video": "output/ai_session/part_08/chunk_00/01_cut_chunk/artifacts/chunk_high.mp4",
    "timestamp": "00:15:30.300",
    "frame_id": "slide_011",
    "output_ext": ".png"
  },
  "output": "output/ai_session/part_08/chunk_00/07_capture_frame/slide_011/artifacts/slide_011.png",
  "artifacts": [
    "output/ai_session/part_08/chunk_00/07_capture_frame/slide_011/artifacts/slide_011.png"
  ],
  "metadata": {
    "timestamp": "00:15:30.300",
    "frame_id": "slide_011",
    "ffmpeg": "/opt/homebrew/bin/ffmpeg"
  },
  "trace_id": null,
  "duration_ms": 1038,
  "started_at": "2025-12-16T00:47:10.591845",
  "completed_at": "2025-12-15T16:47:11.630945",
  "step_config": {},
  "dependencies": [
    "slide_timeline"
  ]
}