{
  "address": "ai_session/part_08/chunk_00/09_apply_crop/slide_007",
  "status": "completed",
  "input": {
    "image_path": "output/ai_session/part_08/chunk_00/07_capture_frame/slide_007/artifacts/slide_007.png",
    "crop_region": {
      "x": 579,
      "y": 169,
      "width": 1340,
      "height": 813
    }
  },
  "output": "output/ai_session/part_08/chunk_00/09_apply_crop/slide_007/artifacts/slide_007.png",
  "artifacts": [
    "output/ai_session/part_08/chunk_00/09_apply_crop/slide_007/artifacts/slide_007.png"
  ],
  "metadata": {
    "source": "output/ai_session/part_08/chunk_00/07_capture_frame/slide_007/artifacts/slide_007.png",
    "applied": true,
    "crop_region": {
      "x": 579,
      "y": 169,
      "width": 1340,
      "height": 813
    },
    "size": {
      "width": 1340,
      "height": 813
    }
  },
  "trace_id": null,
  "duration_ms": 109,
  "started_at": "2025-12-16T00:48:23.674010",
  "completed_at": "2025-12-15T16:48:23.784485",
  "step_config": {},
  "dependencies": [
    "capture_frame",
    "crop_decision"
  ]
}