{
  "sections": [
    {
      "id": "sec_1",
      "title": "开场与演讲主题介绍",
      "material_ids": [
        "chunk_00/slide_001",
        "chunk_00/slide_002",
        "chunk_00/slide_003"
      ],
      "start_ms": 500,
      "end_ms": 32800,
      "summary_hint": "主持人介绍演讲嘉宾金龙，金龙简要介绍本次分享的主题：宝德基于intelligence boom的推理优化及智能应用实践。",
      "text_span": {
        "start": 0,
        "end": 4
      },
      "lead_text": "有请宝德计算机系统股份有限公司解决方案销售总监金龙先生，",
      "tail_text": "今天很荣幸给各位汇报一下我们与欧拉合作的一些实践，以及我们在这方面的一些思考。"
    },
    {
      "id": "sec_2",
      "title": "宝德公司概况与合作动机",
      "material_ids": [
        "chunk_00/slide_004"
      ],
      "start_ms": 33500,
      "end_ms": 84800,
      "summary_hint": "讲者介绍了宝德公司的发展历程，并阐述了与欧拉合作的两大动机：看好大模型推理市场以及满足公司内部的IT诉求。",
      "text_span": {
        "start": 5,
        "end": 12
      },
      "lead_text": "首先讲一下宝德。宝德本身是在国内最早做Intel服务器的厂家。",
      "tail_text": "所以在这方面跟欧拉交流完之后，我们决定拥抱欧拉，跟它展开合作。"
    },
    {
      "id": "sec_3",
      "title": "中小型单位部署大模型面临的挑战",
      "material_ids": [
        "chunk_00/slide_005"
      ],
      "start_ms": 85500,
      "end_ms": 160800,
      "summary_hint": "以宝德自身为例，分析了中小型单位在部署大模型时普遍面临的算力需求、成本控制和技术门槛三大挑战。",
      "text_span": {
        "start": 13,
        "end": 25
      },
      "lead_text": "对于现在的宝德而言，虽然我们年销售额可能在几十到上百亿，但我们的员工大概在1300多个人。",
      "tail_text": "如果这个事情太复杂，对技术人员的要求太高，实际上在一个制造型企业落地时会碰到非常多的困难，走不下去的。"
    },
    {
      "id": "sec_4",
      "title": "推出“宝智灵”RAG一体机，实现成本与性能的最佳平衡",
      "material_ids": [
        "chunk_00/slide_006",
        "chunk_00/slide_007"
      ],
      "start_ms": 161500,
      "end_ms": 322800,
      "summary_hint": "为应对挑战，宝德联合openEuler推出“宝智灵”RAG一体机。通过软硬件系统维度的持续挖潜，实现了成本与性能的最佳平衡。",
      "notes": "讲者通过具体案例，展示了方案如何将成本从百万级降低到十万级，实现了显著的性价比提升。",
      "text_span": {
        "start": 26,
        "end": 47
      },
      "lead_text": "就是这个。",
      "tail_text": "可以看到这几个月我们进步非常快，整个完了之后，我们在一个相对来说，一个相对廉价的平台上，达到了一个足够好的性能，做了这件事情。"
    },
    {
      "id": "sec_5",
      "title": "全栈技术深耕与发展路线图",
      "material_ids": [
        "chunk_00/slide_008"
      ],
      "start_ms": 323500,
      "end_ms": 386800,
      "summary_hint": "讲者分享了近期的技术进展，如通过LMCache将多轮交互时延降低20%-30%，并介绍了后续集成expert和DeepInsight等技术的规划。",
      "text_span": {
        "start": 47,
        "end": 53
      },
      "lead_text": "可以看到这几个月我们进步非常快，整个完了之后，我们在一个相对来说，一个相对廉价的平台上，达到了一个足够好的性能，做了这件事情。",
      "tail_text": "完了之后，结合我们的DeepInsight能力，我们会在推出我们的多模态的一些产品和方案，完了之后更好地去给客户提供一些服务。"
    },
    {
      "id": "sec_6",
      "title": "总结与致谢",
      "material_ids": [
        "chunk_00/slide_009",
        "chunk_00/slide_010"
      ],
      "start_ms": 387500,
      "end_ms": 437000,
      "summary_hint": "讲者总结了与欧拉在推理方案上的合作情况并致谢，主持人对演讲内容进行了回顾和高度评价。",
      "notes": "主持人再次强调了该方案在成本效益上的显著成果，将推理解决方案从百万级降低到十万级。",
      "text_span": {
        "start": 55,
        "end": 60
      },
      "lead_text": "这个是我们今天想给各位领导汇报的就是我们在跟欧拉合作这块，在推理这块的方案情况，大致情况就这样。",
      "tail_text": "好。"
    }
  ]
}