{
  "address": "day1_main/part_05/chunk_00/09_apply_crop/slide_012",
  "status": "completed",
  "input": {
    "image_path": "output/day1_main/part_05/chunk_00/07_capture_frame/slide_012/artifacts/slide_012.png",
    "crop_region": {
      "x": 0,
      "y": 140,
      "width": 1920,
      "height": 939
    }
  },
  "output": "output/day1_main/part_05/chunk_00/09_apply_crop/slide_012/artifacts/slide_012.png",
  "artifacts": [
    "output/day1_main/part_05/chunk_00/09_apply_crop/slide_012/artifacts/slide_012.png"
  ],
  "metadata": {
    "source": "output/day1_main/part_05/chunk_00/07_capture_frame/slide_012/artifacts/slide_012.png",
    "applied": true,
    "crop_region": {
      "x": 0,
      "y": 140,
      "width": 1920,
      "height": 939
    },
    "size": {
      "width": 1920,
      "height": 939
    }
  },
  "trace_id": null,
  "duration_ms": 133,
  "started_at": "2025-12-17T19:18:27.641990",
  "completed_at": "2025-12-17T11:18:27.775851",
  "step_config": {},
  "dependencies": [
    "capture_frame",
    "crop_decision"
  ]
}