{
  "address": "ai_session/part_11/chunk_00/07_capture_frame/slide_016",
  "status": "completed",
  "input": {
    "video": "output/ai_session/part_11/chunk_00/01_cut_chunk/artifacts/chunk_high.mp4",
    "timestamp": "00:10:21.560",
    "frame_id": "slide_016",
    "output_ext": ".png"
  },
  "output": "output/ai_session/part_11/chunk_00/07_capture_frame/slide_016/artifacts/slide_016.png",
  "artifacts": [
    "output/ai_session/part_11/chunk_00/07_capture_frame/slide_016/artifacts/slide_016.png"
  ],
  "metadata": {
    "timestamp": "00:10:21.560",
    "frame_id": "slide_016",
    "ffmpeg": "/opt/homebrew/bin/ffmpeg"
  },
  "trace_id": null,
  "duration_ms": 1670,
  "started_at": "2025-12-16T01:34:13.740475",
  "completed_at": "2025-12-15T17:34:15.411532",
  "step_config": {},
  "dependencies": [
    "slide_timeline"
  ]
}