{
  "address": "ai_session/part_02/chunk_00/07_capture_frame/slide_008",
  "status": "completed",
  "input": {
    "video": "output/ai_session/part_02/chunk_00/01_cut_chunk/artifacts/chunk_high.mp4",
    "timestamp": "00:07:21.000",
    "frame_id": "slide_008",
    "output_ext": ".png"
  },
  "output": "output/ai_session/part_02/chunk_00/07_capture_frame/slide_008/artifacts/slide_008.png",
  "artifacts": [
    "output/ai_session/part_02/chunk_00/07_capture_frame/slide_008/artifacts/slide_008.png"
  ],
  "metadata": {
    "timestamp": "00:07:21.000",
    "frame_id": "slide_008",
    "ffmpeg": "/opt/homebrew/bin/ffmpeg"
  },
  "trace_id": null,
  "duration_ms": 1989,
  "started_at": "2025-12-15T23:00:01.442037",
  "completed_at": "2025-12-15T15:00:03.433089",
  "step_config": {},
  "dependencies": [
    "slide_timeline"
  ]
}