{
  "graph_data": {
    "nodes": [
      {
        "id": "p1",
        "label": "传统中间件的困境",
        "category": "Pillar",
        "references": {
          "section_ids": [
            "sec_3",
            "sec_4"
          ],
          "material_ids": [
            "chunk_00/slide_004",
            "chunk_00/slide_005",
            "chunk_00/slide_006",
            "chunk_00/slide_007"
          ],
          "highlight": {
            "primary_material_id": "chunk_00/slide_007",
            "primary_time_ts": "00:03:11,000",
            "primary_time_ms": 191000
          }
        },
        "parent": null,
        "summary": "传统中间件因其高复杂度，在资源规划、开发配置、部署测试及运维的全生命周期中面临评估不准、配置困难、环境不一致、问题排查依赖专家等诸多痛点，导致效率低下、易用性差。"
      },
      {
        "id": "d1_1",
        "label": "东方通与产品体系",
        "category": "Concept",
        "references": {
          "section_ids": [
            "sec_3"
          ],
          "material_ids": [
            "chunk_00/slide_004",
            "chunk_00/slide_005"
          ],
          "highlight": {
            "primary_material_id": "chunk_00/slide_005",
            "primary_time_ts": "00:01:28,000",
            "primary_time_ms": 88000
          }
        },
        "parent": "p1",
        "summary": "东方通作为国内资深的中间件企业，拥有全面的产品体系，包括基础中间件（TongWeb、消息队列）、业务中间件和云平台产品，为后续智能化转型奠定基础。"
      },
      {
        "id": "d1_2",
        "label": "痛点一：资源规划不准",
        "category": "Problem",
        "references": {
          "section_ids": [
            "sec_4"
          ],
          "material_ids": [
            "chunk_00/slide_007"
          ],
          "highlight": {
            "primary_material_id": "chunk_00/slide_007",
            "primary_time_ts": "00:03:11,360",
            "primary_time_ms": 191360
          }
        },
        "parent": "p1",
        "summary": "在项目初期，资源评估多依赖主观经验，缺乏科学依据，易导致资源浪费或性能瓶颈。"
      },
      {
        "id": "d1_3",
        "label": "痛点二：开发配置困难",
        "category": "Problem",
        "references": {
          "section_ids": [
            "sec_4"
          ],
          "material_ids": [
            "chunk_00/slide_007"
          ],
          "highlight": {
            "primary_material_id": "chunk_00/slide_007",
            "primary_time_ts": "00:04:25,000",
            "primary_time_ms": 265000
          }
        },
        "parent": "p1",
        "summary": "中间件配置专业性强，且开发、测试、生产环境不一致，导致开发效率低，上线风险高。"
      },
      {
        "id": "d1_4",
        "label": "痛点三：部署测试复杂",
        "category": "Problem",
        "references": {
          "section_ids": [
            "sec_4"
          ],
          "material_ids": [
            "chunk_00/slide_007"
          ],
          "highlight": {
            "primary_material_id": "chunk_00/slide_007",
            "primary_time_ts": "00:05:05,000",
            "primary_time_ms": 305000
          }
        },
        "parent": "p1",
        "summary": "复杂的配置项使得部署过程繁琐易错，同时用户缺乏清晰的测试标准和方法，影响测试效果。"
      },
      {
        "id": "d1_5",
        "label": "痛点四：运维依赖专家",
        "category": "Problem",
        "references": {
          "section_ids": [
            "sec_4"
          ],
          "material_ids": [
            "chunk_00/slide_007"
          ],
          "highlight": {
            "primary_material_id": "chunk_00/slide_007",
            "primary_time_ts": "00:05:40,000",
            "primary_time_ms": 340000
          }
        },
        "parent": "p1",
        "summary": "系统问题排查需要深厚的专业知识，高度依赖资深专家介入，导致故障恢复时间长。"
      },
      {
        "id": "p2",
        "label": "中间件智能体：新一代解决方案",
        "category": "Pillar",
        "references": {
          "section_ids": [
            "sec_5",
            "sec_6",
            "sec_7"
          ],
          "material_ids": [
            "chunk_00/slide_008",
            "chunk_00/slide_009",
            "chunk_00/slide_010",
            "chunk_00/slide_011",
            "chunk_00/slide_012",
            "chunk_00/slide_013",
            "chunk_00/slide_014",
            "chunk_00/slide_015",
            "chunk_00/slide_016",
            "chunk_00/slide_017"
          ],
          "highlight": {
            "primary_material_id": "chunk_00/slide_008",
            "primary_time_ts": "00:06:15,000",
            "primary_time_ms": 375000
          }
        },
        "parent": null,
        "summary": "为解决传统中间件的痛点，东方通推出中间件智能体。它被定义为AI协作者与自动驾驶仪，采用多智能体架构，具备智能规划、配置、测试等全生命周期能力，旨在实现降本增效、稳定易用和智慧赋能。"
      },
      {
        "id": "d2_1",
        "label": "定义：AI协作者与自动驾驶仪",
        "category": "Concept",
        "references": {
          "section_ids": [
            "sec_5"
          ],
          "material_ids": [
            "chunk_00/slide_008"
          ],
          "highlight": {
            "primary_material_id": "chunk_00/slide_008",
            "primary_time_ts": "00:06:15,000",
            "primary_time_ms": 375000
          }
        },
        "parent": "p2",
        "summary": "中间件智能体是中间件的AI协作者和自动驾驶仪，集成AI运维与自动化技术，旨在实现全生命周期的智能化管理，推动中间件从“手动”走向“自动”。"
      },
      {
        "id": "d2_2",
        "label": "多智能体架构",
        "category": "Technology",
        "references": {
          "section_ids": [
            "sec_5"
          ],
          "material_ids": [
            "chunk_00/slide_009"
          ],
          "highlight": {
            "primary_material_id": "chunk_00/slide_009",
            "primary_time_ts": "00:07:36,000",
            "primary_time_ms": 456000
          }
        },
        "parent": "p2",
        "summary": "采用多智能体体系结构，由智能体服务（协调层）、能力中心（执行层）和模型层（AI基础）三部分构成，实现任务解析与能力调度。"
      },
      {
        "id": "d2_3",
        "label": "核心能力：全生命周期智能化",
        "category": "Technology",
        "references": {
          "section_ids": [
            "sec_5"
          ],
          "material_ids": [
            "chunk_00/slide_010"
          ],
          "highlight": {
            "primary_material_id": "chunk_00/slide_010",
            "primary_time_ts": "00:08:49,000",
            "primary_time_ms": 529000
          }
        },
        "parent": "p2",
        "summary": "具备覆盖中间件全生命周期的智能化能力，包括基于领域知识的智能规划、自动化的智能配置，以及能自动生成测试用例的智能测试。"
      },
      {
        "id": "d2_4",
        "label": "核心价值",
        "category": "Result",
        "references": {
          "section_ids": [
            "sec_5"
          ],
          "material_ids": [
            "chunk_00/slide_011"
          ],
          "highlight": {
            "primary_material_id": "chunk_00/slide_011",
            "primary_time_ts": "00:11:13,000",
            "primary_time_ms": 673000
          }
        },
        "parent": "p2",
        "summary": "核心价值体现在三方面：通过自动化实现降本增效；通过故障自愈保障稳定易用；作为领域专家为开发运维人员智慧赋能。"
      },
      {
        "id": "d2_5",
        "label": "应用场景演示",
        "category": "Concept",
        "references": {
          "section_ids": [
            "sec_6",
            "sec_7"
          ],
          "material_ids": [
            "chunk_00/slide_012",
            "chunk_00/slide_013",
            "chunk_00/slide_014",
            "chunk_00/slide_015",
            "chunk_00/slide_016"
          ],
          "highlight": {
            "primary_material_id": "chunk_00/slide_012",
            "primary_time_ts": "00:12:43,000",
            "primary_time_ms": 763000
          }
        },
        "parent": "p2",
        "summary": "通过视频演示了智能规划与配置场景。用户仅需通过自然语言描述“高可用集群”等需求，智能体即可自动推荐方案并一键完成部署。"
      }
    ],
    "edges": [
      {
        "source": "p1",
        "target": "p2",
        "relation_type": "causal",
        "label": "催生解决方案"
      },
      {
        "source": "d1_1",
        "target": "d1_2",
        "relation_type": "sequential",
        "label": "引出问题"
      },
      {
        "source": "d1_2",
        "target": "d1_3",
        "relation_type": "parallel",
        "label": "并列痛点"
      },
      {
        "source": "d1_3",
        "target": "d1_4",
        "relation_type": "parallel",
        "label": "并列痛点"
      },
      {
        "source": "d1_4",
        "target": "d1_5",
        "relation_type": "parallel",
        "label": "并列痛点"
      },
      {
        "source": "d2_1",
        "target": "d2_2",
        "relation_type": "sequential",
        "label": "阐述架构"
      },
      {
        "source": "d2_2",
        "target": "d2_3",
        "relation_type": "sequential",
        "label": "支撑能力"
      },
      {
        "source": "d2_3",
        "target": "d2_4",
        "relation_type": "causal",
        "label": "实现价值"
      },
      {
        "source": "d2_4",
        "target": "d2_5",
        "relation_type": "sequential",
        "label": "通过场景演示"
      }
    ]
  },
  "sections": [
    {
      "id": "sec_1",
      "index": 0,
      "title": "开场与主题介绍",
      "time_range": "00:00:00,000 - 00:00:32,365",
      "summary": "主持人邀请东方通产品经理李进静先生上台分享。讲者开场并介绍本次分享的主题：东方通公司近年鼎力制作的智能产品——中间件智能体。",
      "refined_script": "# 开场与主题介绍\n\n## 1. 分享主题\n\n本次分享将介绍东方通科技股份有限公司（以下简称“东方通”）近年来推出的一款智能产品：**中间件智能体**。",
      "original_script": "下面有请北京东方通科技股份有限公司的产品经理李进静先生，为我们带来关于中间件智能体的分享，大家欢迎。非常开心今天有机会来到AI分论坛，为大家分享一款我们公司近几年鼎力制作的智能产品——中间件智能体。",
      "start_ms": 0,
      "end_ms": 32365,
      "material_ids": [
        "chunk_00/slide_001",
        "chunk_00/slide_002"
      ],
      "summary_hint": "讲者开场，介绍本次分享的主题——东方通中间件智能体。",
      "lead_text": "下面有请北京东方通科技股份有限公司的产品经理李进静先生，",
      "tail_text": "为大家分享一款我们公司近几年鼎力制作的智能产品——中间件智能体。",
      "text_span": {
        "start": 0,
        "end": 3
      }
    },
    {
      "id": "sec_2",
      "index": 1,
      "title": "演讲目录",
      "time_range": "00:00:33,920 - 00:00:50,475",
      "summary": "讲者首先介绍了本次分享的整体结构。分享将分为三个部分：介绍公司整体状况，详细介绍中间件智能体，以及进行后续的场景展示。",
      "refined_script": "# 演讲目录\n\n本次分享将围绕中间件智能体展开，主要包含以下三个部分：\n\n1.  **公司概况**：介绍公司的整体状况。\n2.  **中间件智能体详解**：详细介绍中间件智能体。\n3.  **场景展示**：演示具体的应用场景。",
      "original_script": "首先，我这次会通过几部分向大家介绍我们这个中间件智能体。第一是向大家介绍一下我们目前公司的整体状况。第二部分，我们会详细介绍一下我们这个中间件智能体。然后后续我们会去做一些场景的展示。",
      "start_ms": 33920,
      "end_ms": 50475,
      "material_ids": [
        "chunk_00/slide_003"
      ],
      "summary_hint": "介绍本次分享的整体结构，分为中间件产品介绍和中间件智能体介绍两部分。",
      "lead_text": "首先，我这次会通过几部分向大家介绍我们这个中间件智能体。",
      "tail_text": "然后后续我们会去做一些场景的展示。",
      "text_span": {
        "start": 4,
        "end": 7
      }
    },
    {
      "id": "sec_3",
      "index": 2,
      "title": "东方通公司与中间件产品介绍",
      "time_range": "00:00:51,710 - 00:03:07,145",
      "summary": "东方通作为国内资深的中间件企业，拥有近30年的技术沉淀和广泛的客户基础。本节介绍了其全面的中间件产品体系，涵盖基础、业务、云平台等多个方向，并引出公司在智能化领域的最新成果——智能体平台与中间件智能体TongAgents。",
      "refined_script": "## 东方通公司与中间件产品介绍\n\n### 公司概览\n\n东方通是国内领先的中间件企业，自1997年成立以来，已在中间件领域深耕近30年，服务于超过一万家企业客户，并荣获国家科技进步奖。公司当前的技术战略方向是推动所有产品线向智能化和AI领域发展。\n\n### 中间件产品体系\n\n东方通已构建起一个全面的中间件产品体系，具体可分为以下几类：\n\n#### 1. 基础中间件\n\n- **Web服务器:** TongWeb\n- **消息中间件:** 用于实现可靠的消息传输队列。\n- **数据缓存中间件:** RDS\n- **交易中间件:** 用于解决分布式事务问题，尤其适用于金融和数字领域。\n\n#### 2. 业务中间件\n\n- **数据交换平台**\n- **ETL工具**\n- **企业服务总线 (ESB)**\n\n#### 3. 云平台产品\n\n- **云上中间件管理平台:** 由NCS、MMP、CMP等产品构成，提供对云环境中中间件的统一管理能力。\n\n#### 4. 智能化产品\n\n近年来，公司在智能化方向推出了两款核心产品：\n\n- **智能体平台:** 协助用户快速开发智能体（Agent）应用。\n- **中间件智能体 (TongAgents):** 一款专为中间件垂直领域设计的智能体产品，也是后续将要介绍的重点。",
      "original_script": "东方通是我们国内最早成立的一家中间件企业。从1997年成立到现在，已经将近30年的技术沉淀。在这个过程当中，我们也取得了许多优秀的成绩，包括国家科技进步奖。服务于目前国内的企业将近有一万多家企业。而且到现在，我们经常会去和很多新创领域、科研所去做更多的技术探索，让我们公司所有的产品向智能化、AI的方向发展。目前经过30年左右的沉淀，我们东方通所有的中间件智能体系已经形成了非常大的一个中间件的全家桶，包括基础类和业务类。像基础类的有大家常见的Web服务器TongWeb，以及在日常开发和日常生活中经常用到的消息传输队列，还有我们经常用到的数据缓存中间件RDS等等一系列。还有一些像我们金融领域和数字领域经常常用到的一些解决分布式事务的交易中间件。当然，在和我们业务比较贴近的，还会有一些相关产品，包括数据类的，数据交换平台、ETL工具、企业服务总线，这是和我们业务息息相关的。当然还有目前前两年比较流行的云方向的产品，我们公司也是倾力去打造了由NCS、MMP，还有CMP的云上对中间件的这种管理平台。这两年，我们是倾力去投向于智能化的发展，也诞生出两款产品。第一款是我们的智能体平台。智能体平台可以协助我们更快地去开发一些智能体。还有另外一个就是我们针对于中间件这个垂直领域去研发的一款TongAgents，这个是中间件智能体。当然这也是我接下来要为大家着重去介绍的我们这款智能体的产品。",
      "start_ms": 51710,
      "end_ms": 187145,
      "material_ids": [
        "chunk_00/slide_004",
        "chunk_00/slide_005"
      ],
      "summary_hint": "介绍东方通公司的发展历程、技术沉淀，并展示其全面的中间件产品线，为后续介绍智能体做铺垫。",
      "lead_text": "东方通是我们国内最早成立的一家中间件企业。",
      "tail_text": "当然这也是我接下来要为大家着重去介绍的我们这款智能体的产品。",
      "text_span": {
        "start": 8,
        "end": 21
      }
    },
    {
      "id": "sec_4",
      "index": 3,
      "title": "传统中间件运维的挑战与痛点",
      "time_range": "00:03:11,360 - 00:06:13,830",
      "summary": "传统中间件因其高复杂度导致开发、部署及运维效率低下，易用性差。在资源规划、开发配置、部署测试及最终运维的整个生命周期中，用户普遍面临资源评估不准、配置困难、环境不一致、问题排查依赖专业人工等痛点。",
      "refined_script": "## 传统中间件运维的挑战与痛点\n\n传统中间件因其固有的高复杂度，在开发、部署及运维的全生命周期中带来了效率低下和易用性差等问题。用户在从资源规划到最终运维的各个环节，普遍面临以下挑战。\n\n### 1. 资源规划阶段：评估不准\n\n在项目初期，资源规划是首要步骤，但传统方式往往存在弊端。\n\n- **评估依据主观**：资源评估多依赖个人经验，缺乏科学依据，导致规划结果不准确。\n- **资源浪费或不足**：\n  - **过度预估**：导致硬件和软件资源闲置，增加企业成本。\n  - **过低预估**：导致产品上线后迅速面临性能瓶颈，影响业务稳定性。\n\n### 2. 开发与配置阶段：配置困难与环境不一\n\n中间件的专业性和配置复杂性给开发人员带来了巨大挑战。\n\n- **配置专业性强**：开发人员在调用 API 或进行配置时，需要查阅大量文档或在线搜索，学习成本高，影响开发效率。\n- **环境不一致**：开发、测试环境与生产环境的配置往往存在差异。这种不一致性会导致应用在不同环境下的行为和数据结果不同，给业务上线带来潜在风险。\n\n### 3. 部署与测试阶段：流程复杂与标准缺失\n\n复杂的配置问题延伸到了部署和测试阶段。\n\n- **部署困难**：复杂的配置项使得部署过程繁琐且容易出错。\n- **测试标准模糊**：用户不清楚在环境变更后应关注哪些关键性能指标，也不了解如何配置中间件以达到最佳测试性能，导致测试效果不理想。\n\n### 4. 运维阶段：问题排查依赖专家\n\n当系统出现问题时，运维阶段的痛点尤为突出。\n\n- **问题定位难**：无论是应用层的问题还是中间件自身的性能问题，排查过程都需要深厚的专业知识。\n- **依赖人工经验**：问题诊断和解决高度依赖资深专家的介入，普通运维人员难以独立完成，导致故障恢复时间（MTTR）过长。",
      "original_script": "我们大家经常在使用中间件的过程当中，经常会遇到几个难题。第一个就是中间件的复杂度相对于其他的应用软件是比较高的，所以说使用起来非常复杂。然后基于这个复杂，所以说在我们的开发、部署，甚至是后续的运维过程当中，我们的效率会非常低。甚至到最后运维阶段，我们出现问题去查询问题，甚至去解决问题的时候，经常都是对于客户而言，他经常是两眼一抹黑，他找不到问题点。所以说它对客户来讲，它的易用性比较差。在整个中间件的使用的生命周期当中，我们分为这几个阶段。第一个是资源规划阶段。在我们所有的企业和所有的用户在一个产品或者是某一向重大决策需要上线的时候，我们提前第一步做的就是资源规划。往往这个资源规划阶段，大家都是根据个人经验然后去评定，比如说我要划分多少硬件的资源，我要划分多少软件的资源。往往经过人自己主观意愿去划分的这个资源往往是不合适的，有时候偏高，有时候偏低。那么偏高的话，给企业带来的就是成本偏高。偏低的话，企业面临的问题就是当我的产品上线的时候，就会面临性能问题。所以说这个问题在所有资源规划阶段就会产生非常重大的影响。第二是资源规划完了以后，在我们的产品的开发和我们中间件的配置阶段也是非常困难。因为中间件有一部分的配置非常专业，所以说在这个开发人员去调用API的时候，他不知道如何去配。然后开发的时候调用API的时候，他也不知道如何去调，往往要翻阅大量的说明书，甚至是去目前去网上搜索，然后才能把那个相关的中间件调通。上线的时候去配置的时候，由于开发人员的测试环境和我们生产环境上中间件环境、中间件的这个配置不一样，所以导致经常出现的问题就是开发测试出来的数据结果和线上生产环境运行的数据结果往往导致不一致。这样往往是会让我们上线的业务产生很多的问题。那么到部署和测试阶段的话，部署我们前面说过，它的配置相对复杂，所以说这也是一大难题。但是测试就更不用说，用户根本就无法知道我这次的修改或我这次的环境迭代以后，我的测试该如何进行，中间件该测试哪些指标，然后我的软件如何部署在这个中间件里面能测试出最高的性能，这也是非常重大的一个问题。而最终到运维阶段，到运维阶段的话，我们前面说过，它寻找问题，中间件要需要专业的知识才能找到，通过中间件找到无论是应用的开发的问题，还是我们中间件本身的性能配置的问题，这都是非常依赖人工去做。",
      "start_ms": 191360,
      "end_ms": 373830,
      "material_ids": [
        "chunk_00/slide_006",
        "chunk_00/slide_007"
      ],
      "summary_hint": "分析传统中间件在使用、开发、运维过程中面临的复杂度高、效率低、易用性差等核心痛点。",
      "lead_text": "我们大家经常在使用中间件的过程当中，经常会遇到几个难题。第一个就是中间件的复杂度相对于其他的应用软件是比较高的，",
      "tail_text": "无论是应用的开发的问题，还是我们中间件本身的性能配置的问题，这都是非常依赖人工去做。",
      "text_span": {
        "start": 22,
        "end": 37
      }
    },
    {
      "id": "sec_5",
      "index": 4,
      "title": "中间件智能体：定义、架构、能力与价值",
      "time_range": "00:06:14,070 - 00:12:28,000",
      "summary": "本节详细介绍了中间件智能体的定义、架构、核心能力与价值。它被定义为中间件的AI协作者与自动驾驶仪，采用多智能体架构，旨在实现从规划、配置到测试的全生命周期智能化管理。其核心价值在于降本增效、通过故障自愈实现稳定易用，并作为领域专家为开发和运维人员智慧赋能。",
      "refined_script": "# 中间件智能体：定义、架构、能力与价值\n\n## 一、 定义与目标\n\n中间件智能体（Middleware Agent）是中间件的 **AI 协作者与自动驾驶仪**。它集成了 AI 运维与自动化技术，旨在面向中间件的全生命周期实现智能化管理。\n\n其核心目标是整合以往割裂的分析与执行环节，使系统不仅能发现问题，更能自主解决问题，推动中间件迈向更高阶的智能化。最终，中间件智能体致力于实现以下两大转变：\n\n1.  **角色转变**：将开发和运维人员从重复性的操作中解放出来，使其从“操作员”转变为“系统规划师”和“最终决策者”。\n2.  **模式演进**：推动中间件的管理模式从“手动驾驶”全面转向“自动驾驶”。\n\n## 二、 体系架构\n\n中间件智能体采用多智能体（Multi-Agent）体系结构，其核心由以下三部分构成：\n\n-   **智能体服务 (Agent Service)**：作为核心协调层，负责承接上层应用的指令，并对底层能力进行调度。该服务能够解析多样化的用户输入（如图形界面操作、自然语言描述、视频等），进行语义识别，并将其转换为具体的任务链，交由能力中心执行。\n\n-   **能力中心 (Capability Center)**：负责执行由智能体服务层下发的任务链，是各项智能化能力的具体实现与执行单元。\n\n-   **模型层 (Model Layer)**：作为 AI 能力的基石，为上层服务提供垂直领域训练的智能化模型支持。\n\n该架构也依赖于底层技术栈（如 openEuler）的支持。\n\n## 三、 核心能力：全生命周期智能化\n\n中间件智能体具备覆盖中间件全生命周期的智能化能力，实现了从规划到运维的自动化联动。\n\n#### 1. 智能规划 (Intelligent Planning)\n\n基于行业领域积累的丰富数据和知识，智能体能够结合用户业务场景、历史数据及硬件容量，分析并生成最优的资源规划方案与中间件系统配置。\n\n#### 2. 智能配置 (Intelligent Configuration)\n\n接收智能规划阶段生成的配置方案，并将其自动应用到目标中间件系统，支持热部署与冷部署。这一能力打通了规划与配置环节，用户仅需通过自然语言描述需求，智能体即可自动完成从规划到部署的全过程。\n\n#### 3. 智能测试 (Intelligent Testing)\n\n在配置完成后，智能体可对系统进行性能与功能检测。其内置的 **智能编码模块** 具备以下能力：\n\n-   **自动生成测试用例**：用户无需编码，只需提出测试要求（如检测内存、TPS、CPU 等），智能体即可自动生成相应的性能测试和功能测试用例。\n-   **业务场景测试**：用户可以描述其业务逻辑，智能体能够为其生成简单的业务测试用例。\n\n此外，还有专门的测试智能体和运维智能体负责测试用例的执行与后续的系统维护。\n\n## 四、 核心价值\n\n中间件智能体的核心价值主要体现在以下三个方面：\n\n-   **降本增效**\n    -   **成本降低**：显著降低开发、运维及资源成本。\n    -   **效率提升**：通过 AI 驱动的自动化流程，将系统部署和变更时间从“天级”缩短至“分钟级”。\n\n-   **稳定易用**\n    -   **故障自愈**：当中间件出现问题时，智能体能够自动发现、诊断并解决故障，保障系统稳定性。\n\n-   **智慧赋能**\n    -   **领域专家**：将智能体打造为中间件领域的专家，为开发和运维人员提供智能助手，辅助决策与操作。",
      "original_script": "所以基于这几大问题，我们要去解决。随着现在的大模型也是越来越成熟，我们公司自己，在垂直领域自己训练的模型也是越来越聪明，所以说基于这些条件，我们推出了我们现在的这个中间件智能体。\n那么中间件智能体说白一点，它是干什么的呢？它主要是中间件的AI协作者和这个自动驾驶仪。\n那么中间件智能体当中，它集成了一些AI的运维和一些自动化的技术，面向的是整个中间件的全生命周期的智能化管理。\n从我们以前分析和这个执行割裂的情况，我们把它合并起来，让它走向不仅能发现问题，还能自己去解决问题，让我们的这个中间件走向更加智能化的这个阶段。\n那么我们最终要达到的是将开发和运维从他们的工作当中把他们给解脱出来，让他们由工作由它一个这个操作员转向于这个系统的规划师和最终的决策者。\n那么另外一个是将我们的中间件从所有的这个手动驾驶转向于这个自动驾驶的演进。\n这是我们目前中间件智能系统体系的这个体系架构。它是一个多智能体的体系结构。那么这里由最核心的三部分组成，一个是智能体服务，一个是能力中心和这个模型层。\n由最主要是由这几部分组成。那么智能体服务层，它承载的是将我们下面底层服务的所有这个能力向上层应用去做一个这个协调和一个调度。在我们上层应用可以开发成便利开发，你可以做出多式多样的这个应用体。\n那么我们这个服务层可以将上层应用体提供下来的这个图形也好，然后自然化描述语言或者视频也好，它会对这些内容进行这个解析和这个语义识别，然后将这个语义转换成多种这个任务链条，并且和下面这个能力中心进行调度，然后去支持我当前用户的任务的这个用户任务链条的这个执行。\n然后当然也离不开我们下面这个底层，包括我们openEuler的一些技术支持。\n我们目前中间件智能体由目前的这几大智能化能力。\n第一个是智能规划。智能规划在我们目前阶段的话，我们是，因为我们本身在这个行业领域里面已经积累了非常丰富的这个数据知识，所以说我们基于用户的这个业务场景，可以透过一些历史数据和我现在用户的这个硬件的一些容量，然后去给它分析出一个\n合适用户的一些那个资源规划和我具体的这个中间件的系统配置。\n那么拿到这套配置方案以后，我们即将进入的就是一些智能配置。那么进入配置阶段的话，我们可以将前一阶段生成出来的配置自动地应用到我的中间件上面去，包括热部署、冷部署都可以应用到我的中间件上面。\n那么这两个跨度的阶段在以前，就是在没有智能体出现之前，我们大部分都是先规划，后手工配置。那么有了我们中间件智能体了以后，我们可以通过用户的自然语言描述，自动地把这些相关的这些动作全部由中间件智能体去把它给联动起来。\n那么当智能配置完了以后，下一步我们要进阶的就是对于整个这一次的这个配置进行一次性能的这个检测。性能的检测也避免不了我们要去开发一些这个测试的应用。\n那么在这个测试应用阶段，目前我们可以做到用户不用自己去编码，由我的这个智能编码的这个智能体，它会根据用户目前使用的中间件，它用户的一些测试要求，比如说用户我这次要检测的是内存，或者检测的是TPS，甚至是检测的是CPU。\n那么针对于这些特定的需求，我们这个智能编码模块会自动地为用户生成多个这个测试用例，包括性能测试的，包括功能测试的，甚至用户可以描述它的业务，我们也能为它生成一些简单的业务测试的一些用例。\n那么最后是一个这个，包括把这些测试用例运行起来的一些那个测试智能体，还有一些那个运维智能体。\n我们中间件的一个核心价值，最终要打造的就是这三大核心价值。第一个是降本增效，第二个是稳定易用，第三个是智慧赋能。\n那么打造在这个整个中间件的智能化这个生命周期的这个管理过程当中，我们是要以这个数据与AI驱动，然后覆盖全智能化、智能化的这个规划、部署到最终的这个配置全生命周期的一个联动的，让他们具体地去协调起来。\n然后降本增效方面，我们不光是可以降低这个开发和运维的这个成本，而且我们还可以降低资源的这个成本，最终提升这个运行效率，包括实现部署、变更流程从天级我们到目前到分钟级就可以完成一个系统的部署。\n在稳定易用方面，基于我们的中间件智能体，可以实现故障自愈。\n当中间件出现问题时，智能体可以自动发现并解决。\n在智慧赋能方面，我们希望将中间件智能体打造成中间件领域的专家，成为开发和运维人员的助手。\n接下来，我将通过几个场景向大家展示中间件智能体的能力。",
      "start_ms": 374070,
      "end_ms": 748000,
      "material_ids": [
        "chunk_00/slide_008",
        "chunk_00/slide_009",
        "chunk_00/slide_010",
        "chunk_00/slide_011"
      ],
      "summary_hint": "详细介绍中间件智能体的定义、系统架构、核心能力（智能规划、配置、检测等）以及其带来的核心价值（降本增效、稳定运行、智慧赋能）。",
      "notes": "规划的尾句与下一节首句重叠，且语义上属于下一节内容。为保证章节的语义完整性，将本节结束点设在引入下一节场景演示的过渡句（字幕64）结尾处。",
      "lead_text": "所以基于这几大问题，我们要去解决。随着现在的大模型也是越来越成熟，我们公司自己，在垂直领域自己训练的模型也是越来越聪明，所以说基于这些条件，我们推出了我们现在的这个中间件智能体。",
      "tail_text": "它是基于历史数据和用户的业务场景，为用户推荐一套配置方案。",
      "text_span": {
        "start": 38,
        "end": 65
      }
    },
    {
      "id": "sec_6",
      "index": 5,
      "title": "中间件智能体应用场景与演示",
      "time_range": "00:12:30,000 - 00:16:26,500",
      "summary": "本节通过视频演示了中间件智能体的智能规划与智能配置场景。用户只需通过自然语言描述需求（如“高可用集群”），智能体便能自动推荐包含节点数、部署方式等信息的完整配置方案，并支持一键应用完成部署。",
      "refined_script": "## 中间件智能体应用场景\n\n中间件智能体能够基于历史数据与用户业务场景，通过自然语言交互，简化中间件的规划与配置流程。\n\n### 1. 智能规划\n\n智能规划功能旨在将用户的自然语言需求转化为一套完整的部署方案。\n\n**工作流程：**\n1.  **需求输入**：用户通过自然语言向智能体描述业务需求。例如，输入：“我需要一个高可用的集群”。\n2.  **方案生成**：智能体分析需求，并推荐一套详细的配置方案。\n3.  **方案内容**：推荐的方案包含以下关键信息：\n    *   集群节点数\n    *   部署方式\n    *   具体配置参数\n4.  **一键部署**：用户可以直接采纳并应用该方案，一键完成中间件的部署。\n\n### 2. 智能配置\n\n智能配置功能支持通过自然语言直接生成配置并将其应用到目标中间件实例上。\n\n**工作流程：**\n1.  **配置描述**：用户通过自然语言描述具体的配置要求。\n2.  **方案生成与应用**：智能体生成相应的配置方案，用户确认后即可将其应用到中间件上，完成最终配置。",
      "original_script": "它是基于历史数据和用户的业务场景，为用户推荐一套配置方案。\n现在，我们的智能规划可以通过自然语言描述来生成配置方案。\n在现在的视频演示中，我们向智能体描述需要一个高可用的集群，然后它会为我们推荐一套配置方案。\n该配置方案会包含集群的节点数、部署方式以及具体配置。\n拿到这个配置方案后，我们可以直接将其应用到中间件上，完成中间件的部署。\n第二个场景是智能配置。\n智能配置可以通过自然语言描述生成配置方案，并将其应用到中间件上。\n在视频演示中，我们向智能体描述需要一个高可用的集群，它会推荐一套配置方案。拿到方案后，我们就可以直接将其应用到中间件上，完成部署。\n在视频演示中，我们向智能体描述需要一个高可用的集群，然后它会推荐一套配置方案，并将其应用到中间件上。",
      "start_ms": 750000,
      "end_ms": 986500,
      "material_ids": [
        "chunk_00/slide_012",
        "chunk_00/slide_013",
        "chunk_00/slide_014",
        "chunk_00/slide_015"
      ],
      "summary_hint": "通过视频演示，展示中间件智能体在智能规划、智能配置、智能调优和智能编码等多个实际应用场景中的能力。",
      "notes": "本节首句在规划中与上一节尾句重叠。根据语义，将起始点调整为实际介绍场景的字幕65 '第一个场景是智能规划...'。由于尾句对应的字幕74时间戳异常，结束点依据规划时间估算。",
      "lead_text": "它是基于历史数据和用户的业务场景，为用户推荐一套配置方案。",
      "tail_text": "在视频演示中，我们向智能体描述需要一个高可用的集群，然后它会推荐一套配置方案，并将其应用到中间件上。",
      "text_span": {
        "start": 65,
        "end": 73
      }
    },
    {
      "id": "sec_7",
      "index": 6,
      "title": "总结",
      "time_range": "00:16:28,000 - 00:18:17,290",
      "summary": "本节对中间件智能体进行总结，回顾了其定义、功能与核心价值。如演示所示，用户仅需描述“高可用集群”等需求，智能体便能自动推荐配置并完成应用，这体现了它在简化复杂运维、提升效率方面的巨大价值。",
      "refined_script": "## 总结\n\n本节对中间件智能体的功能与核心价值进行总结。智能体旨在将复杂的中间件运维操作简化为简单的自然语言交互，从而显著提升效率并降低人为错误。\n\n### 核心功能与流程\n\n如演示所示，用户与智能体的交互流程清晰高效。以部署高可用集群为例：\n\n1.  **用户提出需求**：用户通过自然语言向智能体描述业务目标，例如“我需要一个高可用的集群”。\n2.  **智能体推荐配置**：智能体接收并理解需求后，会自动分析并推荐一套完整、适配的配置方案。\n3.  **一键应用配置**：用户确认后，智能体将该配置方案自动应用到目标中间件上，完成部署。\n\n### 核心价值\n\n- **简化复杂运维**：将专业、繁琐的集群配置工作，抽象为简单的意图描述，大幅降低了使用门槛。\n- **提升部署效率**：通过自动化推荐与应用，将原本需要多步骤、长时间的人工操作缩短为一次交互，实现了快速部署。",
      "original_script": "在视频演示中，我们向智能体描述需要一个高可用的集群，然后它会推荐一套配置方案，并将其应用到中间件上。",
      "start_ms": 988000,
      "end_ms": 1097290,
      "material_ids": [
        "chunk_00/slide_016",
        "chunk_00/slide_017"
      ],
      "summary_hint": "回顾中间件智能体的定义（它是谁）、功能（能做什么）与核心价值（价值几何），总结本次分享内容。",
      "notes": "由于字幕74时间戳异常且内容与本节无关，无法通过字幕定位起止点。时间戳完全依据规划时间及字幕流的最终时间设定。",
      "lead_text": "在视频演示中，我们向智能体描述需要一个高可用的集群，然后它会推荐一套配置方案，并将其应用到中间件上。",
      "tail_text": "在视频演示中，我们向智能体描述需要一个高可用的集群，然后它会推荐一套配置方案，并将其应用到中间件上。",
      "text_span": {
        "start": 73,
        "end": 73
      }
    }
  ]
}