{
  "address": "ScienceEducationInnovation/part_02/chunk_00/08_crop_decision/slide_027",
  "status": "completed",
  "input": {
    "image_path": "output/ScienceEducationInnovation/part_02/chunk_00/07_capture_frame/slide_027/artifacts/slide_027.png",
    "slide_index": 27,
    "slide_title": "PetPS - 关键技术：参数一致性的维护 写时拷贝与基于epoch-list的空间回收机制"
  },
  "output": null,
  "artifacts": [
    "output/ScienceEducationInnovation/part_02/chunk_00/07_capture_frame/slide_027/artifacts/slide_027.png"
  ],
  "metadata": {
    "needs_crop": false,
    "reason": "MANUAL_NO_CROP",
    "manual_override": true
  },
  "trace_id": null,
  "duration_ms": 0,
  "started_at": "2025-12-18T16:37:52.032969",
  "completed_at": "2025-12-18T16:37:52.032969",
  "step_config": {
    "manual_override": true
  },
  "dependencies": [
    "capture_frame"
  ]
}