{
  "address": "ai_session/part_02/chunk_00/09_apply_crop/slide_025",
  "status": "completed",
  "input": {
    "image_path": "output/ai_session/part_02/chunk_00/07_capture_frame/slide_025/artifacts/slide_025.png",
    "crop_region": {
      "x": 639,
      "y": 190,
      "width": 1280,
      "height": 889
    }
  },
  "output": "output/ai_session/part_02/chunk_00/09_apply_crop/slide_025/artifacts/slide_025.png",
  "artifacts": [
    "output/ai_session/part_02/chunk_00/09_apply_crop/slide_025/artifacts/slide_025.png"
  ],
  "metadata": {
    "source": "output/ai_session/part_02/chunk_00/07_capture_frame/slide_025/artifacts/slide_025.png",
    "applied": true,
    "crop_region": {
      "x": 639,
      "y": 190,
      "width": 1280,
      "height": 889
    },
    "size": {
      "width": 1280,
      "height": 889
    }
  },
  "trace_id": null,
  "duration_ms": 330,
  "started_at": "2025-12-15T23:02:57.631921",
  "completed_at": "2025-12-15T15:02:57.963117",
  "step_config": {},
  "dependencies": [
    "capture_frame",
    "crop_decision"
  ]
}