{
  "id": "sec_1",
  "index": 0,
  "title": "AI算力的极限挑战与大规模智算集群的兴起",
  "time_range": "00:01:17,580 - 00:03:05,335",
  "script": "随着人工智能技术的飞速发展，作为AI基础设施的服务提供者，百度混合云产品也遇到了新机遇和新的挑战。这也带来了我今天想与大家分享的主题：AI算力的极限挑战：BaiduLinux支持超大规模集群基础设施建设实践。当下在国家大力引导智算中心高质量发展的战略背景下，我国的智算算力实现了跨越式的增长。从百卡、千卡，再到当前万卡的集群规模，可以说超大规模智算集群将会成为下一代AI技术的基础。作为国内AI领域的先行者，百度深度参与了这一进程，成功打造了多个大规模智算集群。特别是今年4月，我们正式点亮了全国产化算力的3.2万卡的超大规模的智算集群。这也是我们整个国产化从芯片到云底座、到操作系统、到框架，完整技术栈的集中体现。首先，这个集群采用了自主的算力，实现了核心技术的自主创新。此外，集群的整体算力规模达到了万P以上，并且能够做到万卡的有效训练时间以及能效都做到了国内和国际的领先水平。同时在建成后，集群到目前都维持了稳定的运行状态，拿到了唯一的万卡规模智算集群服务稳定性的五星级认证。",
  "summary": "随着AI技术发展，超大规模智算集群已成为下一代AI技术的基础。作为先行者，百度深度参与此进程，并成功点亮了3.2万卡的全国产化超大规模智算集群。该集群实现了从芯片到框架的完整技术栈自主创新，在算力规模、训练能效和运行稳定性方面均达到领先水平。"
}