{
  "address": "ScienceEducationInnovation/part_04/chunk_00/07_capture_frame/slide_008",
  "status": "completed",
  "input": {
    "video": "output/ScienceEducationInnovation/part_04/chunk_00/01_cut_chunk/artifacts/chunk_high.mp4",
    "timestamp": "00:04:59.300",
    "frame_id": "slide_008",
    "output_ext": ".png"
  },
  "output": "output/ScienceEducationInnovation/part_04/chunk_00/07_capture_frame/slide_008/artifacts/slide_008.png",
  "artifacts": [
    "output/ScienceEducationInnovation/part_04/chunk_00/07_capture_frame/slide_008/artifacts/slide_008.png"
  ],
  "metadata": {
    "timestamp": "00:04:59.300",
    "frame_id": "slide_008",
    "ffmpeg": "/opt/homebrew/bin/ffmpeg"
  },
  "trace_id": null,
  "duration_ms": 942,
  "started_at": "2025-12-21T23:17:27.053426",
  "completed_at": "2025-12-21T15:17:27.996553",
  "step_config": {},
  "dependencies": [
    "slide_timeline"
  ]
}