{
  "address": "ai_session/part_11/chunk_00/09_apply_crop/slide_007",
  "status": "completed",
  "input": {
    "image_path": "output/ai_session/part_11/chunk_00/07_capture_frame/slide_007/artifacts/slide_007.png",
    "crop_region": null
  },
  "output": "output/ai_session/part_11/chunk_00/09_apply_crop/slide_007/artifacts/slide_007.png",
  "artifacts": [
    "output/ai_session/part_11/chunk_00/09_apply_crop/slide_007/artifacts/slide_007.png"
  ],
  "metadata": {
    "source": "output/ai_session/part_11/chunk_00/07_capture_frame/slide_007/artifacts/slide_007.png",
    "applied": false
  },
  "trace_id": null,
  "duration_ms": 8,
  "started_at": "2025-12-16T01:36:02.932593",
  "completed_at": "2025-12-15T17:36:02.952378",
  "step_config": {},
  "dependencies": [
    "capture_frame",
    "crop_decision"
  ]
}