{
  "address": "ai_session/part_03/chunk_00/01_cut_chunk",
  "status": "completed",
  "input": {
    "video": "/Users/lichuan/Codes/TalkDistill/ai_session.mp4",
    "start": 3529.92,
    "duration": 1089.8099999999995,
    "output_name": "chunk_high.mp4"
  },
  "output": {
    "path": "output/ai_session/part_03/chunk_00/01_cut_chunk/artifacts/chunk_high.mp4",
    "start": 3529.92,
    "duration": 1089.8099999999995
  },
  "artifacts": [
    "output/ai_session/part_03/chunk_00/01_cut_chunk/artifacts/chunk_high.mp4"
  ],
  "metadata": {
    "ffmpeg": "/opt/homebrew/bin/ffmpeg",
    "start": 3529.92,
    "duration": 1089.8099999999995,
    "size_bytes": 558104288
  },
  "trace_id": null,
  "duration_ms": 822,
  "started_at": "2025-12-15T23:08:55.557669",
  "completed_at": "2025-12-15T15:08:56.381896",
  "step_config": {},
  "dependencies": []
}