{
  "address": "ScienceEducationInnovation/part_04/final/07_script_refine/2",
  "status": "completed",
  "input": {
    "narrative": {
      "id": "sec_003",
      "index": 2,
      "title": "AI 基础设施现状：超异构计算时代与系统软件整体思路",
      "time_range": "00:03:19,660 - 00:07:32,055",
      "script": "从硬件来看，AI 已进入超异构时代。为满足多样化智能需求，基础设施需从底层资源管理到上层编程 API、编译框架、工具链及软件栈，全面感知并利用异构算力。\n在此背景下，AI 基础设施建设如火如荼。截至 2025 年第一季度，全国已建成 165 个智算中心，千卡、万卡集群成为标配。然而，算力资源利用率普遍较低（仅 10%-15%），亟需从软件层面进行高效管理与调度。\n借鉴操作系统思路，我们希望构建“云 OS”，向下管理各类异构资源，向上为软件 App 与服务提供统一编程接口，屏蔽底层复杂性。在 AI 时代，基础设施层需支持离线批处理训练与在线大模型 Serving，以满足用户对性能与成本的多样化需求。\n目前，我们在框架层与运行时仍面临资源利用率低、服务质量保障难、失效概率高及可观测性差等挑战。\n当系统规模扩大，故障恢复慢、损失大等现象加剧。我们希望从容错（Fault Tolerance）视角，实现及时的故障检测、精准定位、全面诊断及快速失效恢复。\n整体思路是：对异构资源进行合理、一致的抽象，在运行时对算力（尤其是国产卡）进行高效适配与优化。同时，支持多租户、多模型环境下的高效训练与推理，并实现软硬件状态的良好观测与追踪。",
      "summary": ""
    }
  },
  "output": {
    "section_id": "sec_003",
    "index": 2,
    "title": "AI 基础设施现状：超异构计算时代与系统软件整体思路",
    "time_range": "00:03:19,660 - 00:07:32,055",
    "refined_script": "# AI 基础设施现状：超异构计算时代与系统软件演进思路\n\n## 一、 行业背景与现状\n\n### 1.1 超异构计算时代的到来\n当前 AI 基础设施已进入**超异构时代**。为了满足日益多样化的智能计算需求，底层硬件不再局限于单一架构，而是呈现出多种异构算力并存的局面。这要求基础设施必须具备从底层资源管理到上层编程 API、编译框架、工具链及软件栈的全栈感知与利用能力。\n\n### 1.2 建设规模与资源利用率的矛盾\n*   **建设规模**：截至 2025 年第一季度，全国已建成 **165 个**智算中心，千卡、万卡级别的超大规模集群已成为行业标配。\n*   **核心痛点**：尽管硬件投入巨大，但算力资源的**平均利用率仅为 10%-15%**。这种极低的能效比凸显了软件层面管理与调度能力的缺失。\n\n## 二、 核心设计理念：构建“云 OS”\n\n借鉴传统操作系统的设计思路，AI 基础设施的建设应以构建**“云 OS”**为核心目标，实现对复杂环境的解耦与抽象：\n\n*   **向下管理（资源抽象）**：统一管理各类异构硬件资源，屏蔽底层硬件的差异性与复杂性。\n*   **向上支撑（统一接口）**：为上层应用和服务提供标准化的编程接口，降低开发与部署门槛。\n*   **全场景覆盖**：同时支持**离线批处理训练**与**在线大模型 Serving**，在性能与成本之间取得平衡。\n\n## 三、 当前面临的技术挑战\n\n在框架层与运行时（Runtime）层面，大规模集群仍面临以下严峻挑战：\n1.  **资源效能**：资源利用率持续低迷，难以实现高效的算力释放。\n2.  **服务质量 (QoS)**：在多租户、多模型环境下，难以保障稳定的服务质量。\n3.  **系统稳定性**：随着规模扩大，系统失效概率显著增加，且缺乏有效的可观测性手段。\n4.  **运维成本**：故障发生后，存在检测滞后、定位不准、诊断困难及恢复缓慢等问题，导致严重的算力损失。\n\n## 四、 演进路径与整体思路\n\n为解决上述问题，系统软件应遵循以下技术路线进行优化：\n\n### 4.1 异构资源的高效适配\n*   **一致性抽象**：对异构资源进行合理且一致的逻辑抽象。\n*   **国产化适配**：在运行时针对国产算力卡进行深度适配与性能优化。\n\n### 4.2 强化容错机制 (Fault Tolerance)\n构建全链路的容错体系，提升大规模集群的鲁棒性：\n*   **及时检测**：实现毫秒级的故障感知。\n*   **精准定位与诊断**：通过全栈可观测性数据，快速锁定故障根因。\n*   **快速恢复**：优化失效恢复流程，最大限度减少停机时间。\n\n### 4.3 运行环境优化\n*   **多租户隔离**：支持多租户、多模型并发环境下的高效训练与推理。\n*   **全栈可观测性**：实现软硬件状态的深度追踪与监控，为自动化调度提供数据支撑。",
    "summary": "",
    "original_script": "从硬件来看，AI 已进入超异构时代。为满足多样化智能需求，基础设施需从底层资源管理到上层编程 API、编译框架、工具链及软件栈，全面感知并利用异构算力。\n在此背景下，AI 基础设施建设如火如荼。截至 2025 年第一季度，全国已建成 165 个智算中心，千卡、万卡集群成为标配。然而，算力资源利用率普遍较低（仅 10%-15%），亟需从软件层面进行高效管理与调度。\n借鉴操作系统思路，我们希望构建“云 OS”，向下管理各类异构资源，向上为软件 App 与服务提供统一编程接口，屏蔽底层复杂性。在 AI 时代，基础设施层需支持离线批处理训练与在线大模型 Serving，以满足用户对性能与成本的多样化需求。\n目前，我们在框架层与运行时仍面临资源利用率低、服务质量保障难、失效概率高及可观测性差等挑战。\n当系统规模扩大，故障恢复慢、损失大等现象加剧。我们希望从容错（Fault Tolerance）视角，实现及时的故障检测、精准定位、全面诊断及快速失效恢复。\n整体思路是：对异构资源进行合理、一致的抽象，在运行时对算力（尤其是国产卡）进行高效适配与优化。同时，支持多租户、多模型环境下的高效训练与推理，并实现软硬件状态的良好观测与追踪。"
  },
  "artifacts": [
    "output/ScienceEducationInnovation/part_04/final/07_script_refine/2/artifacts/section_sec_003_refined.md"
  ],
  "metadata": {
    "refined_length": 1220,
    "original_length": 516,
    "summary_length": 0
  },
  "trace_id": "e0dc4947-9e75-4330-a521-afefc4a59b22",
  "duration_ms": 33613,
  "started_at": "2025-12-21T23:41:16.036528",
  "completed_at": "2025-12-21T15:41:49.651126",
  "step_config": {
    "model": "gemini-3-flash-preview",
    "temperature": 0.2,
    "prompt_file": "/Users/lichuan/Codes/TalkDistill/config/prompts/script_refine.md",
    "schema_file": "/Users/lichuan/Codes/TalkDistill/config/schemas/script_refine.json"
  },
  "dependencies": [
    "section_timing"
  ]
}