{
  "address": "ScienceEducationInnovation/part_04/chunk_00/01_cut_chunk",
  "status": "completed",
  "input": {
    "video": "ScienceEducationInnovation.mp4",
    "start": 4601.25,
    "duration": 1293.4099999999999,
    "output_name": "chunk_high.mp4"
  },
  "output": {
    "path": "output/ScienceEducationInnovation/part_04/chunk_00/01_cut_chunk/artifacts/chunk_high.mp4",
    "start": 4601.25,
    "duration": 1293.4099999999999
  },
  "artifacts": [
    "output/ScienceEducationInnovation/part_04/chunk_00/01_cut_chunk/artifacts/chunk_high.mp4"
  ],
  "metadata": {
    "ffmpeg": "/opt/homebrew/bin/ffmpeg",
    "start": 4601.25,
    "duration": 1293.4099999999999,
    "size_bytes": 666233975
  },
  "trace_id": null,
  "duration_ms": 1651,
  "started_at": "2025-12-21T23:08:18.768555",
  "completed_at": "2025-12-21T15:08:20.421905",
  "step_config": {},
  "dependencies": []
}