{
  "id": "sec_5",
  "index": 4,
  "title": "结束语",
  "time_range": "00:17:15,895 - 00:17:47,430",
  "script": "非常感谢孙老师的精彩分享。通过FP8技术，降低了显存占用，同时对特定Shape的张量进行亲和处理，带来了高达500%的性能提升，效果非常震撼。\n这是一个令人期待的技术，谢谢。",
  "summary": "主持人感谢孙老师的分享，并总结了其核心内容。通过FP8技术降低显存占用，并对特定形状的张量进行亲和处理，实现了高达500%的性能提升，效果显著。"
}