{
  "address": "ScienceEducationInnovation/part_04/chunk_00/08_crop_decision/slide_026",
  "status": "completed",
  "input": {
    "image_path": "output/ScienceEducationInnovation/part_04/chunk_00/07_capture_frame/slide_026/artifacts/slide_026.png",
    "slide_index": 26,
    "slide_title": "AI Infra 平台解决方案 总结首创的异构集群引导与资源管理系统及多维监控方案。"
  },
  "output": null,
  "artifacts": [
    "output/ScienceEducationInnovation/part_04/chunk_00/07_capture_frame/slide_026/artifacts/slide_026.png"
  ],
  "metadata": {
    "needs_crop": false,
    "reason": "MANUAL_NO_CROP",
    "manual_override": true
  },
  "trace_id": null,
  "duration_ms": 0,
  "started_at": "2025-12-21T23:27:05.889867",
  "completed_at": "2025-12-21T15:27:05.915301",
  "step_config": {
    "model": "gemini-3-flash-preview",
    "temperature": 0.1,
    "prompt_file": "/Users/lichuan/Codes/TalkDistill/config/prompts/crop_decision.md",
    "schema_file": "/Users/lichuan/Codes/TalkDistill/config/schemas/crop_decision.json"
  },
  "dependencies": [
    "capture_frame"
  ]
}