{
  "address": "ai_session/part_03/final/03_part_cut",
  "status": "completed",
  "input": {
    "video": "/Users/lichuan/Codes/TalkDistill/ai_session.mp4",
    "start": 3529.92,
    "duration": 1089.8099999999995,
    "output_name": "part_high.mp4"
  },
  "output": {
    "path": "output/ai_session/part_03/final/03_part_cut/artifacts/part_high.mp4",
    "start": 3529.92,
    "duration": 1089.8099999999995
  },
  "artifacts": [
    "output/ai_session/part_03/final/03_part_cut/artifacts/part_high.mp4"
  ],
  "metadata": {
    "ffmpeg": "/opt/homebrew/bin/ffmpeg",
    "start": 3529.92,
    "duration": 1089.8099999999995,
    "size_bytes": 558104288
  },
  "trace_id": null,
  "duration_ms": 856,
  "started_at": "2025-12-15T23:23:07.413966",
  "completed_at": "2025-12-15T15:23:08.272310",
  "step_config": {},
  "dependencies": []
}