{
  "address": "day1_main/part_05/chunk_00/09_apply_crop/slide_011",
  "status": "completed",
  "input": {
    "image_path": "output/day1_main/part_05/chunk_00/07_capture_frame/slide_011/artifacts/slide_011.png",
    "crop_region": {
      "x": 566,
      "y": 0,
      "width": 1353,
      "height": 1080
    }
  },
  "output": "output/day1_main/part_05/chunk_00/09_apply_crop/slide_011/artifacts/slide_011.png",
  "artifacts": [
    "output/day1_main/part_05/chunk_00/09_apply_crop/slide_011/artifacts/slide_011.png"
  ],
  "metadata": {
    "source": "output/day1_main/part_05/chunk_00/07_capture_frame/slide_011/artifacts/slide_011.png",
    "applied": true,
    "crop_region": {
      "x": 566,
      "y": 0,
      "width": 1353,
      "height": 1080
    },
    "size": {
      "width": 1353,
      "height": 1080
    }
  },
  "trace_id": null,
  "duration_ms": 118,
  "started_at": "2025-12-17T19:18:27.641885",
  "completed_at": "2025-12-17T11:18:27.761097",
  "step_config": {},
  "dependencies": [
    "capture_frame",
    "crop_decision"
  ]
}