{
  "id": "sec_4",
  "index": 3,
  "title": "算力效能的全面提升",
  "time_range": "00:07:03,740 - 00:09:48,455",
  "script": "当前在智算领域，我们观察到一个明显的趋势，行业的焦点正从如何把基础设施建好，全面转向如何把算力用好。今天我想从两个关键维度来分享一下，算力如何进行高效的释放。第一，全链路优化是整个算力效能释放的基础。AI训练和推理是紧密关联的系统级任务，任何单点的优化都很难保障效能的全局最优，因此必须要进行从模型到框架、到操作系统、再到芯片层的全链路协同优化。我们也是做了三个层面的深度协同。在基础设施层，BaiduLinux CloudOS通过异构算力协同技术，把单机推理性能提升了一倍以上，并且通过可编程的缓存技术，显著降低了模型的加载延迟。在资源管理层，我们基于云原生底座和智能调度优化，实现了毫秒级的操作响应，并能在分钟级完成上百个任务的调度。在AI任务层，通过模型结构、训练策略和推理引擎的协同优化，全面提升了单卡吞吐和整体的性能。第二，高效运维是保障算力持续输出的关键。随着模型参数突破万亿，集群规模迈向万卡，系统的复杂度和故障率大幅提升。我们也面临多个挑战：第一是故障复现成本高；第二是性能问题定位困难；第三是异构工具协同复杂。为此，我们和openEuler联合打造了一站式的运维平台，通过整合全栈监控工具，实现跨层数据的统一采集和智能分析。平台能够自动定位95%以上的慢节点问题，并将性能问题定位和定位到快速的故障发生节点。并且通过全局的可视化界面，把运维团队能够提供的工具链和能够提供的自动化运维工具和故障节点和故障根因进行快速关联，实现自动化运维。总的来说，通过以上两点全链路优化和智能运维的双轮驱动，可以把算力资源高效、可靠地转化为AI生产力。",
  "summary": "讲者指出，智算领域的焦点已从“建好”基础设施转向“用好”算力。他从两个维度分享了如何高效释放算力：一是通过模型、框架、系统到芯片的全链路协同优化来奠定基础；二是通过与openEuler联合打造的一站式智能运维平台来保障算力的持续高效输出，从而将算力资源可靠地转化为AI生产力。"
}