{
  "address": "ai_session/part_03/chunk_00/09_apply_crop/slide_015",
  "status": "completed",
  "input": {
    "image_path": "output/ai_session/part_03/chunk_00/07_capture_frame/slide_015/artifacts/slide_015.png",
    "crop_region": {
      "x": 579,
      "y": 162,
      "width": 1340,
      "height": 918
    }
  },
  "output": "output/ai_session/part_03/chunk_00/09_apply_crop/slide_015/artifacts/slide_015.png",
  "artifacts": [
    "output/ai_session/part_03/chunk_00/09_apply_crop/slide_015/artifacts/slide_015.png"
  ],
  "metadata": {
    "source": "output/ai_session/part_03/chunk_00/07_capture_frame/slide_015/artifacts/slide_015.png",
    "applied": true,
    "crop_region": {
      "x": 579,
      "y": 162,
      "width": 1340,
      "height": 918
    },
    "size": {
      "width": 1340,
      "height": 918
    }
  },
  "trace_id": null,
  "duration_ms": 316,
  "started_at": "2025-12-15T23:21:59.368584",
  "completed_at": "2025-12-15T15:21:59.696526",
  "step_config": {},
  "dependencies": [
    "capture_frame",
    "crop_decision"
  ]
}