{
  "address": "day1_main/part_05/chunk_00/01_cut_chunk",
  "status": "completed",
  "input": {
    "video": "/Users/lichuan/Codes/TalkDistill/day1_main.mp4",
    "start": 1871.91,
    "duration": 935.28,
    "output_name": "chunk_high.mp4"
  },
  "output": {
    "path": "output/day1_main/part_05/chunk_00/01_cut_chunk/artifacts/chunk_high.mp4",
    "start": 1871.91,
    "duration": 935.28
  },
  "artifacts": [
    "output/day1_main/part_05/chunk_00/01_cut_chunk/artifacts/chunk_high.mp4"
  ],
  "metadata": {
    "ffmpeg": "/opt/homebrew/bin/ffmpeg",
    "start": 1871.91,
    "duration": 935.28,
    "size_bytes": 541789557
  },
  "trace_id": null,
  "duration_ms": 490,
  "started_at": "2025-12-17T17:13:20.857207",
  "completed_at": "2025-12-17T09:13:21.348103",
  "step_config": {},
  "dependencies": []
}