{
  "id": "sec_9",
  "index": 8,
  "title": "其他工作、未来展望与致谢",
  "time_range": "00:17:26,805 - 00:19:46,985",
  "script": "20年前可能是一些比较业余的选手，大家很分散，做一些很有趣的攻击。\n好，那么这个是我们其他一些相关的工作，就是比如说我们在软件分析与漏洞挖掘方面，我们做做了第一个WASM的符号执行工具。我们又做了一些二进制、二进制插桩的这种免插桩二进制模糊测试的工具。对这种，那么它目前应该是对二进制测试成功率最高的这么一个测试。\n还有一些对我们这个\n好，那么我们未来工作呢，实际上，在这个，我们这个SysArmor这个系统上面，第一个是我们把已经在Gitee和openEuler社区进行开源了。\n这个我们在这进行建设。那么，我们下一步计划目前正在跟openEuler合作，就是我们希望把我们个数据集用某种合适的方式，比如说用我们之前做的这个隐私数据保护系统，在保护隐私的情况下把它公开出来，这样呢支持整个社区来迭代大家的算法。\n因为现在这个缺乏数据是一个很大的问题。\n第二个呢，是我们持续投入，会把这个社区建设好，把我们系统建设好，不断地往代码推进去。\n当然我们也欢迎我们各位老师、各位同学一块参与到这个建设里边来。这个还是在国际上会是很有比较有，安全里边比较相对比较热门的方向，有很多论文出来。那么也希望我们的系统能够帮助大家节省一些时间，帮助各位老师节省一些时间，能够快速迭代算法。\n最后呢，我们还是还尝试把我们这个整个核心算法做一些应用，做一些拓展。比如说我们拿来对这个大模型安全，大模型的访问安全，它的日志，我们能不能用相同的方法来处理这种大模型它的服务访问日志来检测一些攻击呢？我们发现也是可以的。然后呢，我们能不能把这个相同的概念弄到更广的方面，比如说金融反诈上，用我们那个那套异常检测的算法来检测异常的方法，也能，我们跟美团合作以后，发现能够在美团里边，真的能每天给他们减少减少很多的钱，把他们诈骗给检测出来。\n好，这就是我们工作。就是我们这个其实就是一个我们试图说AI端到端的APT检测的工作。那么当然这个工作呢，实际上是我们已经分享过很多次，这是感谢华为给我们，openEuler给我们很多的支持。那么也部分成果也成为那个我们电子学会科技进步一等奖的内容。好，谢谢各位老师，谢谢大家。",
  "summary": "首先介绍了在软件分析与漏洞挖掘方面的相关工作，如WASM符号执行工具和二进制模糊测试工具。接着，展望了未来的工作计划，包括在openEuler社区开源SysArmor系统、公开数据集以支持社区算法迭代，并欢迎各界参与共建。最后，探讨了核心算法在AI大模型安全、金融反诈等领域的拓展应用，并对合作伙伴表示感谢。"
}