{
  "address": "ScienceEducationInnovation/part_04/chunk_00/08_crop_decision/slide_016",
  "status": "completed",
  "input": {
    "image_path": "output/ScienceEducationInnovation/part_04/chunk_00/07_capture_frame/slide_016/artifacts/slide_016.png",
    "slide_index": 16,
    "slide_title": "工作 2：面向 LLM 推理的异构算力调度（核心思路） 提出 GPU Combo 资源套餐概念，实现 PD 分离与动态部署。"
  },
  "output": null,
  "artifacts": [
    "output/ScienceEducationInnovation/part_04/chunk_00/07_capture_frame/slide_016/artifacts/slide_016.png"
  ],
  "metadata": {
    "needs_crop": false,
    "reason": "MANUAL_NO_CROP",
    "manual_override": true
  },
  "trace_id": null,
  "duration_ms": 0,
  "started_at": "2025-12-21T23:27:05.888688",
  "completed_at": "2025-12-21T15:27:05.908348",
  "step_config": {
    "model": "gemini-3-flash-preview",
    "temperature": 0.1,
    "prompt_file": "/Users/lichuan/Codes/TalkDistill/config/prompts/crop_decision.md",
    "schema_file": "/Users/lichuan/Codes/TalkDistill/config/schemas/crop_decision.json"
  },
  "dependencies": [
    "capture_frame"
  ]
}