{
  "address": "ai_session/part_02/chunk_00/09_apply_crop/slide_011",
  "status": "completed",
  "input": {
    "image_path": "output/ai_session/part_02/chunk_00/07_capture_frame/slide_011/artifacts/slide_011.png",
    "crop_region": {
      "x": 540,
      "y": 189,
      "width": 1380,
      "height": 890
    }
  },
  "output": "output/ai_session/part_02/chunk_00/09_apply_crop/slide_011/artifacts/slide_011.png",
  "artifacts": [
    "output/ai_session/part_02/chunk_00/09_apply_crop/slide_011/artifacts/slide_011.png"
  ],
  "metadata": {
    "source": "output/ai_session/part_02/chunk_00/07_capture_frame/slide_011/artifacts/slide_011.png",
    "applied": true,
    "crop_region": {
      "x": 540,
      "y": 189,
      "width": 1380,
      "height": 890
    },
    "size": {
      "width": 1380,
      "height": 890
    }
  },
  "trace_id": null,
  "duration_ms": 201,
  "started_at": "2025-12-15T23:02:57.629075",
  "completed_at": "2025-12-15T15:02:57.832970",
  "step_config": {},
  "dependencies": [
    "capture_frame",
    "crop_decision"
  ]
}