{
  "address": "ai_session/part_03/chunk_00/09_apply_crop/slide_020",
  "status": "completed",
  "input": {
    "image_path": "output/ai_session/part_03/chunk_00/07_capture_frame/slide_020/artifacts/slide_020.png",
    "crop_region": {
      "x": 573,
      "y": 165,
      "width": 1346,
      "height": 914
    }
  },
  "output": "output/ai_session/part_03/chunk_00/09_apply_crop/slide_020/artifacts/slide_020.png",
  "artifacts": [
    "output/ai_session/part_03/chunk_00/09_apply_crop/slide_020/artifacts/slide_020.png"
  ],
  "metadata": {
    "source": "output/ai_session/part_03/chunk_00/07_capture_frame/slide_020/artifacts/slide_020.png",
    "applied": true,
    "crop_region": {
      "x": 573,
      "y": 165,
      "width": 1346,
      "height": 914
    },
    "size": {
      "width": 1346,
      "height": 914
    }
  },
  "trace_id": null,
  "duration_ms": 459,
  "started_at": "2025-12-15T23:21:59.369476",
  "completed_at": "2025-12-15T15:21:59.829904",
  "step_config": {},
  "dependencies": [
    "capture_frame",
    "crop_decision"
  ]
}