{
  "address": "ai_session/part_04/chunk_00/09_apply_crop/slide_002",
  "status": "completed",
  "input": {
    "image_path": "output/ai_session/part_04/chunk_00/07_capture_frame/slide_002/artifacts/slide_002.png",
    "crop_region": {
      "x": 729,
      "y": 0,
      "width": 550,
      "height": 720
    }
  },
  "output": "output/ai_session/part_04/chunk_00/09_apply_crop/slide_002/artifacts/slide_002.png",
  "artifacts": [
    "output/ai_session/part_04/chunk_00/09_apply_crop/slide_002/artifacts/slide_002.png"
  ],
  "metadata": {
    "source": "output/ai_session/part_04/chunk_00/07_capture_frame/slide_002/artifacts/slide_002.png",
    "applied": true,
    "crop_region": {
      "x": 729,
      "y": 0,
      "width": 550,
      "height": 720
    },
    "size": {
      "width": 550,
      "height": 720
    }
  },
  "trace_id": null,
  "duration_ms": 124,
  "started_at": "2025-12-15T17:52:40.833007",
  "completed_at": "2025-12-15T09:52:40.969122",
  "step_config": {},
  "dependencies": [
    "capture_frame",
    "crop_decision"
  ]
}