{
  "address": "ai_session/part_02/chunk_00/09_apply_crop/slide_024",
  "status": "completed",
  "input": {
    "image_path": "output/ai_session/part_02/chunk_00/07_capture_frame/slide_024/artifacts/slide_024.png",
    "crop_region": {
      "x": 600,
      "y": 180,
      "width": 1320,
      "height": 899
    }
  },
  "output": "output/ai_session/part_02/chunk_00/09_apply_crop/slide_024/artifacts/slide_024.png",
  "artifacts": [
    "output/ai_session/part_02/chunk_00/09_apply_crop/slide_024/artifacts/slide_024.png"
  ],
  "metadata": {
    "source": "output/ai_session/part_02/chunk_00/07_capture_frame/slide_024/artifacts/slide_024.png",
    "applied": true,
    "crop_region": {
      "x": 600,
      "y": 180,
      "width": 1320,
      "height": 899
    },
    "size": {
      "width": 1320,
      "height": 899
    }
  },
  "trace_id": null,
  "duration_ms": 301,
  "started_at": "2025-12-15T23:02:57.631747",
  "completed_at": "2025-12-15T15:02:57.933623",
  "step_config": {},
  "dependencies": [
    "capture_frame",
    "crop_decision"
  ]
}