{
  "id": "sec_1",
  "index": 0,
  "title": "开场与议程介绍",
  "time_range": "00:00:00,000 - 00:01:52,516",
  "script": "下面有请北京惠每云科技有限公司的高级后端工程师冯焱先生，给我们带来\n破解“医疗孤岛”，基于openEuler的新一代CDSS智能引擎的实践分享，大家欢迎。\n(音乐和掌声)\n大家好，非常荣幸能在这里给大家做一个分享。\n在分享之前，通过这个议题，大家可能不知道什么是CDSS，我先简单介绍一下。\nCDSS在医疗领域，是临床决策辅助智能系统。\n它主要面向医护人员，在他们的临床工作中，提供辅助决策的作用。\n主要做的就是AI的应用。\n因为医疗是一个非常严谨的业务场景，针对这个场景可以规范化诊疗、进行智能预警以及相关的推荐应用。\n接下来我将通过以下四个方面进行介绍。第一，针对我们医疗的业务场景，我们面临的一些困境。\n第二，针对这个困境，我们对于新一代CDSS智能引擎的构想是什么。\n第三部分的实践是基于openEuler的Intelligence知识库，这个知识库主要对应临床决策上电子病历评级相关的四级标准。\n第四部分IntelliCore是我们自研的决策引擎，主要应对的是电子病历五级、六级、七级乃至八级这种高级的决策场景。",
  "summary": "讲者首先介绍了CDSS（临床决策辅助智能系统）的定义，它是一种面向医护人员，用于规范诊疗、智能预警的AI应用。接着，他预告了分享的四个部分：医疗业务场景的困境、新一代CDSS智能引擎的构想、基于openEuler的Intelligence知识库实践，以及应对高级决策场景的自研IntelliCore决策引擎。"
}