{
  "address": "ScienceEducationInnovation/part_02/chunk_00/02_downscale",
  "status": "completed",
  "input": {
    "source": "output/ScienceEducationInnovation/part_02/chunk_00/01_cut_chunk/artifacts/chunk_high.mp4",
    "duration": 1470.7399999999998,
    "original_fps": 25.0,
    "output_name": "chunk_low.mp4"
  },
  "output": {
    "path": "output/ScienceEducationInnovation/part_02/chunk_00/02_downscale/artifacts/chunk_low.mp4",
    "duration": 1470.7399999999998,
    "original_fps": 25.0,
    "target_fps": 3
  },
  "artifacts": [
    "output/ScienceEducationInnovation/part_02/chunk_00/02_downscale/artifacts/chunk_low.mp4"
  ],
  "metadata": {
    "ffmpeg": "/opt/homebrew/bin/ffmpeg",
    "target_size_mb": 20.0,
    "original_fps": 25.0,
    "target_fps": 3,
    "rate_control": "crf",
    "crf": 28,
    "min_video_bitrate": 80000,
    "audio_bitrate": 32000,
    "scale_height": 0,
    "prefer_hwaccel": false,
    "size_bytes": 15749026
  },
  "trace_id": null,
  "duration_ms": 83437,
  "started_at": "2025-12-16T22:36:33.297614",
  "completed_at": "2025-12-16T14:37:56.737699",
  "step_config": {},
  "dependencies": [
    "cut_chunk"
  ]
}