{
  "address": "ai_session/part_08/chunk_00/09_apply_crop/slide_010",
  "status": "completed",
  "input": {
    "image_path": "output/ai_session/part_08/chunk_00/07_capture_frame/slide_010/artifacts/slide_010.png",
    "crop_region": {
      "x": 596,
      "y": 160,
      "width": 1290,
      "height": 877
    }
  },
  "output": "output/ai_session/part_08/chunk_00/09_apply_crop/slide_010/artifacts/slide_010.png",
  "artifacts": [
    "output/ai_session/part_08/chunk_00/09_apply_crop/slide_010/artifacts/slide_010.png"
  ],
  "metadata": {
    "source": "output/ai_session/part_08/chunk_00/07_capture_frame/slide_010/artifacts/slide_010.png",
    "applied": true,
    "crop_region": {
      "x": 596,
      "y": 160,
      "width": 1290,
      "height": 877
    },
    "size": {
      "width": 1290,
      "height": 877
    }
  },
  "trace_id": null,
  "duration_ms": 104,
  "started_at": "2025-12-16T00:48:23.674711",
  "completed_at": "2025-12-15T16:48:23.780570",
  "step_config": {},
  "dependencies": [
    "capture_frame",
    "crop_decision"
  ]
}