{
  "address": "ai_session/part_02/chunk_00/09_apply_crop/slide_026",
  "status": "completed",
  "input": {
    "image_path": "output/ai_session/part_02/chunk_00/07_capture_frame/slide_026/artifacts/slide_026.png",
    "crop_region": {
      "x": 451,
      "y": 0,
      "width": 1468,
      "height": 1080
    }
  },
  "output": "output/ai_session/part_02/chunk_00/09_apply_crop/slide_026/artifacts/slide_026.png",
  "artifacts": [
    "output/ai_session/part_02/chunk_00/09_apply_crop/slide_026/artifacts/slide_026.png"
  ],
  "metadata": {
    "source": "output/ai_session/part_02/chunk_00/07_capture_frame/slide_026/artifacts/slide_026.png",
    "applied": true,
    "crop_region": {
      "x": 451,
      "y": 0,
      "width": 1468,
      "height": 1080
    },
    "size": {
      "width": 1468,
      "height": 1080
    }
  },
  "trace_id": null,
  "duration_ms": 321,
  "started_at": "2025-12-15T23:02:57.632147",
  "completed_at": "2025-12-15T15:02:57.954868",
  "step_config": {},
  "dependencies": [
    "capture_frame",
    "crop_decision"
  ]
}