{
  "address": "day2_main/part_05/chunk_00/03_srt_slice",
  "status": "completed",
  "input": {
    "global_srt": "output/day2_main/part_-01/chunk_-01/00_global_funasr/artifacts/global.srt",
    "start_ms": 3645930.0,
    "end_ms": 4580040.0,
    "output_name": "chunk_baseline.srt"
  },
  "output": [
    {
      "index": 1,
      "start": 0,
      "end": 0.24,
      "text": "嗯，"
    },
    {
      "index": 2,
      "start": 0.38,
      "end": 5.12,
      "text": "刚才联盟的陈立相信一定为异购融合系统软件，"
    },
    {
      "index": 3,
      "start": 5.18,
      "end": 6.655,
      "text": "释放超越点算力，"
    },
    {
      "index": 4,
      "start": 7.41,
      "end": 10.765,
      "text": "指明方向也能也能够凝聚合力。"
    },
    {
      "index": 5,
      "start": 11.82,
      "end": 15.58,
      "text": "刚才这一部分讲的都是欧盟欧拉在超节点，"
    },
    {
      "index": 6,
      "start": 15.58,
      "end": 19.915,
      "text": "在新的硬件形态下面我们去做的改变。"
    },
    {
      "index": 7,
      "start": 20.65,
      "end": 25.33,
      "text": "那么下面部分的话是关于欧盟欧拉在 AI 领域里面持续深耕，"
    },
    {
      "index": 8,
      "start": 25.33,
      "end": 27.75,
      "text": "不断突破我们做的一些新的工作。"
    },
    {
      "index": 9,
      "start": 28.25,
      "end": 28.49,
      "text": "呃，"
    },
    {
      "index": 10,
      "start": 29.43,
      "end": 33.39,
      "text": "大家都知道 AI 是一个非常大家都关注的问题。"
    },
    {
      "index": 11,
      "start": 33.75,
      "end": 34.83,
      "text": "刚才熊博也提到，"
    },
    {
      "index": 12,
      "start": 34.89,
      "end": 37.75,
      "text": "今年的创新的项目里面的话，"
    },
    {
      "index": 13,
      "start": 37.99,
      "end": 40.69,
      "text": "有超过百分之九十都是和 AI 相关的。"
    },
    {
      "index": 14,
      "start": 41.07,
      "end": 44.27,
      "text": "那么到底欧盟欧拉在 AI 上做了什么？"
    },
    {
      "index": 15,
      "start": 44.49,
      "end": 46.91,
      "text": "我给大家简单的也做一个回顾。"
    },
    {
      "index": 16,
      "start": 47.35,
      "end": 47.59,
      "text": "呃，"
    },
    {
      "index": 17,
      "start": 47.59,
      "end": 51.84,
      "text": "一方面的话就是我们看到对于欧巴欧拉来说，"
    },
    {
      "index": 18,
      "start": 52.24,
      "end": 54.4,
      "text": "然后我们作为一个操作系统以后，"
    },
    {
      "index": 19,
      "start": 54.64,
      "end": 55.94,
      "text": "操作系统上的软件生态，"
    },
    {
      "index": 20,
      "start": 56.34,
      "end": 58.8,
      "text": "我们认为它会向 agenter 去转变。"
    },
    {
      "index": 21,
      "start": 59.1,
      "end": 67.18,
      "text": "所以我们整个欧拉上的呃就是软件的开发以及相关的这个站。"
    },
    {
      "index": 22,
      "start": 67.52,
      "end": 72.42,
      "text": "我们都希望能够为加速企业 agent 的开发去做相应的优化。"
    },
    {
      "index": 23,
      "start": 72.7,
      "end": 73.74,
      "text": "所以在这里的话，"
    },
    {
      "index": 24,
      "start": 73.82,
      "end": 78.18,
      "text": "我们从底下的 agent 的开发工具链到数据治理流水线，"
    },
    {
      "index": 25,
      "start": 78.4,
      "end": 81.52,
      "text": "到上面典型的行业应用 agent，"
    },
    {
      "index": 26,
      "start": 81.82,
      "end": 85.06,
      "text": "我们都去做了相应的这个呃准备。"
    },
    {
      "index": 27,
      "start": 85.5,
      "end": 88.82,
      "text": "那当然更重要的一点就是我们在操作系统自身，"
    },
    {
      "index": 28,
      "start": 89.18,
      "end": 92.925,
      "text": "然后如何让它去成为一个智能的服务。"
    },
    {
      "index": 29,
      "start": 93.05,
      "end": 97.195,
      "text": "这操作系统这块其实也是整个行业里面大家非常关注的话题。"
    },
    {
      "index": 30,
      "start": 97.96,
      "end": 99.825,
      "text": "我们欧波拉在这里面做了几件事情。"
    },
    {
      "index": 31,
      "start": 100.61,
      "end": 102.89,
      "text": "首先就是从上往下的话，"
    },
    {
      "index": 32,
      "start": 102.89,
      "end": 105.69,
      "text": "我们在操作系统最关注的一些领域里面，"
    },
    {
      "index": 33,
      "start": 105.87,
      "end": 110.45,
      "text": "我们通过 AI 加持的方式去做了进一步的调整和优化。"
    },
    {
      "index": 34,
      "start": 110.81,
      "end": 113.775,
      "text": "从智能调优到运维到问答，"
    },
    {
      "index": 35,
      "start": 114.62,
      "end": 115.8,
      "text": "这是操作系统。"
    },
    {
      "index": 36,
      "start": 115.82,
      "end": 118.36,
      "text": "对于我们的管理员对用户来说，"
    },
    {
      "index": 37,
      "start": 118.62,
      "end": 121.84,
      "text": "直观可见的他的呃能力提升。"
    },
    {
      "index": 38,
      "start": 122.14,
      "end": 123.1,
      "text": "那第二方面的话，"
    },
    {
      "index": 39,
      "start": 123.1,
      "end": 130.0,
      "text": "就是我们在操作系统里面去针对于系统最基础的一号进程也做了相应的调整。"
    },
    {
      "index": 40,
      "start": 130.24,
      "end": 133.18,
      "text": "我们在 MCP 上面的话也做了大幅度的扩展。"
    },
    {
      "index": 41,
      "start": 133.44,
      "end": 136.12,
      "text": "我们通过对于系统智能服务的调整的时候，"
    },
    {
      "index": 42,
      "start": 136.12,
      "end": 138.64,
      "text": "我们目标就是让大模型语言、"
    },
    {
      "index": 43,
      "start": 138.64,
      "end": 142.24,
      "text": "大模型可以更好的管理和控制操作系统。"
    },
    {
      "index": 44,
      "start": 142.66,
      "end": 144.91,
      "text": "那这里面最值得提提出来，"
    },
    {
      "index": 45,
      "start": 144.93,
      "end": 145.97,
      "text": "最值得说的是，"
    },
    {
      "index": 46,
      "start": 146.27,
      "end": 148.47,
      "text": "我们通过高质量的操作系统，"
    },
    {
      "index": 47,
      "start": 148.47,
      "end": 155.19,
      "text": "语料微调出了一个我们认为是行业里面第一个服务器操作系统的领域模型。"
    },
    {
      "index": 48,
      "start": 155.49,
      "end": 156.43,
      "text": "这样一个领域模型，"
    },
    {
      "index": 49,
      "start": 156.43,
      "end": 159.01,
      "text": "可以通过纯的 CPU 推理，"
    },
    {
      "index": 50,
      "start": 159.01,
      "end": 161.35,
      "text": "不需要额外其他任何的硬件，"
    },
    {
      "index": 51,
      "start": 161.73,
      "end": 165.85,
      "text": "就可以实现非常高质量的系统的智能调优。"
    },
    {
      "index": 52,
      "start": 166.03,
      "end": 175.14,
      "text": "能够和呃就是六百多 b 的商用模型在呃调优能力上面形成一个呃就是怎么说可比的一个效果。"
    },
    {
      "index": 53,
      "start": 175.62,
      "end": 185.0,
      "text": "那呃我们在这里的话就邀请我们第一位的演示嘉宾给大家展示一下欧巴欧拉这样一个领域定制模型，"
    },
    {
      "index": 54,
      "start": 185.06,
      "end": 188.095,
      "text": "在智能调优场景里的一个实战应用，"
    },
    {
      "index": 55,
      "start": 188.77,
      "end": 189.165,
      "text": "有请。"
    },
    {
      "index": 56,
      "start": 190.89,
      "end": 191.29,
      "text": "好的，"
    },
    {
      "index": 57,
      "start": 191.45,
      "end": 192.25,
      "text": "谢谢新伟总。"
    },
    {
      "index": 58,
      "start": 192.43,
      "end": 192.93,
      "text": "大家好，"
    },
    {
      "index": 59,
      "start": 192.93,
      "end": 195.41,
      "text": "我是 open 欧拉智能调优团队的王淑媛。"
    },
    {
      "index": 60,
      "start": 195.67,
      "end": 196.61,
      "text": "在调优领域，"
    },
    {
      "index": 61,
      "start": 196.61,
      "end": 198.31,
      "text": "最开始都是依赖我们的调优，"
    },
    {
      "index": 62,
      "start": 198.31,
      "end": 200.27,
      "text": "专家们进行调人工调优。"
    },
    {
      "index": 63,
      "start": 200.29,
      "end": 202.67,
      "text": "这样带来的问题是人力成本高调优，"
    },
    {
      "index": 64,
      "start": 202.67,
      "end": 204.65,
      "text": "耗时长强依赖专家知识。"
    },
    {
      "index": 65,
      "start": 204.87,
      "end": 207.49,
      "text": "但后我们 open 欧拉推出了 a ten 工具，"
    },
    {
      "index": 66,
      "start": 207.69,
      "end": 209.13,
      "text": "进行了自动化的调优。"
    },
    {
      "index": 67,
      "start": 209.13,
      "end": 212.75,
      "text": "但是对于先验知识的强依赖性问题还是没有解决。"
    },
    {
      "index": 68,
      "start": 212.99,
      "end": 213.41,
      "text": "最后，"
    },
    {
      "index": 69,
      "start": 213.41,
      "end": 216.65,
      "text": "我们在 a ten 的基础上提出了大模型智能调优方案，"
    },
    {
      "index": 70,
      "start": 216.89,
      "end": 219.13,
      "text": "利用大模型的学习能力与分析能力，"
    },
    {
      "index": 71,
      "start": 219.13,
      "end": 221.6,
      "text": "自主完成瓶颈分析和参数，"
    },
    {
      "index": 72,
      "start": 221.6,
      "end": 223.26,
      "text": "推荐节约人力成本，"
    },
    {
      "index": 73,
      "start": 223.34,
      "end": 224.52,
      "text": "节省调油耗时，"
    },
    {
      "index": 74,
      "start": 224.78,
      "end": 226.78,
      "text": "摆脱对先验知识的强依赖性。"
    },
    {
      "index": 75,
      "start": 226.98,
      "end": 227.8,
      "text": "基于此背景，"
    },
    {
      "index": 76,
      "start": 227.96,
      "end": 231.9,
      "text": "我们进一步推出了支持内嵌在 open 欧拉操作系统中的领域模型，"
    },
    {
      "index": 77,
      "start": 231.98,
      "end": 234.775,
      "text": "它可以在纯 CPU 环境进行推理部署。"
    },
    {
      "index": 78,
      "start": 235.82,
      "end": 244.14,
      "text": "下面我将向大家演示我们领域模型在鲲鹏九二零 b 服务器上的呃使用纯身纯 CPU 环境进行部署。"
    },
    {
      "index": 79,
      "start": 244.26,
      "end": 247.72,
      "text": "首先我们将模型文件下载到呃本地环境，"
    },
    {
      "index": 80,
      "start": 247.74,
      "end": 249.78,
      "text": "可以看到我们的 OS 领域模型走。"
    },
    {
      "index": 81,
      "start": 250.77,
      "end": 251.01,
      "text": "呃，"
    },
    {
      "index": 82,
      "start": 251.01,
      "end": 252.35,
      "text": "模型文件共有九个，"
    },
    {
      "index": 83,
      "start": 252.53,
      "end": 254.25,
      "text": "总计二点二个 g 左右。"
    },
    {
      "index": 84,
      "start": 254.59,
      "end": 256.45,
      "text": "然后我们使用拉马 CPP 工具，"
    },
    {
      "index": 85,
      "start": 256.47,
      "end": 259.965,
      "text": "直接将我们的领域模型在纯 CPU 环境上进行部署。"
    },
    {
      "index": 86,
      "start": 264.37,
      "end": 264.61,
      "text": "哦，"
    },
    {
      "index": 87,
      "start": 264.63,
      "end": 266.65,
      "text": "可以看到我们的领域模型已经成功，"
    },
    {
      "index": 88,
      "start": 266.65,
      "end": 269.55,
      "text": "在我们纯 CPU 环境完成了部署。"
    },
    {
      "index": 89,
      "start": 269.67,
      "end": 272.83,
      "text": "接着我们将我们的领域模型配置到我们的智能调优。"
    },
    {
      "index": 90,
      "start": 273.47,
      "end": 273.69,
      "text": "呃，"
    },
    {
      "index": 91,
      "start": 273.69,
      "end": 274.355,
      "text": "应用中，"
    },
    {
      "index": 92,
      "start": 275.08,
      "end": 278.04,
      "text": "主要是 LMURL 以及 LM model name。"
    },
    {
      "index": 93,
      "start": 278.04,
      "end": 281.355,
      "text": "这两个参数这边我已经提前配置好，"
    },
    {
      "index": 94,
      "start": 284.0,
      "end": 286.635,
      "text": "然后我们启动我们的智能调优。"
    },
    {
      "index": 95,
      "start": 288.19,
      "end": 290.01,
      "text": "由于现在调优还是小时级的，"
    },
    {
      "index": 96,
      "start": 290.01,
      "end": 292.15,
      "text": "所以我们这里跳过我们的调优过程，"
    },
    {
      "index": 97,
      "start": 292.23,
      "end": 294.65,
      "text": "直接给给大家展示一下我们的调优效果。"
    },
    {
      "index": 98,
      "start": 295.13,
      "end": 297.53,
      "text": "我们基于 mysql 开箱性能作为基线，"
    },
    {
      "index": 99,
      "start": 297.79,
      "end": 299.77,
      "text": "然后呃我们预先跑好了，"
    },
    {
      "index": 100,
      "start": 299.77,
      "end": 301.85,
      "text": "左边是我们的领域模型的调优效果。"
    },
    {
      "index": 101,
      "start": 301.85,
      "end": 306.11,
      "text": "右边是我们的 deep sik v 三六百七十一 b 模型的调优效果。"
    },
    {
      "index": 102,
      "start": 306.11,
      "end": 306.75,
      "text": "可以看到，"
    },
    {
      "index": 103,
      "start": 306.87,
      "end": 310.15,
      "text": "从最终的调优效果来对比我们的领域模型，"
    },
    {
      "index": 104,
      "start": 310.47,
      "end": 313.99,
      "text": "在支持纯 CPU 环境推部署推理的前提下，"
    },
    {
      "index": 105,
      "start": 314.17,
      "end": 318.445,
      "text": "又能达到 deep sic v 三六百七十一 b 模型的调优效果。"
    },
    {
      "index": 106,
      "start": 319.37,
      "end": 321.65,
      "text": "最后我们的领域模型在其他环境，"
    },
    {
      "index": 107,
      "start": 321.75,
      "end": 323.33,
      "text": "在其他应用的泛化能力。"
    },
    {
      "index": 108,
      "start": 323.47,
      "end": 324.71,
      "text": "我们总结了一个表格，"
    },
    {
      "index": 109,
      "start": 324.71,
      "end": 325.67,
      "text": "我们在 spark、"
    },
    {
      "index": 110,
      "start": 325.67,
      "end": 326.39,
      "text": "NGIS、"
    },
    {
      "index": 111,
      "start": 326.45,
      "end": 327.11,
      "text": "self PG、"
    },
    {
      "index": 112,
      "start": 327.11,
      "end": 327.53,
      "text": "circle、"
    },
    {
      "index": 113,
      "start": 327.53,
      "end": 330.55,
      "text": "mysql 等应用上均进行了调优效果的验证。"
    },
    {
      "index": 114,
      "start": 331.11,
      "end": 332.23,
      "text": "最后的结果表明，"
    },
    {
      "index": 115,
      "start": 332.23,
      "end": 336.89,
      "text": "我们的领域模型效果与 deep sic v 三六百七十一 b 的调优效果基本持平。"
    },
    {
      "index": 116,
      "start": 337.31,
      "end": 338.99,
      "text": "关于领域模型的演示到此结束，"
    },
    {
      "index": 117,
      "start": 338.99,
      "end": 339.475,
      "text": "谢谢大家。"
    },
    {
      "index": 118,
      "start": 342.41,
      "end": 343.65,
      "text": "谢谢数源的介绍。"
    },
    {
      "index": 119,
      "start": 344.27,
      "end": 348.29,
      "text": "我相信大家对于这样的一个演示应该都非常的有感触。"
    },
    {
      "index": 120,
      "start": 348.29,
      "end": 353.65,
      "text": "因为首先这是基于大模型来替代我们的这个专家，"
    },
    {
      "index": 121,
      "start": 353.75,
      "end": 355.99,
      "text": "在这里去做一个快速的系统调优。"
    },
    {
      "index": 122,
      "start": 355.99,
      "end": 358.19,
      "text": "并且在刚才的演示中能看到，"
    },
    {
      "index": 123,
      "start": 358.21,
      "end": 360.05,
      "text": "它不光在调优的结果，"
    },
    {
      "index": 124,
      "start": 360.27,
      "end": 364.77,
      "text": "并且在泛化能力上面都有一个非常出色的这个呈现。"
    },
    {
      "index": 125,
      "start": 365.11,
      "end": 366.09,
      "text": "然后另一方面的话，"
    },
    {
      "index": 126,
      "start": 366.09,
      "end": 370.83,
      "text": "这也是我们第一次能够不通过定制的硬件，"
    },
    {
      "index": 127,
      "start": 371.05,
      "end": 372.6,
      "text": "只通过 CPU 来做推理，"
    },
    {
      "index": 128,
      "start": 372.74,
      "end": 375.76,
      "text": "这使得这样一个技术的可普及性大大提高。"
    },
    {
      "index": 129,
      "start": 375.78,
      "end": 377.5,
      "text": "我们相信这样的一个探索，"
    },
    {
      "index": 130,
      "start": 377.5,
      "end": 384.44,
      "text": "也为后续在操作系统里内嵌更多的呃小的模型也指出了一个方向。"
    },
    {
      "index": 131,
      "start": 384.44,
      "end": 393.24,
      "text": "我们相信这会是一个后续操作系统领域里面大家开源探索和学术研究的一个热门的这个主题。"
    },
    {
      "index": 132,
      "start": 393.7,
      "end": 395.6,
      "text": "那么对于 OR 来说，"
    },
    {
      "index": 133,
      "start": 395.6,
      "end": 398.32,
      "text": "我们为什么今年能够做到这件事情，"
    },
    {
      "index": 134,
      "start": 398.5,
      "end": 400.66,
      "text": "其实也是有一个很强的相关性。"
    },
    {
      "index": 135,
      "start": 400.66,
      "end": 409.61,
      "text": "就是我们在今年通过刚才提到的 intelligboom 这样一个 open 欧拉和我们的伙伴联合的开源解决方案。"
    },
    {
      "index": 136,
      "start": 409.61,
      "end": 411.11,
      "text": "通过这样的一个方案的话，"
    },
    {
      "index": 137,
      "start": 411.11,
      "end": 411.35,
      "text": "呃，"
    },
    {
      "index": 138,
      "start": 411.39,
      "end": 413.99,
      "text": "我们在其中的模型微调能力，"
    },
    {
      "index": 139,
      "start": 414.27,
      "end": 418.83,
      "text": "使得就是我们在 open 欧拉上围绕自己的语料，"
    },
    {
      "index": 140,
      "start": 419.13,
      "end": 422.71,
      "text": "围绕自己的数据去增训一个模型成为了可能。"
    },
    {
      "index": 141,
      "start": 423.47,
      "end": 424.97,
      "text": "在这里给大家再回顾一下。"
    },
    {
      "index": 142,
      "start": 424.97,
      "end": 425.97,
      "text": "in intelligence，"
    },
    {
      "index": 143,
      "start": 425.97,
      "end": 434.88,
      "text": "boom 是 open 欧拉和高校企业以及各个社区联合打造的全站开源的 AI 基础软件解决方案。"
    },
    {
      "index": 144,
      "start": 435.24,
      "end": 441.5,
      "text": "我们在七月份的时候推出了呃就是我们的第一个这样的一个参考实现版本。"
    },
    {
      "index": 145,
      "start": 441.86,
      "end": 442.1,
      "text": "呃，"
    },
    {
      "index": 146,
      "start": 442.12,
      "end": 445.38,
      "text": "愿景就是通过这样的一个开源的参考实现，"
    },
    {
      "index": 147,
      "start": 445.38,
      "end": 447.0,
      "text": "来打破技术壁垒，"
    },
    {
      "index": 148,
      "start": 447.12,
      "end": 451.12,
      "text": "通过全站开源来加速大模型推理技术的普惠，"
    },
    {
      "index": 149,
      "start": 451.25999999999954,
      "end": 453.2,
      "text": "来赋能行业的转型。"
    },
    {
      "index": 150,
      "start": 453.67999999999955,
      "end": 453.92000000000047,
      "text": "呃，"
    },
    {
      "index": 151,
      "start": 453.92000000000047,
      "end": 455.29999999999956,
      "text": "在七月份的之后的话，"
    },
    {
      "index": 152,
      "start": 455.32,
      "end": 459.12,
      "text": "实际上整个社区还在快速的往前迭代和演进。"
    },
    {
      "index": 153,
      "start": 459.42000000000047,
      "end": 462.69,
      "text": "我们在生态拓展在异构协同，"
    },
    {
      "index": 154,
      "start": 462.7900000000005,
      "end": 467.65,
      "text": "在简单应用以及模型微调上都有了相应的进展。"
    },
    {
      "index": 155,
      "start": 467.88999999999953,
      "end": 470.95,
      "text": "所以很高兴的在这里也给大家呃宣布一下，"
    },
    {
      "index": 156,
      "start": 470.95,
      "end": 477.41,
      "text": "就是我们在当前发布 intelligboom 二五幺幺的第二个参考实现版本。"
    },
    {
      "index": 157,
      "start": 477.69,
      "end": 477.92999999999955,
      "text": "呃，"
    },
    {
      "index": 158,
      "start": 478.03,
      "end": 479.9699999999995,
      "text": "我们在最开始设计的时候，"
    },
    {
      "index": 159,
      "start": 480.17000000000047,
      "end": 483.57,
      "text": "就是社区里面基于 AI 工作组大家讨论。"
    },
    {
      "index": 160,
      "start": 483.87,
      "end": 487.27,
      "text": "我们希望把每一个参考实现版本的话，"
    },
    {
      "index": 161,
      "start": 487.27,
      "end": 492.16,
      "text": "用一种中国的地方特色美食来命名。"
    },
    {
      "index": 162,
      "start": 492.67999999999955,
      "end": 496.75999999999954,
      "text": "所以当时第一个版本我们用的名字是河南的烩面。"
    },
    {
      "index": 163,
      "start": 496.98,
      "end": 501.29999999999956,
      "text": "第二个的话是这个建议来自一位我的互联网朋友，"
    },
    {
      "index": 164,
      "start": 501.32,
      "end": 502.79999999999956,
      "text": "他是浙江温州人，"
    },
    {
      "index": 165,
      "start": 503.02,
      "end": 506.32,
      "text": "所以是温州当地的一种特色美食，"
    },
    {
      "index": 166,
      "start": 506.3400000000005,
      "end": 507.4,
      "text": "叫做敲鱼面。"
    },
    {
      "index": 167,
      "start": 507.63999999999953,
      "end": 507.88000000000045,
      "text": "呃，"
    },
    {
      "index": 168,
      "start": 508.02,
      "end": 509.62,
      "text": "大家如果对这个名字不熟的话，"
    },
    {
      "index": 169,
      "start": 509.62,
      "end": 511.5999999999995,
      "text": "可以下来自行那个搜索引擎，"
    },
    {
      "index": 170,
      "start": 511.5999999999995,
      "end": 514.245,
      "text": "或者通过豆包去查询一下。"
    },
    {
      "index": 171,
      "start": 515.7,
      "end": 515.94,
      "text": "好，"
    },
    {
      "index": 172,
      "start": 516.36,
      "end": 518.52,
      "text": "那呃在这个版本里面的话，"
    },
    {
      "index": 173,
      "start": 518.5400000000004,
      "end": 520.08,
      "text": "我们在低成本、"
    },
    {
      "index": 174,
      "start": 520.5000000000005,
      "end": 521.28,
      "text": "高效率、"
    },
    {
      "index": 175,
      "start": 521.5400000000004,
      "end": 522.24,
      "text": "易落地，"
    },
    {
      "index": 176,
      "start": 522.2599999999995,
      "end": 525.4,
      "text": "这些上面其实都有了相应的这个进展。"
    },
    {
      "index": 177,
      "start": 525.7,
      "end": 527.74,
      "text": "所以通过 boom 这种方案的话，"
    },
    {
      "index": 178,
      "start": 527.9600000000005,
      "end": 532.06,
      "text": "也使得更多的企业级 AI 触手可及。"
    },
    {
      "index": 179,
      "start": 532.3400000000005,
      "end": 536.32,
      "text": "然后我们下面的话其实就希望通过小伙伴的演示给大家，"
    },
    {
      "index": 180,
      "start": 536.32,
      "end": 544.44,
      "text": "更直观的了解一下我们这样一个开源全站到底怎么能够让 agentic AI 的软件生态触手可及，"
    },
    {
      "index": 181,
      "start": 544.56,
      "end": 545.275,
      "text": "开箱即用，"
    },
    {
      "index": 182,
      "start": 545.69,
      "end": 546.0949999999996,
      "text": "有请。"
    },
    {
      "index": 183,
      "start": 548.0000000000005,
      "end": 548.24,
      "text": "呃，"
    },
    {
      "index": 184,
      "start": 548.2599999999995,
      "end": 548.66,
      "text": "好的，"
    },
    {
      "index": 185,
      "start": 548.76,
      "end": 549.24,
      "text": "大家好，"
    },
    {
      "index": 186,
      "start": 549.38,
      "end": 551.775,
      "text": "我是来自 AI sig 的鲁一军。"
    },
    {
      "index": 187,
      "start": 552.42,
      "end": 553.72,
      "text": "在正式开始之前，"
    },
    {
      "index": 188,
      "start": 554.06,
      "end": 555.6,
      "text": "我们可以一块儿想一个问题，"
    },
    {
      "index": 189,
      "start": 555.96,
      "end": 559.135,
      "text": "那就是 deep seek 二一是什么时候发布的？"
    },
    {
      "index": 190,
      "start": 561.0,
      "end": 562.76,
      "text": "其实很多时候直觉告诉我，"
    },
    {
      "index": 191,
      "start": 562.94,
      "end": 564.8,
      "text": "这是一两年前的模型了，"
    },
    {
      "index": 192,
      "start": 565.28,
      "end": 567.44,
      "text": "但实际上是今年年初才发布。"
    },
    {
      "index": 193,
      "start": 567.82,
      "end": 569.16,
      "text": "之所以有这种错觉，"
    },
    {
      "index": 194,
      "start": 569.22,
      "end": 573.12,
      "text": "是因为现在 AI 领域的技术实际发展的太快了。"
    },
    {
      "index": 195,
      "start": 573.48,
      "end": 574.74,
      "text": "那么作为从业者，"
    },
    {
      "index": 196,
      "start": 574.76,
      "end": 577.18,
      "text": "为了能够跟上这些前沿的技术，"
    },
    {
      "index": 197,
      "start": 577.58,
      "end": 580.3,
      "text": "我经常会去一些技术平台学习总结。"
    },
    {
      "index": 198,
      "start": 580.84,
      "end": 582.88,
      "text": "比如去看一下最新的 AI 资讯，"
    },
    {
      "index": 199,
      "start": 583.44,
      "end": 587.12,
      "text": "然后学习一下最新发布的 AI agent 的工具等。"
    },
    {
      "index": 200,
      "start": 587.62,
      "end": 590.295,
      "text": "但是类似的信息发布平台非常多，"
    },
    {
      "index": 201,
      "start": 590.81,
      "end": 592.53,
      "text": "这种事情花费了很大精力。"
    },
    {
      "index": 202,
      "start": 592.95,
      "end": 595.95,
      "text": "那这个时候如果有一个智能洞察的助手，"
    },
    {
      "index": 203,
      "start": 595.95,
      "end": 597.01,
      "text": "能够完成这些事情，"
    },
    {
      "index": 204,
      "start": 597.35,
      "end": 598.37,
      "text": "那就轻松多了。"
    },
    {
      "index": 205,
      "start": 599.09,
      "end": 602.39,
      "text": "恰好现在也出现了像 define cos 这样，"
    },
    {
      "index": 206,
      "start": 602.39,
      "end": 606.625,
      "text": "非常适合新手去搭建智能体的项目。"
    },
    {
      "index": 207,
      "start": 607.28,
      "end": 610.48,
      "text": "那么我也去尝试用 define 开发了这么一个工具，"
    },
    {
      "index": 208,
      "start": 611.16,
      "end": 612.495,
      "text": "现在给大家演示一下。"
    },
    {
      "index": 209,
      "start": 614.72,
      "end": 614.96,
      "text": "呃，"
    },
    {
      "index": 210,
      "start": 615.0,
      "end": 618.6,
      "text": "首先启动发服务 OK，"
    },
    {
      "index": 211,
      "start": 618.6,
      "end": 619.675,
      "text": "它已经正常启动了。"
    },
    {
      "index": 212,
      "start": 620.4,
      "end": 622.62,
      "text": "除了使用理发来编排这个工具以外，"
    },
    {
      "index": 213,
      "start": 622.76,
      "end": 625.455,
      "text": "我们还用到了大模型的推理能力。"
    },
    {
      "index": 214,
      "start": 626.1,
      "end": 626.34,
      "text": "呃，"
    },
    {
      "index": 215,
      "start": 626.34,
      "end": 631.685,
      "text": "刚才我已经在生成的服务器上和 GPU 环境分别拉起了模型。"
    },
    {
      "index": 216,
      "start": 632.51,
      "end": 632.71,
      "text": "呃，"
    },
    {
      "index": 217,
      "start": 632.71,
      "end": 635.375,
      "text": "大屏幕上也显示了这些推理服务用到软件站。"
    },
    {
      "index": 218,
      "start": 636.21,
      "end": 640.92,
      "text": "现在检查一下这些服务是否 ok 好的，"
    },
    {
      "index": 219,
      "start": 640.92,
      "end": 644.215,
      "text": "那个升腾服务器上已经正常启动两个大模型。"
    },
    {
      "index": 220,
      "start": 645.26,
      "end": 647.585,
      "text": "然后再来看一下 GPU 环境的状态，"
    },
    {
      "index": 221,
      "start": 649.63,
      "end": 650.385,
      "text": "也没有问题。"
    },
    {
      "index": 222,
      "start": 651.01,
      "end": 653.615,
      "text": "那这时候就可以进入到 define 的工作界面，"
    },
    {
      "index": 223,
      "start": 657.97,
      "end": 661.175,
      "text": "接着导入已经编排好的 DSR 文件。"
    },
    {
      "index": 224,
      "start": 668.6,
      "end": 668.94,
      "text": "好的，"
    },
    {
      "index": 225,
      "start": 668.94,
      "end": 669.92,
      "text": "已经导入完成了。"
    },
    {
      "index": 226,
      "start": 670.18,
      "end": 672.215,
      "text": "那现场让他完成一个洞察任务，"
    },
    {
      "index": 227,
      "start": 678.52,
      "end": 679.98,
      "text": "趁着工具运行的时间，"
    },
    {
      "index": 228,
      "start": 679.98,
      "end": 684.12,
      "text": "我们回头看一下整个执行过程中用到了哪些。"
    },
    {
      "index": 229,
      "start": 684.5,
      "end": 685.985,
      "text": "欧蓬拉发布的软件。"
    },
    {
      "index": 230,
      "start": 686.76,
      "end": 690.92,
      "text": "先是从用户需求获取信息源链接的时候，"
    },
    {
      "index": 231,
      "start": 690.92,
      "end": 693.205,
      "text": "用到了千问三八 b 的模型。"
    },
    {
      "index": 232,
      "start": 694.27,
      "end": 699.875,
      "text": "这个模型是用欧蓬拉官方拉玛 CPP 镜像在升腾服务器上启动的。"
    },
    {
      "index": 233,
      "start": 700.64,
      "end": 704.82,
      "text": "然后在分层次提取链接内容的过程中，"
    },
    {
      "index": 234,
      "start": 705.5,
      "end": 709.935,
      "text": "浅层网页的信息提取用到的是千问三三十二 b 模型。"
    },
    {
      "index": 235,
      "start": 710.8,
      "end": 717.545,
      "text": "然后深度分析和总结的 agent 用到的是 java 三 nice 八十 b 稀疏模型。"
    },
    {
      "index": 236,
      "start": 718.36,
      "end": 724.665,
      "text": "这两个模型分别用欧普欧拉发布的 VM 和 SG 浪镜像一键启动的非常方便。"
    },
    {
      "index": 237,
      "start": 725.66,
      "end": 727.08,
      "text": "而且在本次会议之前，"
    },
    {
      "index": 238,
      "start": 727.68,
      "end": 734.845,
      "text": "这个洞察工具的 DSL 文件和刚才模型部署的所有脚本已经在社区开源了。"
    },
    {
      "index": 239,
      "start": 735.58,
      "end": 738.04,
      "text": "然后开源的链接在屏幕的正上方，"
    },
    {
      "index": 240,
      "start": 738.62,
      "end": 739.86,
      "text": "大家可以参考一下。"
    },
    {
      "index": 241,
      "start": 740.28,
      "end": 743.06,
      "text": "那么现在整个洞察任务已经结束了。"
    },
    {
      "index": 242,
      "start": 743.399,
      "end": 744.36,
      "text": "当然为了方便，"
    },
    {
      "index": 243,
      "start": 744.54,
      "end": 747.54,
      "text": "我随时去查看每天的洞察结果，"
    },
    {
      "index": 244,
      "start": 747.7,
      "end": 750.1,
      "text": "我也配置了邮件订阅这么一个功能，"
    },
    {
      "index": 245,
      "start": 750.46,
      "end": 752.645,
      "text": "然后可以看一下邮箱，"
    },
    {
      "index": 246,
      "start": 754.04,
      "end": 754.2,
      "text": "呃，"
    },
    {
      "index": 247,
      "start": 754.2,
      "end": 758.075,
      "text": "可以看到邮箱确实已经收到了刚才洞察的结果，"
    },
    {
      "index": 248,
      "start": 758.75,
      "end": 762.67,
      "text": "而且在一分钟左右的时间就得到这么多细化的内容，"
    },
    {
      "index": 249,
      "start": 762.93,
      "end": 764.655,
      "text": "确实效率比人工高多了。"
    },
    {
      "index": 250,
      "start": 765.39,
      "end": 766.59,
      "text": "如果大家感兴趣，"
    },
    {
      "index": 251,
      "start": 766.63,
      "end": 769.885,
      "text": "可以在会后也尝试一下屏幕上方的链接。"
    },
    {
      "index": 252,
      "start": 770.56,
      "end": 770.7,
      "text": "好，"
    },
    {
      "index": 253,
      "start": 770.7,
      "end": 774.82,
      "text": "谢谢大家好，"
    },
    {
      "index": 254,
      "start": 775.16,
      "end": 777.42,
      "text": "谢谢小伙伴的分享啊。"
    },
    {
      "index": 255,
      "start": 777.5,
      "end": 788.12,
      "text": "这个我们能看到就是我们的全站既能够支持在不同的企业环境里面高效的获取 AI 软件运行。"
    },
    {
      "index": 256,
      "start": 788.72,
      "end": 795.025,
      "text": "然后也能够支持在上面高效的基于企业自己的数据去开发 agent 以及定制模型。"
    },
    {
      "index": 257,
      "start": 795.79,
      "end": 796.03,
      "text": "呃，"
    },
    {
      "index": 258,
      "start": 796.75,
      "end": 802.71,
      "text": "我们都知道欧布欧拉是一个全场景多样性算力的支持的这样的一个操作系统社区。"
    },
    {
      "index": 259,
      "start": 803.13,
      "end": 805.55,
      "text": "所以刚才在讲的 intelliboom 的时候，"
    },
    {
      "index": 260,
      "start": 805.55,
      "end": 808.03,
      "text": "肯定也有呃小伙伴在想，"
    },
    {
      "index": 261,
      "start": 808.29,
      "end": 813.79,
      "text": "就是的 intelliboom 它是不是只能够在云和服务器上来运行。"
    },
    {
      "index": 262,
      "start": 814.15,
      "end": 817.01,
      "text": "那我们都理解这样的一个问题。"
    },
    {
      "index": 263,
      "start": 817.41,
      "end": 819.99,
      "text": "所以这是我们的回答，"
    },
    {
      "index": 264,
      "start": 820.35,
      "end": 821.75,
      "text": "就并不是诶，"
    },
    {
      "index": 265,
      "start": 822.19,
      "end": 823.75,
      "text": "我们在看 inteaction boom 的话，"
    },
    {
      "index": 266,
      "start": 823.75,
      "end": 827.42,
      "text": "他虽然是从服务器从从云上的 AI 软件站开始，"
    },
    {
      "index": 267,
      "start": 827.76,
      "end": 833.8,
      "text": "但是它一定会拓展成为一个全场景的呃 AI 的参考实现。"
    },
    {
      "index": 268,
      "start": 834.2,
      "end": 837.68,
      "text": "所以那除了云和服务器之外的话，"
    },
    {
      "index": 269,
      "start": 837.68,
      "end": 838.94,
      "text": "现在在什么场合里面？"
    },
    {
      "index": 270,
      "start": 838.94,
      "end": 840.74,
      "text": "大家对 AI 的诉求最强烈呢？"
    },
    {
      "index": 271,
      "start": 840.74,
      "end": 843.5,
      "text": "就是巨身智能机器人。"
    },
    {
      "index": 272,
      "start": 843.5,
      "end": 847.18,
      "text": "所以我们很高兴的把 inteltious boom，"
    },
    {
      "index": 273,
      "start": 847.38,
      "end": 852.32,
      "text": "在云上的和边缘上的这样的要站通过云边协同、"
    },
    {
      "index": 274,
      "start": 852.38,
      "end": 858.94,
      "text": "端边协同的方式和巨身机器人去做一个相应的对接。"
    },
    {
      "index": 275,
      "start": 859.6,
      "end": 860.9,
      "text": "传统的软件站的话，"
    },
    {
      "index": 276,
      "start": 860.98,
      "end": 864.6,
      "text": "是以 ross 就是机器人 OS 这些中间件为基础的，"
    },
    {
      "index": 277,
      "start": 864.92,
      "end": 867.24,
      "text": "但是他们的智能化能力不足。"
    },
    {
      "index": 278,
      "start": 867.74,
      "end": 872.83,
      "text": "我们的 AI 软件站虽然在数字世界里面有强大的能力，"
    },
    {
      "index": 279,
      "start": 873.07,
      "end": 876.73,
      "text": "但是缺的是和物理世界交互的能力。"
    },
    {
      "index": 280,
      "start": 877.11,
      "end": 883.51,
      "text": "所以通过 intelligboom 在云边协同和端侧的巨身智能的软件站的这个对接，"
    },
    {
      "index": 281,
      "start": 883.81,
      "end": 887.75,
      "text": "我们希望能够去构建一种全新的 AI 机器人的框架。"
    },
    {
      "index": 282,
      "start": 888.25,
      "end": 892.13,
      "text": "通过数据感知层来采集数据，"
    },
    {
      "index": 283,
      "start": 892.33,
      "end": 893.19,
      "text": "筛选数据，"
    },
    {
      "index": 284,
      "start": 893.37,
      "end": 897.19,
      "text": "通过基础框架和 AI 站在云边的协同和联动，"
    },
    {
      "index": 285,
      "start": 897.47,
      "end": 900.19,
      "text": "实现高效的推理和精准的控制，"
    },
    {
      "index": 286,
      "start": 900.41,
      "end": 904.86,
      "text": "并且能够针对被呃异构加速、"
    },
    {
      "index": 287,
      "start": 905.08,
      "end": 905.58,
      "text": "多模型、"
    },
    {
      "index": 288,
      "start": 905.58,
      "end": 908.74,
      "text": "性能调度这些场景去做针对性的优化。"
    },
    {
      "index": 289,
      "start": 909.06,
      "end": 910.2,
      "text": "我们整个方案的话，"
    },
    {
      "index": 290,
      "start": 910.2,
      "end": 913.1,
      "text": "当前还在紧锣密鼓的开发阶段。"
    },
    {
      "index": 291,
      "start": 913.34,
      "end": 915.92,
      "text": "当前智援呃开发社区，"
    },
    {
      "index": 292,
      "start": 916.22,
      "end": 916.9,
      "text": "还有 HR、"
    },
    {
      "index": 293,
      "start": 916.9,
      "end": 919.08,
      "text": "ross 这些伙伴都已经参与进来。"
    },
    {
      "index": 294,
      "start": 919.4,
      "end": 925.72,
      "text": "在共同推进整个生态的建设和发展现场展区的话也有相应的阶段性成果。"
    },
    {
      "index": 295,
      "start": 925.92,
      "end": 929.04,
      "text": "欢迎各位呃待会儿会议间隙的时候的话，"
    },
    {
      "index": 296,
      "start": 929.06,
      "end": 931.895,
      "text": "能够去做参观和交流。"
    },
    {
      "index": 297,
      "start": 934.11,
      "end": 934.35,
      "text": "呃，"
    }
  ],
  "artifacts": [
    "output/day2_main/part_05/chunk_00/03_srt_slice/artifacts/chunk_baseline.srt"
  ],
  "metadata": {},
  "trace_id": null,
  "duration_ms": 0,
  "started_at": "2025-12-17T20:59:50.617954",
  "completed_at": "2025-12-17T12:59:50.633981",
  "step_config": {},
  "dependencies": [
    "downscale"
  ]
}