{
  "address": "ai_session/part_07/chunk_00/09_apply_crop/slide_017",
  "status": "completed",
  "input": {
    "image_path": "output/ai_session/part_07/chunk_00/07_capture_frame/slide_017/artifacts/slide_017.png",
    "crop_region": {
      "x": 96,
      "y": 0,
      "width": 1824,
      "height": 1080
    }
  },
  "output": "output/ai_session/part_07/chunk_00/09_apply_crop/slide_017/artifacts/slide_017.png",
  "artifacts": [
    "output/ai_session/part_07/chunk_00/09_apply_crop/slide_017/artifacts/slide_017.png"
  ],
  "metadata": {
    "source": "output/ai_session/part_07/chunk_00/07_capture_frame/slide_017/artifacts/slide_017.png",
    "applied": true,
    "crop_region": {
      "x": 96,
      "y": 0,
      "width": 1824,
      "height": 1080
    },
    "size": {
      "width": 1824,
      "height": 1080
    }
  },
  "trace_id": null,
  "duration_ms": 150,
  "started_at": "2025-12-16T00:31:41.597423",
  "completed_at": "2025-12-15T16:31:41.748161",
  "step_config": {},
  "dependencies": [
    "capture_frame",
    "crop_decision"
  ]
}