{
  "address": "ScienceEducationInnovation/part_04/final/07_script_refine/9",
  "status": "completed",
  "input": {
    "narrative": {
      "id": "sec_010",
      "index": 9,
      "title": "总结与致谢",
      "time_range": "00:20:34,320 - 00:21:33,409",
      "script": "最后，感谢各位同事与同学。我们是来自北航分布式系统可靠与智能系统团队（RAIDS Lab）。谢谢聆听，请批评指正。\n好的，谢谢杨老师。请您留步，现场有没有朋友要提问？大家可以随时举手示意我们的工作人员。\n再次感谢杨老师的精彩呈现。从资源调度到可靠性保障，杨老师的研究为异构融合 AI Infra 系统的发展提供了有力支撑。",
      "summary": ""
    }
  },
  "output": {
    "section_id": "sec_010",
    "index": 9,
    "title": "总结与致谢",
    "time_range": "00:20:34,320 - 00:21:33,409",
    "refined_script": "# 总结与致谢\n\n## 1. 核心研究方向总结\n本次分享重点探讨了**异构融合 AI Infra 系统**的关键技术挑战与解决方案，主要涵盖以下两个核心维度：\n\n*   **资源调度优化**：针对异构计算资源的高效分配与管理机制。\n*   **可靠性保障**：在复杂系统环境下，确保 AI 基础设施稳定运行的支撑技术。\n\n## 2. 团队背景\n本研究由**北京航空航天大学分布式系统可靠与智能系统实验室（RAIDS Lab）**完成。团队致力于通过系统化的方法论，为现代 AI 基础设施的发展提供理论支撑与实践指导。\n\n## 3. 互动与反馈\n*   **致谢**：感谢所有参与研究的同事与同学，以及现场观众的聆听。\n*   **交流**：欢迎针对报告内容提出批评与指正。现场观众可通过举手示意工作人员进行提问交流。",
    "summary": "",
    "original_script": "最后，感谢各位同事与同学。我们是来自北航分布式系统可靠与智能系统团队（RAIDS Lab）。谢谢聆听，请批评指正。\n好的，谢谢杨老师。请您留步，现场有没有朋友要提问？大家可以随时举手示意我们的工作人员。\n再次感谢杨老师的精彩呈现。从资源调度到可靠性保障，杨老师的研究为异构融合 AI Infra 系统的发展提供了有力支撑。"
  },
  "artifacts": [
    "output/ScienceEducationInnovation/part_04/final/07_script_refine/9/artifacts/section_sec_010_refined.md"
  ],
  "metadata": {
    "refined_length": 358,
    "original_length": 161,
    "summary_length": 0
  },
  "trace_id": "1d6d4a49-a684-4fab-a2ae-b8503a3e6d90",
  "duration_ms": 48957,
  "started_at": "2025-12-21T23:41:16.037796",
  "completed_at": "2025-12-21T15:42:04.995503",
  "step_config": {
    "model": "gemini-3-flash-preview",
    "temperature": 0.2,
    "prompt_file": "/Users/lichuan/Codes/TalkDistill/config/prompts/script_refine.md",
    "schema_file": "/Users/lichuan/Codes/TalkDistill/config/schemas/script_refine.json"
  },
  "dependencies": [
    "section_timing"
  ]
}