{
  "address": "ScienceEducationInnovation/part_02/final/07_script_refine/1",
  "status": "completed",
  "input": {
    "narrative": {
      "id": "sec_002",
      "index": 1,
      "title": "研究背景：推荐模型的结构与存储困境阐述推荐模型中嵌入层（Embedding Layer）的重要性，以及当前面临的容量墙和带宽墙挑战。阐述推荐模型中嵌入层（Embedding Layer）的重要性，以及当前面临的容量墙和带宽墙挑战。",
      "time_range": "00:01:27,780 - 00:05:35,435",
      "script": "我们目前的工作主要围绕参数存储、向量存储和记忆存储三个层次展开。\n随着人工智能模型规模的扩大，模型“脑容量”增加，对应的参数量也随之激增。\n其次，AI 模型观察万物的方式是将世界万物表达为向量，因此向量存储也是我们需要考虑的关键组件。\n第三块是记忆存储。区分聊天机器人与真正智能体的关键在于智能体是否拥有记忆。\n如果没有记忆，它只是一个简单的 Chatbot。因此，我们也面向特定场景研究大语言模型（LLM）的记忆方案，包括 RAG 或参数化记忆方案。\n回到本次演讲的主题，我们主要针对推荐模型的参数存储，即刚才提到的最底层部分。\n当前互联网高度发达，每天产生海量的视频、推文等 UGC 内容。面对海量信息，用户无法全部处理，因此需要推荐模型负责筛选并呈现。\n在 Facebook 的 AI 集群中，推荐模型在 AI 服务耗时中的占比已达到 80%。因此，推荐模型已成为现代数据中心 AI 服务的主要载体。\n具体看推荐模型的结构，它与传统的 CV 或 NLP 模型不同，拥有一个非常庞大的嵌入层（Embedding Layer）。\n其中包含许多嵌入表，如城市、用户、视频的嵌入表。\n推荐模型的输入不是像 ResNet 那样的稠密图像，而是高维稀疏的 ID。\n由于 DNN 难以直接处理高维稀疏 ID，因此使用嵌入表将其转化为低维稠密向量。\n例如，根据用户最近观看的三个视频 ID，从表中查出对应的三行向量，再喂给神经网络。这部分稀疏参数访问是典型的访存密集型而非计算密集型。\n当前推荐模型面临两方面的存储困境。第一是容量墙，参数量巨大。\n由于 ID 交叉等技术，嵌入层参数量可达 12 万亿级。工业实践证明，模型精度提升需要参数量的同步提升。\n第二是带宽墙。嵌入层涉及大量访存操作。根据阿里的统计，嵌入操作占端到端模型时间的 70% 以上。\n这严重限制了算力的发挥。受这两堵墙叠加影响，快手目前部署了万台内存参数服务器，仅用于存储模型。\n其机器成本极高，达到了十亿元级别。\n因此，存储系统已成为制约推荐模型发展的核心因素。",
      "summary": ""
    }
  },
  "output": {
    "section_id": "sec_002",
    "index": 1,
    "title": "研究背景：推荐模型的结构与存储困境阐述推荐模型中嵌入层（Embedding Layer）的重要性，以及当前面临的容量墙和带宽墙挑战。阐述推荐模型中嵌入层（Embedding Layer）的重要性，以及当前面临的容量墙和带宽墙挑战。",
    "time_range": "00:01:27,780 - 00:05:35,435",
    "refined_script": "# 研究背景：推荐模型的结构演进与存储困境\n\n## 1. AI 存储的三层架构体系\n在当前人工智能领域，存储系统根据其承载的功能可分为三个核心层次：\n- **参数存储 (Parameter Storage)**：模型底层权重的存储，是推荐模型等大规模系统的基石。\n- **向量存储 (Vector Storage)**：将现实世界实体转化为高维向量后的索引与检索层。\n- **记忆存储 (Memory Storage)**：赋予智能体（Agent）长期记忆能力的关键，涵盖 RAG（检索增强生成）或参数化记忆方案，是区分简单聊天机器人与智能体的核心指标。\n\n本文重点探讨**推荐模型中的参数存储**问题。\n\n## 2. 推荐模型在现代数据中心的核心地位\n随着互联网 UGC（用户生成内容）爆发式增长，推荐模型已成为筛选海量信息的关键基础设施。其重要性体现在：\n- **业务占比高**：以 Facebook 为例，推荐模型在 AI 集群服务耗时中的占比已高达 **80%**。\n- **算力载体**：推荐模型已成为现代数据中心 AI 服务的主要负载类型。\n\n## 3. 推荐模型结构：嵌入层 (Embedding Layer) 的作用\n与传统的 CV（计算机视觉）或 NLP（自然语言处理）模型不同，推荐模型具有独特的结构特征：\n\n### 3.1 输入特征：高维稀疏 ID\n推荐模型的输入通常是城市、用户、视频等离散的 ID 信息。由于深度神经网络（DNN）无法直接处理这些高维稀疏数据，必须通过嵌入表进行转化。\n\n### 3.2 核心组件：嵌入表 (Embedding Table)\n- **功能**：将高维稀疏 ID 映射为低维稠密向量（Dense Vector）。\n- **运行机制**：例如，根据用户观看的视频 ID，从嵌入表中检索对应的向量行，随后输入神经网络进行计算。\n- **访存特性**：嵌入层的操作本质上是**访存密集型 (Memory-intensive)**，而非计算密集型。\n\n## 4. 推荐模型面临的“两堵墙”挑战\n\n### 4.1 容量墙 (Capacity Wall)\n- **规模激增**：由于特征交叉等技术的应用，嵌入层参数量已达到 **12 万亿级**。\n- **精度耦合**：工业界实践证明，模型精度的提升高度依赖于参数规模的同步增长，这对存储容量提出了极高要求。\n\n### 4.2 带宽墙 (Bandwidth Wall)\n- **性能瓶颈**：嵌入层涉及海量的随机访存操作。根据阿里巴巴的统计数据，嵌入操作占端到端模型运行时间的 **70% 以上**。\n- **算力受限**：访存延迟严重制约了计算单元（如 GPU/NPU）的效能发挥。\n\n## 5. 工业界现状与成本压力\n受限于容量与带宽的双重压力，目前的解决方案往往依赖于大规模硬件堆叠：\n- **部署规模**：快手等头部企业需部署**万台规模**的内存参数服务器仅用于存储模型。\n- **经济成本**：此类集群的机器成本已达到**十亿元人民币**级别。\n\n**结论**：存储系统已取代计算单元，成为制约现代推荐模型演进与落地的核心瓶颈。",
    "summary": "",
    "original_script": "我们目前的工作主要围绕参数存储、向量存储和记忆存储三个层次展开。\n随着人工智能模型规模的扩大，模型“脑容量”增加，对应的参数量也随之激增。\n其次，AI 模型观察万物的方式是将世界万物表达为向量，因此向量存储也是我们需要考虑的关键组件。\n第三块是记忆存储。区分聊天机器人与真正智能体的关键在于智能体是否拥有记忆。\n如果没有记忆，它只是一个简单的 Chatbot。因此，我们也面向特定场景研究大语言模型（LLM）的记忆方案，包括 RAG 或参数化记忆方案。\n回到本次演讲的主题，我们主要针对推荐模型的参数存储，即刚才提到的最底层部分。\n当前互联网高度发达，每天产生海量的视频、推文等 UGC 内容。面对海量信息，用户无法全部处理，因此需要推荐模型负责筛选并呈现。\n在 Facebook 的 AI 集群中，推荐模型在 AI 服务耗时中的占比已达到 80%。因此，推荐模型已成为现代数据中心 AI 服务的主要载体。\n具体看推荐模型的结构，它与传统的 CV 或 NLP 模型不同，拥有一个非常庞大的嵌入层（Embedding Layer）。\n其中包含许多嵌入表，如城市、用户、视频的嵌入表。\n推荐模型的输入不是像 ResNet 那样的稠密图像，而是高维稀疏的 ID。\n由于 DNN 难以直接处理高维稀疏 ID，因此使用嵌入表将其转化为低维稠密向量。\n例如，根据用户最近观看的三个视频 ID，从表中查出对应的三行向量，再喂给神经网络。这部分稀疏参数访问是典型的访存密集型而非计算密集型。\n当前推荐模型面临两方面的存储困境。第一是容量墙，参数量巨大。\n由于 ID 交叉等技术，嵌入层参数量可达 12 万亿级。工业实践证明，模型精度提升需要参数量的同步提升。\n第二是带宽墙。嵌入层涉及大量访存操作。根据阿里的统计，嵌入操作占端到端模型时间的 70% 以上。\n这严重限制了算力的发挥。受这两堵墙叠加影响，快手目前部署了万台内存参数服务器，仅用于存储模型。\n其机器成本极高，达到了十亿元级别。\n因此，存储系统已成为制约推荐模型发展的核心因素。"
  },
  "artifacts": [
    "output/ScienceEducationInnovation/part_02/final/07_script_refine/1/artifacts/section_sec_002_refined.md"
  ],
  "metadata": {
    "refined_length": 1317,
    "original_length": 861,
    "summary_length": 0
  },
  "trace_id": "c3ea2656-a3e9-4023-8610-72c5ef37bfb7",
  "duration_ms": 17067,
  "started_at": "2025-12-19T00:56:09.942043",
  "completed_at": "2025-12-18T16:56:27.010047",
  "step_config": {
    "model": "gemini-3-flash-preview",
    "temperature": 0.2,
    "prompt_file": "/Users/lichuan/Codes/TalkDistill/config/prompts/script_refine.md",
    "schema_file": "/Users/lichuan/Codes/TalkDistill/config/schemas/script_refine.json"
  },
  "dependencies": [
    "section_timing"
  ]
}