{
  "id": "sec_10",
  "index": 9,
  "title": "问答与串场",
  "time_range": "00:19:47,185 - 00:20:36,730",
  "script": "20年前可能是一些比较业余的选手，大家很分散，做一些很有趣的攻击。\n谢谢，感谢李老师的专业分享。还是请您留步。\n同样呢，接下来的时间依旧是交给我们在座的各位朋友，大家有没有什么想要提问的，可以随时举手示意我们。\n有吗？可以让我们工作人员走到您的身边。\n好，那如果没有的话，再一次的感谢李老师给我们带来的专业分享，谢谢。\n端到端的攻击检测技术呢，为人工智能系统筑牢了安全防线，也为相关领域的研究提供了重要参考。\n接下来，我们将有请出北京航空航天大学的杨任宇老师，带来异构融合的AI Infra系统软件资源管理与可靠性保障的分享。\nAI Infra系统的资源管理与可靠性是开源生态建设的核心议题。让我们掌声欢迎杨老师，欢迎。",
  "summary": "主持人感谢李老师的分享并开放现场问答环节。由于无人提问，主持人再次感谢讲者，并简要总结了其分享的意义。随后，主持人介绍了下一位讲者——来自北京航空航天大学的杨任宇老师及其分享主题。"
}