{
  "address": "ScienceEducationInnovation/part_03/chunk_00/03_srt_slice",
  "status": "completed",
  "input": {
    "global_srt": "output/ScienceEducationInnovation/part_-01/chunk_-01/00_global_funasr/artifacts/global.srt",
    "start_ms": 3376250.0,
    "end_ms": 4601250.0,
    "output_name": "chunk_baseline.srt"
  },
  "output": [
    {
      "index": 1,
      "start": 0,
      "end": 3.28,
      "text": "接下来让我们有请出北京大学的李定老师，"
    },
    {
      "index": 2,
      "start": 3.36,
      "end": 8.54,
      "text": "为我们带来人工智能端到端的复杂攻击检测技术研究的主题分享。"
    },
    {
      "index": 3,
      "start": 8.84,
      "end": 11.1,
      "text": "在人工智能广泛应用的今天，"
    },
    {
      "index": 4,
      "start": 11.4,
      "end": 13.2,
      "text": "安全防护至关重要。"
    },
    {
      "index": 5,
      "start": 13.26,
      "end": 15.595,
      "text": "让我们掌声欢迎李老师有请。"
    },
    {
      "index": 6,
      "start": 20.73,
      "end": 20.97,
      "text": "嗯，"
    },
    {
      "index": 7,
      "start": 21.07,
      "end": 25.07,
      "text": "好好呃谢谢谢谢主持人的介绍啊。"
    },
    {
      "index": 8,
      "start": 25.41,
      "end": 28.73,
      "text": "那我在这儿呢也是啊感谢华为给我们邀请啊，"
    },
    {
      "index": 9,
      "start": 28.73,
      "end": 29.81,
      "text": "我们今天介绍这个项目呢，"
    },
    {
      "index": 10,
      "start": 29.81,
      "end": 32.31,
      "text": "实际上是跟呃欧布欧拉合作很长时间了。"
    },
    {
      "index": 11,
      "start": 32.31,
      "end": 34.39,
      "text": "我们啊二三年开始啊，"
    },
    {
      "index": 12,
      "start": 34.39,
      "end": 35.95,
      "text": "就已经在这讲过一次。"
    },
    {
      "index": 13,
      "start": 35.95,
      "end": 36.55,
      "text": "二四年啊，"
    },
    {
      "index": 14,
      "start": 36.55,
      "end": 37.65,
      "text": "今年有个很很荣幸，"
    },
    {
      "index": 15,
      "start": 37.65,
      "end": 39.19,
      "text": "在这这再讲一次啊，"
    },
    {
      "index": 16,
      "start": 39.19,
      "end": 40.29,
      "text": "就是我们一直演进啊，"
    },
    {
      "index": 17,
      "start": 40.29,
      "end": 42.85,
      "text": "就是跟欧拉一个长期的合作项目。"
    },
    {
      "index": 18,
      "start": 43.23,
      "end": 47.81,
      "text": "那么欧拉的啊啊我们的阮建海啊，"
    },
    {
      "index": 19,
      "start": 47.81,
      "end": 50.67,
      "text": "我们的任玉新啊给我们做了很多的贡献啊，"
    },
    {
      "index": 20,
      "start": 50.83,
      "end": 53.25,
      "text": "那所以我们今天把把我们这些最最近的进展呢，"
    },
    {
      "index": 21,
      "start": 53.25,
      "end": 54.63,
      "text": "跟跟各位老老师啊，"
    },
    {
      "index": 22,
      "start": 54.63,
      "end": 56.395,
      "text": "我们跟各各同话我们分享一下。"
    },
    {
      "index": 23,
      "start": 57.52,
      "end": 57.7,
      "text": "好，"
    },
    {
      "index": 24,
      "start": 57.7,
      "end": 61.505,
      "text": "那我们今天讲的这个是人工智能端到端的复杂攻击检测技术啊，"
    },
    {
      "index": 25,
      "start": 62.27,
      "end": 66.75,
      "text": "那么我们的背景实际上是要防御这种很现在这种很复杂的 APD 攻击啊，"
    },
    {
      "index": 26,
      "start": 66.75,
      "end": 67.33,
      "text": "APD 攻击。"
    },
    {
      "index": 27,
      "start": 67.33,
      "end": 71.89,
      "text": "就是就说我们现在这个安全环境跟我们大概二十年前已经变化很大了。"
    },
    {
      "index": 28,
      "start": 72.25,
      "end": 72.45,
      "text": "啊，"
    },
    {
      "index": 29,
      "start": 72.45,
      "end": 76.57,
      "text": "二十年前可能是一些啊比较业余的选手，"
    },
    {
      "index": 30,
      "start": 76.57,
      "end": 76.83,
      "text": "对吧？"
    },
    {
      "index": 31,
      "start": 76.83,
      "end": 78.55,
      "text": "大家大家很分散啊，"
    },
    {
      "index": 32,
      "start": 78.55,
      "end": 80.295,
      "text": "大家做一些很很有趣儿的攻击。"
    },
    {
      "index": 33,
      "start": 81.07,
      "end": 81.99,
      "text": "那么现在的攻击呢，"
    },
    {
      "index": 34,
      "start": 81.99,
      "end": 84.47,
      "text": "往往是已经是国家队还是驻长了啊，"
    },
    {
      "index": 35,
      "start": 84.47,
      "end": 87.75,
      "text": "比如说美国啊这这二二年度啊，"
    },
    {
      "index": 36,
      "start": 87.75,
      "end": 87.99,
      "text": "对对，"
    },
    {
      "index": 37,
      "start": 87.99,
      "end": 91.29,
      "text": "西北工大打的那个攻击啊都是有专业的攻击啊，"
    },
    {
      "index": 38,
      "start": 91.29,
      "end": 92.19,
      "text": "他技术能力很强。"
    },
    {
      "index": 39,
      "start": 92.63,
      "end": 98.095,
      "text": "那么这个呢当然这个 APD 攻击呢已经可以说是现在全全世界范围内一个很大的威胁。"
    },
    {
      "index": 40,
      "start": 98.89,
      "end": 99.09,
      "text": "啊，"
    },
    {
      "index": 41,
      "start": 99.09,
      "end": 102.17,
      "text": "那么我们发现呢跟传统攻击相比，"
    },
    {
      "index": 42,
      "start": 102.17,
      "end": 106.39,
      "text": "那么 APD 攻击下防御就是一个我们整个安全界的一个重大的难题啊，"
    },
    {
      "index": 43,
      "start": 106.649,
      "end": 107.23,
      "text": "那为什么呢？"
    },
    {
      "index": 44,
      "start": 107.23,
      "end": 109.51,
      "text": "因为这个安置这个 APD 攻击它有三个特征，"
    },
    {
      "index": 45,
      "start": 109.73,
      "end": 111.8,
      "text": "一个是它逻辑复杂啊，"
    },
    {
      "index": 46,
      "start": 111.8,
      "end": 113.36,
      "text": "就是 VPAPD 攻击，"
    },
    {
      "index": 47,
      "start": 113.36,
      "end": 115.56,
      "text": "它不再是一个单点式的这种攻击啊，"
    },
    {
      "index": 48,
      "start": 115.56,
      "end": 116.42,
      "text": "不再是一个点，"
    },
    {
      "index": 49,
      "start": 116.88,
      "end": 118.24,
      "text": "它可能是多套技术啊，"
    },
    {
      "index": 50,
      "start": 118.24,
      "end": 119.86,
      "text": "很多攻击的组合拳啊，"
    },
    {
      "index": 51,
      "start": 120.2,
      "end": 124.04,
      "text": "那么它就要求我们这种防御技术呢能够有这种多点关联的能力。"
    },
    {
      "index": 52,
      "start": 124.2,
      "end": 126.78,
      "text": "我要能把一系列的战役啊可能看起来没有关系，"
    },
    {
      "index": 53,
      "start": 127.08,
      "end": 128.18,
      "text": "我把它关联起来啊，"
    },
    {
      "index": 54,
      "start": 128.18,
      "end": 129.445,
      "text": "把它恢复出攻击逻辑来。"
    },
    {
      "index": 55,
      "start": 130.02,
      "end": 132.77,
      "text": "第二个呢是第二个特点是 APT 攻击，"
    },
    {
      "index": 56,
      "start": 132.77,
      "end": 134.01,
      "text": "它特征隐蔽啊，"
    },
    {
      "index": 57,
      "start": 134.01,
      "end": 136.57,
      "text": "就是我们这些国家队专业人手，"
    },
    {
      "index": 58,
      "start": 136.57,
      "end": 139.18,
      "text": "他会有很多的这种文件攻击。"
    },
    {
      "index": 59,
      "start": 139.18,
      "end": 141.1,
      "text": "脚本攻击这种手段它很隐蔽啊，"
    },
    {
      "index": 60,
      "start": 141.1,
      "end": 145.265,
      "text": "所以你防御的手段呢也需要有这种自动化挖掘隐蔽特征的能力。"
    },
    {
      "index": 61,
      "start": 145.91,
      "end": 146.13,
      "text": "啊，"
    },
    {
      "index": 62,
      "start": 146.13,
      "end": 146.995,
      "text": "那么第三个呢，"
    },
    {
      "index": 63,
      "start": 147.58,
      "end": 148.84,
      "text": "它的技术多变啊，"
    },
    {
      "index": 64,
      "start": 148.84,
      "end": 149.58,
      "text": "就是 APD 攻击，"
    },
    {
      "index": 65,
      "start": 149.58,
      "end": 151.0,
      "text": "经常会有这种临时漏洞，"
    },
    {
      "index": 66,
      "start": 151.0,
      "end": 152.96,
      "text": "或者未没有发现过的临时攻击。"
    },
    {
      "index": 67,
      "start": 153.52,
      "end": 153.76,
      "text": "啊，"
    },
    {
      "index": 68,
      "start": 153.76,
      "end": 157.04,
      "text": "他就要求你的防御技术呢有这种主动适应攻击的能力，"
    },
    {
      "index": 69,
      "start": 157.04,
      "end": 158.22,
      "text": "主动适应未知的能力。"
    },
    {
      "index": 70,
      "start": 158.7,
      "end": 158.94,
      "text": "啊，"
    },
    {
      "index": 71,
      "start": 158.94,
      "end": 159.68,
      "text": "那么很遗憾呢，"
    },
    {
      "index": 72,
      "start": 159.68,
      "end": 165.06,
      "text": "现在这三个要求或者这三个问题都是啊我们现在这种技术上很难解决的。"
    },
    {
      "index": 73,
      "start": 165.38,
      "end": 166.84,
      "text": "那么现在至少在产业界上，"
    },
    {
      "index": 74,
      "start": 166.84,
      "end": 167.58,
      "text": "我们观察到啊，"
    },
    {
      "index": 75,
      "start": 167.58,
      "end": 170.44,
      "text": "整个技术还是基于这种规则的技术。"
    },
    {
      "index": 76,
      "start": 170.68,
      "end": 170.86,
      "text": "啊，"
    },
    {
      "index": 77,
      "start": 170.86,
      "end": 173.2,
      "text": "不管我们最初的这种病毒检测技术啊，"
    },
    {
      "index": 78,
      "start": 173.56,
      "end": 175.3,
      "text": "我们会还是后面的这种行为检测，"
    },
    {
      "index": 79,
      "start": 175.3,
      "end": 175.84,
      "text": "还是后面的。"
    },
    {
      "index": 80,
      "start": 175.84,
      "end": 182.415,
      "text": "我们现在一点二啊大还是依靠我们人工专家去写他靠他的知识去写一些专业化的规则，"
    },
    {
      "index": 81,
      "start": 183.25,
      "end": 185.11,
      "text": "然后去静态的去识别和检测这些攻击。"
    },
    {
      "index": 82,
      "start": 185.69,
      "end": 187.01,
      "text": "然后呢我手动去做关联，"
    },
    {
      "index": 83,
      "start": 187.21,
      "end": 188.99,
      "text": "然后手动去生成报告啊，"
    },
    {
      "index": 84,
      "start": 188.99,
      "end": 190.79,
      "text": "那么这样的人工成本是很高的。"
    },
    {
      "index": 85,
      "start": 190.79,
      "end": 194.59,
      "text": "这里边可以看到里边啊可可观性很弱的啊，"
    },
    {
      "index": 86,
      "start": 194.95,
      "end": 196.45,
      "text": "所以我们这里面研究是这样，"
    },
    {
      "index": 87,
      "start": 196.45,
      "end": 197.31,
      "text": "我们想回答一个问题，"
    },
    {
      "index": 88,
      "start": 197.31,
      "end": 197.45,
      "text": "哎，"
    },
    {
      "index": 89,
      "start": 197.45,
      "end": 200.35,
      "text": "我们能不能把这个人给它排除掉啊，"
    },
    {
      "index": 90,
      "start": 200.35,
      "end": 201.79,
      "text": "我们完全把把这个人工，"
    },
    {
      "index": 91,
      "start": 201.81,
      "end": 203.59,
      "text": "把它把这这个对人工的依赖，"
    },
    {
      "index": 92,
      "start": 203.59,
      "end": 204.91,
      "text": "对规则依赖给它排除掉，"
    },
    {
      "index": 93,
      "start": 205.17,
      "end": 206.71,
      "text": "来实现一个这种端到端。"
    },
    {
      "index": 94,
      "start": 206.85,
      "end": 207.07,
      "text": "啊，"
    },
    {
      "index": 95,
      "start": 207.07,
      "end": 208.27,
      "text": "这个现在很火，"
    },
    {
      "index": 96,
      "start": 208.27,
      "end": 208.87,
      "text": "这个端到端，"
    },
    {
      "index": 97,
      "start": 208.87,
      "end": 210.05,
      "text": "AI 端到端对吧？"
    },
    {
      "index": 98,
      "start": 210.05,
      "end": 212.96,
      "text": "就我 AI 把这个原始的这个系统，"
    },
    {
      "index": 99,
      "start": 213.0,
      "end": 215.4,
      "text": "我的运行日志把它吃进去啊，"
    },
    {
      "index": 100,
      "start": 215.4,
      "end": 217.2,
      "text": "那么我 AI 经过一列列算法，"
    },
    {
      "index": 101,
      "start": 217.46,
      "end": 220.5,
      "text": "析析自动生生成这这这人可读的攻击报告啊，"
    },
    {
      "index": 102,
      "start": 220.5,
      "end": 224.965,
      "text": "自动的把我那个很复杂杂 APP 攻击的那些场景给它用一自然语言给它描述出来。"
    },
    {
      "index": 103,
      "start": 226.2,
      "end": 226.4,
      "text": "哎，"
    },
    {
      "index": 104,
      "start": 226.4,
      "end": 230.38,
      "text": "那么那大家会想在大大语言模型现在那么厉害的，"
    },
    {
      "index": 105,
      "start": 230.38,
      "end": 230.88,
      "text": "今天对吧？"
    },
    {
      "index": 106,
      "start": 230.88,
      "end": 230.98,
      "text": "哎，"
    },
    {
      "index": 107,
      "start": 230.98,
      "end": 231.92,
      "text": "这个是不是可以做到，"
    },
    {
      "index": 108,
      "start": 231.92,
      "end": 232.14,
      "text": "对吧？"
    },
    {
      "index": 109,
      "start": 232.14,
      "end": 233.36,
      "text": "是不是还是比较容易？"
    },
    {
      "index": 110,
      "start": 233.68,
      "end": 236.04,
      "text": "我直接把我的日识喂给大模型它是不是能做呢？"
    },
    {
      "index": 111,
      "start": 236.46,
      "end": 236.7,
      "text": "啊，"
    },
    {
      "index": 112,
      "start": 236.7,
      "end": 238.14,
      "text": "那实际上很遗憾啊，"
    },
    {
      "index": 113,
      "start": 238.14,
      "end": 240.18,
      "text": "这个做的效果没有那么好啊。"
    },
    {
      "index": 114,
      "start": 240.48,
      "end": 241.12,
      "text": "那为什么？"
    },
    {
      "index": 115,
      "start": 241.12,
      "end": 242.38,
      "text": "其实列边里有三个问题？"
    },
    {
      "index": 116,
      "start": 242.38,
      "end": 244.87,
      "text": "第一个是我数据质量差啊，"
    },
    {
      "index": 117,
      "start": 244.87,
      "end": 246.81,
      "text": "对于 AI 数模型来说，"
    },
    {
      "index": 118,
      "start": 246.81,
      "end": 249.19,
      "text": "其实我的所有的能力都来自我的数据。"
    },
    {
      "index": 119,
      "start": 249.19,
      "end": 249.99,
      "text": "但是很遗憾的，"
    },
    {
      "index": 120,
      "start": 249.99,
      "end": 251.27,
      "text": "在这个攻击这个数据里边，"
    },
    {
      "index": 121,
      "start": 251.27,
      "end": 253.39,
      "text": "它的数据质量在用各种原因啊，"
    },
    {
      "index": 122,
      "start": 253.39,
      "end": 254.03,
      "text": "它是很难的。"
    },
    {
      "index": 123,
      "start": 254.03,
      "end": 256.11,
      "text": "第一个是训练的数据量不高啊，"
    },
    {
      "index": 124,
      "start": 256.11,
      "end": 258.55,
      "text": "就是我们这个整个安全的数数据。"
    },
    {
      "index": 125,
      "start": 258.55,
      "end": 261.4,
      "text": "实际上很多是企业这个内部的运维数据啊，"
    },
    {
      "index": 126,
      "start": 261.4,
      "end": 262.92,
      "text": "这种数据它是有一定隐私性的，"
    },
    {
      "index": 127,
      "start": 262.92,
      "end": 266.025,
      "text": "它这个企业是不会不太可能公开给你做训练。"
    },
    {
      "index": 128,
      "start": 266.7,
      "end": 268.5,
      "text": "而学术店呢我们大量的数据，"
    },
    {
      "index": 129,
      "start": 268.5,
      "end": 269.28,
      "text": "实际上如果大家来看，"
    },
    {
      "index": 130,
      "start": 269.28,
      "end": 270.24,
      "text": "我们是顶会的数据呢，"
    },
    {
      "index": 131,
      "start": 270.24,
      "end": 272.02,
      "text": "大家都是模拟数据啊，"
    },
    {
      "index": 132,
      "start": 272.02,
      "end": 275.125,
      "text": "那么这种模拟数据给这个模型带来的能力提升就很有限。"
    },
    {
      "index": 133,
      "start": 275.81,
      "end": 275.99,
      "text": "啊，"
    },
    {
      "index": 134,
      "start": 275.99,
      "end": 277.585,
      "text": "第二个呢是我们这个没有标注，"
    },
    {
      "index": 135,
      "start": 278.39,
      "end": 281.48,
      "text": "就是说呃对安全的数据进行标注，"
    },
    {
      "index": 136,
      "start": 281.5,
      "end": 283.22,
      "text": "实际上是成本非常非常的高。"
    },
    {
      "index": 137,
      "start": 283.26,
      "end": 283.38,
      "text": "啊，"
    },
    {
      "index": 138,
      "start": 283.38,
      "end": 288.38,
      "text": "它不像比如说那个 c 那个计算机图形学或者自然语言，"
    },
    {
      "index": 139,
      "start": 288.38,
      "end": 289.98,
      "text": "他可以找一些很普通的人啊，"
    },
    {
      "index": 140,
      "start": 289.98,
      "end": 291.56,
      "text": "就是一一般的人做标注。"
    },
    {
      "index": 141,
      "start": 291.96,
      "end": 294.74,
      "text": "我们这个标注呢实际上是需要很多的专业人士啊，"
    },
    {
      "index": 142,
      "start": 294.74,
      "end": 296.34,
      "text": "需要很多的博士生来做标注，"
    },
    {
      "index": 143,
      "start": 296.6,
      "end": 297.64,
      "text": "那么它的效率很低。"
    },
    {
      "index": 144,
      "start": 297.66,
      "end": 300.4,
      "text": "而且现在我们看到标注的质量也不是很好啊，"
    },
    {
      "index": 145,
      "start": 300.4,
      "end": 302.3,
      "text": "即使很专业的博士生来分析那些事，"
    },
    {
      "index": 146,
      "start": 302.3,
      "end": 303.22,
      "text": "他分析也不会很好。"
    },
    {
      "index": 147,
      "start": 303.5,
      "end": 305.48,
      "text": "而且他很可能只能是一些简单的动作，"
    },
    {
      "index": 148,
      "start": 305.48,
      "end": 307.515,
      "text": "而不能精确的匹配到某个数据上。"
    },
    {
      "index": 149,
      "start": 308.16,
      "end": 308.32,
      "text": "呃，"
    },
    {
      "index": 150,
      "start": 308.32,
      "end": 311.78,
      "text": "第三个呢我们发现这种数据它的分布是非常不均匀的。"
    },
    {
      "index": 151,
      "start": 311.78,
      "end": 313.54,
      "text": "就是说在现实社会里边，"
    },
    {
      "index": 152,
      "start": 313.54,
      "end": 317.02,
      "text": "我们找到的数据攻击数据远远远远的比正常数据要少。"
    },
    {
      "index": 153,
      "start": 317.58,
      "end": 320.22,
      "text": "可能这个数数据是一比一千万的那种稀疏度。"
    },
    {
      "index": 154,
      "start": 320.64,
      "end": 323.16,
      "text": "那么这种极端不平均的数据哎，"
    },
    {
      "index": 155,
      "start": 323.16,
      "end": 328.94,
      "text": "就给我们整个这个机器学习模型带来很大的困难啊啊那么第二个挑战是什么？"
    },
    {
      "index": 156,
      "start": 328.94,
      "end": 330.285,
      "text": "我们语义理解有问题，"
    },
    {
      "index": 157,
      "start": 331.15,
      "end": 336.57,
      "text": "就是说我们希望让大模型能够理解在底层日志发生的一些攻击，"
    },
    {
      "index": 158,
      "start": 336.57,
      "end": 338.61,
      "text": "并且用人的语言把它解释出来。"
    },
    {
      "index": 159,
      "start": 338.61,
      "end": 340.01,
      "text": "但这里边就有一个语义鸿沟，"
    },
    {
      "index": 160,
      "start": 340.33,
      "end": 341.99,
      "text": "就我底层这些日志啊，"
    },
    {
      "index": 161,
      "start": 341.99,
      "end": 344.83,
      "text": "可能是一些操作系统日志网络的日志。"
    },
    {
      "index": 162,
      "start": 344.93,
      "end": 346.11,
      "text": "比如说访问的那个文件，"
    },
    {
      "index": 163,
      "start": 346.13,
      "end": 346.945,
      "text": "访问什么哈希，"
    },
    {
      "index": 164,
      "start": 347.95,
      "end": 352.84,
      "text": "这个文件的语义和我们人自然语言能理解的语义是中间是有个鸿沟的啊，"
    },
    {
      "index": 165,
      "start": 352.84,
      "end": 354.04,
      "text": "那这个局言怎么弥合啊，"
    },
    {
      "index": 166,
      "start": 354.04,
      "end": 354.78,
      "text": "现在没有办法。"
    },
    {
      "index": 167,
      "start": 355.14,
      "end": 355.64,
      "text": "第二个呢，"
    },
    {
      "index": 168,
      "start": 355.64,
      "end": 357.04,
      "text": "这个理解出来二异性啊，"
    },
    {
      "index": 169,
      "start": 357.04,
      "end": 358.06,
      "text": "就是同样的一个行为，"
    },
    {
      "index": 170,
      "start": 358.06,
      "end": 358.86,
      "text": "他可能是正常的，"
    },
    {
      "index": 171,
      "start": 358.86,
      "end": 359.865,
      "text": "可能是不正常的。"
    },
    {
      "index": 172,
      "start": 360.57,
      "end": 363.17,
      "text": "他这个正常不正常攻击不攻击形的上下文。"
    },
    {
      "index": 173,
      "start": 363.19,
      "end": 364.61,
      "text": "比如说我同样访问一个文件，"
    },
    {
      "index": 174,
      "start": 364.61,
      "end": 364.975,
      "text": "对吧？"
    },
    {
      "index": 175,
      "start": 365.87,
      "end": 368.05,
      "text": "我正常人平常打开它就是一个正常访问。"
    },
    {
      "index": 176,
      "start": 368.53,
      "end": 371.07,
      "text": "那如果是一个病毒起引引起的这样的一个访问，"
    },
    {
      "index": 177,
      "start": 371.07,
      "end": 371.81,
      "text": "它就是恶意的。"
    },
    {
      "index": 178,
      "start": 372.03,
      "end": 374.59,
      "text": "所以我这个访问我要看看上下文啊。"
    },
    {
      "index": 179,
      "start": 374.59,
      "end": 375.23,
      "text": "那么第三个呢，"
    },
    {
      "index": 180,
      "start": 375.23,
      "end": 380.12,
      "text": "还有一个就是我这个数据维维那个维度非常高啊，"
    },
    {
      "index": 181,
      "start": 380.12,
      "end": 381.44,
      "text": "就是我要消化的日志。"
    },
    {
      "index": 182,
      "start": 381.44,
      "end": 385.27,
      "text": "实际上是如果是以我们现在流行大模型的窗口，"
    },
    {
      "index": 183,
      "start": 385.27,
      "end": 385.55,
      "text": "对吧？"
    },
    {
      "index": 184,
      "start": 385.55,
      "end": 387.93,
      "text": "现在大大概一 million 大家已经已经很了不起了。"
    },
    {
      "index": 185,
      "start": 387.93,
      "end": 389.87,
      "text": "但是这对于安全日志来说，"
    },
    {
      "index": 186,
      "start": 389.87,
      "end": 393.17,
      "text": "一一百万一一 million 头肯实际上是一个很小的窗口，"
    },
    {
      "index": 187,
      "start": 393.47,
      "end": 394.55,
      "text": "你大概也就不能捕捉，"
    },
    {
      "index": 188,
      "start": 394.55,
      "end": 395.93,
      "text": "大概半天的是数据。"
    },
    {
      "index": 189,
      "start": 396.27,
      "end": 398.21,
      "text": "而我们这个攻击网会执行几个月啊，"
    },
    {
      "index": 190,
      "start": 398.21,
      "end": 399.93,
      "text": "你根本就没法帮捕捉啊。"
    },
    {
      "index": 191,
      "start": 399.93,
      "end": 401.99,
      "text": "第三个还有个成本很限制很大啊，"
    },
    {
      "index": 192,
      "start": 401.99,
      "end": 408.69,
      "text": "就是很遗憾我们安全这个产业都特别在国内是一个受到成本限制很大的这么一个行业，"
    },
    {
      "index": 193,
      "start": 408.93,
      "end": 409.21,
      "text": "对吧？"
    },
    {
      "index": 194,
      "start": 409.21,
      "end": 412.395,
      "text": "大家并不愿并不愿意像大模型一样投那么多钱进去。"
    },
    {
      "index": 195,
      "start": 412.9,
      "end": 417.325,
      "text": "你不会有很多的这个啊啊显卡让你去做这个这个分析。"
    },
    {
      "index": 196,
      "start": 418.08,
      "end": 420.4,
      "text": "但是呢我们对我们算法的要求很高，"
    },
    {
      "index": 197,
      "start": 420.64,
      "end": 422.18,
      "text": "一个是我们检测的要及很及时。"
    },
    {
      "index": 198,
      "start": 422.66,
      "end": 424.375,
      "text": "我们发现了工具们很快的检测出来。"
    },
    {
      "index": 199,
      "start": 424.97,
      "end": 427.11,
      "text": "而我们整个村输入定的数据量，"
    },
    {
      "index": 200,
      "start": 427.11,
      "end": 428.37,
      "text": "因为我要做端到端的数据，"
    },
    {
      "index": 201,
      "start": 428.37,
      "end": 429.65,
      "text": "这个这个检测啊，"
    },
    {
      "index": 202,
      "start": 429.65,
      "end": 430.67,
      "text": "我们这个数据量很大，"
    },
    {
      "index": 203,
      "start": 431.05,
      "end": 432.95,
      "text": "所以我们规数据规模也很大，"
    },
    {
      "index": 204,
      "start": 432.95,
      "end": 434.37,
      "text": "我们要很结实的检测，"
    },
    {
      "index": 205,
      "start": 434.37,
      "end": 436.31,
      "text": "还有我们还成本受限啊，"
    },
    {
      "index": 206,
      "start": 436.31,
      "end": 437.275,
      "text": "这里面挑战就很大。"
    },
    {
      "index": 207,
      "start": 437.9,
      "end": 438.04,
      "text": "哎，"
    },
    {
      "index": 208,
      "start": 438.04,
      "end": 440.86,
      "text": "所以我们这里边实际上我们做了一系列的工作。"
    },
    {
      "index": 209,
      "start": 440.86,
      "end": 441.68,
      "text": "过去三年啊，"
    },
    {
      "index": 210,
      "start": 441.68,
      "end": 444.79,
      "text": "我们实际上是虽然是一个算法的问题，"
    },
    {
      "index": 211,
      "start": 444.79,
      "end": 448.61,
      "text": "很多时候但是让我们做了很多这个系统算法和硬件的协同优化。"
    },
    {
      "index": 212,
      "start": 448.91,
      "end": 449.09,
      "text": "哎，"
    },
    {
      "index": 213,
      "start": 449.09,
      "end": 450.23,
      "text": "就是面对数量少。"
    },
    {
      "index": 214,
      "start": 450.29,
      "end": 450.41,
      "text": "哎，"
    },
    {
      "index": 215,
      "start": 450.41,
      "end": 451.91,
      "text": "第一个我们跟华为有合作啊，"
    },
    {
      "index": 216,
      "start": 451.91,
      "end": 453.05,
      "text": "我们这个感谢华为啊，"
    },
    {
      "index": 217,
      "start": 453.05,
      "end": 455.91,
      "text": "给我们提供了很多这种企业级的数据啊，"
    },
    {
      "index": 218,
      "start": 455.91,
      "end": 459.09,
      "text": "我们的那内部呢能够啊获得这种真实数据来提高我们算法。"
    },
    {
      "index": 219,
      "start": 459.29,
      "end": 459.47,
      "text": "啊，"
    },
    {
      "index": 220,
      "start": 459.47,
      "end": 461.97,
      "text": "另外一个呢我们在算法在算法上做一些体研究。"
    },
    {
      "index": 221,
      "start": 461.97,
      "end": 464.745,
      "text": "我们有些无无监督的算法去消除这个标准的依赖。"
    },
    {
      "index": 222,
      "start": 465.3,
      "end": 466.48,
      "text": "那么在语义理解上呢，"
    },
    {
      "index": 223,
      "start": 466.48,
      "end": 470.58,
      "text": "我们实际上也是基于现在这种素联一一一一套关联的算法啊，"
    },
    {
      "index": 224,
      "start": 470.58,
      "end": 471.96,
      "text": "去把这种二义性给它消除掉，"
    },
    {
      "index": 225,
      "start": 471.96,
      "end": 472.04,
      "text": "啊，"
    },
    {
      "index": 226,
      "start": 472.04,
      "end": 473.2,
      "text": "把它关联起来。"
    },
    {
      "index": 227,
      "start": 473.2,
      "end": 473.98,
      "text": "那么在成本上，"
    },
    {
      "index": 228,
      "start": 473.98,
      "end": 476.86,
      "text": "实际上我们是做了一系列从算法和系统的优化。"
    },
    {
      "index": 229,
      "start": 476.86,
      "end": 478.28,
      "text": "也就是在系统上啊，"
    },
    {
      "index": 230,
      "start": 478.28,
      "end": 480.64,
      "text": "我们对这个整个系统的这个数据处理的系统，"
    },
    {
      "index": 231,
      "start": 480.64,
      "end": 482.36,
      "text": "数据采集的系统进行了一系列优化，"
    },
    {
      "index": 232,
      "start": 482.86,
      "end": 484.5,
      "text": "把这个性能系统性能提上去。"
    },
    {
      "index": 233,
      "start": 485.0,
      "end": 486.42,
      "text": "另外一个呢是我们也是在算法上，"
    },
    {
      "index": 234,
      "start": 486.42,
      "end": 488.88,
      "text": "就哎我们就借鉴了这种缓存的机制。"
    },
    {
      "index": 235,
      "start": 489.24,
      "end": 491.94,
      "text": "我们就这从把这个算法呢从简到强啊，"
    },
    {
      "index": 236,
      "start": 491.94,
      "end": 492.82,
      "text": "一层层的过滤，"
    },
    {
      "index": 237,
      "start": 493.0,
      "end": 494.38,
      "text": "来降低我们这个算法的复杂度。"
    },
    {
      "index": 238,
      "start": 494.38,
      "end": 494.62,
      "text": "啊，"
    },
    {
      "index": 239,
      "start": 495.31,
      "end": 497.05,
      "text": "那么下面是我们这这一系列发表的论文。"
    },
    {
      "index": 240,
      "start": 497.05,
      "end": 500.93,
      "text": "这里边很多论文也其实有我们华为的华为同事的那名字在上面。"
    },
    {
      "index": 241,
      "start": 501.27,
      "end": 501.51,
      "text": "啊，"
    },
    {
      "index": 242,
      "start": 501.71,
      "end": 503.49,
      "text": "那我们这个算法其实核心思路呢，"
    },
    {
      "index": 243,
      "start": 503.49,
      "end": 507.45,
      "text": "实际上一些大家采用的一个状法叫叫做素颜分析啊，"
    },
    {
      "index": 244,
      "start": 507.45,
      "end": 510.45,
      "text": "就是我们把这个操作系统的日志全部采出来。"
    },
    {
      "index": 245,
      "start": 510.45,
      "end": 515.07,
      "text": "这里边日志呢就包含了这个啊操作系统对网网络端口的访问，"
    },
    {
      "index": 246,
      "start": 515.07,
      "end": 516.25,
      "text": "对文件的访问，"
    },
    {
      "index": 247,
      "start": 516.25,
      "end": 518.23,
      "text": "以及对进程的创建和和和依赖。"
    },
    {
      "index": 248,
      "start": 518.69,
      "end": 520.65,
      "text": "然后呢我们就构成这样一张图啊，"
    },
    {
      "index": 249,
      "start": 520.65,
      "end": 522.61,
      "text": "这个图上呢我们每个点就是一个进程，"
    },
    {
      "index": 250,
      "start": 522.61,
      "end": 524.77,
      "text": "一个文件或者一个网络端口边呢，"
    },
    {
      "index": 251,
      "start": 524.77,
      "end": 527.86,
      "text": "就是这个我这这个这个这些文件和网络进程之间，"
    },
    {
      "index": 252,
      "start": 527.86,
      "end": 529.315,
      "text": "它的数据流动的方向。"
    },
    {
      "index": 253,
      "start": 530.03,
      "end": 531.07,
      "text": "那么我在这个图上，"
    },
    {
      "index": 254,
      "start": 531.07,
      "end": 534.05,
      "text": "我会用一些无监督学习的方法去主动的挖掘。"
    },
    {
      "index": 255,
      "start": 534.05,
      "end": 534.17,
      "text": "哎，"
    },
    {
      "index": 256,
      "start": 534.17,
      "end": 535.25,
      "text": "这里面有什么异强特征，"
    },
    {
      "index": 257,
      "start": 535.25,
      "end": 536.67,
      "text": "然后把这个红框覆盖，"
    },
    {
      "index": 258,
      "start": 536.67,
      "end": 539.43,
      "text": "这跟攻击有关的部分给它自动的找出来啊，"
    },
    {
      "index": 259,
      "start": 539.43,
      "end": 542.05,
      "text": "这是我们核心方法哦。"
    },
    {
      "index": 260,
      "start": 542.05,
      "end": 543.81,
      "text": "那么这里边我们就有三个关键技术啊，"
    },
    {
      "index": 261,
      "start": 543.81,
      "end": 547.27,
      "text": "第一个技术就是哎我们怎么样去快速的用一些无监督学习的办法呢？"
    },
    {
      "index": 262,
      "start": 547.27,
      "end": 550.76,
      "text": "把这个一些核心日志哎可以可疑的，"
    },
    {
      "index": 263,
      "start": 550.76,
      "end": 552.06,
      "text": "是给它找出来。"
    },
    {
      "index": 264,
      "start": 552.06,
      "end": 552.98,
      "text": "就是在我们这个图上，"
    },
    {
      "index": 265,
      "start": 552.98,
      "end": 554.2,
      "text": "我们之前有个挑战，"
    },
    {
      "index": 266,
      "start": 554.2,
      "end": 556.3,
      "text": "就是我们数据分分布极端不均，"
    },
    {
      "index": 267,
      "start": 556.3,
      "end": 556.48,
      "text": "对吧？"
    },
    {
      "index": 268,
      "start": 556.48,
      "end": 560.92,
      "text": "就是在我们图上我们发现很大一个图可能有几千万个事件。"
    },
    {
      "index": 269,
      "start": 560.92,
      "end": 563.44,
      "text": "那么这里边跟攻击有关的可能就不到一不到二百个，"
    },
    {
      "index": 270,
      "start": 563.44,
      "end": 565.18,
      "text": "可能到二百多个啊，"
    },
    {
      "index": 271,
      "start": 565.18,
      "end": 570.4,
      "text": "那我们怎么样在这种几千万个事件里面准确的把这种唉二百多个找出来呢？"
    },
    {
      "index": 272,
      "start": 570.42,
      "end": 571.84,
      "text": "我们第一步思路唉这个很难，"
    },
    {
      "index": 273,
      "start": 571.9,
      "end": 572.16,
      "text": "对吧？"
    },
    {
      "index": 274,
      "start": 572.16,
      "end": 573.04,
      "text": "但是们们一步步路路，"
    },
    {
      "index": 275,
      "start": 573.04,
      "end": 573.12,
      "text": "唉，"
    },
    {
      "index": 276,
      "start": 573.12,
      "end": 576.5,
      "text": "我们可以发现有很多很多这种一看就跟攻击无关的事件。"
    },
    {
      "index": 277,
      "start": 576.5,
      "end": 576.74,
      "text": "唉，"
    },
    {
      "index": 278,
      "start": 577.04,
      "end": 578.83,
      "text": "那我们是不是可以先把它过滤掉，"
    },
    {
      "index": 279,
      "start": 579.27,
      "end": 581.01,
      "text": "然后把这像一些难的对吧？"
    },
    {
      "index": 280,
      "start": 581.01,
      "end": 582.29,
      "text": "那一些我们判断不清楚，"
    },
    {
      "index": 281,
      "start": 582.29,
      "end": 584.41,
      "text": "再有一个更强的模型去判断啊，"
    },
    {
      "index": 282,
      "start": 584.41,
      "end": 587.39,
      "text": "这样能节省我们这个整个流程的这个算算力。"
    },
    {
      "index": 283,
      "start": 587.87,
      "end": 588.11,
      "text": "啊，"
    },
    {
      "index": 284,
      "start": 588.13,
      "end": 591.03,
      "text": "那么我们这里边就发现两个规律，"
    },
    {
      "index": 285,
      "start": 591.03,
      "end": 591.77,
      "text": "在这个基要。"
    },
    {
      "index": 286,
      "start": 591.77,
      "end": 593.39,
      "text": "第一个呢就是说统计异常性。"
    },
    {
      "index": 287,
      "start": 593.91,
      "end": 597.99,
      "text": "我们发现呢就是说攻击产有关的事件啊，"
    },
    {
      "index": 288,
      "start": 597.99,
      "end": 599.31,
      "text": "攻击有关的这种点呢，"
    },
    {
      "index": 289,
      "start": 599.31,
      "end": 601.59,
      "text": "它更在统计上更可能会异常啊，"
    },
    {
      "index": 290,
      "start": 601.59,
      "end": 602.485,
      "text": "它异常性会更高，"
    },
    {
      "index": 291,
      "start": 603.18,
      "end": 605.46,
      "text": "或者说更容易产生统计上的稀疏性啊，"
    },
    {
      "index": 292,
      "start": 605.46,
      "end": 606.2,
      "text": "而反过来讲，"
    },
    {
      "index": 293,
      "start": 606.2,
      "end": 611.4,
      "text": "如果统计上不不具备啊这种异常性的那可它它不会是攻击啊。"
    },
    {
      "index": 294,
      "start": 611.42,
      "end": 613.39,
      "text": "如果是你常见的一些日志啊，"
    },
    {
      "index": 295,
      "start": 613.39,
      "end": 614.13,
      "text": "还有个聚合性，"
    },
    {
      "index": 296,
      "start": 614.13,
      "end": 614.67,
      "text": "是为什么呢？"
    },
    {
      "index": 297,
      "start": 614.67,
      "end": 616.65,
      "text": "就是说我们发现这种攻击产生的异常，"
    },
    {
      "index": 298,
      "start": 616.65,
      "end": 618.33,
      "text": "它们往往在拓扑上会比较紧。"
    },
    {
      "index": 299,
      "start": 618.71,
      "end": 619.13,
      "text": "为什么？"
    },
    {
      "index": 300,
      "start": 619.13,
      "end": 620.45,
      "text": "因为我渗透进去，"
    },
    {
      "index": 301,
      "start": 620.45,
      "end": 622.07,
      "text": "一般会会从个后门开始渗透，"
    },
    {
      "index": 302,
      "start": 622.53,
      "end": 624.33,
      "text": "我会从一个点慢慢慢往外扩散。"
    },
    {
      "index": 303,
      "start": 624.69,
      "end": 626.01,
      "text": "所以在这个扩散的过程中，"
    },
    {
      "index": 304,
      "start": 626.01,
      "end": 629.13,
      "text": "实际上我这个攻击每一步引入的这种这种异常啊，"
    },
    {
      "index": 305,
      "start": 629.13,
      "end": 631.05,
      "text": "就会聚在拓扑上聚集起来。"
    },
    {
      "index": 306,
      "start": 631.25,
      "end": 631.49,
      "text": "唉，"
    },
    {
      "index": 307,
      "start": 631.53,
      "end": 632.79,
      "text": "那么利用这个性质啊，"
    },
    {
      "index": 308,
      "start": 632.79,
      "end": 634.91,
      "text": "我们就做了这么一系列的算法啊，"
    },
    {
      "index": 309,
      "start": 635.07,
      "end": 638.73,
      "text": "那么去啊在这个做了一套这种斯坦纳树的在线搜索算法，"
    },
    {
      "index": 310,
      "start": 638.73,
      "end": 640.55,
      "text": "然后我们把就做了一个改进，"
    },
    {
      "index": 311,
      "start": 640.55,
      "end": 642.805,
      "text": "把它复杂度呢从欧方降到 ON。"
    },
    {
      "index": 312,
      "start": 643.14,
      "end": 644.64,
      "text": "而且呢在我们在理论上啊，"
    },
    {
      "index": 313,
      "start": 644.64,
      "end": 647.38,
      "text": "它的这个竞争比就是原来金丝状的竞争比是一样的。"
    },
    {
      "index": 314,
      "start": 647.52,
      "end": 648.22,
      "text": "那么时间关系，"
    },
    {
      "index": 315,
      "start": 648.22,
      "end": 650.06,
      "text": "我们这里就不再讲那么多啊。"
    },
    {
      "index": 316,
      "start": 650.34,
      "end": 651.08,
      "text": "那么第二个，"
    },
    {
      "index": 317,
      "start": 651.08,
      "end": 652.12,
      "text": "然后在这个基础上呢，"
    },
    {
      "index": 318,
      "start": 652.12,
      "end": 654.16,
      "text": "我们还做了一套这种系统的这种优化。"
    },
    {
      "index": 319,
      "start": 654.16,
      "end": 656.82,
      "text": "就是我们这在这个系统日志起来以后，"
    },
    {
      "index": 320,
      "start": 656.82,
      "end": 658.58,
      "text": "我们做了一个分析的系统。"
    },
    {
      "index": 321,
      "start": 658.64,
      "end": 658.82,
      "text": "啊，"
    },
    {
      "index": 322,
      "start": 658.82,
      "end": 661.56,
      "text": "这个系统的关键呢实际上是一一一个 catch 一个缓存系统。"
    },
    {
      "index": 323,
      "start": 661.56,
      "end": 665.42,
      "text": "我们会把这个跟攻击有关的事件呢缓存到内存里边去啊，"
    },
    {
      "index": 324,
      "start": 665.74,
      "end": 667.7,
      "text": "我们觉得可疑的事件缓传到内存里边去。"
    },
    {
      "index": 325,
      "start": 667.7,
      "end": 668.86,
      "text": "那么在这种热数据，"
    },
    {
      "index": 326,
      "start": 669.02,
      "end": 669.94,
      "text": "那么访问就很快，"
    },
    {
      "index": 327,
      "start": 670.3,
      "end": 673.91,
      "text": "而且冷数据呢会会会把把它呃卸载到硬盘上。"
    },
    {
      "index": 328,
      "start": 673.91,
      "end": 676.01,
      "text": "这样呢我既保证了这个数据的完整性啊，"
    },
    {
      "index": 329,
      "start": 676.01,
      "end": 679.61,
      "text": "又能够在同时在这个系统优化上降低它的开销。"
    },
    {
      "index": 330,
      "start": 679.61,
      "end": 679.71,
      "text": "啊，"
    },
    {
      "index": 331,
      "start": 679.71,
      "end": 681.33,
      "text": "那么我们这个方法稍微评估了一下，"
    },
    {
      "index": 332,
      "start": 681.33,
      "end": 683.05,
      "text": "我们其实上啊误报节点啊，"
    },
    {
      "index": 333,
      "start": 683.05,
      "end": 686.29,
      "text": "我们误报上比现有的所有方法降低两个数量级啊，"
    },
    {
      "index": 334,
      "start": 686.29,
      "end": 688.91,
      "text": "然后呢我们检出率也其实比现有方法高啊，"
    },
    {
      "index": 335,
      "start": 688.91,
      "end": 691.19,
      "text": "因为现有方法其实大家对检出率上优化比较多，"
    },
    {
      "index": 336,
      "start": 691.19,
      "end": 693.41,
      "text": "对这个误报率其实大家优化比较少。"
    },
    {
      "index": 337,
      "start": 693.41,
      "end": 693.53,
      "text": "啊，"
    },
    {
      "index": 338,
      "start": 693.53,
      "end": 694.29,
      "text": "所以我们这边啊，"
    },
    {
      "index": 339,
      "start": 694.57,
      "end": 696.85,
      "text": "其实不仅在他们优化的点上比他们好，"
    },
    {
      "index": 340,
      "start": 696.85,
      "end": 699.31,
      "text": "而且还啊降低了误报率。"
    },
    {
      "index": 341,
      "start": 699.59,
      "end": 701.55,
      "text": "然后我们还和深信服务其实有一个合作，"
    },
    {
      "index": 342,
      "start": 701.55,
      "end": 702.67,
      "text": "这个地方有个出口啊，"
    },
    {
      "index": 343,
      "start": 702.67,
      "end": 706.61,
      "text": "那么在深信服务的系统里面发现了七个真实的攻击啊。"
    },
    {
      "index": 344,
      "start": 707.21,
      "end": 707.45,
      "text": "好，"
    },
    {
      "index": 345,
      "start": 707.53,
      "end": 710.03,
      "text": "那么第二个呢就是哎我们要做下一步要理解，"
    },
    {
      "index": 346,
      "start": 710.03,
      "end": 711.35,
      "text": "我们刚才把攻击检测出来。"
    },
    {
      "index": 347,
      "start": 711.69,
      "end": 713.25,
      "text": "但是我们拿到的那个攻击呢，"
    },
    {
      "index": 348,
      "start": 713.25,
      "end": 717.51,
      "text": "是一个很很底层的这样一个这种一个图啊，"
    },
    {
      "index": 349,
      "start": 717.51,
      "end": 719.05,
      "text": "这样一个很大一一个图啊，"
    },
    {
      "index": 350,
      "start": 719.05,
      "end": 721.62,
      "text": "这个图呢人看起来不好看啊，"
    },
    {
      "index": 351,
      "start": 721.62,
      "end": 722.38,
      "text": "就人理解不了，"
    },
    {
      "index": 352,
      "start": 722.38,
      "end": 723.76,
      "text": "还是要很专业的人才能理解。"
    },
    {
      "index": 353,
      "start": 724.08,
      "end": 725.0200000000004,
      "text": "那我们下一步工作，"
    },
    {
      "index": 354,
      "start": 725.0200000000004,
      "end": 725.16,
      "text": "哎，"
    },
    {
      "index": 355,
      "start": 725.16,
      "end": 727.0,
      "text": "我们怎么把这种很专业的理解呢？"
    },
    {
      "index": 356,
      "start": 727.1000000000005,
      "end": 729.3999999999995,
      "text": "进一步把它检测进一步细化，"
    },
    {
      "index": 357,
      "start": 729.3999999999995,
      "end": 730.8599999999996,
      "text": "然后把它变成一个自然语言。"
    },
    {
      "index": 358,
      "start": 730.8599999999996,
      "end": 733.25,
      "text": "我们看到的人能理解的报告啊，"
    },
    {
      "index": 359,
      "start": 733.55,
      "end": 734.6899999999995,
      "text": "但是这里边就有一个问题，"
    },
    {
      "index": 360,
      "start": 734.6899999999995,
      "end": 736.0299999999995,
      "text": "就我我这里边是有鸿沟的。"
    },
    {
      "index": 361,
      "start": 736.0299999999995,
      "end": 736.8500000000005,
      "text": "你看一看我，"
    },
    {
      "index": 362,
      "start": 736.8500000000005,
      "end": 738.6099999999996,
      "text": "比如说我们这里边人的理解的报告，"
    },
    {
      "index": 363,
      "start": 738.6099999999996,
      "end": 739.83,
      "text": "比如对一个攻击的描述，"
    },
    {
      "index": 364,
      "start": 739.83,
      "end": 744.1499999999995,
      "text": "上面这个点啊大概是这种啊是这些这种自然语言。"
    },
    {
      "index": 365,
      "start": 744.1499999999995,
      "end": 747.49,
      "text": "但底层的日志呢是这种具体的对文件的访问或端口的访问。"
    },
    {
      "index": 366,
      "start": 747.87,
      "end": 749.2700000000004,
      "text": "那我怎么样弥补这个鸿沟，"
    },
    {
      "index": 367,
      "start": 749.2700000000004,
      "end": 752.0699999999995,
      "text": "把这种这种事件给它映射到这种文字上呢？"
    },
    {
      "index": 368,
      "start": 752.45,
      "end": 752.6899999999995,
      "text": "啊，"
    },
    {
      "index": 369,
      "start": 752.9300000000005,
      "end": 755.0699999999995,
      "text": "那么现有的方法实际上是做不到的啊，"
    },
    {
      "index": 370,
      "start": 755.0699999999995,
      "end": 757.6899999999995,
      "text": "现有方法大家做的就是这种硬匹配啊，"
    },
    {
      "index": 371,
      "start": 757.6899999999995,
      "end": 758.83,
      "text": "就是我这发现一个文件名，"
    },
    {
      "index": 372,
      "start": 758.83,
      "end": 759.9700000000005,
      "text": "我就在这个文本里面去找，"
    },
    {
      "index": 373,
      "start": 760.4300000000005,
      "end": 761.8900000000004,
      "text": "然后把它硬硬匹配过去啊，"
    },
    {
      "index": 374,
      "start": 761.8900000000004,
      "end": 762.88,
      "text": "这样是肯定是不行的。"
    },
    {
      "index": 375,
      "start": 763.5200000000004,
      "end": 763.76,
      "text": "哎，"
    },
    {
      "index": 376,
      "start": 764.2,
      "end": 766.2200000000005,
      "text": "那么他们有发化能力，"
    },
    {
      "index": 377,
      "start": 766.2200000000005,
      "end": 766.3199999999995,
      "text": "哎，"
    },
    {
      "index": 378,
      "start": 766.3199999999995,
      "end": 768.58,
      "text": "我们就看哎到底要应该怎么样发化能力呢？"
    },
    {
      "index": 379,
      "start": 768.8599999999996,
      "end": 770.8599999999996,
      "text": "我们怎么样让这个这种匹配呢？"
    },
    {
      "index": 380,
      "start": 770.8599999999996,
      "end": 771.9399999999995,
      "text": "就拥有泛化能力，"
    },
    {
      "index": 381,
      "start": 771.9399999999995,
      "end": 773.7200000000005,
      "text": "让大模型能够学到他的知识，"
    },
    {
      "index": 382,
      "start": 774.16,
      "end": 776.08,
      "text": "而且还是有具泛化能力的知识。"
    },
    {
      "index": 383,
      "start": 776.38,
      "end": 779.54,
      "text": "那我们这就提了一种 GIOC 的中间表述啊，"
    },
    {
      "index": 384,
      "start": 779.54,
      "end": 781.34,
      "text": "我当然这个我们理论上讲，"
    },
    {
      "index": 385,
      "start": 781.34,
      "end": 783.12,
      "text": "我们可以如果有足够多的数据，"
    },
    {
      "index": 386,
      "start": 783.42,
      "end": 784.2799999999995,
      "text": "我们把它放进去，"
    },
    {
      "index": 387,
      "start": 784.2799999999995,
      "end": 785.58,
      "text": "好像大模型是可以理解的。"
    },
    {
      "index": 388,
      "start": 785.66,
      "end": 787.38,
      "text": "但是很遗憾我们没有足够多的数据，"
    },
    {
      "index": 389,
      "start": 787.66,
      "end": 788.6800000000005,
      "text": "而且呢成本也很高。"
    },
    {
      "index": 390,
      "start": 789.0600000000005,
      "end": 791.4399999999995,
      "text": "所以呢我们就做了这样一个中间表述，"
    },
    {
      "index": 391,
      "start": 791.4399999999995,
      "end": 792.5200000000004,
      "text": "就是我们这个中间表述呢，"
    },
    {
      "index": 392,
      "start": 792.5200000000004,
      "end": 795.9300000000005,
      "text": "这形式上更接近这个底层的事件啊，"
    },
    {
      "index": 393,
      "start": 795.95,
      "end": 798.45,
      "text": "但是里边的参数我们进行了泛化。"
    },
    {
      "index": 394,
      "start": 798.9300000000005,
      "end": 801.91,
      "text": "这样呢我们就可以利用一些模大模型，"
    },
    {
      "index": 395,
      "start": 801.9300000000005,
      "end": 803.9300000000005,
      "text": "不那么大的模型的一些语言理解能力，"
    },
    {
      "index": 396,
      "start": 804.29,
      "end": 809.49,
      "text": "把我们这种底层的事件和上层的这种威胁情报里面的知识进行匹配。"
    },
    {
      "index": 397,
      "start": 809.8100000000005,
      "end": 810.0299999999995,
      "text": "哎，"
    },
    {
      "index": 398,
      "start": 810.0299999999995,
      "end": 813.87,
      "text": "这样的我大模型就拥有了这种对底层日志的理解能力。"
    },
    {
      "index": 399,
      "start": 814.17,
      "end": 816.1099999999996,
      "text": "所以我大模型就可以输出这样的啊，"
    },
    {
      "index": 400,
      "start": 816.17,
      "end": 818.73,
      "text": "就输出这种具有泛化能力的文本。"
    },
    {
      "index": 401,
      "start": 818.73,
      "end": 818.85,
      "text": "啊，"
    },
    {
      "index": 402,
      "start": 818.85,
      "end": 820.01,
      "text": "那么基于我们这个输出呢，"
    },
    {
      "index": 403,
      "start": 820.01,
      "end": 821.97,
      "text": "我们还进行了这种优化，"
    },
    {
      "index": 404,
      "start": 821.97,
      "end": 823.69,
      "text": "就是我们之前的自动标注，"
    },
    {
      "index": 405,
      "start": 823.69,
      "end": 825.89,
      "text": "可能有很多的误报可能很多错误。"
    },
    {
      "index": 406,
      "start": 826.31,
      "end": 830.25,
      "text": "那么呢我们又利用这种攻击技术或者攻击之间的逻辑关系，"
    },
    {
      "index": 407,
      "start": 830.25,
      "end": 831.27,
      "text": "每一个步骤逻辑关系。"
    },
    {
      "index": 408,
      "start": 831.27,
      "end": 832.93,
      "text": "比如说我要攻击你一个系统，"
    },
    {
      "index": 409,
      "start": 832.93,
      "end": 836.02,
      "text": "我肯定要先获得你的登录权限，"
    },
    {
      "index": 410,
      "start": 836.14,
      "end": 837.295,
      "text": "然后才能安装病毒。"
    },
    {
      "index": 411,
      "start": 838.01,
      "end": 838.91,
      "text": "那么如果倒过来，"
    },
    {
      "index": 412,
      "start": 838.91,
      "end": 840.21,
      "text": "它就是逻辑上不成立的。"
    },
    {
      "index": 413,
      "start": 840.21,
      "end": 842.75,
      "text": "那么依跟依赖这种前后的逻辑能力呢，"
    },
    {
      "index": 414,
      "start": 842.75,
      "end": 846.57,
      "text": "我又做了一套这种啊攻击的这种推理系统。"
    },
    {
      "index": 415,
      "start": 847.05,
      "end": 847.79,
      "text": "那么根据推理，"
    },
    {
      "index": 416,
      "start": 847.79,
      "end": 849.17,
      "text": "我们把大量的误报消除掉。"
    },
    {
      "index": 417,
      "start": 849.63,
      "end": 849.87,
      "text": "呃，"
    },
    {
      "index": 418,
      "start": 850.31,
      "end": 855.11,
      "text": "所以呢最后呢我们把这种最后推理出来的结果跟这个这个图跟上一个图比。"
    },
    {
      "index": 419,
      "start": 855.11,
      "end": 858.59,
      "text": "就是我们这个图每个节点上其实已经标注了这个攻击。"
    },
    {
      "index": 420,
      "start": 858.59,
      "end": 859.97,
      "text": "它对应的攻击技术是什么？"
    },
    {
      "index": 421,
      "start": 859.97,
      "end": 860.99,
      "text": "它采用了什么技术，"
    },
    {
      "index": 422,
      "start": 861.09,
      "end": 862.875,
      "text": "用了什么手法是谁来打的？"
    },
    {
      "index": 423,
      "start": 863.45,
      "end": 865.71,
      "text": "然后呢我们把它放到个安 roid agent 里边去，"
    },
    {
      "index": 424,
      "start": 865.71,
      "end": 867.63,
      "text": "然后就自动生成这攻击报告。"
    },
    {
      "index": 425,
      "start": 867.63,
      "end": 867.75,
      "text": "哎，"
    },
    {
      "index": 426,
      "start": 867.75,
      "end": 869.41,
      "text": "所以我们整个流程可以看到，"
    },
    {
      "index": 427,
      "start": 869.41,
      "end": 870.61,
      "text": "我们虽然用了大模型，"
    },
    {
      "index": 428,
      "start": 870.61,
      "end": 872.17,
      "text": "但并不是一个端到端的大模型，"
    },
    {
      "index": 429,
      "start": 872.17,
      "end": 874.45,
      "text": "而是先通过一些我们呃一些算法，"
    },
    {
      "index": 430,
      "start": 874.45,
      "end": 876.73,
      "text": "一些小模型的算法对它进行了过滤和处理。"
    },
    {
      "index": 431,
      "start": 877.05,
      "end": 878.65,
      "text": "然后把这个最后的结果啊，"
    },
    {
      "index": 432,
      "start": 878.85,
      "end": 881.11,
      "text": "它可能就我们在在几千万个事件里边，"
    },
    {
      "index": 433,
      "start": 881.37,
      "end": 885.19,
      "text": "这种它挑出了这么几十个精选的这这种跟工具有关的事件。"
    },
    {
      "index": 434,
      "start": 885.41,
      "end": 886.27,
      "text": "再放到大模型，"
    },
    {
      "index": 435,
      "start": 886.27,
      "end": 888.73,
      "text": "用大模型处理了就自动生成的这样语言的报告。"
    },
    {
      "index": 436,
      "start": 889.15,
      "end": 889.39,
      "text": "啊，"
    },
    {
      "index": 437,
      "start": 889.59,
      "end": 892.39,
      "text": "那么我们在这个也在我们华为的内部数据里边啊，"
    },
    {
      "index": 438,
      "start": 892.39,
      "end": 894.84,
      "text": "欧欧欧拉的因维数据里边进行了处理。"
    },
    {
      "index": 439,
      "start": 894.84,
      "end": 897.74,
      "text": "我们发现呢实际上我们的整个误报啊，"
    },
    {
      "index": 440,
      "start": 897.74,
      "end": 901.38,
      "text": "不仅我我们不仅能够第一个生成这样自然自然语言处理的报告，"
    },
    {
      "index": 441,
      "start": 901.38,
      "end": 902.42,
      "text": "自动生成这样的报告。"
    },
    {
      "index": 442,
      "start": 902.6,
      "end": 907.76,
      "text": "而且我们整个整个误报率比现有的方法呢下降一个数量级啊哦那么。"
    },
    {
      "index": 443,
      "start": 907.76,
      "end": 909.3,
      "text": "第三个是我们系统方面的工作。"
    },
    {
      "index": 444,
      "start": 909.42,
      "end": 909.6,
      "text": "呃，"
    },
    {
      "index": 445,
      "start": 909.6,
      "end": 912.7,
      "text": "就是我们这个整个系统呢实际上它还是很贵的啊，"
    },
    {
      "index": 446,
      "start": 912.7,
      "end": 915.2,
      "text": "它它它那么它的系统来这两个方面的挑战，"
    },
    {
      "index": 447,
      "start": 915.2,
      "end": 918.85,
      "text": "就说我需要对你整个系统里边的数据采集很多，"
    },
    {
      "index": 448,
      "start": 919.05,
      "end": 920.51,
      "text": "我要监控你的操作系统运行。"
    },
    {
      "index": 449,
      "start": 920.83,
      "end": 926.63,
      "text": "但是我这个监控呢本身就会给这个操作系统本身带来很大的额外开销啊，"
    },
    {
      "index": 450,
      "start": 926.63,
      "end": 927.55,
      "text": "会会带来负担。"
    },
    {
      "index": 451,
      "start": 927.77,
      "end": 929.19,
      "text": "那我怎么去优化这个负担呢？"
    },
    {
      "index": 452,
      "start": 929.19,
      "end": 929.43,
      "text": "呃，"
    },
    {
      "index": 453,
      "start": 929.85,
      "end": 931.99,
      "text": "那么我们这里边呢做了两个工作，"
    },
    {
      "index": 454,
      "start": 931.99,
      "end": 934.97,
      "text": "一个是对现有工作的一个软件件的方法，"
    },
    {
      "index": 455,
      "start": 934.97,
      "end": 935.93,
      "text": "一个是硬件上的方法。"
    },
    {
      "index": 456,
      "start": 935.93,
      "end": 941.29,
      "text": "那么软件件方法实际上是我们是发现现有工作为什么会有很大的负担？"
    },
    {
      "index": 457,
      "start": 941.29,
      "end": 946.24,
      "text": "是因为他们担心我们攻击者会对我这个探针进行攻击啊，"
    },
    {
      "index": 458,
      "start": 946.24,
      "end": 947.24,
      "text": "为了保护这个碳针，"
    },
    {
      "index": 459,
      "start": 947.24,
      "end": 949.56,
      "text": "他们加了很多很多很重的这样一个保护力嘛。"
    },
    {
      "index": 460,
      "start": 949.76,
      "end": 950.56,
      "text": "但是我们发现呢，"
    },
    {
      "index": 461,
      "start": 950.56,
      "end": 955.02,
      "text": "现在这个采集器他之所以会对系统产生托慢，"
    },
    {
      "index": 462,
      "start": 955.02,
      "end": 960.69,
      "text": "是因为他们间接的破坏了这个进程之间的隔离。"
    },
    {
      "index": 463,
      "start": 960.69,
      "end": 962.83,
      "text": "比如说我这个产生的所有日志，"
    },
    {
      "index": 464,
      "start": 962.83,
      "end": 963.43,
      "text": "我采集过来，"
    },
    {
      "index": 465,
      "start": 963.43,
      "end": 966.55,
      "text": "这个日志之间采集全部到采集器中间去处理。"
    },
    {
      "index": 466,
      "start": 966.55,
      "end": 968.87,
      "text": "而这个采集这中间它是没有隔离的，"
    },
    {
      "index": 467,
      "start": 968.87,
      "end": 970.81,
      "text": "这样就给了很攻击者很多机会，"
    },
    {
      "index": 468,
      "start": 970.83,
      "end": 972.61,
      "text": "来来拖慢我的系统。"
    },
    {
      "index": 469,
      "start": 972.65,
      "end": 972.75,
      "text": "啊，"
    },
    {
      "index": 470,
      "start": 972.75,
      "end": 975.45,
      "text": "所以呢我们就提出了这样新的架构。"
    },
    {
      "index": 471,
      "start": 975.45,
      "end": 975.65,
      "text": "哎，"
    },
    {
      "index": 472,
      "start": 975.65,
      "end": 976.83,
      "text": "我们在这个每个进程里边，"
    },
    {
      "index": 473,
      "start": 976.83,
      "end": 977.49,
      "text": "让他们独立，"
    },
    {
      "index": 474,
      "start": 977.49,
      "end": 979.27,
      "text": "用自己的资源去做隔离啊，"
    },
    {
      "index": 475,
      "start": 979.27,
      "end": 981.15,
      "text": "处理自己的产生的日志啊，"
    },
    {
      "index": 476,
      "start": 981.15,
      "end": 981.95,
      "text": "防止相互干扰。"
    },
    {
      "index": 477,
      "start": 982.31,
      "end": 982.53,
      "text": "啊，"
    },
    {
      "index": 478,
      "start": 982.53,
      "end": 984.35,
      "text": "另外一个工作呢是我们跟硬件相结合，"
    },
    {
      "index": 479,
      "start": 984.35,
      "end": 984.49,
      "text": "啊，"
    },
    {
      "index": 480,
      "start": 984.49,
      "end": 986.73,
      "text": "我们去把这个整个监控的负载，"
    },
    {
      "index": 481,
      "start": 987.07,
      "end": 989.305,
      "text": "把它卸载到了这个这个 DPU 上。"
    },
    {
      "index": 482,
      "start": 989.64,
      "end": 989.82,
      "text": "啊，"
    },
    {
      "index": 483,
      "start": 989.82,
      "end": 992.54,
      "text": "用通过 DPU 这种强大的这种处理能力呢，"
    },
    {
      "index": 484,
      "start": 992.54,
      "end": 994.96,
      "text": "来减少我们这个呃开销啊。"
    },
    {
      "index": 485,
      "start": 994.96,
      "end": 996.4,
      "text": "那么这里为我们做了一些优化，"
    },
    {
      "index": 486,
      "start": 996.4,
      "end": 999.52,
      "text": "就把这个怎么样用这个 DPU 的拉取能力啊，"
    },
    {
      "index": 487,
      "start": 999.52,
      "end": 1002.5,
      "text": "很快的把这个系统上产生的这些工具物，"
    },
    {
      "index": 488,
      "start": 1002.58,
      "end": 1005.22,
      "text": "这些运行日志给它几乎用零代价的方法啊，"
    },
    {
      "index": 489,
      "start": 1005.22,
      "end": 1006.2,
      "text": "拉取到主机端上。"
    },
    {
      "index": 490,
      "start": 1006.62,
      "end": 1006.82,
      "text": "啊，"
    },
    {
      "index": 491,
      "start": 1006.82,
      "end": 1009.82,
      "text": "然后我们可以做到看到我们现在整个监控的开销，"
    },
    {
      "index": 492,
      "start": 1009.82,
      "end": 1011.22,
      "text": "我们采集的质量非常非常大，"
    },
    {
      "index": 493,
      "start": 1011.22,
      "end": 1011.9,
      "text": "非常非常细。"
    },
    {
      "index": 494,
      "start": 1012.28,
      "end": 1013.74,
      "text": "可以说我们把这个操作系统里面，"
    },
    {
      "index": 495,
      "start": 1013.74,
      "end": 1015.3,
      "text": "每一个系统调用都采集过来。"
    },
    {
      "index": 496,
      "start": 1015.62,
      "end": 1017.58,
      "text": "但是我们的开销呢仍然在百分之三以内。"
    },
    {
      "index": 497,
      "start": 1018.04,
      "end": 1020.07,
      "text": "那么和我们现在主流的这方法比，"
    },
    {
      "index": 498,
      "start": 1020.07,
      "end": 1023.43,
      "text": "比如说常用的 CSDG 笔或者 linux 默认的哦 linux audiit 的笔，"
    },
    {
      "index": 499,
      "start": 1023.75,
      "end": 1027.94,
      "text": "我们实际上可以下降十一个数量级的这样的这的这样的开销啊。"
    },
    {
      "index": 500,
      "start": 1027.94,
      "end": 1030.66,
      "text": "那么这里我们也实现了一个简单的系统原型啊，"
    },
    {
      "index": 501,
      "start": 1030.66,
      "end": 1031.64,
      "text": "这个也是哎，"
    },
    {
      "index": 502,
      "start": 1031.96,
      "end": 1033.075,
      "text": "这个怎么播放一下？"
    },
    {
      "index": 503,
      "start": 1034.39,
      "end": 1034.57,
      "text": "对，"
    },
    {
      "index": 504,
      "start": 1034.57,
      "end": 1037.49,
      "text": "就我们我们把我们刚才那一套全部集成过来啊，"
    },
    {
      "index": 505,
      "start": 1037.49,
      "end": 1041.23,
      "text": "这也是在欧维拉社区开源的这么一个一个项目啊。"
    },
    {
      "index": 506,
      "start": 1041.23,
      "end": 1043.85,
      "text": "就我们之后能够实现就是说端到端实现攻击。"
    },
    {
      "index": 507,
      "start": 1043.85,
      "end": 1046.67,
      "text": "然后我们可以再就用大模型去问这个攻击是什么，"
    },
    {
      "index": 508,
      "start": 1046.83,
      "end": 1047.99,
      "text": "然后把这个攻击告诉你。"
    },
    {
      "index": 509,
      "start": 1047.99,
      "end": 1048.13,
      "text": "哎，"
    },
    {
      "index": 510,
      "start": 1048.13,
      "end": 1050.35,
      "text": "你看你你这攻击里边儿用了什么技术，"
    },
    {
      "index": 511,
      "start": 1050.35,
      "end": 1051.87,
      "text": "它每一步之间连接是什么？"
    },
    {
      "index": 512,
      "start": 1051.87,
      "end": 1052.63,
      "text": "关联是什么？"
    },
    {
      "index": 513,
      "start": 1052.87,
      "end": 1053.11,
      "text": "啊，"
    },
    {
      "index": 514,
      "start": 1053.11,
      "end": 1054.55,
      "text": "这样的实现一个啊，"
    },
    {
      "index": 515,
      "start": 1054.63,
      "end": 1057.49,
      "text": "我们就是说从一无所有到现在，"
    },
    {
      "index": 516,
      "start": 1057.51,
      "end": 1059.09,
      "text": "能够有一个基本的原型系统啊。"
    },
    {
      "index": 517,
      "start": 1062.14,
      "end": 1062.38,
      "text": "好，"
    },
    {
      "index": 518,
      "start": 1062.4,
      "end": 1064.4,
      "text": "那么这个是我们其他一些相关的工作啊，"
    },
    {
      "index": 519,
      "start": 1064.4,
      "end": 1066.62,
      "text": "就是比如说我们在软件方漏洞挖掘方面，"
    },
    {
      "index": 520,
      "start": 1066.62,
      "end": 1069.26,
      "text": "我们做做了第一个这个挖我们的符号执行工具，"
    },
    {
      "index": 521,
      "start": 1069.62,
      "end": 1072.76,
      "text": "我们也做了一些二进制二进制插砖的这种免程序。"
    },
    {
      "index": 522,
      "start": 1072.8,
      "end": 1072.94,
      "text": "二、"
    },
    {
      "index": 523,
      "start": 1072.94,
      "end": 1074.54,
      "text": "二进制模模糊测试的工具啊，"
    },
    {
      "index": 524,
      "start": 1074.54,
      "end": 1075.02,
      "text": "对这种。"
    },
    {
      "index": 525,
      "start": 1075.22,
      "end": 1079.14,
      "text": "那么它它是目前应该说对二进制测试成功率最高的这么一个测试。"
    },
    {
      "index": 526,
      "start": 1079.14,
      "end": 1085.035,
      "text": "还有一些对我们这个数据隐私保护啊模模型垂于系统训练的一些工作。"
    },
    {
      "index": 527,
      "start": 1085.72,
      "end": 1085.9,
      "text": "好，"
    },
    {
      "index": 528,
      "start": 1085.9,
      "end": 1087.12,
      "text": "那么我们未来工作呢，"
    },
    {
      "index": 529,
      "start": 1087.12,
      "end": 1091.58,
      "text": "实际上在这个呃我们这个这个 c is arm 这个系统上面。"
    },
    {
      "index": 530,
      "start": 1091.58,
      "end": 1094.92,
      "text": "第一个是我们把已经在地铁和欧文欧拉社区进行进行加园了。"
    },
    {
      "index": 531,
      "start": 1095.14,
      "end": 1095.36,
      "text": "啊，"
    },
    {
      "index": 532,
      "start": 1095.36,
      "end": 1096.76,
      "text": "这个我们在这个个进行建设。"
    },
    {
      "index": 533,
      "start": 1096.76,
      "end": 1099.78,
      "text": "那么我们下一步计划目前在来跟欧拉合作，"
    },
    {
      "index": 534,
      "start": 1099.78,
      "end": 1102.52,
      "text": "就是我们希望把那个数据集用某种合适的方式。"
    },
    {
      "index": 535,
      "start": 1102.9,
      "end": 1107.72,
      "text": "比如说用我们之前用做的这个呃隐私数据保护系统啊，"
    },
    {
      "index": 536,
      "start": 1107.72,
      "end": 1109.52,
      "text": "在保护隐私的情况下把它公开出来。"
    },
    {
      "index": 537,
      "start": 1109.52,
      "end": 1113.31,
      "text": "这样的支持整个社区来来来来迭代大家的算法。"
    },
    {
      "index": 538,
      "start": 1113.37,
      "end": 1113.55,
      "text": "啊，"
    },
    {
      "index": 539,
      "start": 1113.55,
      "end": 1115.93,
      "text": "因为现在这个缺乏数据是一个很大的问题。"
    },
    {
      "index": 540,
      "start": 1116.37,
      "end": 1117.67,
      "text": "第二个呢是我们持续投入，"
    },
    {
      "index": 541,
      "start": 1117.67,
      "end": 1119.509,
      "text": "会把这个这个社区建设建设好，"
    },
    {
      "index": 542,
      "start": 1119.509,
      "end": 1120.51,
      "text": "把我们系统建设好，"
    },
    {
      "index": 543,
      "start": 1120.73,
      "end": 1122.25,
      "text": "不断的往代代码推进去。"
    },
    {
      "index": 544,
      "start": 1122.71,
      "end": 1122.95,
      "text": "啊，"
    },
    {
      "index": 545,
      "start": 1123.37,
      "end": 1125.13,
      "text": "当然我们也欢迎我们各位老师啊，"
    },
    {
      "index": 546,
      "start": 1125.13,
      "end": 1127.19,
      "text": "各位同行这一块参与到这个建设里边来，"
    },
    {
      "index": 547,
      "start": 1127.19,
      "end": 1130.01,
      "text": "这个还是在国际上会是很比较有利啊，"
    },
    {
      "index": 548,
      "start": 1130.01,
      "end": 1137.37,
      "text": "有有安全里边比较比目前比还是比较相对比较热门的一个系系统安全里面比较热门的方向有很多论文出来。"
    },
    {
      "index": 549,
      "start": 1137.57,
      "end": 1141.13,
      "text": "那么也希望我们的系统能够啊帮助大家节省一些时间，"
    },
    {
      "index": 550,
      "start": 1141.13,
      "end": 1142.56,
      "text": "帮助各老师节省一些时间，"
    },
    {
      "index": 551,
      "start": 1142.56,
      "end": 1143.56,
      "text": "能够快速迭代算法。"
    },
    {
      "index": 552,
      "start": 1143.82,
      "end": 1144.0,
      "text": "啊，"
    },
    {
      "index": 553,
      "start": 1144.0,
      "end": 1148.84,
      "text": "最后呢我们还是还做还尝试把我们这个整个核心算法做应用做的进行的扩展。"
    },
    {
      "index": 554,
      "start": 1149.14,
      "end": 1149.34,
      "text": "啊，"
    },
    {
      "index": 555,
      "start": 1149.34,
      "end": 1151.96,
      "text": "比如说我们拿来对这个大模型安全，"
    },
    {
      "index": 556,
      "start": 1152.22,
      "end": 1153.34,
      "text": "大模型的访问安全，"
    },
    {
      "index": 557,
      "start": 1153.64,
      "end": 1154.44,
      "text": "它的日志对吧？"
    },
    {
      "index": 558,
      "start": 1154.44,
      "end": 1156.1,
      "text": "我们能处理这个系统的日志，"
    },
    {
      "index": 559,
      "start": 1156.2,
      "end": 1156.42,
      "text": "哎，"
    },
    {
      "index": 560,
      "start": 1156.42,
      "end": 1160.6,
      "text": "我们能不能用相同的方法来处理这种大模型它的呃访问日志，"
    },
    {
      "index": 561,
      "start": 1160.6,
      "end": 1162.44,
      "text": "大模型服务的访问日志来检测一些攻击呢？"
    },
    {
      "index": 562,
      "start": 1162.44,
      "end": 1163.54,
      "text": "哎我发现也是可以的。"
    },
    {
      "index": 563,
      "start": 1163.92,
      "end": 1164.32,
      "text": "然后呢，"
    },
    {
      "index": 564,
      "start": 1164.32,
      "end": 1167.08,
      "text": "我们能不能把这个相同的概念弄到比如更广的方面。"
    },
    {
      "index": 565,
      "start": 1167.08,
      "end": 1171.49,
      "text": "比如说金融房诈上用我们那个那那套异常检测的算法来检测异常方法。"
    },
    {
      "index": 566,
      "start": 1171.55,
      "end": 1171.67,
      "text": "哎，"
    },
    {
      "index": 567,
      "start": 1171.67,
      "end": 1173.27,
      "text": "也能我们跟美团合作以后，"
    },
    {
      "index": 568,
      "start": 1173.57,
      "end": 1178.97,
      "text": "发现能够在美团里边真的能每每天每每天给他们每减少减少很多的很多的钱。"
    },
    {
      "index": 569,
      "start": 1178.97,
      "end": 1181.995,
      "text": "把把他们把诈骗给检查出来啊。"
    },
    {
      "index": 570,
      "start": 1183.12,
      "end": 1183.34,
      "text": "好，"
    },
    {
      "index": 571,
      "start": 1183.34,
      "end": 1184.96,
      "text": "那就是我这个就我们工作，"
    },
    {
      "index": 572,
      "start": 1184.96,
      "end": 1188.72,
      "text": "就是我们这个其实就是一个我们试图说 AI 端到端的 APD 检测工作。"
    },
    {
      "index": 573,
      "start": 1189.04,
      "end": 1190.22,
      "text": "那么这个当然这个工作呢，"
    },
    {
      "index": 574,
      "start": 1190.22,
      "end": 1193.36,
      "text": "实际上是啊我们已经写分享过很多次。"
    },
    {
      "index": 575,
      "start": 1193.36,
      "end": 1196.24,
      "text": "这个是感谢华为给我们这做了欧拉给我们很多的支持。"
    },
    {
      "index": 576,
      "start": 1196.52,
      "end": 1197.86,
      "text": "那么也成部分成成果，"
    },
    {
      "index": 577,
      "start": 1197.86,
      "end": 1201.1,
      "text": "也成为那个我们科电子游科科技目的一等奖的内容啊。"
    },
    {
      "index": 578,
      "start": 1201.1,
      "end": 1201.24,
      "text": "好，"
    },
    {
      "index": 579,
      "start": 1201.24,
      "end": 1201.96,
      "text": "谢谢各位老师，"
    },
    {
      "index": 580,
      "start": 1202.04,
      "end": 1202.58,
      "text": "谢谢大家。"
    },
    {
      "index": 581,
      "start": 1202.58,
      "end": 1202.78,
      "text": "嗯，"
    },
    {
      "index": 582,
      "start": 1202.78,
      "end": 1204.74,
      "text": "谢谢感谢李老师的专业分享，"
    },
    {
      "index": 583,
      "start": 1204.74,
      "end": 1206.02,
      "text": "还是请您留步啊。"
    },
    {
      "index": 584,
      "start": 1206.02,
      "end": 1208.2,
      "text": "同样呢亲下的时间依旧是交给我们现场的。"
    },
    {
      "index": 585,
      "start": 1208.2,
      "end": 1208.58,
      "text": "各位朋友，"
    },
    {
      "index": 586,
      "start": 1208.58,
      "end": 1210.16,
      "text": "大家有没有什么想要提问的，"
    },
    {
      "index": 587,
      "start": 1210.16,
      "end": 1211.4,
      "text": "可以随时举手示意。"
    },
    {
      "index": 588,
      "start": 1211.4,
      "end": 1216.385,
      "text": "我们我们有他可以让我们的工作人员走到您的身边。"
    },
    {
      "index": 589,
      "start": 1218.16,
      "end": 1218.4,
      "text": "好，"
    },
    {
      "index": 590,
      "start": 1218.42,
      "end": 1219.52,
      "text": "那如果没有的话，"
    },
    {
      "index": 591,
      "start": 1219.52,
      "end": 1221.84,
      "text": "就再一次的感谢李老师为我们带来的专业分享，"
    },
    {
      "index": 592,
      "start": 1221.92,
      "end": 1222.495,
      "text": "谢谢。"
    },
    {
      "index": 593,
      "start": 1225.0,
      "end": 1230.04,
      "text": "端到端的攻击检测技术呢为人工智能系统筑牢了安全防线，"
    }
  ],
  "artifacts": [
    "output/ScienceEducationInnovation/part_03/chunk_00/03_srt_slice/artifacts/chunk_baseline.srt"
  ],
  "metadata": {},
  "trace_id": null,
  "duration_ms": 0,
  "started_at": "2025-12-19T00:58:13.731505",
  "completed_at": "2025-12-18T16:58:13.804660",
  "step_config": {},
  "dependencies": [
    "downscale"
  ]
}