{
  "address": "ai_session/part_05/chunk_00/01_cut_chunk",
  "status": "completed",
  "input": {
    "video": "ai_session.mp4",
    "start": 5057.08,
    "duration": 869.1499999999996,
    "output_name": "chunk_high.mp4"
  },
  "output": {
    "path": "output/ai_session/part_05/chunk_00/01_cut_chunk/artifacts/chunk_high.mp4",
    "start": 5057.08,
    "duration": 869.1499999999996
  },
  "artifacts": [
    "output/ai_session/part_05/chunk_00/01_cut_chunk/artifacts/chunk_high.mp4"
  ],
  "metadata": {
    "ffmpeg": "/opt/homebrew/bin/ffmpeg",
    "start": 5057.08,
    "duration": 869.1499999999996,
    "size_bytes": 456126130
  },
  "trace_id": null,
  "duration_ms": 988,
  "started_at": "2025-12-15T17:57:17.925378",
  "completed_at": "2025-12-15T09:57:18.915716",
  "step_config": {},
  "dependencies": []
}