{
  "address": "ai_session/part_07/chunk_00/09_apply_crop/slide_009",
  "status": "completed",
  "input": {
    "image_path": "output/ai_session/part_07/chunk_00/07_capture_frame/slide_009/artifacts/slide_009.png",
    "crop_region": {
      "x": 689,
      "y": 162,
      "width": 1190,
      "height": 857
    }
  },
  "output": "output/ai_session/part_07/chunk_00/09_apply_crop/slide_009/artifacts/slide_009.png",
  "artifacts": [
    "output/ai_session/part_07/chunk_00/09_apply_crop/slide_009/artifacts/slide_009.png"
  ],
  "metadata": {
    "source": "output/ai_session/part_07/chunk_00/07_capture_frame/slide_009/artifacts/slide_009.png",
    "applied": true,
    "crop_region": {
      "x": 689,
      "y": 162,
      "width": 1190,
      "height": 857
    },
    "size": {
      "width": 1190,
      "height": 857
    }
  },
  "trace_id": null,
  "duration_ms": 78,
  "started_at": "2025-12-16T00:31:41.596871",
  "completed_at": "2025-12-15T16:31:41.677703",
  "step_config": {},
  "dependencies": [
    "capture_frame",
    "crop_decision"
  ]
}