{
  "address": "ai_session/part_03/chunk_00/09_apply_crop/slide_002",
  "status": "completed",
  "input": {
    "image_path": "output/ai_session/part_03/chunk_00/07_capture_frame/slide_002/artifacts/slide_002.png",
    "crop_region": {
      "x": 499,
      "y": 86,
      "width": 1344,
      "height": 842
    }
  },
  "output": "output/ai_session/part_03/chunk_00/09_apply_crop/slide_002/artifacts/slide_002.png",
  "artifacts": [
    "output/ai_session/part_03/chunk_00/09_apply_crop/slide_002/artifacts/slide_002.png"
  ],
  "metadata": {
    "source": "output/ai_session/part_03/chunk_00/07_capture_frame/slide_002/artifacts/slide_002.png",
    "applied": true,
    "crop_region": {
      "x": 499,
      "y": 86,
      "width": 1344,
      "height": 842
    },
    "size": {
      "width": 1344,
      "height": 842
    }
  },
  "trace_id": null,
  "duration_ms": 322,
  "started_at": "2025-12-15T23:21:59.364881",
  "completed_at": "2025-12-15T15:21:59.702253",
  "step_config": {},
  "dependencies": [
    "capture_frame",
    "crop_decision"
  ]
}