{
  "address": "ScienceEducationInnovation/part_03/chunk_00/02_downscale",
  "status": "completed",
  "input": {
    "source": "output/ScienceEducationInnovation/part_03/chunk_00/01_cut_chunk/artifacts/chunk_high.mp4",
    "duration": 1225.0,
    "original_fps": 25.0,
    "output_name": "chunk_low.mp4"
  },
  "output": {
    "path": "output/ScienceEducationInnovation/part_03/chunk_00/02_downscale/artifacts/chunk_low.mp4",
    "duration": 1225.0,
    "original_fps": 25.0,
    "target_fps": 3
  },
  "artifacts": [
    "output/ScienceEducationInnovation/part_03/chunk_00/02_downscale/artifacts/chunk_low.mp4"
  ],
  "metadata": {
    "ffmpeg": "/opt/homebrew/bin/ffmpeg",
    "target_size_mb": 20.0,
    "original_fps": 25.0,
    "target_fps": 3,
    "rate_control": "crf",
    "crf": 28,
    "min_video_bitrate": 80000,
    "audio_bitrate": 32000,
    "scale_height": 0,
    "prefer_hwaccel": false,
    "size_bytes": 14405984
  },
  "trace_id": null,
  "duration_ms": 33069,
  "started_at": "2025-12-19T00:57:40.660635",
  "completed_at": "2025-12-18T16:58:13.730587",
  "step_config": {},
  "dependencies": [
    "cut_chunk"
  ]
}