{
  "address": "ScienceEducationInnovation/part_03/chunk_00/07_capture_frame/slide_018",
  "status": "completed",
  "input": {
    "video": "output/ScienceEducationInnovation/part_03/chunk_00/01_cut_chunk/artifacts/chunk_high.mp4",
    "timestamp": "00:13:45.080",
    "frame_id": "slide_018",
    "output_ext": ".png"
  },
  "output": "output/ScienceEducationInnovation/part_03/chunk_00/07_capture_frame/slide_018/artifacts/slide_018.png",
  "artifacts": [
    "output/ScienceEducationInnovation/part_03/chunk_00/07_capture_frame/slide_018/artifacts/slide_018.png"
  ],
  "metadata": {
    "timestamp": "00:13:45.080",
    "frame_id": "slide_018",
    "ffmpeg": "/opt/homebrew/bin/ffmpeg"
  },
  "trace_id": null,
  "duration_ms": 1529,
  "started_at": "2025-12-19T01:07:58.334246",
  "completed_at": "2025-12-18T17:07:59.865102",
  "step_config": {},
  "dependencies": [
    "slide_timeline"
  ]
}