{
  "address": "day1_main/part_05/chunk_00/07_capture_frame/slide_007",
  "status": "completed",
  "input": {
    "video": "output/day1_main/part_05/chunk_00/01_cut_chunk/artifacts/chunk_high.mp4",
    "timestamp": "00:08:30.940",
    "frame_id": "slide_007",
    "output_ext": ".png"
  },
  "output": "output/day1_main/part_05/chunk_00/07_capture_frame/slide_007/artifacts/slide_007.png",
  "artifacts": [
    "output/day1_main/part_05/chunk_00/07_capture_frame/slide_007/artifacts/slide_007.png"
  ],
  "metadata": {
    "timestamp": "00:08:30.940",
    "frame_id": "slide_007",
    "ffmpeg": "/opt/homebrew/bin/ffmpeg"
  },
  "trace_id": null,
  "duration_ms": 1233,
  "started_at": "2025-12-17T17:23:07.714666",
  "completed_at": "2025-12-17T09:23:08.948814",
  "step_config": {},
  "dependencies": [
    "slide_timeline"
  ]
}