{
  "address": "ai_session/part_07/chunk_00/09_apply_crop/slide_015",
  "status": "completed",
  "input": {
    "image_path": "output/ai_session/part_07/chunk_00/07_capture_frame/slide_015/artifacts/slide_015.png",
    "crop_region": {
      "x": 299,
      "y": 149,
      "width": 1620,
      "height": 930
    }
  },
  "output": "output/ai_session/part_07/chunk_00/09_apply_crop/slide_015/artifacts/slide_015.png",
  "artifacts": [
    "output/ai_session/part_07/chunk_00/09_apply_crop/slide_015/artifacts/slide_015.png"
  ],
  "metadata": {
    "source": "output/ai_session/part_07/chunk_00/07_capture_frame/slide_015/artifacts/slide_015.png",
    "applied": true,
    "crop_region": {
      "x": 299,
      "y": 149,
      "width": 1620,
      "height": 930
    },
    "size": {
      "width": 1620,
      "height": 930
    }
  },
  "trace_id": null,
  "duration_ms": 136,
  "started_at": "2025-12-16T00:31:41.597283",
  "completed_at": "2025-12-15T16:31:41.734203",
  "step_config": {},
  "dependencies": [
    "capture_frame",
    "crop_decision"
  ]
}