{
  "address": "ScienceEducationInnovation/part_03/final/07_script_refine/2",
  "status": "completed",
  "input": {
    "narrative": {
      "id": "sec_003",
      "index": 2,
      "title": "科学问题与三大关键挑战探讨实现端到端AI检测的可能性，并详细分析数据质量差、语义理解难、成本损耗大这三个核心挑战。",
      "time_range": "00:03:14,950 - 00:07:17,275",
      "script": "因此，我们的研究试图回答一个问题：能否排除人工干预，实现端到端的 AI 检测？\n即让 AI 直接读取原始的系统运行日志，经过算法分析，自动生成可读的攻击报告。\n自动将复杂的 APT 攻击场景用自然语言描述出来。\n在大语言模型如此强大的今天，这看似容易，但实际效果并不理想。\n究其原因，主要存在三个关键挑战。首先是数据质量差。\n对于 AI 模型而言，其能力完全源于数据。\n但在攻击检测领域，训练数据量严重不足。安全数据多为企业内部运维数据，具有隐私性，难以公开。\n学术界的大量数据多为模拟数据，对模型能力的提升非常有限。\n其次是缺乏标注。对安全数据进行标注的成本极高。\n它不像计算机视觉或自然语言处理可以由普通人标注，安全数据标注需要大量专业人士参与。\n这导致效率低下，且标注质量难以保证。即使是专业的博士生，也难以精确匹配每一条日志数据。\n第三是数据分布极不均匀。在现实中，攻击数据远少于正常数据。\n这种极度稀疏的数据分布给机器学习模型带来了巨大困难。\n第二个挑战是语义理解困难。\n我们希望大模型能理解底层日志中的攻击，并用人类语言解释。\n但底层日志（如操作系统日志、网络日志）与人类自然语言之间存在巨大的语义鸿沟。\n此外，理解还存在歧义性。同样的行为，在不同上下文中可能是正常的，也可能是恶意的。\n例如访问某个文件，正常用户打开是正常操作，而病毒引起则是恶意行为。\n最后是数据维度极高。大模型的上下文窗口（如 1M token）对于安全日志来说仍然太小。\n100万个 token 可能只能覆盖半天的日志，而 APT 攻击往往持续数月，模型根本无法捕捉全貌。\n第三个挑战是成本限制。安全产业，尤其是国内，受成本限制非常大。\n企业不愿像投入大模型那样投入巨额资金，也没有那么多显卡资源进行分析。\n但我们对算法的要求却很高：检测要及时，且要处理海量的端到端数据。\n在数据规模巨大、成本受限的情况下，实现及时检测面临巨大挑战。",
      "summary": ""
    }
  },
  "output": {
    "section_id": "sec_003",
    "index": 2,
    "title": "科学问题与三大关键挑战探讨实现端到端AI检测的可能性，并详细分析数据质量差、语义理解难、成本损耗大这三个核心挑战。",
    "time_range": "00:03:14,950 - 00:07:17,275",
    "refined_script": "# 迈向端到端 AI 攻击检测：核心愿景与三大技术挑战\n\n## 1. 核心愿景：端到端自动化检测\n在网络安全领域，研究的终极目标是实现**端到端（End-to-End）的 AI 检测**。该方案旨在排除人工干预，直接驱动 AI 模型读取原始系统运行日志，通过算法深度分析，自动生成可读性强的攻击报告，并利用自然语言描述复杂的 APT（高级持续性威胁）攻击场景。\n\n尽管大语言模型（LLM）展现了强大的理解能力，但在实际落地过程中，端到端检测仍面临以下三大核心挑战。\n\n## 2. 挑战一：数据质量与标注瓶颈\nAI 模型的能力高度依赖于训练数据的质量，但在安全领域，数据供给存在严重缺陷：\n\n*   **数据获取困难与隐私限制**：高质量的安全数据多存在于企业内部运维系统中，受限于隐私保护，难以公开共享。目前学术界常用的模拟数据与真实生产环境存在较大偏差，对模型能力的提升有限。\n*   **标注成本极高**：安全数据的标注具有极高的专业门槛，无法通过普通众包完成。标注工作需要资深专家或专业研究人员参与，且即便如此，在海量日志中精确匹配攻击行为的效率和准确性仍难以保证。\n*   **样本分布极度不均**：在现实场景中，攻击行为属于极少数的“稀疏事件”，正常运行数据远多于攻击数据。这种极度失衡的数据分布给机器学习模型的训练带来了巨大的收敛压力。\n\n## 3. 挑战二：语义鸿沟与长程关联分析\n将底层系统行为转化为人类可理解的语言，存在天然的逻辑障碍：\n\n*   **语义鸿沟（Semantic Gap）**：底层操作系统日志、网络流量日志与人类自然语言之间存在巨大的语义断层，模型难以直接建立从二进制/结构化日志到业务逻辑的映射。\n*   **上下文歧义性**：相同的操作行为在不同语境下性质截然不同。例如，“访问特定文件”在正常业务流程中是合法操作，但在病毒入侵场景下则是恶意行为，模型必须具备极强的上下文感知能力。\n*   **高维度与窗口限制**：APT 攻击通常具有长周期性，往往持续数月。然而，即使是拥有 1M Token 上下文窗口的大模型，也仅能覆盖约半天的日志量。面对海量且长周期的日志数据，模型难以捕捉全貌，容易丢失关键的攻击线索。\n\n## 4. 挑战三：成本损耗与性能博弈\n安全产业的落地受限于严苛的投入产出比：\n\n*   **资源投入受限**：相比通用大模型领域，安全行业在资金投入和显卡（GPU）计算资源上相对有限，企业难以负担巨额的算力成本。\n*   **实时性与规模的矛盾**：安全检测要求极高的时效性（及时发现、及时阻断）。在处理海量端到端数据时，如何在受限的成本和算力条件下，实现低延迟、高吞吐的实时检测，是目前技术落地的主要障碍。",
    "summary": "",
    "original_script": "因此，我们的研究试图回答一个问题：能否排除人工干预，实现端到端的 AI 检测？\n即让 AI 直接读取原始的系统运行日志，经过算法分析，自动生成可读的攻击报告。\n自动将复杂的 APT 攻击场景用自然语言描述出来。\n在大语言模型如此强大的今天，这看似容易，但实际效果并不理想。\n究其原因，主要存在三个关键挑战。首先是数据质量差。\n对于 AI 模型而言，其能力完全源于数据。\n但在攻击检测领域，训练数据量严重不足。安全数据多为企业内部运维数据，具有隐私性，难以公开。\n学术界的大量数据多为模拟数据，对模型能力的提升非常有限。\n其次是缺乏标注。对安全数据进行标注的成本极高。\n它不像计算机视觉或自然语言处理可以由普通人标注，安全数据标注需要大量专业人士参与。\n这导致效率低下，且标注质量难以保证。即使是专业的博士生，也难以精确匹配每一条日志数据。\n第三是数据分布极不均匀。在现实中，攻击数据远少于正常数据。\n这种极度稀疏的数据分布给机器学习模型带来了巨大困难。\n第二个挑战是语义理解困难。\n我们希望大模型能理解底层日志中的攻击，并用人类语言解释。\n但底层日志（如操作系统日志、网络日志）与人类自然语言之间存在巨大的语义鸿沟。\n此外，理解还存在歧义性。同样的行为，在不同上下文中可能是正常的，也可能是恶意的。\n例如访问某个文件，正常用户打开是正常操作，而病毒引起则是恶意行为。\n最后是数据维度极高。大模型的上下文窗口（如 1M token）对于安全日志来说仍然太小。\n100万个 token 可能只能覆盖半天的日志，而 APT 攻击往往持续数月，模型根本无法捕捉全貌。\n第三个挑战是成本限制。安全产业，尤其是国内，受成本限制非常大。\n企业不愿像投入大模型那样投入巨额资金，也没有那么多显卡资源进行分析。\n但我们对算法的要求却很高：检测要及时，且要处理海量的端到端数据。\n在数据规模巨大、成本受限的情况下，实现及时检测面临巨大挑战。"
  },
  "artifacts": [
    "output/ScienceEducationInnovation/part_03/final/07_script_refine/2/artifacts/section_sec_003_refined.md"
  ],
  "metadata": {
    "refined_length": 1134,
    "original_length": 810,
    "summary_length": 0
  },
  "trace_id": "e754c721-2a33-4a63-8ee4-b5fd981faaaf",
  "duration_ms": 94990,
  "started_at": "2025-12-19T01:26:36.932341",
  "completed_at": "2025-12-18T17:28:11.924105",
  "step_config": {
    "model": "gemini-3-flash-preview",
    "temperature": 0.2,
    "prompt_file": "/Users/lichuan/Codes/TalkDistill/config/prompts/script_refine.md",
    "schema_file": "/Users/lichuan/Codes/TalkDistill/config/schemas/script_refine.json"
  },
  "dependencies": [
    "section_timing"
  ]
}