{
  "address": "ai_session/part_01/chunk_00/07_capture_frame/slide_003",
  "status": "completed",
  "input": {
    "video": "output/ai_session/part_01/chunk_00/01_cut_chunk/artifacts/chunk_high.mp4",
    "timestamp": "00:01:20.500",
    "frame_id": "slide_003",
    "output_ext": ".png"
  },
  "output": "output/ai_session/part_01/chunk_00/07_capture_frame/slide_003/artifacts/slide_003.png",
  "artifacts": [
    "output/ai_session/part_01/chunk_00/07_capture_frame/slide_003/artifacts/slide_003.png"
  ],
  "metadata": {
    "timestamp": "00:01:20.500",
    "frame_id": "slide_003",
    "ffmpeg": "/opt/homebrew/bin/ffmpeg"
  },
  "trace_id": null,
  "duration_ms": 757,
  "started_at": "2025-12-15T22:19:47.526336",
  "completed_at": "2025-12-15T14:19:48.285643",
  "step_config": {},
  "dependencies": [
    "slide_timeline"
  ]
}