{
  "address": "day2_main/part_05/chunk_00/07_capture_frame/slide_010",
  "status": "completed",
  "input": {
    "video": "output/day2_main/part_05/chunk_00/01_cut_chunk/artifacts/chunk_high.mp4",
    "timestamp": "00:12:54.600",
    "frame_id": "slide_010",
    "output_ext": ".png"
  },
  "output": "output/day2_main/part_05/chunk_00/07_capture_frame/slide_010/artifacts/slide_010.png",
  "artifacts": [
    "output/day2_main/part_05/chunk_00/07_capture_frame/slide_010/artifacts/slide_010.png"
  ],
  "metadata": {
    "timestamp": "00:12:54.600",
    "frame_id": "slide_010",
    "ffmpeg": "/opt/homebrew/bin/ffmpeg"
  },
  "trace_id": null,
  "duration_ms": 1946,
  "started_at": "2025-12-17T21:08:46.269764",
  "completed_at": "2025-12-17T13:08:48.216736",
  "step_config": {},
  "dependencies": [
    "slide_timeline"
  ]
}