{
  "address": "ai_session/part_11/chunk_00/03_srt_slice",
  "status": "completed",
  "input": {
    "global_srt": "output/ai_session/part_-01/chunk_-01/00_global_funasr/artifacts/global.srt",
    "start_ms": 10607000.0,
    "end_ms": 11259775.0,
    "output_name": "chunk_baseline.srt"
  },
  "output": [
    {
      "index": 1,
      "start": 0,
      "end": 0,
      "text": "像好，"
    },
    {
      "index": 2,
      "start": 0,
      "end": 12.41,
      "text": "下面有请我们那个呃天翼云科技有限公司的那个后端这个开发工程师吴开顺先生给我们带来呃 CT 云呃 CT 云 OS 智能安全中心的一个分享。"
    },
    {
      "index": 3,
      "start": 12.57,
      "end": 16.675,
      "text": "大家欢迎喂，"
    },
    {
      "index": 4,
      "start": 18.52,
      "end": 19.58,
      "text": "嗯各位同事，"
    },
    {
      "index": 5,
      "start": 19.58,
      "end": 20.22,
      "text": "大家下午好。"
    },
    {
      "index": 6,
      "start": 20.22,
      "end": 21.4,
      "text": "然后今天在这里的话，"
    },
    {
      "index": 7,
      "start": 21.4,
      "end": 27.005,
      "text": "主要是对我们 CT 天云研发的一个 CT 云智能安全中心做一个介绍。"
    },
    {
      "index": 8,
      "start": 27.93,
      "end": 30.41,
      "text": "然后这然后操作系统安全的话，"
    },
    {
      "index": 9,
      "start": 30.41,
      "end": 33.35,
      "text": "其实是我们整个操作系统运行的一个基石。"
    },
    {
      "index": 10,
      "start": 33.45,
      "end": 39.27,
      "text": "然后如何如何去让把 AI 和我们的操作系统安全结合，"
    },
    {
      "index": 11,
      "start": 39.27,
      "end": 41.405,
      "text": "这就是一个很很有趣的话题。"
    },
    {
      "index": 12,
      "start": 42.86,
      "end": 43.1,
      "text": "嗯，"
    },
    {
      "index": 13,
      "start": 43.14,
      "end": 44.02,
      "text": "CTUOS，"
    },
    {
      "index": 14,
      "start": 44.16,
      "end": 45.9,
      "text": "我们首先介绍一下我们的安全中心。"
    },
    {
      "index": 15,
      "start": 45.9,
      "end": 51.07,
      "text": "我们的安全中心的话是是主要是我们实现我们从操作系统漏洞，"
    },
    {
      "index": 16,
      "start": 51.07,
      "end": 54.11,
      "text": "从感知播报分析、"
    },
    {
      "index": 17,
      "start": 54.11,
      "end": 54.81,
      "text": "修复测试，"
    },
    {
      "index": 18,
      "start": 54.93,
      "end": 60.09,
      "text": "然后以及发布的全生命周期进行的一个智能化跟踪的一个系统。"
    },
    {
      "index": 19,
      "start": 60.09,
      "end": 62.35,
      "text": "然后我们主要的其实和 AI 关联的话，"
    },
    {
      "index": 20,
      "start": 62.35,
      "end": 64.855,
      "text": "我们是引入了 AIAI 大模型的相关能力。"
    },
    {
      "index": 21,
      "start": 65.61,
      "end": 65.85,
      "text": "嗯，"
    },
    {
      "index": 22,
      "start": 65.91,
      "end": 66.61,
      "text": "对智能，"
    },
    {
      "index": 23,
      "start": 67.29,
      "end": 71.47,
      "text": "然后去分析漏洞是否对这个操作系统能否造成影响。"
    },
    {
      "index": 24,
      "start": 71.47,
      "end": 72.15,
      "text": "然后同时的话，"
    },
    {
      "index": 25,
      "start": 72.15,
      "end": 74.01,
      "text": "我们在源码合入阶段的话，"
    },
    {
      "index": 26,
      "start": 74.01,
      "end": 76.91,
      "text": "我们也会去分析嗯，"
    },
    {
      "index": 27,
      "start": 77.27,
      "end": 79.33,
      "text": "这个源码合入合入之后，"
    },
    {
      "index": 28,
      "start": 79.33,
      "end": 80.93,
      "text": "能能不能能不能正常合入，"
    },
    {
      "index": 29,
      "start": 80.93,
      "end": 82.33,
      "text": "然后合入之后的一些影响。"
    },
    {
      "index": 30,
      "start": 82.81,
      "end": 83.53,
      "text": "同时的话，"
    },
    {
      "index": 31,
      "start": 83.73,
      "end": 89.21,
      "text": "我们这个项目也也是基于我们天云前期两个已经贡献到社区的项目，"
    },
    {
      "index": 32,
      "start": 89.21,
      "end": 94.01,
      "text": "一个是 CVE 和和 securcurbbaselline 进行的一个扩展，"
    },
    {
      "index": 33,
      "start": 94.01,
      "end": 98.43,
      "text": "然后使其能够更好的服服务于操作系统安全的相关任务。"
    },
    {
      "index": 34,
      "start": 99.05,
      "end": 102.01,
      "text": "然后这个的话是我们整个的一个技术框架，"
    },
    {
      "index": 35,
      "start": 102.01,
      "end": 105.41,
      "text": "我们其实是一个前后端分离的一个框架。"
    },
    {
      "index": 36,
      "start": 105.89,
      "end": 108.9,
      "text": "然后前端其实就是 VOEGS 和 e 叉 ts，"
    },
    {
      "index": 37,
      "start": 109.1,
      "end": 110.56,
      "text": "然后然后做了一个构建，"
    },
    {
      "index": 38,
      "start": 110.56,
      "end": 112.2,
      "text": "然后用 NGIX 做了一个反带。"
    },
    {
      "index": 39,
      "start": 112.2,
      "end": 115.06,
      "text": "当然的话我们是用 radio s 做了一个中间件，"
    },
    {
      "index": 40,
      "start": 115.08,
      "end": 118.24,
      "text": "然后从从而配合数据库和 salilary，"
    },
    {
      "index": 41,
      "start": 118.24,
      "end": 119.625,
      "text": "然后实现了一个异步。"
    },
    {
      "index": 42,
      "start": 120.56,
      "end": 130.56,
      "text": "同时的话我们其实我我我们我们我们的系统中间其实就是嵌入了大模型和嗯 a define AI 智能体。"
    },
    {
      "index": 43,
      "start": 130.92,
      "end": 131.96,
      "text": "然后然后当然的话，"
    },
    {
      "index": 44,
      "start": 131.96,
      "end": 133.24,
      "text": "我们其实整套服务的话，"
    },
    {
      "index": 45,
      "start": 133.24,
      "end": 136.875,
      "text": "我们其实是能够能够通过容器一键启动的。"
    },
    {
      "index": 46,
      "start": 137.85,
      "end": 139.59,
      "text": "然后主要的功能的话，"
    },
    {
      "index": 47,
      "start": 139.59,
      "end": 143.93,
      "text": "其实我们最核心的话其实就是集成 AI 大模型。"
    },
    {
      "index": 48,
      "start": 143.95,
      "end": 148.51,
      "text": "然后对漏洞修复的全寿命全生命周期进行一个管控。"
    },
    {
      "index": 49,
      "start": 148.51,
      "end": 153.19,
      "text": "它包括自动的去分析 COCVE，"
    },
    {
      "index": 50,
      "start": 153.21,
      "end": 154.99,
      "text": "然后源码还有补丁信息，"
    },
    {
      "index": 51,
      "start": 155.01,
      "end": 158.49,
      "text": "然后精准的评估漏洞对对我们系统的影响，"
    },
    {
      "index": 52,
      "start": 158.49,
      "end": 161.71,
      "text": "然后对这个漏洞漏洞修复进展做一个追踪。"
    },
    {
      "index": 53,
      "start": 161.83,
      "end": 166.2,
      "text": "同时同时的话在这个过程中也会结合播报管理，"
    },
    {
      "index": 54,
      "start": 166.2,
      "end": 168.96,
      "text": "然后定时任务和一些权限控制，"
    },
    {
      "index": 55,
      "start": 168.96,
      "end": 172.0,
      "text": "实现对漏洞从感知分析修复，"
    },
    {
      "index": 56,
      "start": 172.2,
      "end": 176.965,
      "text": "然后他们全生命周期的智能化的一体管理。"
    },
    {
      "index": 57,
      "start": 178.19,
      "end": 178.555,
      "text": "嗯，"
    },
    {
      "index": 58,
      "start": 179.44,
      "end": 183.74,
      "text": "我然后然后的话这里我其实主要就介绍了我们一个比较核心的话，"
    },
    {
      "index": 59,
      "start": 183.74,
      "end": 188.56,
      "text": "其实其实其实就是其实就是对于漏洞修复的全生命周期的一个管理。"
    },
    {
      "index": 60,
      "start": 188.56,
      "end": 189.02,
      "text": "首先的话，"
    },
    {
      "index": 61,
      "start": 189.02,
      "end": 191.56,
      "text": "我们其实从漏洞管感知阶段的话，"
    },
    {
      "index": 62,
      "start": 191.56,
      "end": 193.96,
      "text": "我们其实是有一个智能化的去抓取。"
    },
    {
      "index": 63,
      "start": 193.98,
      "end": 195.84,
      "text": "然后从一个多元多样数据源，"
    },
    {
      "index": 64,
      "start": 195.84,
      "end": 196.82,
      "text": "一个是 NVD，"
    },
    {
      "index": 65,
      "start": 197.02,
      "end": 198.42,
      "text": "然后另外一个是 CNVD，"
    },
    {
      "index": 66,
      "start": 198.42,
      "end": 199.62,
      "text": "或还有包括 open 欧拉，"
    },
    {
      "index": 67,
      "start": 200.06,
      "end": 202.08,
      "text": "但还有 OSV 之类的漏洞平台。"
    },
    {
      "index": 68,
      "start": 202.08,
      "end": 204.74,
      "text": "然后然后还有我们的一个源码仓库，"
    },
    {
      "index": 69,
      "start": 204.84,
      "end": 206.68,
      "text": "然后然后还有一些亚美源，"
    },
    {
      "index": 70,
      "start": 206.68,
      "end": 208.66,
      "text": "亚美源就是一些软件波发布的一些信息。"
    },
    {
      "index": 71,
      "start": 208.66,
      "end": 210.71,
      "text": "然后我们我们会做智能化，"
    },
    {
      "index": 72,
      "start": 210.71,
      "end": 212.75,
      "text": "主要抓取上做一个存取存存储。"
    },
    {
      "index": 73,
      "start": 212.75,
      "end": 216.27,
      "text": "然后的话我们会对这些信息进行一个智能化的筛筛选。"
    },
    {
      "index": 74,
      "start": 216.27,
      "end": 219.29,
      "text": "然后自动的内部的推送到我们的研发人员，"
    },
    {
      "index": 75,
      "start": 219.61,
      "end": 221.93,
      "text": "研发也研推送到研发人员之后。"
    },
    {
      "index": 76,
      "start": 221.93,
      "end": 224.31,
      "text": "然后这里的话我们其实会利用一个 AI 智能体，"
    },
    {
      "index": 77,
      "start": 224.31,
      "end": 228.27,
      "text": "就是对这个漏洞影响做一个分析。"
    },
    {
      "index": 78,
      "start": 228.57,
      "end": 231.15,
      "text": "这里分析的话其实就涉及到两两个点。"
    },
    {
      "index": 79,
      "start": 231.15,
      "end": 234.55,
      "text": "一个就是我们其实是以比如他们这些公开披露的漏洞，"
    },
    {
      "index": 80,
      "start": 234.55,
      "end": 236.53,
      "text": "他们会有一个 CVCVSS 评分。"
    },
    {
      "index": 81,
      "start": 236.53,
      "end": 237.47,
      "text": "如果这个评分的话，"
    },
    {
      "index": 82,
      "start": 237.77,
      "end": 239.11,
      "text": "低于一一定阈值的话，"
    },
    {
      "index": 83,
      "start": 239.11,
      "end": 241.85,
      "text": "我们会直接认可 AI 分析的结果，"
    },
    {
      "index": 84,
      "start": 241.85,
      "end": 243.03,
      "text": "然后就不受影响，"
    },
    {
      "index": 85,
      "start": 243.03,
      "end": 244.47,
      "text": "会直接去到发公告的环节。"
    },
    {
      "index": 86,
      "start": 244.47,
      "end": 246.89,
      "text": "如果是高于一定的阈值的话，"
    },
    {
      "index": 87,
      "start": 246.89,
      "end": 248.09,
      "text": "我们会认为它受影响。"
    },
    {
      "index": 88,
      "start": 248.11,
      "end": 251.47,
      "text": "然后这个时候我们就会触发一个人工审人工审核。"
    },
    {
      "index": 89,
      "start": 251.47,
      "end": 254.23,
      "text": "因为 AAAAIAIAI 的话，"
    },
    {
      "index": 90,
      "start": 254.23,
      "end": 256.93,
      "text": "它其实它能够解决大多数问题。"
    },
    {
      "index": 91,
      "start": 256.93,
      "end": 258.43,
      "text": "但是因为对于这种高危漏洞，"
    },
    {
      "index": 92,
      "start": 258.43,
      "end": 260.655,
      "text": "我们肯定要采取审慎的态度。"
    },
    {
      "index": 93,
      "start": 261.53,
      "end": 263.73,
      "text": "然后然后的话漏漏漏洞修复阶段的话，"
    },
    {
      "index": 94,
      "start": 263.73,
      "end": 269.81,
      "text": "首先就是我们其实会有一个叫 CVE worword 的工具去尝试去获取这种补丁。"
    },
    {
      "index": 95,
      "start": 269.85,
      "end": 273.19,
      "text": "然后我们我们之后的话会会把补丁和这种源码，"
    },
    {
      "index": 96,
      "start": 273.31,
      "end": 276.77,
      "text": "然后移到然然后来做一个 AI 源码分析。"
    },
    {
      "index": 97,
      "start": 276.79,
      "end": 280.77,
      "text": "然后然后这个时候会利用这个 AI 分析这个补丁能否被合入。"
    },
    {
      "index": 98,
      "start": 280.77,
      "end": 282.21,
      "text": "如果能能够被合入的话，"
    },
    {
      "index": 99,
      "start": 282.55,
      "end": 285.09,
      "text": "然后其并且要通过我们的代码代码门禁。"
    },
    {
      "index": 100,
      "start": 285.21,
      "end": 286.33,
      "text": "然后如果能够通过的话，"
    },
    {
      "index": 101,
      "start": 286.33,
      "end": 289.11,
      "text": "然后然后这个这个这个这个时候就会出，"
    },
    {
      "index": 102,
      "start": 289.11,
      "end": 291.025,
      "text": "就会对漏洞进行一个修复。"
    },
    {
      "index": 103,
      "start": 291.46,
      "end": 291.96,
      "text": "当然的话，"
    },
    {
      "index": 104,
      "start": 291.96,
      "end": 292.78,
      "text": "这当然的话，"
    },
    {
      "index": 105,
      "start": 292.78,
      "end": 295.56,
      "text": "这里面其实最理想的状态下其实是全自动。"
    },
    {
      "index": 106,
      "start": 295.56,
      "end": 296.74,
      "text": "但是目前来来说，"
    },
    {
      "index": 107,
      "start": 296.74,
      "end": 300.06,
      "text": "因为有基础设施呢可能还没完全建成这一块的话，"
    },
    {
      "index": 108,
      "start": 300.06,
      "end": 305.74,
      "text": "其实还是有比较还还是有一定的人工的参参与。"
    },
    {
      "index": 109,
      "start": 305.74,
      "end": 306.16,
      "text": "同时的话，"
    },
    {
      "index": 110,
      "start": 306.16,
      "end": 309.06,
      "text": "我们其实是把漏洞安全漏洞相关的信息，"
    },
    {
      "index": 111,
      "start": 309.06,
      "end": 310.7,
      "text": "其实是做了一个 AI 智能体。"
    },
    {
      "index": 112,
      "start": 310.7,
      "end": 312.579,
      "text": "然后在修复漏洞过程中，"
    },
    {
      "index": 113,
      "start": 312.579,
      "end": 315.4,
      "text": "我们研发人员也可以直接去做一些交互，"
    },
    {
      "index": 114,
      "start": 315.42,
      "end": 317.98,
      "text": "然后会根据已有的信息提出一些建议。"
    },
    {
      "index": 115,
      "start": 318.32,
      "end": 322.58,
      "text": "同时的话就是这个源码分析的结果其实也会输输输。"
    },
    {
      "index": 116,
      "start": 322.8,
      "end": 325.1,
      "text": "作为一个我们漏洞分析的一个组成材料，"
    },
    {
      "index": 117,
      "start": 325.44,
      "end": 329.18,
      "text": "输出到我们的一个嗯漏洞分析报告中。"
    },
    {
      "index": 118,
      "start": 329.18,
      "end": 333.67,
      "text": "后面我也会给大家做一个呈现然然。"
    },
    {
      "index": 119,
      "start": 333.67,
      "end": 336.01,
      "text": "然后最后的话就是通过测试测试完成之后，"
    },
    {
      "index": 120,
      "start": 336.01,
      "end": 338.78,
      "text": "然后我们会嗯发一个公告。"
    },
    {
      "index": 121,
      "start": 338.78,
      "end": 340.58,
      "text": "公告的话其实就会呈现在我们的官网。"
    },
    {
      "index": 122,
      "start": 340.58,
      "end": 347.085,
      "text": "同时的话也会为外部的客户去做去去发一些发一些漏漏洞修复的一个邮件。"
    },
    {
      "index": 123,
      "start": 348.14,
      "end": 348.64,
      "text": "然然。"
    },
    {
      "index": 124,
      "start": 348.7,
      "end": 351.6,
      "text": "然后的话其实这就是我们漏洞影响分析的一个流程。"
    },
    {
      "index": 125,
      "start": 351.84,
      "end": 354.18,
      "text": "主要的话其实就是分为三个阶段。"
    },
    {
      "index": 126,
      "start": 354.6,
      "end": 357.48,
      "text": "一一个阶段的话就是输入信息整理，"
    },
    {
      "index": 127,
      "start": 357.48,
      "end": 360.34,
      "text": "其实就是把比如 CCOE 相关的信息，"
    },
    {
      "index": 128,
      "start": 360.34,
      "end": 361.64,
      "text": "还有描述描述文本，"
    },
    {
      "index": 129,
      "start": 361.64,
      "end": 362.66,
      "text": "还有影响等级，"
    },
    {
      "index": 130,
      "start": 362.66,
      "end": 363.26,
      "text": "还有软件包。"
    },
    {
      "index": 131,
      "start": 363.26,
      "end": 365.84,
      "text": "这些基础的信息包包括 NVD，"
    },
    {
      "index": 132,
      "start": 366.02,
      "end": 369.0,
      "text": "还有欧拉这些发布的信息攻击向量这些描述。"
    },
    {
      "index": 133,
      "start": 369.0,
      "end": 370.94,
      "text": "然后我们做成一个结构化的数据，"
    },
    {
      "index": 134,
      "start": 370.94,
      "end": 373.5,
      "text": "按照然后提取他们的关键特征，"
    },
    {
      "index": 135,
      "start": 373.52,
      "end": 375.66,
      "text": "然后然然后以及补丁状态这些，"
    },
    {
      "index": 136,
      "start": 375.68,
      "end": 378.31,
      "text": "然后把数据做一个准备。"
    },
    {
      "index": 137,
      "start": 378.31,
      "end": 380.41,
      "text": "第二个阶段的话就是调调调用大模型，"
    },
    {
      "index": 138,
      "start": 380.81,
      "end": 383.65,
      "text": "然后把这些统统统一表示的数据。"
    },
    {
      "index": 139,
      "start": 383.65,
      "end": 387.37,
      "text": "然后当然我们我们现在暂时是用的是 DFC 和 RE，"
    },
    {
      "index": 140,
      "start": 387.41,
      "end": 391.25,
      "text": "然后后面的话可能会对这这这些进行一个专属的一个定制模型。"
    },
    {
      "index": 141,
      "start": 391.25,
      "end": 393.19,
      "text": "然然后最后的话就是完成分析之后，"
    },
    {
      "index": 142,
      "start": 393.19,
      "end": 395.77,
      "text": "就是根据它的影响分析不同。"
    },
    {
      "index": 143,
      "start": 395.85,
      "end": 400.75,
      "text": "然后我们会采取一个不同的一个差异化的策略去确保这个漏洞影响分析。"
    },
    {
      "index": 144,
      "start": 400.75,
      "end": 401.555,
      "text": "它是可靠的。"
    },
    {
      "index": 145,
      "start": 403.16,
      "end": 407.24,
      "text": "然后的话这个是我们漏洞源码分析的流程，"
    },
    {
      "index": 146,
      "start": 407.24,
      "end": 410.82,
      "text": "其实也也和刚才的的的过程类似。"
    },
    {
      "index": 147,
      "start": 410.82,
      "end": 417.08,
      "text": "其实就是我们我们主要是利用利用这个流程去判判断补丁合作的一个可行性。"
    },
    {
      "index": 148,
      "start": 417.56,
      "end": 420.06,
      "text": "然后然后如果可行的话，"
    },
    {
      "index": 149,
      "start": 420.06,
      "end": 424.24,
      "text": "还并然后还要还还要通过自动化的构建去验证它的安全性。"
    },
    {
      "index": 150,
      "start": 424.24,
      "end": 428.64,
      "text": "然后这个过程中我们会生生成一个 AI 分析的一个报告。"
    },
    {
      "index": 151,
      "start": 428.66,
      "end": 431.34,
      "text": "然后作为一个一一个排查文档，"
    },
    {
      "index": 152,
      "start": 431.34,
      "end": 433.72,
      "text": "然后就输入到我们 CVE 排查的文档，"
    },
    {
      "index": 153,
      "start": 433.72,
      "end": 436.165,
      "text": "作为我们漏洞修复的一个主要依据。"
    },
    {
      "index": 154,
      "start": 437.73,
      "end": 437.97,
      "text": "嗯，"
    },
    {
      "index": 155,
      "start": 438.21,
      "end": 441.45,
      "text": "同时的话这里也对我们刚才提到的 AI 聊天引擎，"
    },
    {
      "index": 156,
      "start": 441.45,
      "end": 443.61,
      "text": "其实我们怎么构建的也做了一个介绍。"
    },
    {
      "index": 157,
      "start": 443.61,
      "end": 448.07,
      "text": "主要的话就其实就是我们会把我们和漏洞修复相关的一些数据，"
    },
    {
      "index": 158,
      "start": 448.15,
      "end": 449.41,
      "text": "其实做一个预处理。"
    },
    {
      "index": 159,
      "start": 449.41,
      "end": 453.53,
      "text": "然后然然然然然然后通过我们这个处据数据差差异，"
    },
    {
      "index": 160,
      "start": 453.63,
      "end": 454.67,
      "text": "分化分析引擎，"
    },
    {
      "index": 161,
      "start": 454.67,
      "end": 458.18,
      "text": "然后把它把它做成一个知识图谱。"
    },
    {
      "index": 162,
      "start": 458.3,
      "end": 460.06,
      "text": "然后然后然后通过 AI 交互的话，"
    },
    {
      "index": 163,
      "start": 460.06,
      "end": 465.825,
      "text": "其实就可以查询我们就是就是已有的一些漏洞修复的一些相关信息。"
    },
    {
      "index": 164,
      "start": 467.66,
      "end": 473.08,
      "text": "然后的话其实然后最然然后的话就是我们这个其实我们这系统里面其实是内置聊天的。"
    },
    {
      "index": 165,
      "start": 473.08,
      "end": 478.075,
      "text": "然后其实你可以直接就是我对对这些漏洞问题进行一些提问。"
    },
    {
      "index": 166,
      "start": 480.41,
      "end": 480.65,
      "text": "嗯，"
    },
    {
      "index": 167,
      "start": 481.33,
      "end": 482.37,
      "text": "然然然然，"
    },
    {
      "index": 168,
      "start": 482.37,
      "end": 484.13,
      "text": "然后的话我们这里其实我们分析，"
    },
    {
      "index": 169,
      "start": 484.13,
      "end": 486.57,
      "text": "这里其实也是涉及到一个恶洞评分。"
    },
    {
      "index": 170,
      "start": 486.57,
      "end": 487.43,
      "text": "我们这个 AI 的话，"
    },
    {
      "index": 171,
      "start": 487.43,
      "end": 491.18,
      "text": "其实会输输出一个初始的一个影响分数。"
    },
    {
      "index": 172,
      "start": 491.18,
      "end": 492.14,
      "text": "它是参考多个，"
    },
    {
      "index": 173,
      "start": 492.26,
      "end": 495.24,
      "text": "因为你可能有多个维度的行为会然后会给出一个建议分数。"
    },
    {
      "index": 174,
      "start": 495.24,
      "end": 501.44,
      "text": "然后我们的研发人员会根据这个嗯就是对这个漏洞的认知或者是他的一些分析，"
    },
    {
      "index": 175,
      "start": 501.44,
      "end": 503.015,
      "text": "然后对这些分数做一个调整。"
    },
    {
      "index": 176,
      "start": 504.47,
      "end": 506.23,
      "text": "然后的话这个其实是我们的 AI 分析。"
    },
    {
      "index": 177,
      "start": 506.23,
      "end": 507.07,
      "text": "我们的 AI 分析的话，"
    },
    {
      "index": 178,
      "start": 507.07,
      "end": 513.03,
      "text": "其实是其实其其实就是我们一个一个的话可以手动触发。"
    },
    {
      "index": 179,
      "start": 513.03,
      "end": 517.77,
      "text": "但是我们主要的话其实是我们只要和和漏洞感知一到只要这个漏洞被感知到，"
    },
    {
      "index": 180,
      "start": 517.77,
      "end": 519.63,
      "text": "我们就会触发这个 AI 分析。"
    },
    {
      "index": 181,
      "start": 519.63,
      "end": 522.37,
      "text": "然后会会以定时任务的形式然后去做，"
    },
    {
      "index": 182,
      "start": 522.61,
      "end": 524.73,
      "text": "然后他会抓抓取到相关的信息。"
    },
    {
      "index": 183,
      "start": 524.73,
      "end": 528.51,
      "text": "然后我们因为现在是如果是基于欧拉上游的话，"
    },
    {
      "index": 184,
      "start": 528.51,
      "end": 532.67,
      "text": "其实大部分的话它是已已经能够给出一个很很准确的漏洞。"
    },
    {
      "index": 185,
      "start": 532.67,
      "end": 534.23,
      "text": "当然的话有有一部分的包，"
    },
    {
      "index": 186,
      "start": 534.23,
      "end": 538.25,
      "text": "可能因为它的数据这些原因可能这个目前不是很准确。"
    },
    {
      "index": 187,
      "start": 538.25,
      "end": 540.885,
      "text": "但是这一块我也是我们目前在优化的一个方向。"
    },
    {
      "index": 188,
      "start": 541.78,
      "end": 544.82,
      "text": "然后的话其实我们整个修复漏漏洞追踪的话，"
    },
    {
      "index": 189,
      "start": 544.82,
      "end": 549.35,
      "text": "其实我们也是也也是能够通过这个系统快速看到。"
    },
    {
      "index": 190,
      "start": 549.35,
      "end": 552.69,
      "text": "如果是不影响的不影响漏洞的话，"
    },
    {
      "index": 191,
      "start": 552.69,
      "end": 557.635,
      "text": "它其实会和受影响漏洞会采采取两种不同的流程去做一个跟踪。"
    },
    {
      "index": 192,
      "start": 558.86,
      "end": 559.5,
      "text": "那当然的话，"
    },
    {
      "index": 193,
      "start": 559.5,
      "end": 561.62,
      "text": "其实我们这个系统其实也是支持安全加固。"
    },
    {
      "index": 194,
      "start": 561.62,
      "end": 562.62,
      "text": "然后这些安全加固的话，"
    },
    {
      "index": 195,
      "start": 562.62,
      "end": 566.4,
      "text": "我们其实嗯我们我们也是利用 AI 的能力，"
    },
    {
      "index": 196,
      "start": 566.4,
      "end": 567.72,
      "text": "就比如去生成一些加固项，"
    },
    {
      "index": 197,
      "start": 567.72,
      "end": 569.14,
      "text": "把这个加固项纳入我们系统。"
    },
    {
      "index": 198,
      "start": 569.14,
      "end": 574.55,
      "text": "然后可以根据需你的需求去去做这各各各各各种各样的安全加固。"
    },
    {
      "index": 199,
      "start": 574.55,
      "end": 575.03,
      "text": "然后同时呢，"
    },
    {
      "index": 200,
      "start": 575.03,
      "end": 575.65,
      "text": "这个安全加固，"
    },
    {
      "index": 201,
      "start": 575.65,
      "end": 577.23,
      "text": "我们其其实是设置了校验的。"
    },
    {
      "index": 202,
      "start": 577.23,
      "end": 578.55,
      "text": "如果你被篡改的话，"
    },
    {
      "index": 203,
      "start": 578.55,
      "end": 579.565,
      "text": "是不能被执行的。"
    },
    {
      "index": 204,
      "start": 580.71,
      "end": 584.41,
      "text": "然后这里的话就主要讲讲我们的一个研发规划。"
    },
    {
      "index": 205,
      "start": 584.43,
      "end": 587.21,
      "text": "其实我们里面涉及到的漏洞感知和安全加固。"
    },
    {
      "index": 206,
      "start": 587.21,
      "end": 589.07,
      "text": "还有捕丁获取这些模块，"
    },
    {
      "index": 207,
      "start": 589.07,
      "end": 591.21,
      "text": "其实已经贡献到了欧拉社区。"
    },
    {
      "index": 208,
      "start": 591.21,
      "end": 594.13,
      "text": "当然那个漏洞获捕丁获取其实是正在贡献的状态。"
    },
    {
      "index": 209,
      "start": 594.21,
      "end": 597.35,
      "text": "我们下一步的话主要是围绕着 AI 的话，"
    },
    {
      "index": 210,
      "start": 597.35,
      "end": 600.1,
      "text": "其实更细化的去做一些工作。"
    },
    {
      "index": 211,
      "start": 600.1,
      "end": 603.14,
      "text": "一个就是对模型可能要做一些微调。"
    },
    {
      "index": 212,
      "start": 603.14,
      "end": 605.94,
      "text": "因为目前的话其实这这一部分工作其实不是很充足。"
    },
    {
      "index": 213,
      "start": 606.2,
      "end": 609.78,
      "text": "另外一部分的话其实就是对我们现有的功能做一个增强。"
    },
    {
      "index": 214,
      "start": 610.12,
      "end": 611.92,
      "text": "然后以上就是我今天的演讲，"
    },
    {
      "index": 215,
      "start": 611.96,
      "end": 615.855,
      "text": "谢谢大家好。"
    },
    {
      "index": 216,
      "start": 616.56,
      "end": 616.78,
      "text": "呃，"
    },
    {
      "index": 217,
      "start": 616.78,
      "end": 620.18,
      "text": "那个呃非常感谢那个吴老师的精彩分享啊，"
    },
    {
      "index": 218,
      "start": 620.18,
      "end": 628.26,
      "text": "就是我们可以看到天翼云在里面基于哦那个那个 CVE 构造了一个比较那个智能化的智能体，"
    },
    {
      "index": 219,
      "start": 628.34,
      "end": 632.56,
      "text": "去帮助这个呃修复这个 CVA 漏洞的一个操作的体验，"
    },
    {
      "index": 220,
      "start": 632.56,
      "end": 635.14,
      "text": "带来一个强企业的降本增效的一个效果。"
    },
    {
      "index": 221,
      "start": 635.38,
      "end": 635.58,
      "text": "啊，"
    },
    {
      "index": 222,
      "start": 635.58,
      "end": 636.8,
      "text": "非常感谢啊啊，"
    },
    {
      "index": 223,
      "start": 636.92,
      "end": 641.0,
      "text": "今天我们那个会议的话就是呃到此 AI 分论坛的话，"
    },
    {
      "index": 224,
      "start": 641.0,
      "end": 642.02,
      "text": "这个会议到此结束。"
    },
    {
      "index": 225,
      "start": 642.1,
      "end": 644.08,
      "text": "然后呃十六点十五分的话，"
    },
    {
      "index": 226,
      "start": 644.08,
      "end": 647.31,
      "text": "我们会继续启动我们 c 组的这种会议啊，"
    },
    {
      "index": 227,
      "start": 647.47,
      "end": 650.23,
      "text": "这个大家感兴趣的话就是可以呃继续参加啊，"
    },
    {
      "index": 228,
      "start": 650.23,
      "end": 650.51,
      "text": "谢谢。"
    },
    {
      "index": 229,
      "start": 650.51,
      "end": 651.09,
      "text": "大家好，"
    },
    {
      "index": 230,
      "start": 651.31,
      "end": 652.775,
      "text": "我们中场休息一会儿嗯。"
    }
  ],
  "artifacts": [
    "output/ai_session/part_11/chunk_00/03_srt_slice/artifacts/chunk_baseline.srt"
  ],
  "metadata": {},
  "trace_id": null,
  "duration_ms": 0,
  "started_at": "2025-12-16T01:26:04.504939",
  "completed_at": "2025-12-15T17:26:04.575448",
  "step_config": {},
  "dependencies": [
    "downscale"
  ]
}