{
  "part_index": 7,
  "title": "大规模智算集群基础设施建设与BaiduLinux CloudOS实践",
  "type_tag": "基础设施实践",
  "tech_tags": [
    "BaiduLinux CloudOS",
    "openEuler",
    "智算集群",
    "Scale-out",
    "Scale-up",
    "RDMA",
    "异构机密计算",
    "机密直通技术",
    "智能运维",
    "超节点",
    "Arm CCA"
  ],
  "domain_tags": [
    "云计算",
    "人工智能基础设施",
    "操作系统",
    "数据安全",
    "开源社区"
  ],
  "summary": "本环节分享了百度在构建超大规模智算集群方面的技术实践与思考。面对AI算力需求的爆发式增长，百度基于BaiduLinux CloudOS打造了支持超万卡规模的智算集群方案，通过Scale-out（大规模组网）和Scale-up（超节点）双向架构革新突破算力瓶颈。同时，通过全链路协同优化与一站式智能运维平台提升算力效能，并联合openEuler推出异构机密计算方案保障数据安全。未来，百度将继续深化与开源社区的合作，推动智算底座技术的持续演进。",
  "highlights": [
    "成功点亮3.2万卡全国产化超大规模智算集群，实现全栈技术自主创新",
    "基于BaiduLinux CloudOS构建超万卡集群方案，提供稳定高效的云底座",
    "通过Scale-out大规模组网与Scale-up超节点技术，突破算力架构瓶颈",
    "实施从模型到芯片的全链路协同优化，结合智能运维平台最大化算力效能",
    "推出异构机密计算方案，利用硬件隔离与内存加密保障算力使用安全",
    "与openEuler社区深度合作，共同演进智能原生操作系统底座"
  ]
}