{
  "address": "ScienceEducationInnovation/part_02/chunk_00/07_capture_frame/slide_015",
  "status": "completed",
  "input": {
    "video": "output/ScienceEducationInnovation/part_02/chunk_00/01_cut_chunk/artifacts/chunk_high.mp4",
    "timestamp": "00:08:40.980",
    "frame_id": "slide_015",
    "output_ext": ".png"
  },
  "output": "output/ScienceEducationInnovation/part_02/chunk_00/07_capture_frame/slide_015/artifacts/slide_015.png",
  "artifacts": [
    "output/ScienceEducationInnovation/part_02/chunk_00/07_capture_frame/slide_015/artifacts/slide_015.png"
  ],
  "metadata": {
    "timestamp": "00:08:40.980",
    "frame_id": "slide_015",
    "ffmpeg": "/opt/homebrew/bin/ffmpeg"
  },
  "trace_id": null,
  "duration_ms": 2044,
  "started_at": "2025-12-17T10:50:27.899731",
  "completed_at": "2025-12-17T02:50:29.945573",
  "step_config": {},
  "dependencies": [
    "slide_timeline"
  ]
}