{
  "address": "ScienceEducationInnovation/part_03/chunk_00/09_apply_crop/slide_024",
  "status": "completed",
  "input": {
    "image_path": "output/ScienceEducationInnovation/part_03/chunk_00/07_capture_frame/slide_024/artifacts/slide_024.png",
    "crop_region": null
  },
  "output": "output/ScienceEducationInnovation/part_03/chunk_00/09_apply_crop/slide_024/artifacts/slide_024.png",
  "artifacts": [
    "output/ScienceEducationInnovation/part_03/chunk_00/09_apply_crop/slide_024/artifacts/slide_024.png"
  ],
  "metadata": {
    "source": "output/ScienceEducationInnovation/part_03/chunk_00/07_capture_frame/slide_024/artifacts/slide_024.png",
    "applied": false
  },
  "trace_id": null,
  "duration_ms": 13,
  "started_at": "2025-12-19T01:08:00.694397",
  "completed_at": "2025-12-18T17:08:00.716528",
  "step_config": {},
  "dependencies": [
    "capture_frame",
    "crop_decision"
  ]
}