{
  "address": "ScienceEducationInnovation/part_03/chunk_00/08_crop_decision/slide_023",
  "status": "completed",
  "input": {
    "image_path": "output/ScienceEducationInnovation/part_03/chunk_00/07_capture_frame/slide_023/artifacts/slide_023.png",
    "slide_index": 23,
    "slide_title": "硬件加速：基于DPU的系统调用日志追踪 将检测系统卸载到DPU上，减少对主机业务的开销"
  },
  "output": null,
  "artifacts": [
    "output/ScienceEducationInnovation/part_03/chunk_00/07_capture_frame/slide_023/artifacts/slide_023.png"
  ],
  "metadata": {
    "needs_crop": false,
    "reason": "MANUAL_NO_CROP",
    "manual_override": true
  },
  "trace_id": null,
  "duration_ms": 0,
  "started_at": "2025-12-18T17:08:07.095258+00:00",
  "completed_at": "2025-12-18T17:08:07.095258+00:00",
  "step_config": {
    "manual_override": true
  },
  "dependencies": [
    "capture_frame"
  ]
}