{
  "address": "ai_session/part_04/chunk_00/07_capture_frame/slide_002",
  "status": "completed",
  "input": {
    "video": "output/ai_session/part_04/chunk_00/02_downscale/artifacts/chunk_low.mp4",
    "timestamp": "00:00:09.900",
    "frame_id": "slide_002",
    "output_ext": ".png"
  },
  "output": "output/ai_session/part_04/chunk_00/07_capture_frame/slide_002/artifacts/slide_002.png",
  "artifacts": [
    "output/ai_session/part_04/chunk_00/07_capture_frame/slide_002/artifacts/slide_002.png"
  ],
  "metadata": {
    "timestamp": "00:00:09.900",
    "frame_id": "slide_002",
    "ffmpeg": "/opt/homebrew/bin/ffmpeg"
  },
  "trace_id": null,
  "duration_ms": 513,
  "started_at": "2025-12-15T17:51:31.599022",
  "completed_at": "2025-12-15T09:51:32.114608",
  "step_config": {},
  "dependencies": [
    "slide_timeline"
  ]
}