{
  "address": "ai_session/part_04/chunk_00/09_apply_crop/slide_010",
  "status": "completed",
  "input": {
    "image_path": "output/ai_session/part_04/chunk_00/07_capture_frame/slide_010/artifacts/slide_010.png",
    "crop_region": {
      "x": 133,
      "y": 39,
      "width": 1034,
      "height": 560
    }
  },
  "output": "output/ai_session/part_04/chunk_00/09_apply_crop/slide_010/artifacts/slide_010.png",
  "artifacts": [
    "output/ai_session/part_04/chunk_00/09_apply_crop/slide_010/artifacts/slide_010.png"
  ],
  "metadata": {
    "source": "output/ai_session/part_04/chunk_00/07_capture_frame/slide_010/artifacts/slide_010.png",
    "applied": true,
    "crop_region": {
      "x": 133,
      "y": 39,
      "width": 1034,
      "height": 560
    },
    "size": {
      "width": 1034,
      "height": 560
    }
  },
  "trace_id": null,
  "duration_ms": 215,
  "started_at": "2025-12-15T17:52:40.835157",
  "completed_at": "2025-12-15T09:52:41.053041",
  "step_config": {},
  "dependencies": [
    "capture_frame",
    "crop_decision"
  ]
}