{
  "address": "ScienceEducationInnovation/part_04/chunk_00/07_capture_frame/slide_006",
  "status": "completed",
  "input": {
    "video": "output/ScienceEducationInnovation/part_04/chunk_00/01_cut_chunk/artifacts/chunk_high.mp4",
    "timestamp": "00:03:27.700",
    "frame_id": "slide_006",
    "output_ext": ".png"
  },
  "output": "output/ScienceEducationInnovation/part_04/chunk_00/07_capture_frame/slide_006/artifacts/slide_006.png",
  "artifacts": [
    "output/ScienceEducationInnovation/part_04/chunk_00/07_capture_frame/slide_006/artifacts/slide_006.png"
  ],
  "metadata": {
    "timestamp": "00:03:27.700",
    "frame_id": "slide_006",
    "ffmpeg": "/opt/homebrew/bin/ffmpeg"
  },
  "trace_id": null,
  "duration_ms": 757,
  "started_at": "2025-12-21T23:17:27.052838",
  "completed_at": "2025-12-21T15:17:27.811610",
  "step_config": {},
  "dependencies": [
    "slide_timeline"
  ]
}