{
  "address": "ai_session/part_09/chunk_00/09_apply_crop/slide_013",
  "status": "completed",
  "input": {
    "image_path": "output/ai_session/part_09/chunk_00/07_capture_frame/slide_013/artifacts/slide_013.png",
    "crop_region": {
      "x": 620,
      "y": 159,
      "width": 1299,
      "height": 880
    }
  },
  "output": "output/ai_session/part_09/chunk_00/09_apply_crop/slide_013/artifacts/slide_013.png",
  "artifacts": [
    "output/ai_session/part_09/chunk_00/09_apply_crop/slide_013/artifacts/slide_013.png"
  ],
  "metadata": {
    "source": "output/ai_session/part_09/chunk_00/07_capture_frame/slide_013/artifacts/slide_013.png",
    "applied": true,
    "crop_region": {
      "x": 620,
      "y": 159,
      "width": 1299,
      "height": 880
    },
    "size": {
      "width": 1299,
      "height": 880
    }
  },
  "trace_id": null,
  "duration_ms": 156,
  "started_at": "2025-12-16T01:06:51.505221",
  "completed_at": "2025-12-15T17:06:51.662021",
  "step_config": {},
  "dependencies": [
    "capture_frame",
    "crop_decision"
  ]
}