{
  "address": "ScienceEducationInnovation/part_03/chunk_00/07_capture_frame/slide_007",
  "status": "completed",
  "input": {
    "video": "output/ScienceEducationInnovation/part_03/chunk_00/01_cut_chunk/artifacts/chunk_high.mp4",
    "timestamp": "00:03:24.740",
    "frame_id": "slide_007",
    "output_ext": ".png"
  },
  "output": "output/ScienceEducationInnovation/part_03/chunk_00/07_capture_frame/slide_007/artifacts/slide_007.png",
  "artifacts": [
    "output/ScienceEducationInnovation/part_03/chunk_00/07_capture_frame/slide_007/artifacts/slide_007.png"
  ],
  "metadata": {
    "timestamp": "00:03:24.740",
    "frame_id": "slide_007",
    "ffmpeg": "/opt/homebrew/bin/ffmpeg"
  },
  "trace_id": null,
  "duration_ms": 734,
  "started_at": "2025-12-19T01:07:58.329532",
  "completed_at": "2025-12-18T17:07:59.064436",
  "step_config": {},
  "dependencies": [
    "slide_timeline"
  ]
}