{
  "address": "ai_session/part_08/chunk_00/09_apply_crop/slide_008",
  "status": "completed",
  "input": {
    "image_path": "output/ai_session/part_08/chunk_00/07_capture_frame/slide_008/artifacts/slide_008.png",
    "crop_region": {
      "x": 597,
      "y": 193,
      "width": 1322,
      "height": 886
    }
  },
  "output": "output/ai_session/part_08/chunk_00/09_apply_crop/slide_008/artifacts/slide_008.png",
  "artifacts": [
    "output/ai_session/part_08/chunk_00/09_apply_crop/slide_008/artifacts/slide_008.png"
  ],
  "metadata": {
    "source": "output/ai_session/part_08/chunk_00/07_capture_frame/slide_008/artifacts/slide_008.png",
    "applied": true,
    "crop_region": {
      "x": 597,
      "y": 193,
      "width": 1322,
      "height": 886
    },
    "size": {
      "width": 1322,
      "height": 886
    }
  },
  "trace_id": null,
  "duration_ms": 118,
  "started_at": "2025-12-16T00:48:23.674259",
  "completed_at": "2025-12-15T16:48:23.793363",
  "step_config": {},
  "dependencies": [
    "capture_frame",
    "crop_decision"
  ]
}