{
  "id": "sec_7",
  "index": 6,
  "title": "心之所向 素履以往",
  "time_range": "00:14:59,300 - 00:15:35,000",
  "script": "心之所向，素履以往。生如逆旅，一苇以航。在过去的一年里，我们见证了无数平凡人，用他们的坚守与热爱，书写了不凡的篇章。他们或许没有惊天动地的伟业，却在各自的岗位上，如点点星光，汇聚成璀璨的银河。正是这份对初心的坚守，对梦想的执着，让我们在充满不确定性的时代里，找到了前行的力量和方向。未来已来，道阻且长，但只要我们步履不停，终将抵达梦想的彼岸。",
  "summary": "本节以“心之所向，素履以往”为主题，致敬过去一年中坚守岗位、追逐梦想的平凡人。正是这份对初心的坚守与执着，汇聚成了我们前行的力量。展望未来，虽然挑战与机遇并存，但只要我们坚持不懈，终将实现目标。"
}