{
  "address": "ai_session/part_02/chunk_00/07_capture_frame/slide_022",
  "status": "completed",
  "input": {
    "video": "output/ai_session/part_02/chunk_00/01_cut_chunk/artifacts/chunk_high.mp4",
    "timestamp": "00:17:44.200",
    "frame_id": "slide_022",
    "output_ext": ".png"
  },
  "output": "output/ai_session/part_02/chunk_00/07_capture_frame/slide_022/artifacts/slide_022.png",
  "artifacts": [
    "output/ai_session/part_02/chunk_00/07_capture_frame/slide_022/artifacts/slide_022.png"
  ],
  "metadata": {
    "timestamp": "00:17:44.200",
    "frame_id": "slide_022",
    "ffmpeg": "/opt/homebrew/bin/ffmpeg"
  },
  "trace_id": null,
  "duration_ms": 4506,
  "started_at": "2025-12-15T23:00:01.448279",
  "completed_at": "2025-12-15T15:00:05.955883",
  "step_config": {},
  "dependencies": [
    "slide_timeline"
  ]
}