{
  "address": "ai_session/part_00/chunk_00/09_apply_crop/slide_011",
  "status": "completed",
  "input": {
    "image_path": "output/ai_session/part_00/chunk_00/07_capture_frame/slide_011/artifacts/slide_011.png",
    "crop_region": {
      "x": 669,
      "y": 236,
      "width": 1057,
      "height": 821
    }
  },
  "output": "output/ai_session/part_00/chunk_00/09_apply_crop/slide_011/artifacts/slide_011.png",
  "artifacts": [
    "output/ai_session/part_00/chunk_00/09_apply_crop/slide_011/artifacts/slide_011.png"
  ],
  "metadata": {
    "source": "output/ai_session/part_00/chunk_00/07_capture_frame/slide_011/artifacts/slide_011.png",
    "applied": true,
    "crop_region": {
      "x": 669,
      "y": 236,
      "width": 1057,
      "height": 821
    },
    "size": {
      "width": 1057,
      "height": 821
    }
  },
  "trace_id": null,
  "duration_ms": 902,
  "started_at": "2025-12-15T21:22:58.818178",
  "completed_at": "2025-12-15T13:22:59.771284",
  "step_config": {},
  "dependencies": [
    "capture_frame",
    "crop_decision"
  ]
}