{
  "address": "ScienceEducationInnovation/part_02/final/03_part_cut",
  "status": "completed",
  "input": {
    "video": "ScienceEducationInnovation.mp4",
    "start": 1893.41,
    "duration": 1482.84,
    "output_name": "part_high.mp4"
  },
  "output": {
    "path": "output/ScienceEducationInnovation/part_02/final/03_part_cut/artifacts/part_high.mp4",
    "start": 1893.41,
    "duration": 1482.84
  },
  "artifacts": [
    "output/ScienceEducationInnovation/part_02/final/03_part_cut/artifacts/part_high.mp4"
  ],
  "metadata": {
    "ffmpeg": "/opt/homebrew/bin/ffmpeg",
    "start": 1893.41,
    "duration": 1482.84,
    "size_bytes": 771972295
  },
  "trace_id": null,
  "duration_ms": 704,
  "started_at": "2025-12-19T00:55:11.541924",
  "completed_at": "2025-12-18T16:55:12.246762",
  "step_config": {},
  "dependencies": []
}