{
  "address": "ai_session/part_05/final/03_part_cut",
  "status": "completed",
  "input": {
    "video": "ai_session.mp4",
    "start": 5057.08,
    "duration": 869.1499999999996,
    "output_name": "part_high.mp4"
  },
  "output": {
    "path": "output/ai_session/part_05/final/03_part_cut/artifacts/part_high.mp4",
    "start": 5057.08,
    "duration": 869.1499999999996
  },
  "artifacts": [
    "output/ai_session/part_05/final/03_part_cut/artifacts/part_high.mp4"
  ],
  "metadata": {
    "ffmpeg": "/opt/homebrew/bin/ffmpeg",
    "start": 5057.08,
    "duration": 869.1499999999996,
    "size_bytes": 456126130
  },
  "trace_id": null,
  "duration_ms": 979,
  "started_at": "2025-12-15T18:14:32.986818",
  "completed_at": "2025-12-15T10:14:34.007429",
  "step_config": {},
  "dependencies": []
}