{
  "address": "ai_session/part_10/chunk_00/07_capture_frame/slide_007",
  "status": "completed",
  "input": {
    "video": "output/ai_session/part_10/chunk_00/01_cut_chunk/artifacts/chunk_high.mp4",
    "timestamp": "00:07:54.900",
    "frame_id": "slide_007",
    "output_ext": ".png"
  },
  "output": "output/ai_session/part_10/chunk_00/07_capture_frame/slide_007/artifacts/slide_007.png",
  "artifacts": [
    "output/ai_session/part_10/chunk_00/07_capture_frame/slide_007/artifacts/slide_007.png"
  ],
  "metadata": {
    "timestamp": "00:07:54.900",
    "frame_id": "slide_007",
    "ffmpeg": "/opt/homebrew/bin/ffmpeg"
  },
  "trace_id": null,
  "duration_ms": 812,
  "started_at": "2025-12-16T01:20:15.525417",
  "completed_at": "2025-12-15T17:20:16.339030",
  "step_config": {},
  "dependencies": [
    "slide_timeline"
  ]
}