{
  "address": "ai_session/part_00/chunk_00/09_apply_crop/slide_013",
  "status": "completed",
  "input": {
    "image_path": "output/ai_session/part_00/chunk_00/07_capture_frame/slide_013/artifacts/slide_013.png",
    "crop_region": null
  },
  "output": "output/ai_session/part_00/chunk_00/09_apply_crop/slide_013/artifacts/slide_013.png",
  "artifacts": [
    "output/ai_session/part_00/chunk_00/09_apply_crop/slide_013/artifacts/slide_013.png"
  ],
  "metadata": {
    "source": "output/ai_session/part_00/chunk_00/07_capture_frame/slide_013/artifacts/slide_013.png",
    "applied": false
  },
  "trace_id": null,
  "duration_ms": 79,
  "started_at": "2025-12-15T21:22:58.818225",
  "completed_at": "2025-12-15T13:22:58.903385",
  "step_config": {},
  "dependencies": [
    "capture_frame",
    "crop_decision"
  ]
}