{
  "address": "ai_session/part_05/chunk_00/07_capture_frame/slide_001",
  "status": "completed",
  "input": {
    "video": "output/ai_session/part_05/chunk_00/02_downscale/artifacts/chunk_low.mp4",
    "timestamp": "00:00:03.500",
    "frame_id": "slide_001",
    "output_ext": ".png"
  },
  "output": "output/ai_session/part_05/chunk_00/07_capture_frame/slide_001/artifacts/slide_001.png",
  "artifacts": [
    "output/ai_session/part_05/chunk_00/07_capture_frame/slide_001/artifacts/slide_001.png"
  ],
  "metadata": {
    "timestamp": "00:00:03.500",
    "frame_id": "slide_001",
    "ffmpeg": "/opt/homebrew/bin/ffmpeg"
  },
  "trace_id": null,
  "duration_ms": 353,
  "started_at": "2025-12-15T18:06:24.795983",
  "completed_at": "2025-12-15T10:06:25.150188",
  "step_config": {},
  "dependencies": [
    "slide_timeline"
  ]
}