{
  "address": "day2_main/part_05/chunk_00/02_downscale",
  "status": "completed",
  "input": {
    "source": "output/day2_main/part_05/chunk_00/01_cut_chunk/artifacts/chunk_high.mp4",
    "duration": 934.1100000000001,
    "original_fps": 49.97309368191721,
    "output_name": "chunk_low.mp4"
  },
  "output": {
    "path": "output/day2_main/part_05/chunk_00/02_downscale/artifacts/chunk_low.mp4",
    "duration": 934.1100000000001,
    "original_fps": 49.97309368191721,
    "target_fps": 3
  },
  "artifacts": [
    "output/day2_main/part_05/chunk_00/02_downscale/artifacts/chunk_low.mp4"
  ],
  "metadata": {
    "ffmpeg": "/opt/homebrew/bin/ffmpeg",
    "target_size_mb": 20.0,
    "original_fps": 49.97309368191721,
    "target_fps": 3,
    "rate_control": "crf",
    "crf": 28,
    "min_video_bitrate": 80000,
    "audio_bitrate": 32000,
    "scale_height": 0,
    "prefer_hwaccel": false,
    "size_bytes": 13993645
  },
  "trace_id": null,
  "duration_ms": 51442,
  "started_at": "2025-12-17T20:58:59.172976",
  "completed_at": "2025-12-17T12:59:50.616955",
  "step_config": {},
  "dependencies": [
    "cut_chunk"
  ]
}