{
  "address": "ScienceEducationInnovation/part_02/final/07_script_refine/2",
  "status": "completed",
  "input": {
    "narrative": {
      "id": "sec_003",
      "index": 2,
      "title": "硬件趋势与核心科学问题分析多层级存储（HBM, PM, SSD）的特性，指出软件在利用这些硬件时存在的交互效率低、延迟高及读放大等问题。分析多层级存储（HBM, PM, SSD）的特性，指出软件在利用这些硬件时存在的交互效率低、延迟高及读放大等问题。",
      "time_range": "00:05:37,700 - 00:08:28,745",
      "script": "幸运的是，随着硬件发展，出现了不同层次的存储。在性能层，有集成在 GPU 或新一代 CPU 中的 HBM。\n我们可以利用 HBM 做缓存来缓解带宽墙。在容量层，有持久性内存（PM），它成本更低，可用于内存扩容。\n我们研究的核心思路是混合利用多层次内存构建存储系统，实现容量和带宽的互补。\n但实现这一目标极具挑战，主要问题在于不同层次硬件的特性差异巨大。\n例如，在 GPU HBM 层，软硬交互效率较低。使用 HBM 做缓存查询时，需要 CPU 启动 Kernel 让 GPU 执行，而 CPU 调用 GPU 的开销占比可达 70%。\n在 DRAM 和 PM 层，介质性能难以发挥。PM 延迟较高，且属于 Load/Store 介质。\n如果 PM 延迟是 DRAM 的三倍，会严重卡住 CPU 流水线。将参数服务器的 DRAM 换成 PM 后，吞吐量下降了 1.9 倍，抵消了硬件成本优势。\n在 SSD 层，参数读放大现象严重。内存介质是字节粒度寻址，而 SSD 是块寻址。\n即使只访问 64B 到 512B 的参数，也必须读取整个 4KB 的 Page。这种粒度不匹配导致 SSD 读放大严重。\n即使是高性能 SSD，其实际有效带宽也仅有 6% 左右。\n针对这三个层次的问题，我们分别开展了工作，成果发表在 EuroSys、VLDB 和 ASPLOS 等会议上。\n首先是 GPU 层的工作 Fleche，解决软硬交互开销大的问题。",
      "summary": ""
    }
  },
  "output": {
    "section_id": "sec_003",
    "index": 2,
    "title": "硬件趋势与核心科学问题分析多层级存储（HBM, PM, SSD）的特性，指出软件在利用这些硬件时存在的交互效率低、延迟高及读放大等问题。分析多层级存储（HBM, PM, SSD）的特性，指出软件在利用这些硬件时存在的交互效率低、延迟高及读放大等问题。",
    "time_range": "00:05:37,700 - 00:08:28,745",
    "refined_script": "# 多层级存储系统的硬件趋势与核心挑战分析\n\n## 1. 背景与研究目标\n随着硬件技术的演进，存储架构正向多层级化发展。研究的核心思路在于**混合利用多层次存储介质（HBM、PM、SSD）构建存储系统**，通过异构介质的特性实现容量与带宽的互补，以应对日益增长的数据处理需求。\n\n## 2. 多层级存储架构概览\n\n| 存储层级 | 硬件介质 | 定位 | 核心优势 | 访问粒度 |\n| :--- | :--- | :--- | :--- | :--- |\n| **性能层** | HBM (High Bandwidth Memory) | 缓存/加速 | 极高带宽，缓解“带宽墙” | 字节级 |\n| **容量层** | PM (Persistent Memory) | 内存扩容 | 成本低于 DRAM，具备持久化特性 | 字节级 (Load/Store) |\n| **存储层** | SSD (Solid State Drive) | 大规模存储 | 低成本、大容量 | 块级 (4KB Page) |\n\n## 3. 核心技术挑战与瓶颈分析\n\n尽管多层级存储提供了理想的理论性能，但在实际软件利用过程中，不同硬件特性的巨大差异带来了三大核心挑战：\n\n### 3.1 GPU HBM 层：软硬交互效率低下\n*   **现象**：在利用 HBM 作为缓存进行数据查询时，系统开销并非主要来自数据传输，而是来自控制面。\n*   **瓶颈**：CPU 启动 Kernel 调度 GPU 执行的开销巨大。实验数据显示，**CPU 调用 GPU 的指令开销占比可高达 70%**，严重掩盖了 HBM 的高带宽优势。\n\n### 3.2 DRAM/PM 层：介质延迟导致流水线停顿\n*   **现象**：PM 虽然支持 Load/Store 指令访问，但其延迟远高于 DRAM。\n*   **瓶颈**：PM 的访问延迟约为 DRAM 的 3 倍。在参数服务器场景下，直接将 DRAM 替换为 PM 会导致 **CPU 流水线频繁停顿（Stall）**，造成**系统吞吐量下降 1.9 倍**，抵消了硬件成本带来的收益。\n\n### 3.3 SSD 层：访问粒度不匹配导致的读放大\n*   **现象**：内存级介质（HBM/DRAM/PM）支持字节级寻址，而 SSD 仅支持块级寻址。\n*   **瓶颈**：在处理小参数访问（如 64B 至 512B）时，SSD 必须以 4KB Page 为最小单位进行读取。这种粒度不匹配导致了严重的**读放大**现象。实验表明，即使是高性能 SSD，在随机小对象访问场景下的**实际有效带宽仅为 6% 左右**。\n\n## 4. 研究成果与学术产出\n针对上述三个层级的瓶颈，本研究团队开展了系统性工作，相关成果已发表于计算机系统顶级会议：\n\n*   **GPU 层优化 (Fleche)**：针对软硬交互开销大的问题，提出了高效的调度与交互机制（发表于 **EuroSys**）。\n*   **内存与存储层优化**：针对 PM 延迟与 SSD 读放大问题的研究成果已发表于 **VLDB** 和 **ASPLOS** 等会议。",
    "summary": "",
    "original_script": "幸运的是，随着硬件发展，出现了不同层次的存储。在性能层，有集成在 GPU 或新一代 CPU 中的 HBM。\n我们可以利用 HBM 做缓存来缓解带宽墙。在容量层，有持久性内存（PM），它成本更低，可用于内存扩容。\n我们研究的核心思路是混合利用多层次内存构建存储系统，实现容量和带宽的互补。\n但实现这一目标极具挑战，主要问题在于不同层次硬件的特性差异巨大。\n例如，在 GPU HBM 层，软硬交互效率较低。使用 HBM 做缓存查询时，需要 CPU 启动 Kernel 让 GPU 执行，而 CPU 调用 GPU 的开销占比可达 70%。\n在 DRAM 和 PM 层，介质性能难以发挥。PM 延迟较高，且属于 Load/Store 介质。\n如果 PM 延迟是 DRAM 的三倍，会严重卡住 CPU 流水线。将参数服务器的 DRAM 换成 PM 后，吞吐量下降了 1.9 倍，抵消了硬件成本优势。\n在 SSD 层，参数读放大现象严重。内存介质是字节粒度寻址，而 SSD 是块寻址。\n即使只访问 64B 到 512B 的参数，也必须读取整个 4KB 的 Page。这种粒度不匹配导致 SSD 读放大严重。\n即使是高性能 SSD，其实际有效带宽也仅有 6% 左右。\n针对这三个层次的问题，我们分别开展了工作，成果发表在 EuroSys、VLDB 和 ASPLOS 等会议上。\n首先是 GPU 层的工作 Fleche，解决软硬交互开销大的问题。"
  },
  "artifacts": [
    "output/ScienceEducationInnovation/part_02/final/07_script_refine/2/artifacts/section_sec_003_refined.md"
  ],
  "metadata": {
    "refined_length": 1324,
    "original_length": 615,
    "summary_length": 0
  },
  "trace_id": "e3f9bc22-dbf8-441f-bd65-8cb28a66d638",
  "duration_ms": 21264,
  "started_at": "2025-12-19T00:56:09.942233",
  "completed_at": "2025-12-18T16:56:31.207473",
  "step_config": {
    "model": "gemini-3-flash-preview",
    "temperature": 0.2,
    "prompt_file": "/Users/lichuan/Codes/TalkDistill/config/prompts/script_refine.md",
    "schema_file": "/Users/lichuan/Codes/TalkDistill/config/schemas/script_refine.json"
  },
  "dependencies": [
    "section_timing"
  ]
}