{
  "address": "ScienceEducationInnovation/part_04/final/09_part_digest",
  "status": "completed",
  "input": {
    "part_index": 4,
    "part_start_s": 4601.25,
    "part_duration_s": 1293.4099999999999,
    "sections": [
      {
        "id": "sec_001",
        "index": 0,
        "title": "开场致辞与背景介绍：异构融合的 AI Infra 系统软件资源管理与可靠性保障",
        "time_range": "00:00:08,840 - 00:00:52,645",
        "summary": "",
        "start_ms": 8840,
        "end_ms": 52645,
        "material_ids": [
          "chunk_00/slide_001"
        ]
      },
      {
        "id": "sec_002",
        "index": 1,
        "title": "大模型时代的挑战：云原生演进与新型模型架构需求",
        "time_range": "00:00:55,780 - 00:03:18,965",
        "summary": "",
        "start_ms": 55780,
        "end_ms": 198965,
        "material_ids": [
          "chunk_00/slide_002",
          "chunk_00/slide_003",
          "chunk_00/slide_004",
          "chunk_00/slide_005"
        ]
      },
      {
        "id": "sec_003",
        "index": 2,
        "title": "AI 基础设施现状：超异构计算时代与系统软件整体思路",
        "time_range": "00:03:19,660 - 00:07:32,055",
        "summary": "",
        "start_ms": 199660,
        "end_ms": 452055,
        "material_ids": [
          "chunk_00/slide_006",
          "chunk_00/slide_007",
          "chunk_00/slide_008",
          "chunk_00/slide_009",
          "chunk_00/slide_010",
          "chunk_00/slide_011"
        ]
      },
      {
        "id": "sec_004",
        "index": 3,
        "title": "探索方向 1：异构融合运行时调度与多作业混部优化",
        "time_range": "00:07:33,090 - 00:10:59,915",
        "summary": "",
        "start_ms": 453090,
        "end_ms": 659915,
        "material_ids": [
          "chunk_00/slide_012",
          "chunk_00/slide_013",
          "chunk_00/slide_014"
        ]
      },
      {
        "id": "sec_005",
        "index": 4,
        "title": "面向 LLM 推理的异构算力调度：GPU Combo 资源套餐",
        "time_range": "00:11:01,000 - 00:13:07,985",
        "summary": "",
        "start_ms": 661000,
        "end_ms": 787985,
        "material_ids": [
          "chunk_00/slide_015",
          "chunk_00/slide_016",
          "chunk_00/slide_017"
        ]
      },
      {
        "id": "sec_006",
        "index": 5,
        "title": "Expert Kit：以 Expert 为中心的异构融合推理系统",
        "time_range": "00:13:09,490 - 00:15:15,665",
        "summary": "",
        "start_ms": 789490,
        "end_ms": 915665,
        "material_ids": [
          "chunk_00/slide_018",
          "chunk_00/slide_019"
        ]
      },
      {
        "id": "sec_007",
        "index": 6,
        "title": "探索方向 2：AI 基础设施稳定性、异常检测与根因分析",
        "time_range": "00:15:17,720 - 00:18:11,460",
        "summary": "",
        "start_ms": 917720,
        "end_ms": 1091460,
        "material_ids": [
          "chunk_00/slide_020",
          "chunk_00/slide_021",
          "chunk_00/slide_022"
        ]
      },
      {
        "id": "sec_008",
        "index": 7,
        "title": "可靠性保障技术：Checkpoint 优化与快速失效恢复",
        "time_range": "00:18:11,860 - 00:19:16,655",
        "summary": "",
        "start_ms": 1091860,
        "end_ms": 1156655,
        "material_ids": [
          "chunk_00/slide_023",
          "chunk_00/slide_024"
        ]
      },
      {
        "id": "sec_009",
        "index": 8,
        "title": "平台化落地：Crater 多租户异构集群智能调度系统",
        "time_range": "00:19:17,950 - 00:20:31,025",
        "summary": "",
        "start_ms": 1157950,
        "end_ms": 1231025,
        "material_ids": [
          "chunk_00/slide_025",
          "chunk_00/slide_026",
          "chunk_00/slide_027",
          "chunk_00/slide_028"
        ]
      },
      {
        "id": "sec_010",
        "index": 9,
        "title": "总结与致谢",
        "time_range": "00:20:34,320 - 00:21:33,409",
        "summary": "",
        "start_ms": 1234320,
        "end_ms": 1293409,
        "material_ids": [
          "chunk_00/slide_029",
          "chunk_00/slide_030"
        ]
      }
    ],
    "materials": [
      {
        "id": "chunk_00/slide_001",
        "type": "slide",
        "title": "异构融合的 AI Infra 系统软件资源管理与可靠性保障 封面页，包含演讲标题及讲者信息。",
        "start_ms": 15500,
        "end_ms": 54000,
        "best_capture_ms": null
      },
      {
        "id": "chunk_00/slide_002",
        "type": "slide",
        "title": "云原生技术和生态日趋成熟 展示云原生技术发展的时间线（2010-2024）及体系架构演进。",
        "start_ms": 55500,
        "end_ms": 74500,
        "best_capture_ms": null
      },
      {
        "id": "chunk_00/slide_003",
        "type": "slide",
        "title": "AI 进入大模型时代 展示 AI 模型发展时间线，从单模态到多模态，参数量及算力需求激增。",
        "start_ms": 76000,
        "end_ms": 106500,
        "best_capture_ms": null
      },
      {
        "id": "chunk_00/slide_004",
        "type": "slide",
        "title": "新型模型架构：MoE 大模型架构 介绍混合专家系统（MoE）架构，通过稀疏激活保持推理效率。",
        "start_ms": 108000,
        "end_ms": 146500,
        "best_capture_ms": null
      },
      {
        "id": "chunk_00/slide_005",
        "type": "slide",
        "title": "新型模型架构：生成式模型 展示深度推荐模型（DLRMs）及生成式推荐在互联网场景的应用。",
        "start_ms": 148000,
        "end_ms": 197500,
        "best_capture_ms": null
      },
      {
        "id": "chunk_00/slide_006",
        "type": "slide",
        "title": "硬件环境：AI 进入了超异构计算时代 展示多样化异构算力（CPU/GPU/NPU）及软硬件全栈感知需求。",
        "start_ms": 199500,
        "end_ms": 240500,
        "best_capture_ms": null
      },
      {
        "id": "chunk_00/slide_007",
        "type": "slide",
        "title": "异构智算基础设施建设 展示我国智算中心建设数据及算力资源利用率现状。",
        "start_ms": 242000,
        "end_ms": 284500,
        "best_capture_ms": null
      },
      {
        "id": "chunk_00/slide_008",
        "type": "slide",
        "title": "AI Infra 系统软件 对比传统 OS、云 OS 与 AI Infra 系统软件的层级架构与功能。",
        "start_ms": 286500,
        "end_ms": 350500,
        "best_capture_ms": null
      },
      {
        "id": "chunk_00/slide_009",
        "type": "slide",
        "title": "AI 基础设施系统软件：训推框架和运行时系统 分析现有框架（Kubernetes, Ray）在资源利用率和服务质量保障上的问题。",
        "start_ms": 352500,
        "end_ms": 379500,
        "best_capture_ms": null
      },
      {
        "id": "chunk_00/slide_010",
        "type": "slide",
        "title": "AI 基础设施可靠性与训推任务稳定性 探讨大规模集群下的故障检测、定位、诊断及失效恢复挑战。",
        "start_ms": 381500,
        "end_ms": 409500,
        "best_capture_ms": null
      },
      {
        "id": "chunk_00/slide_011",
        "type": "slide",
        "title": "整体思路：异构融合的算力资源管理与可靠性保障 展示从异构资源管理到大规模训推任务调度的整体技术架构图。",
        "start_ms": 411500,
        "end_ms": 451500,
        "best_capture_ms": null
      },
      {
        "id": "chunk_00/slide_012",
        "type": "slide",
        "title": "探索方向 1：异构融合运行时调度与配置优化 分析不同模型在异构卡上的性能差异及 CPU/NPU 互补特性。",
        "start_ms": 453500,
        "end_ms": 551500,
        "best_capture_ms": null
      },
      {
        "id": "chunk_00/slide_013",
        "type": "slide",
        "title": "工作 1：异构感知的多训推作业封装与混部（问题与思路） 介绍多作业混部中的异构性、潮汐现象及截止时间（Deadline）约束。",
        "start_ms": 553500,
        "end_ms": 616500,
        "best_capture_ms": null
      },
      {
        "id": "chunk_00/slide_014",
        "type": "slide",
        "title": "工作 1：异构感知的多训推作业封装与混部（方案与结果） 展示基于图匹配的作业调度算法及在快手集群的实验结果（JCT 缩短）。",
        "start_ms": 618000,
        "end_ms": 659500,
        "best_capture_ms": null
      },
      {
        "id": "chunk_00/slide_015",
        "type": "slide",
        "title": "工作 2：面向 LLM 推理的异构算力调度（背景与动机） 分析推理阶段 Prefill 和 Decode 的算力需求差异及成本效率问题。",
        "start_ms": 661500,
        "end_ms": 744500,
        "best_capture_ms": null
      },
      {
        "id": "chunk_00/slide_016",
        "type": "slide",
        "title": "工作 2：面向 LLM 推理的异构算力调度（核心思路） 提出 GPU Combo 资源套餐概念，实现 PD 分离与动态部署。",
        "start_ms": 746500,
        "end_ms": 770500,
        "best_capture_ms": null
      },
      {
        "id": "chunk_00/slide_017",
        "type": "slide",
        "title": "工作 2：面向 LLM 推理的异构算力调度（实验结果） 展示性能提升数据（24.9%-38.3%）及 QoS 满足情况。",
        "start_ms": 772000,
        "end_ms": 787500,
        "best_capture_ms": null
      },
      {
        "id": "chunk_00/slide_018",
        "type": "slide",
        "title": "工作 3：Expert Kit - 以 Expert 为中心异构融合推理解系统 介绍 Expert Kit 系统架构，利用 CPU/NPU 互补处理 MoE 模型。",
        "start_ms": 789500,
        "end_ms": 860500,
        "best_capture_ms": null
      },
      {
        "id": "chunk_00/slide_019",
        "type": "slide",
        "title": "Controller 架构与 Expert Router 详细展示 Expert Kit 中的 Controller 模块及 Expert 动态调度机制。",
        "start_ms": 862000,
        "end_ms": 915500,
        "best_capture_ms": null
      },
      {
        "id": "chunk_00/slide_020",
        "type": "slide",
        "title": "探索方向 2：AI 基础设施稳定性和可靠性 概述故障检测、定位、诊断及恢复的整体技术路径。",
        "start_ms": 917500,
        "end_ms": 1017500,
        "best_capture_ms": null
      },
      {
        "id": "chunk_00/slide_021",
        "type": "slide",
        "title": "工作 1：AI Infra 异常检测与根因分析（问题） 分析训练过程中的慢节点（Straggler）识别与根因分析难点。",
        "start_ms": 1019500,
        "end_ms": 1057500,
        "best_capture_ms": null
      },
      {
        "id": "chunk_00/slide_022",
        "type": "slide",
        "title": "工作 1：AI Infra 异常检测与根因分析（技术） 介绍基于 GraphRAG 的分布式异常检测与根因定位技术。",
        "start_ms": 1059500,
        "end_ms": 1091500,
        "best_capture_ms": null
      },
      {
        "id": "chunk_00/slide_023",
        "type": "slide",
        "title": "工作 2：面向大规模推荐模型训练的 Checkpoint 优化 提出 Just-in-Time Checkpointing 技术，解决冷热数据存储问题。",
        "start_ms": 1093000,
        "end_ms": 1130500,
        "best_capture_ms": null
      },
      {
        "id": "chunk_00/slide_024",
        "type": "slide",
        "title": "工作 3：基于动态重建链的快速失效恢复技术 介绍 Device Proxy 和 Flexible CCL 技术，加速通信故障恢复。",
        "start_ms": 1132000,
        "end_ms": 1156500,
        "best_capture_ms": null
      },
      {
        "id": "chunk_00/slide_025",
        "type": "slide",
        "title": "正在开展的相关课题研究 列出国家重点研发计划及与企业合作的科研项目。",
        "start_ms": 1158500,
        "end_ms": 1176500,
        "best_capture_ms": null
      },
      {
        "id": "chunk_00/slide_026",
        "type": "slide",
        "title": "AI Infra 平台解决方案 总结首创的异构集群引导与资源管理系统及多维监控方案。",
        "start_ms": 1178000,
        "end_ms": 1187500,
        "best_capture_ms": null
      },
      {
        "id": "chunk_00/slide_027",
        "type": "slide",
        "title": "Crater - 多租户异构集群智能调度与资源管理系统 展示 Crater 系统架构图及核心功能模块。",
        "start_ms": 1189000,
        "end_ms": 1199500,
        "best_capture_ms": null
      },
      {
        "id": "chunk_00/slide_028",
        "type": "slide",
        "title": "Crater 系统介绍：多类型作业多维监控&数据管理 展示系统界面截图，包括 IDE 集成、任务监控及性能分析。",
        "start_ms": 1201000,
        "end_ms": 1231500,
        "best_capture_ms": null
      },
      {
        "id": "chunk_00/slide_029",
        "type": "slide",
        "title": "致谢 感谢核心团队成员（RAIDS Lab）及主要合作伙伴。",
        "start_ms": 1233000,
        "end_ms": 1251500,
        "best_capture_ms": null
      },
      {
        "id": "chunk_00/slide_030",
        "type": "slide",
        "title": "谢谢聆听 敬请批评指正 结束页，包含讲者联系方式及二维码。",
        "start_ms": 1253000,
        "end_ms": 1293000,
        "best_capture_ms": null
      }
    ],
    "graph": {
      "nodes": [
        {
          "id": "p1",
          "label": "AI Infra 现状与挑战",
          "category": "Pillar",
          "references": {
            "section_ids": [
              "sec_001",
              "sec_002",
              "sec_003"
            ],
            "material_ids": [
              "chunk_00/slide_001",
              "chunk_00/slide_002",
              "chunk_00/slide_003",
              "chunk_00/slide_004",
              "chunk_00/slide_005",
              "chunk_00/slide_006",
              "chunk_00/slide_007",
              "chunk_00/slide_008",
              "chunk_00/slide_009",
              "chunk_00/slide_010",
              "chunk_00/slide_011"
            ],
            "highlight": {
              "primary_material_id": "chunk_00/slide_011",
              "primary_time_ts": "00:06:51,500",
              "primary_time_ms": 411500
            }
          },
          "parent": null,
          "summary": "在超异构计算时代，AI 基础设施面临算力需求爆炸、资源利用率低（10%-15%）以及系统稳定性差等核心挑战，亟需通过系统软件层面的“云 OS”理念进行资源抽象与管理。"
        },
        {
          "id": "p2",
          "label": "异构融合资源调度优化",
          "category": "Pillar",
          "references": {
            "section_ids": [
              "sec_004",
              "sec_005",
              "sec_006"
            ],
            "material_ids": [
              "chunk_00/slide_012",
              "chunk_00/slide_013",
              "chunk_00/slide_014",
              "chunk_00/slide_015",
              "chunk_00/slide_016",
              "chunk_00/slide_017",
              "chunk_00/slide_018",
              "chunk_00/slide_019"
            ],
            "highlight": {
              "primary_material_id": "chunk_00/slide_012",
              "primary_time_ts": "00:07:33,500",
              "primary_time_ms": 453500
            }
          },
          "parent": null,
          "summary": "针对异构算力的非对称性，通过多作业混部、GPU Combo 资源套餐以及以 Expert 为中心的调度，实现 CPU 与 NPU 的深度融合与互补。"
        },
        {
          "id": "p3",
          "label": "系统可靠性与稳定性保障",
          "category": "Pillar",
          "references": {
            "section_ids": [
              "sec_007",
              "sec_008",
              "sec_009"
            ],
            "material_ids": [
              "chunk_00/slide_020",
              "chunk_00/slide_021",
              "chunk_00/slide_022",
              "chunk_00/slide_023",
              "chunk_00/slide_024",
              "chunk_00/slide_025",
              "chunk_00/slide_026",
              "chunk_00/slide_027",
              "chunk_00/slide_028"
            ],
            "highlight": {
              "primary_material_id": "chunk_00/slide_020",
              "primary_time_ts": "00:15:17,500",
              "primary_time_ms": 917500
            }
          },
          "parent": null,
          "summary": "构建全链路稳定性保障体系，涵盖异常检测、根因分析、Checkpoint 优化及快速失效恢复，并最终落地为 Crater 智能调度系统。"
        },
        {
          "id": "d1_1",
          "label": "超异构计算挑战",
          "category": "Problem",
          "references": {
            "section_ids": [
              "sec_003"
            ],
            "material_ids": [
              "chunk_00/slide_006",
              "chunk_00/slide_007"
            ],
            "highlight": {
              "primary_material_id": "chunk_00/slide_006",
              "primary_time_ts": "00:03:19,500",
              "primary_time_ms": 199500
            }
          },
          "parent": "p1",
          "summary": "多样化异构算力并存，但平均利用率仅为 10%-15%，软硬件全栈感知能力缺失。"
        },
        {
          "id": "d1_2",
          "label": "云 OS 设计理念",
          "category": "Concept",
          "references": {
            "section_ids": [
              "sec_003"
            ],
            "material_ids": [
              "chunk_00/slide_008"
            ],
            "highlight": {
              "primary_material_id": "chunk_00/slide_008",
              "primary_time_ts": "00:04:46,500",
              "primary_time_ms": 286500
            }
          },
          "parent": "p1",
          "summary": "向下管理异构资源，向上提供统一编程接口，屏蔽底层复杂性。"
        },
        {
          "id": "d2_1",
          "label": "多作业封装与混部",
          "category": "Technology",
          "references": {
            "section_ids": [
              "sec_004"
            ],
            "material_ids": [
              "chunk_00/slide_013",
              "chunk_00/slide_014"
            ],
            "highlight": {
              "primary_material_id": "chunk_00/slide_014",
              "primary_time_ts": "00:10:18,000",
              "primary_time_ms": 618000
            }
          },
          "parent": "p2",
          "summary": "利用图匹配算法解决多作业调度，在快手集群实现 JCT 缩短近 2 倍。"
        },
        {
          "id": "d2_2",
          "label": "GPU Combo 资源套餐",
          "category": "Technology",
          "references": {
            "section_ids": [
              "sec_005"
            ],
            "material_ids": [
              "chunk_00/slide_015",
              "chunk_00/slide_016",
              "chunk_00/slide_017"
            ],
            "highlight": {
              "primary_material_id": "chunk_00/slide_016",
              "primary_time_ts": "00:12:26,500",
              "primary_time_ms": 746500
            }
          },
          "parent": "p2",
          "summary": "针对 LLM 推理的 Prefill 和 Decode 阶段进行 PD 分离与动态配比，提升性能 25%-38%。"
        },
        {
          "id": "d2_3",
          "label": "Expert Kit 异构推理",
          "category": "Technology",
          "references": {
            "section_ids": [
              "sec_006"
            ],
            "material_ids": [
              "chunk_00/slide_018",
              "chunk_00/slide_019"
            ],
            "highlight": {
              "primary_material_id": "chunk_00/slide_018",
              "primary_time_ts": "00:13:09,500",
              "primary_time_ms": 789500
            }
          },
          "parent": "p2",
          "summary": "以 Expert 为中心，利用冷热差异实现 CPU 与 XPU 的协同调度与权重卸载。"
        },
        {
          "id": "d3_1",
          "label": "异常检测与根因分析",
          "category": "Technology",
          "references": {
            "section_ids": [
              "sec_007"
            ],
            "material_ids": [
              "chunk_00/slide_021",
              "chunk_00/slide_022"
            ],
            "highlight": {
              "primary_material_id": "chunk_00/slide_022",
              "primary_time_ts": "00:17:39,500",
              "primary_time_ms": 1059500
            }
          },
          "parent": "p3",
          "summary": "基于图学习与 RAG 技术识别 Straggler（掉队者），将诊断耗时从 30 分钟缩短至分钟级。"
        },
        {
          "id": "d3_2",
          "label": "快速失效恢复 (Failover)",
          "category": "Technology",
          "references": {
            "section_ids": [
              "sec_008"
            ],
            "material_ids": [
              "chunk_00/slide_023",
              "chunk_00/slide_024"
            ],
            "highlight": {
              "primary_material_id": "chunk_00/slide_024",
              "primary_time_ts": "00:18:52,000",
              "primary_time_ms": 1132000
            }
          },
          "parent": "p3",
          "summary": "通过 Device Proxy 和 Flexible CCL 实现通信链路动态重构，降低失效恢复成本。"
        },
        {
          "id": "d3_3",
          "label": "Crater 调度系统",
          "category": "Result",
          "references": {
            "section_ids": [
              "sec_009"
            ],
            "material_ids": [
              "chunk_00/slide_027",
              "chunk_00/slide_028"
            ],
            "highlight": {
              "primary_material_id": "chunk_00/slide_027",
              "primary_time_ts": "00:19:49,000",
              "primary_time_ms": 1189000
            }
          },
          "parent": "p3",
          "summary": "平台级解决方案，支持多租户异构集群监控，已上线运行一年，执行任务超 2 万个。"
        }
      ],
      "edges": [
        {
          "source": "p1",
          "target": "p2",
          "relation_type": "sequential",
          "label": "演进至资源优化"
        },
        {
          "source": "p2",
          "target": "p3",
          "relation_type": "sequential",
          "label": "演进至可靠性保障"
        },
        {
          "source": "d1_1",
          "target": "d1_2",
          "relation_type": "causal",
          "label": "驱动架构设计"
        },
        {
          "source": "d2_1",
          "target": "d2_2",
          "relation_type": "parallel",
          "label": "并列技术方案"
        },
        {
          "source": "d2_2",
          "target": "d2_3",
          "relation_type": "parallel",
          "label": "并列技术方案"
        },
        {
          "source": "d3_1",
          "target": "d3_2",
          "relation_type": "parallel",
          "label": "并列保障技术"
        },
        {
          "source": "d3_2",
          "target": "d3_3",
          "relation_type": "compositional",
          "label": "集成至平台"
        }
      ]
    }
  },
  "output": {
    "part_index": 4,
    "title": "异构融合 AI Infra 的资源管理与可靠性保障",
    "type_tag": "AI 基础设施系统软件",
    "tech_tags": [
      "AI Infra",
      "异构计算",
      "资源调度",
      "MoE 架构",
      "GPU Combo",
      "Expert Kit",
      "GraphRAG",
      "Checkpoint 优化",
      "失效恢复",
      "Crater 系统",
      "多租户集群"
    ],
    "domain_tags": [
      "云计算",
      "大模型推理",
      "分布式训练",
      "系统可靠性",
      "智算中心"
    ],
    "summary": "本章节深入探讨了大模型时代超异构计算面临的挑战，重点分析了算力利用率低与系统稳定性差等核心痛点。通过引入“云 OS”设计理念，提出了一系列异构融合优化方案：包括针对多作业混部的图匹配调度算法、面向 LLM 推理的 GPU Combo 资源套餐，以及以 Expert 为中心的 MoE 推理系统。此外，还展示了基于 GraphRAG 的异常检测与快速失效恢复技术，并最终通过 Crater 平台实现了大规模异构集群的智能管理与落地应用。",
    "highlights": [
      "提出异构融合运行时调度，通过多作业混部显著缩短任务完成时间",
      "创新 GPU Combo 资源套餐，针对推理 Prefill 与 Decode 阶段实现动态配比",
      "构建 Expert Kit 系统，利用 CPU 与 XPU 互补特性优化 MoE 模型推理",
      "应用 GraphRAG 技术实现分钟级异常检测与根因分析，提升训练稳定性",
      "研发 Device Proxy 与 Flexible CCL 技术，实现通信链路的快速失效恢复",
      "落地 Crater 智能调度平台，支持多租户异构集群的全链路监控与管理"
    ]
  },
  "artifacts": [
    "output/ScienceEducationInnovation/part_04/final/09_part_digest/artifacts/part_digest.json"
  ],
  "metadata": {
    "part_index": 4,
    "title": "异构融合 AI Infra 的资源管理与可靠性保障",
    "type_tag": "AI 基础设施系统软件",
    "tech_tags": 11,
    "domain_tags": 5
  },
  "trace_id": "eeb2b0d2-3adf-4195-abdb-5c8026c44f16",
  "duration_ms": 8063,
  "started_at": "2025-12-21T23:42:22.034255",
  "completed_at": "2025-12-21T15:42:30.100065",
  "step_config": {
    "model": "gemini-3-pro-preview",
    "temperature": 0.2,
    "prompt_file": "/Users/lichuan/Codes/TalkDistill/config/prompts/part_digest.md",
    "schema_file": "/Users/lichuan/Codes/TalkDistill/config/schemas/part_digest.json"
  },
  "dependencies": [
    "graph_gen"
  ]
}