{
  "address": "ai_session/part_07/chunk_00/09_apply_crop/slide_013",
  "status": "completed",
  "input": {
    "image_path": "output/ai_session/part_07/chunk_00/07_capture_frame/slide_013/artifacts/slide_013.png",
    "crop_region": {
      "x": 729,
      "y": 194,
      "width": 1190,
      "height": 885
    }
  },
  "output": "output/ai_session/part_07/chunk_00/09_apply_crop/slide_013/artifacts/slide_013.png",
  "artifacts": [
    "output/ai_session/part_07/chunk_00/09_apply_crop/slide_013/artifacts/slide_013.png"
  ],
  "metadata": {
    "source": "output/ai_session/part_07/chunk_00/07_capture_frame/slide_013/artifacts/slide_013.png",
    "applied": true,
    "crop_region": {
      "x": 729,
      "y": 194,
      "width": 1190,
      "height": 885
    },
    "size": {
      "width": 1190,
      "height": 885
    }
  },
  "trace_id": null,
  "duration_ms": 112,
  "started_at": "2025-12-16T00:31:41.597148",
  "completed_at": "2025-12-15T16:31:41.710516",
  "step_config": {},
  "dependencies": [
    "capture_frame",
    "crop_decision"
  ]
}