{
  "address": "ScienceEducationInnovation/part_02/chunk_00/07_capture_frame/slide_037",
  "status": "completed",
  "input": {
    "video": "output/ScienceEducationInnovation/part_02/chunk_00/01_cut_chunk/artifacts/chunk_high.mp4",
    "timestamp": "00:19:22.580",
    "frame_id": "slide_037",
    "output_ext": ".png"
  },
  "output": "output/ScienceEducationInnovation/part_02/chunk_00/07_capture_frame/slide_037/artifacts/slide_037.png",
  "artifacts": [
    "output/ScienceEducationInnovation/part_02/chunk_00/07_capture_frame/slide_037/artifacts/slide_037.png"
  ],
  "metadata": {
    "timestamp": "00:19:22.580",
    "frame_id": "slide_037",
    "ffmpeg": "/opt/homebrew/bin/ffmpeg"
  },
  "trace_id": null,
  "duration_ms": 4048,
  "started_at": "2025-12-17T10:50:27.902315",
  "completed_at": "2025-12-17T02:50:31.952426",
  "step_config": {},
  "dependencies": [
    "slide_timeline"
  ]
}