{
  "address": "ai_session/part_05/chunk_00/03_srt_slice",
  "status": "completed",
  "input": {
    "global_srt": "output/ai_session/part_-01/chunk_-01/00_global_funasr/artifacts/global.srt",
    "start_ms": 5057080.0,
    "end_ms": 5926230.0,
    "output_name": "chunk_baseline.srt"
  },
  "output": [
    {
      "index": 1,
      "start": 0,
      "end": 7.98,
      "text": "下面呢就是有请华为技术有限公司 AI 工程师李宇正先生给我们带来通算计算大模型推理，"
    },
    {
      "index": 2,
      "start": 8.0,
      "end": 10.28,
      "text": "加速协同的实践呃，"
    },
    {
      "index": 3,
      "start": 10.64,
      "end": 11.44,
      "text": "探索与实践。"
    },
    {
      "index": 4,
      "start": 11.52,
      "end": 12.604,
      "text": "大家欢迎啊。"
    },
    {
      "index": 5,
      "start": 19.32,
      "end": 19.56,
      "text": "嗯，"
    },
    {
      "index": 6,
      "start": 19.58,
      "end": 20.44,
      "text": "大家好啊，"
    },
    {
      "index": 7,
      "start": 20.44,
      "end": 22.3,
      "text": "我是来自华为的李宇正。"
    },
    {
      "index": 8,
      "start": 22.6,
      "end": 25.16,
      "text": "我今天给大家带来的是通算计算、"
    },
    {
      "index": 9,
      "start": 25.16,
      "end": 25.9,
      "text": "大模型推理，"
    },
    {
      "index": 10,
      "start": 25.9,
      "end": 28.075,
      "text": "加速协同探索与实践。"
    },
    {
      "index": 11,
      "start": 30.13,
      "end": 30.37,
      "text": "啊，"
    },
    {
      "index": 12,
      "start": 30.59,
      "end": 33.21,
      "text": "首先我们来看一下我们的业务场景。"
    },
    {
      "index": 13,
      "start": 33.61,
      "end": 35.465,
      "text": "在传统的推理场景中，"
    },
    {
      "index": 14,
      "start": 36.18,
      "end": 41.08,
      "text": "大部分的呃模型的计算呢都会落在 GPU 上啊，"
    },
    {
      "index": 15,
      "start": 41.16,
      "end": 41.74,
      "text": "为什么呢？"
    },
    {
      "index": 16,
      "start": 41.74,
      "end": 43.26,
      "text": "因为 CPU 的算力啊，"
    },
    {
      "index": 17,
      "start": 43.26,
      "end": 45.72,
      "text": "在公众认为它的这个算力是较小。"
    },
    {
      "index": 18,
      "start": 45.88,
      "end": 51.1,
      "text": "所以呢以前他们的推推理一般都会在 GPU 上进行啊，"
    },
    {
      "index": 19,
      "start": 51.32,
      "end": 55.76,
      "text": "那这个时候啊那 CPU 的算力和内存呢就会被闲置掉，"
    },
    {
      "index": 20,
      "start": 55.9,
      "end": 57.1,
      "text": "也就是被浪费掉了。"
    },
    {
      "index": 21,
      "start": 57.1,
      "end": 60.7,
      "text": "那在这个场景中呢，"
    },
    {
      "index": 22,
      "start": 60.7,
      "end": 62.46,
      "text": "它有两个痛点啊，"
    },
    {
      "index": 23,
      "start": 62.5,
      "end": 67.26,
      "text": "第一个痛点是这个叉 PU 的内存容量有瓶颈啊，"
    },
    {
      "index": 24,
      "start": 67.26,
      "end": 68.12,
      "text": "叉 PU 是什么呢？"
    },
    {
      "index": 25,
      "start": 68.12,
      "end": 69.6,
      "text": "我们在这里指的叉 PU 呢，"
    },
    {
      "index": 26,
      "start": 69.6,
      "end": 73.24,
      "text": "就是这个 GPU 跟这个 MPU 啊，"
    },
    {
      "index": 27,
      "start": 73.56,
      "end": 75.74,
      "text": "那叉 PU 的内存容量瓶颈的话，"
    },
    {
      "index": 28,
      "start": 76.04,
      "end": 76.96,
      "text": "它怎么理解呢？"
    },
    {
      "index": 29,
      "start": 76.96,
      "end": 79.42,
      "text": "就是呃叉 PU 的内存容量。"
    },
    {
      "index": 30,
      "start": 79.44,
      "end": 83.1,
      "text": "它通常啊在我们通常市场里面见到的卡的话，"
    },
    {
      "index": 31,
      "start": 83.1,
      "end": 87.26,
      "text": "它的容量通常是十六 g 到八十 g 啊，"
    },
    {
      "index": 32,
      "start": 87.26,
      "end": 90.63,
      "text": "这个容量会有会对模型推理有什么影响？"
    },
    {
      "index": 33,
      "start": 90.97,
      "end": 94.87,
      "text": "就是它会限制上下文的长度跟这个并发量。"
    },
    {
      "index": 34,
      "start": 95.63,
      "end": 97.01,
      "text": "那举个例子啊，"
    },
    {
      "index": 35,
      "start": 97.01,
      "end": 101.01,
      "text": "对于千分三十二 b 的模型跟 spatch 的并发请求。"
    },
    {
      "index": 36,
      "start": 101.43,
      "end": 108.67,
      "text": "那这些叉 PU 它最多能存储三点二 k 到十六 k 的 token 的 KV catch。"
    },
    {
      "index": 37,
      "start": 108.69,
      "end": 110.69,
      "text": "也就意味着它在一个请求中啊，"
    },
    {
      "index": 38,
      "start": 110.79,
      "end": 115.27,
      "text": "它只能呃处理这么多的这个 token 啊。"
    },
    {
      "index": 39,
      "start": 115.83,
      "end": 118.05,
      "text": "而鲲鹏九幺零 CPU 中，"
    },
    {
      "index": 40,
      "start": 118.09,
      "end": 121.33,
      "text": "它的这个内存它是能达到五百一十 g 的。"
    },
    {
      "index": 41,
      "start": 121.45,
      "end": 121.63,
      "text": "呃，"
    },
    {
      "index": 42,
      "start": 121.63,
      "end": 123.07,
      "text": "在这个内存中，"
    },
    {
      "index": 43,
      "start": 123.07,
      "end": 127.49,
      "text": "它最多能存储一百零二 k 的这个 token 的这个 KV catch。"
    },
    {
      "index": 44,
      "start": 127.51,
      "end": 128.43,
      "text": "所以我们可以看出，"
    },
    {
      "index": 45,
      "start": 128.43,
      "end": 132.4,
      "text": "其实 CPU 的这个内存它它这么大，"
    },
    {
      "index": 46,
      "start": 132.7,
      "end": 134.72,
      "text": "它可以处理更长的这个请求哈。"
    },
    {
      "index": 47,
      "start": 135.04,
      "end": 137.14,
      "text": "然后关于第二个痛点呢，"
    },
    {
      "index": 48,
      "start": 137.14,
      "end": 139.52,
      "text": "就是整机的利用率不高。"
    },
    {
      "index": 49,
      "start": 139.64,
      "end": 143.82,
      "text": "这一整机啊是指这个 CPU 加上叉 PU 这个整机，"
    },
    {
      "index": 50,
      "start": 143.96,
      "end": 145.62,
      "text": "那在这里利用率不高哈，"
    },
    {
      "index": 51,
      "start": 145.62,
      "end": 148.42,
      "text": "主要是因为 CPU 在这个过程闲置下来了。"
    },
    {
      "index": 52,
      "start": 148.68,
      "end": 148.92,
      "text": "啊，"
    },
    {
      "index": 53,
      "start": 149.36,
      "end": 151.82,
      "text": "比如说在前项的计算过程中，"
    },
    {
      "index": 54,
      "start": 151.84,
      "end": 154.76,
      "text": "叉 PU 承担了百分之九十五以上的计算量啊，"
    },
    {
      "index": 55,
      "start": 155.18,
      "end": 155.84,
      "text": "可以看，"
    },
    {
      "index": 56,
      "start": 155.84,
      "end": 158.18,
      "text": "而 CPU 的这个利用率呢就非常低啊，"
    },
    {
      "index": 57,
      "start": 158.18,
      "end": 162.41,
      "text": "就包括算 CPU 的算力跟这个内存它的利用率都是很低。"
    },
    {
      "index": 58,
      "start": 164.24,
      "end": 167.18,
      "text": "那为了将利用上这个 CPU 的算力呢，"
    },
    {
      "index": 59,
      "start": 167.36,
      "end": 172.64,
      "text": "呃我们就做了这个 CPU 加叉 PU 算力协同的方案的方案。"
    },
    {
      "index": 60,
      "start": 172.64,
      "end": 172.88,
      "text": "啊，"
    },
    {
      "index": 61,
      "start": 173.4,
      "end": 177.86,
      "text": "那在这个之前我想先介绍一个呃概念。"
    },
    {
      "index": 62,
      "start": 177.86,
      "end": 181.52,
      "text": "因为有可能有一些呃专专专业知识，"
    },
    {
      "index": 63,
      "start": 181.52,
      "end": 184.05,
      "text": "比如说呃 PD 分离。"
    },
    {
      "index": 64,
      "start": 184.35,
      "end": 185.43,
      "text": "那 PD 分离的话，"
    },
    {
      "index": 65,
      "start": 185.43,
      "end": 188.43,
      "text": "它其实就是在大模型处理过程中，"
    },
    {
      "index": 66,
      "start": 188.49,
      "end": 190.15,
      "text": "它会涉及到两个步骤啊。"
    },
    {
      "index": 67,
      "start": 190.15,
      "end": 191.47,
      "text": "第一个步骤是 prefil，"
    },
    {
      "index": 68,
      "start": 191.47,
      "end": 193.55,
      "text": "第二个步骤是这个扣啊，"
    },
    {
      "index": 69,
      "start": 193.57,
      "end": 196.67,
      "text": "其实我们在文本生成的第一个 detoken 的话，"
    },
    {
      "index": 70,
      "start": 196.67,
      "end": 199.49,
      "text": "它其实这个过程就是这个处理过程就是 prefil。"
    },
    {
      "index": 71,
      "start": 199.49,
      "end": 201.37,
      "text": "那后续的生成的每一个 token，"
    },
    {
      "index": 72,
      "start": 201.37,
      "end": 202.69,
      "text": "它的处理呢就是对应的就是扣。"
    },
    {
      "index": 73,
      "start": 203.33,
      "end": 205.19,
      "text": "那这个过程里面啊，"
    },
    {
      "index": 74,
      "start": 205.37,
      "end": 208.19,
      "text": "那 coprefeel 它是一个计算密集型的。"
    },
    {
      "index": 75,
      "start": 208.19,
      "end": 211.65,
      "text": "而 decoo 呢它是一个内存密集型，"
    },
    {
      "index": 76,
      "start": 211.85,
      "end": 214.06,
      "text": "它需要涉及到计算量非常的少。"
    },
    {
      "index": 77,
      "start": 214.34,
      "end": 214.58,
      "text": "啊，"
    },
    {
      "index": 78,
      "start": 214.88,
      "end": 216.14,
      "text": "所以呢根据这个特性，"
    },
    {
      "index": 79,
      "start": 216.22,
      "end": 220.34,
      "text": "我们可以考虑将那个我们考虑将 preprefure 呢放在这个叉 PU 上。"
    },
    {
      "index": 80,
      "start": 220.72,
      "end": 225.36,
      "text": "而将这个 v coo 呢我们是可以将它放在 CPU 上，"
    },
    {
      "index": 81,
      "start": 225.36,
      "end": 227.56,
      "text": "当然放在叉 PU 上也是可以的啊。"
    },
    {
      "index": 82,
      "start": 227.92,
      "end": 231.46,
      "text": "那可能会有一些同学会有疑惑啊，"
    },
    {
      "index": 83,
      "start": 231.46,
      "end": 237.86,
      "text": "为什么就是 CPU 的算力确实是明显比那个叉 PU 要小很多的那为什么？"
    },
    {
      "index": 84,
      "start": 237.92,
      "end": 242.96,
      "text": "如果你用这个呃 CPU 来做来来辅助来推理的话，"
    },
    {
      "index": 85,
      "start": 242.96,
      "end": 245.28,
      "text": "会不会导致整体的这个吞吐量降低？"
    },
    {
      "index": 86,
      "start": 245.56,
      "end": 245.8,
      "text": "呃，"
    },
    {
      "index": 87,
      "start": 245.96,
      "end": 247.5,
      "text": "关于这个事情呃，"
    },
    {
      "index": 88,
      "start": 247.5,
      "end": 249.66,
      "text": "我我想解释是就举个例子。"
    },
    {
      "index": 89,
      "start": 249.66,
      "end": 252.64,
      "text": "比如说你在一个呃峡谷里面，"
    },
    {
      "index": 90,
      "start": 252.64,
      "end": 253.96,
      "text": "你就算有十万的大军，"
    },
    {
      "index": 91,
      "start": 254.32,
      "end": 255.88,
      "text": "你横你横着摆，"
    },
    {
      "index": 92,
      "start": 255.96,
      "end": 258.28,
      "text": "你横横着能展开的士兵也没有几个。"
    },
    {
      "index": 93,
      "start": 258.54,
      "end": 258.76,
      "text": "呃，"
    },
    {
      "index": 94,
      "start": 258.76,
      "end": 260.35,
      "text": "在这里同理也是这样，"
    },
    {
      "index": 95,
      "start": 260.51,
      "end": 262.75,
      "text": "在在大模型推理过程中，"
    },
    {
      "index": 96,
      "start": 262.75,
      "end": 265.69,
      "text": "它的 decode 过程它是一个计算量需要比较小。"
    },
    {
      "index": 97,
      "start": 266.09,
      "end": 269.39,
      "text": "而且你呃在推理在 decode 进行过程中，"
    },
    {
      "index": 98,
      "start": 269.39,
      "end": 270.27,
      "text": "它是串行的，"
    },
    {
      "index": 99,
      "start": 270.27,
      "end": 272.51,
      "text": "也就是你只能推理完一个 token，"
    },
    {
      "index": 100,
      "start": 272.51,
      "end": 274.09,
      "text": "再推在推理下一个 token。"
    },
    {
      "index": 101,
      "start": 274.33,
      "end": 277.79,
      "text": "所以说就就呃使得 GPU 的算力它很大，"
    },
    {
      "index": 102,
      "start": 277.81,
      "end": 280.97,
      "text": "但是在 decode 过程中它有点有有力无处失的感觉。"
    },
    {
      "index": 103,
      "start": 281.13,
      "end": 282.53,
      "text": "所以 CPU 在这个场景下，"
    },
    {
      "index": 104,
      "start": 282.53,
      "end": 291.21,
      "text": "它也是呃可行的那关于我们的 CPU 加叉 PU 的算力协同方案的话主要是包含两部分啊，"
    },
    {
      "index": 105,
      "start": 291.21,
      "end": 293.53,
      "text": "第一部分是这个异构算力调度。"
    },
    {
      "index": 106,
      "start": 293.849,
      "end": 294.01,
      "text": "呃，"
    },
    {
      "index": 107,
      "start": 294.01,
      "end": 295.15,
      "text": "异构算力调度的话，"
    },
    {
      "index": 108,
      "start": 295.15,
      "end": 299.55,
      "text": "它呃包含的一个是呃代理用户请求啊，"
    },
    {
      "index": 109,
      "start": 299.63,
      "end": 302.99,
      "text": "用户会先把请求呃发送到我们这个调度端。"
    },
    {
      "index": 110,
      "start": 303.29,
      "end": 307.29,
      "text": "然后我们会对这个请求呢做一个 PD 分离，"
    },
    {
      "index": 111,
      "start": 307.29,
      "end": 309.09,
      "text": "也就是 prefume 加的这个分离。"
    },
    {
      "index": 112,
      "start": 309.35,
      "end": 313.17,
      "text": "我们会选择将 decoprefuu 呢放在这个叉 PU 上，"
    },
    {
      "index": 113,
      "start": 313.27,
      "end": 322.26,
      "text": "然后在 CPU 上呢就可以做一部分的这个扣啊一呃另外一部分呢就放到这个呃叉 dep u 上啊，"
    },
    {
      "index": 114,
      "start": 322.56,
      "end": 327.3,
      "text": "那怎么衡量应该将哪一些 decoo 放在 CPU 上，"
    },
    {
      "index": 115,
      "start": 327.3,
      "end": 328.56,
      "text": "哪一些放在叉 PU 上呢？"
    },
    {
      "index": 116,
      "start": 328.56,
      "end": 331.06,
      "text": "这个就涉及到那个动态调度啊，"
    },
    {
      "index": 117,
      "start": 331.36,
      "end": 334.04,
      "text": "然后这个协同方案的第二部分呢，"
    },
    {
      "index": 118,
      "start": 334.04,
      "end": 336.02,
      "text": "就是这个通算的推理加速。"
    },
    {
      "index": 119,
      "start": 336.3,
      "end": 340.56,
      "text": "通算推理加速呢我们主要使用了三个主要的技术来做这个事情。"
    },
    {
      "index": 120,
      "start": 340.56,
      "end": 343.26,
      "text": "第一个是纽马亲核啊，"
    },
    {
      "index": 121,
      "start": 343.26,
      "end": 344.8,
      "text": "第二个是多线程并行，"
    },
    {
      "index": 122,
      "start": 344.94,
      "end": 346.61,
      "text": "第三个是算的优化。"
    },
    {
      "index": 123,
      "start": 347.15,
      "end": 347.39,
      "text": "嗯，"
    },
    {
      "index": 124,
      "start": 347.59,
      "end": 351.57,
      "text": "那那这个技术化主要是目前在两大模型上使用。"
    },
    {
      "index": 125,
      "start": 351.57,
      "end": 353.53,
      "text": "第一个是稠密模型的推理加速，"
    },
    {
      "index": 126,
      "start": 353.789,
      "end": 356.805,
      "text": "跟这个 NOE 模型的推理加速。"
    },
    {
      "index": 127,
      "start": 360.32,
      "end": 369.1,
      "text": "那我们先来看一下异构算力调度哈那他那我们首先为什么要进行这个异构算力调度呢？"
    },
    {
      "index": 128,
      "start": 369.46,
      "end": 372.8,
      "text": "那异构算力调度它能解决什么样的问题？"
    },
    {
      "index": 129,
      "start": 372.82,
      "end": 377.04,
      "text": "因为在呃提供在提供大模型推理的厂商那里，"
    },
    {
      "index": 130,
      "start": 377.04,
      "end": 378.84,
      "text": "他可能比较希望的是哎，"
    },
    {
      "index": 131,
      "start": 378.86,
      "end": 382.3,
      "text": "你能把我的这个并发量给我提上来啊。"
    },
    {
      "index": 132,
      "start": 382.32,
      "end": 383.5,
      "text": "那用户那边的话，"
    },
    {
      "index": 133,
      "start": 383.52,
      "end": 384.58,
      "text": "他有可能觉得哎，"
    },
    {
      "index": 134,
      "start": 384.84,
      "end": 387.64,
      "text": "那你你你那边提高并发量可以，"
    },
    {
      "index": 135,
      "start": 387.64,
      "end": 389.915,
      "text": "但是我这边你给我的响应，"
    },
    {
      "index": 136,
      "start": 390.29,
      "end": 390.97,
      "text": "我给你一个。"
    },
    {
      "index": 137,
      "start": 390.97,
      "end": 391.87,
      "text": "我问你一个文本，"
    },
    {
      "index": 138,
      "start": 392.17,
      "end": 393.29,
      "text": "就我问你一个问题，"
    },
    {
      "index": 139,
      "start": 393.35,
      "end": 394.61,
      "text": "你你回答我不能太，"
    },
    {
      "index": 140,
      "start": 394.75,
      "end": 396.09,
      "text": "你回答我不能太久啊，"
    },
    {
      "index": 141,
      "start": 396.09,
      "end": 398.43,
      "text": "你那个速度不能受影响啊。"
    },
    {
      "index": 142,
      "start": 398.65,
      "end": 400.79,
      "text": "那怪基于这个背景呢，"
    },
    {
      "index": 143,
      "start": 400.79,
      "end": 403.93,
      "text": "我们呃就做了这个异构算力调度。"
    },
    {
      "index": 144,
      "start": 404.03,
      "end": 409.27,
      "text": "那异构算力调度它会面临两大挑战哈那另一个是这个 PD 分离，"
    },
    {
      "index": 145,
      "start": 409.33,
      "end": 412.61,
      "text": "它会引入这个 KV catch 的传输开销。"
    },
    {
      "index": 146,
      "start": 412.87,
      "end": 416.41,
      "text": "因为我们在叉 PU 上进行这个 prefuse 之后，"
    },
    {
      "index": 147,
      "start": 416.41,
      "end": 421.22,
      "text": "我们需要将它那个 KV catch 给它传输到到 CPU，"
    },
    {
      "index": 148,
      "start": 421.26,
      "end": 423.66,
      "text": "然后 CPU 才能开始继续推理。"
    },
    {
      "index": 149,
      "start": 423.88,
      "end": 424.12,
      "text": "啊，"
    },
    {
      "index": 150,
      "start": 424.38,
      "end": 427.74,
      "text": "那第二个挑战呢就是这个抵扣的时候，"
    },
    {
      "index": 151,
      "start": 427.88,
      "end": 431.02,
      "text": "你怎么样衡量把它分配在 CPU 端，"
    },
    {
      "index": 152,
      "start": 431.02,
      "end": 433.12,
      "text": "还是在一个叉 PU 端？"
    },
    {
      "index": 153,
      "start": 433.42,
      "end": 433.66,
      "text": "呃，"
    },
    {
      "index": 154,
      "start": 434.04,
      "end": 435.94,
      "text": "那这个问题是比较复杂的。"
    },
    {
      "index": 155,
      "start": 435.94,
      "end": 438.04,
      "text": "因为你在不同的设备上，"
    },
    {
      "index": 156,
      "start": 438.18,
      "end": 441.14,
      "text": "你在不同的这个呃应用场景下，"
    },
    {
      "index": 157,
      "start": 441.3,
      "end": 443.32,
      "text": "它这个情况会有一些变化的。"
    },
    {
      "index": 158,
      "start": 443.32,
      "end": 445.04,
      "text": "所以呢呃会有一些复杂。"
    },
    {
      "index": 159,
      "start": 445.32,
      "end": 449.1,
      "text": "那我们为了解决这两个挑战的话，"
    },
    {
      "index": 160,
      "start": 449.1,
      "end": 458.21,
      "text": "我们主要做的那我们做的第一点就是呃我们优化了 VM 调度模块来支持它在异异构算力上来进行 PD 分离。"
    },
    {
      "index": 161,
      "start": 458.75,
      "end": 463.75,
      "text": "然后第二个的话是这个构建基于实时负载感知的动态调度引擎。"
    },
    {
      "index": 162,
      "start": 464.11,
      "end": 466.715,
      "text": "那这个负载感知怎么理解呢？"
    },
    {
      "index": 163,
      "start": 468.23,
      "end": 474.81,
      "text": "我们呃一个简单的就它可以指的是这个计算负载啊显存占用这些。"
    },
    {
      "index": 164,
      "start": 475.05,
      "end": 479.17,
      "text": "但是呃基于实时负载感知的动态调度的话，"
    },
    {
      "index": 165,
      "start": 479.17,
      "end": 480.85,
      "text": "就是一个简单的做法。"
    },
    {
      "index": 166,
      "start": 481.13,
      "end": 482.47,
      "text": "那我们可以这么做，"
    },
    {
      "index": 167,
      "start": 482.75,
      "end": 491.27,
      "text": "就是呃直接实时的收集 CPU 和叉 PU 上的这个呃它每 batch 的吞吐量。"
    },
    {
      "index": 168,
      "start": 491.61,
      "end": 494.91,
      "text": "然后我判断在哪一个设备上它的吞吐量更高。"
    },
    {
      "index": 169,
      "start": 495.15,
      "end": 497.07,
      "text": "然后我们就把那个递扣请求，"
    },
    {
      "index": 170,
      "start": 497.07,
      "end": 498.34,
      "text": "那我们就分配到那边。"
    },
    {
      "index": 171,
      "start": 498.52,
      "end": 499.76,
      "text": "因为这样子的话，"
    },
    {
      "index": 172,
      "start": 499.82,
      "end": 502.805,
      "text": "应该能提高整机的这一个吞吐量。"
    },
    {
      "index": 173,
      "start": 503.64,
      "end": 505.82,
      "text": "但是啊这个方案它有个问题，"
    },
    {
      "index": 174,
      "start": 506.12,
      "end": 508.54,
      "text": "如果你到达了两个请求之间，"
    },
    {
      "index": 175,
      "start": 508.54,
      "end": 512.3,
      "text": "它的这个时间间隔是两个到达的两个抵扣请求。"
    },
    {
      "index": 176,
      "start": 512.3,
      "end": 513.84,
      "text": "它的间隔时间比较短的话，"
    },
    {
      "index": 177,
      "start": 513.84,
      "end": 515.1,
      "text": "它就容易失效，"
    },
    {
      "index": 178,
      "start": 515.12,
      "end": 518.06,
      "text": "因为它那边调度那边还没反应过来啊，"
    },
    {
      "index": 179,
      "start": 518.28,
      "end": 520.36,
      "text": "那解决这种问题的话，"
    },
    {
      "index": 180,
      "start": 520.38,
      "end": 521.5,
      "text": "我们可以怎么做？"
    },
    {
      "index": 181,
      "start": 521.5,
      "end": 526.04,
      "text": "我们可以呃收集历史的这个调度信息，"
    },
    {
      "index": 182,
      "start": 526.4,
      "end": 530.58,
      "text": "要收收集历史的那个它那调度的时候，"
    },
    {
      "index": 183,
      "start": 530.58,
      "end": 538.56,
      "text": "它的这个负载情况以及及他当时这个吞吐量一等信息。"
    },
    {
      "index": 184,
      "start": 538.6,
      "end": 539.76,
      "text": "收集完这些信息之后，"
    },
    {
      "index": 185,
      "start": 539.76,
      "end": 546.8,
      "text": "通过学习我们可以呃用来预测在当前我如果将扣发送到某一个设备的时候，"
    },
    {
      "index": 186,
      "start": 546.8,
      "end": 552.115,
      "text": "它那个吞吐量会如何变化来呃进行这个动态的调度。"
    },
    {
      "index": 187,
      "start": 557.32,
      "end": 560.44,
      "text": "那关于这个通算推理加速，"
    },
    {
      "index": 188,
      "start": 560.58,
      "end": 567.56,
      "text": "我想就想介绍就是三个就是一个是纽码清核和多线程并行跟算的优化。"
    },
    {
      "index": 189,
      "start": 568.04,
      "end": 570.26,
      "text": "那纽码清核的话，"
    },
    {
      "index": 190,
      "start": 570.28,
      "end": 573.74,
      "text": "主要是因为现在呃 CPU 的内存架构，"
    },
    {
      "index": 191,
      "start": 573.76,
      "end": 577.62,
      "text": "它大多采用了这个呃多牛码的这个设计。"
    },
    {
      "index": 192,
      "start": 577.68,
      "end": 578.88,
      "text": "那多牛码设计的话，"
    },
    {
      "index": 193,
      "start": 578.9,
      "end": 580.84,
      "text": "它会有这么一个特点。"
    },
    {
      "index": 194,
      "start": 581.18,
      "end": 583.6,
      "text": "就是你如果跨牛码访存的话，"
    },
    {
      "index": 195,
      "start": 583.84,
      "end": 587.89,
      "text": "它的这个缓存开销有可能是你在本那缓存，"
    },
    {
      "index": 196,
      "start": 587.89,
      "end": 589.85,
      "text": "它的开销的两到四倍。"
    },
    {
      "index": 197,
      "start": 589.99,
      "end": 594.19,
      "text": "所以说跨码访存是非常的昂贵的。"
    },
    {
      "index": 198,
      "start": 594.19,
      "end": 598.81,
      "text": "所以呢我们是尽量的希望我们在将扣请求放在 nemdec PU 端的时候，"
    },
    {
      "index": 199,
      "start": 598.81,
      "end": 603.53,
      "text": "我们希望尽量的降低它的这个跨跨码访存的这个开销。"
    },
    {
      "index": 200,
      "start": 603.79,
      "end": 605.17,
      "text": "那怎么做的话，"
    },
    {
      "index": 201,
      "start": 605.17,
      "end": 607.11,
      "text": "就是将这个完整的权重，"
    },
    {
      "index": 202,
      "start": 607.11,
      "end": 609.21,
      "text": "比如说纵向的切割为四份。"
    },
    {
      "index": 203,
      "start": 609.45,
      "end": 610.51,
      "text": "就如果是个个码的的，"
    },
    {
      "index": 204,
      "start": 610.51,
      "end": 611.31,
      "text": "其分为四份，"
    },
    {
      "index": 205,
      "start": 611.31,
      "end": 616.75,
      "text": "然后再将这个计算过程需要用的这个 mhidden date 拷贝到呃四个牛码上，"
    },
    {
      "index": 206,
      "start": 616.75,
      "end": 618.3,
      "text": "然后进分别计算，"
    },
    {
      "index": 207,
      "start": 618.32,
      "end": 621.78,
      "text": "然后再呃计算完之后再合并。"
    },
    {
      "index": 208,
      "start": 622.42,
      "end": 622.66,
      "text": "呃，"
    },
    {
      "index": 209,
      "start": 622.92,
      "end": 625.86,
      "text": "然后第二个是这个多线多线程并行。"
    },
    {
      "index": 210,
      "start": 626.36,
      "end": 627.66,
      "text": "那多线程并行的话，"
    },
    {
      "index": 211,
      "start": 627.66,
      "end": 632.38,
      "text": "因为现在 CPU 很多采用的是那个多核的这个设计。"
    },
    {
      "index": 212,
      "start": 632.62,
      "end": 633.5,
      "text": "那多核的话，"
    },
    {
      "index": 213,
      "start": 633.62,
      "end": 637.04,
      "text": "它的算它就可以有很多并行的这个算力。"
    },
    {
      "index": 214,
      "start": 637.28,
      "end": 639.9,
      "text": "那为了充分的利用上这个多核算力的话，"
    },
    {
      "index": 215,
      "start": 639.92,
      "end": 646.825,
      "text": "我们是采用了这个多线程并行来呃对这个大模型推理的过程中的进行这个并行化的这个计算。"
    },
    {
      "index": 216,
      "start": 647.07,
      "end": 649.53,
      "text": "比如说对一个呃矩阵计算的时候呢，"
    },
    {
      "index": 217,
      "start": 649.53,
      "end": 655.33,
      "text": "我们可以呃就可以采用这个多线程的并行来呃并行的处理这个矩阵计算。"
    },
    {
      "index": 218,
      "start": 655.59,
      "end": 657.97,
      "text": "那第三个是这个算子优化，"
    },
    {
      "index": 219,
      "start": 658.29,
      "end": 661.03,
      "text": "那算子优化这个怎么做呢？"
    },
    {
      "index": 220,
      "start": 661.03,
      "end": 664.13,
      "text": "因为以前我们传统的 CPU 的指令，"
    },
    {
      "index": 221,
      "start": 664.41,
      "end": 666.67,
      "text": "它一条的乘法指令的话，"
    },
    {
      "index": 222,
      "start": 666.71,
      "end": 670.97,
      "text": "可能经典的乘法指令可能只能一次只能处理一个乘法。"
    },
    {
      "index": 223,
      "start": 671.39,
      "end": 673.85,
      "text": "那呃在 MV 八架构之后，"
    },
    {
      "index": 224,
      "start": 674.39,
      "end": 677.62,
      "text": "那呃有许多的指令集指令集，"
    },
    {
      "index": 225,
      "start": 677.68,
      "end": 679.22,
      "text": "它可以加速这个计算。"
    },
    {
      "index": 226,
      "start": 679.78,
      "end": 681.56,
      "text": "比如说 NEON 这个指令集，"
    },
    {
      "index": 227,
      "start": 681.56,
      "end": 683.04,
      "text": "它就有一条指令，"
    },
    {
      "index": 228,
      "start": 683.08,
      "end": 687.28,
      "text": "可以在一条指令内可以计算四次乘法呃，"
    },
    {
      "index": 229,
      "start": 687.38,
      "end": 688.22,
      "text": "浮点数的乘法。"
    },
    {
      "index": 230,
      "start": 688.24,
      "end": 690.74,
      "text": "然后 i 八 NN 指令集扩展的话，"
    },
    {
      "index": 231,
      "start": 690.74,
      "end": 691.94,
      "text": "它有一条指令，"
    },
    {
      "index": 232,
      "start": 691.94,
      "end": 694.38,
      "text": "可以在一条指令内，"
    },
    {
      "index": 233,
      "start": 694.38,
      "end": 698.24,
      "text": "它就可以计算三十二个 indow 八的这个数。"
    },
    {
      "index": 234,
      "start": 698.58,
      "end": 702.56,
      "text": "所以呢这种就大大的加速了这个 CPU 的这个算力。"
    },
    {
      "index": 235,
      "start": 702.8,
      "end": 704.5,
      "text": "这个这这个推理速度啊。"
    },
    {
      "index": 236,
      "start": 704.5,
      "end": 704.74,
      "text": "嗯，"
    },
    {
      "index": 237,
      "start": 707.45,
      "end": 709.65,
      "text": "然后通算推理加速的话，"
    },
    {
      "index": 238,
      "start": 709.73,
      "end": 712.53,
      "text": "我们就目前做的这个模型场景的话，"
    },
    {
      "index": 239,
      "start": 712.77,
      "end": 713.01,
      "text": "呃，"
    },
    {
      "index": 240,
      "start": 713.27,
      "end": 715.29,
      "text": "第一个是这个稠密模型推理加速。"
    },
    {
      "index": 241,
      "start": 715.47,
      "end": 718.03,
      "text": "第二个是这个 NOE 模型的推理加速嘛。"
    },
    {
      "index": 242,
      "start": 718.13,
      "end": 720.67,
      "text": "然后这个稠密模型推理加速的话，"
    },
    {
      "index": 243,
      "start": 720.67,
      "end": 727.69,
      "text": "我们倾向于呃如果我们将 b 扣放在 CPU 上进行推理的去做的话，"
    },
    {
      "index": 244,
      "start": 727.69,
      "end": 732.57,
      "text": "我们会考虑将这个注意力计算跟 FFN，"
    },
    {
      "index": 245,
      "start": 732.77,
      "end": 735.21,
      "text": "我们会考虑放在 CPU 上来计算，"
    },
    {
      "index": 246,
      "start": 735.21,
      "end": 739.9,
      "text": "而不会做跟叉 PU 这间先呃一下子就不断的换来换去。"
    },
    {
      "index": 247,
      "start": 740.38,
      "end": 743.62,
      "text": "然后因为这样子会产生很多这个传输开销等等。"
    },
    {
      "index": 248,
      "start": 743.72,
      "end": 745.96,
      "text": "然后关于 NUE 模型的话，"
    },
    {
      "index": 249,
      "start": 746.56,
      "end": 752.04,
      "text": "我们目前主要是想要在那个叉 PU 上来做这个注意力的计算。"
    },
    {
      "index": 250,
      "start": 752.36,
      "end": 757.085,
      "text": "然后在这个 CPU 上来做这个大量的专家的计算。"
    },
    {
      "index": 251,
      "start": 762.05,
      "end": 763.57,
      "text": "关于这个业务效果，"
    },
    {
      "index": 252,
      "start": 763.99,
      "end": 764.23,
      "text": "呃，"
    },
    {
      "index": 253,
      "start": 764.25,
      "end": 766.19,
      "text": "我们可以分为两个场景来看。"
    },
    {
      "index": 254,
      "start": 766.19,
      "end": 769.31,
      "text": "第一个是实时的在线的推理的场景。"
    },
    {
      "index": 255,
      "start": 769.57,
      "end": 770.55,
      "text": "在这种场景下，"
    },
    {
      "index": 256,
      "start": 770.85,
      "end": 771.09,
      "text": "呃，"
    },
    {
      "index": 257,
      "start": 771.11,
      "end": 772.77,
      "text": "我们的这个推理协同的方案，"
    },
    {
      "index": 258,
      "start": 773.15,
      "end": 775.33,
      "text": "它比原始的这个方案，"
    },
    {
      "index": 259,
      "start": 775.41,
      "end": 777.85,
      "text": "原始方案就是纯叉 PU 的方案。"
    },
    {
      "index": 260,
      "start": 778.05,
      "end": 781.28,
      "text": "那推理协动方案会比原始的方案呢，"
    },
    {
      "index": 261,
      "start": 781.3,
      "end": 786.6,
      "text": "它在三十二 b 模型上并发量会提升呃十二点五百分之二点点。"
    },
    {
      "index": 262,
      "start": 786.66,
      "end": 788.52,
      "text": "然后在那个七 b 模型上，"
    },
    {
      "index": 263,
      "start": 788.64,
      "end": 793.06,
      "text": "它它会提百百分之点八的这个呃并发量量。"
    },
    {
      "index": 264,
      "start": 793.06,
      "end": 797.48,
      "text": "然后在非实时离线批量推理的场景下，"
    },
    {
      "index": 265,
      "start": 797.5,
      "end": 797.62,
      "text": "呃，"
    },
    {
      "index": 266,
      "start": 797.62,
      "end": 806.06,
      "text": "我们的协推理行动方案呢会比原始的方案会提高百分之二十点一的这个总吞吐量。"
    },
    {
      "index": 267,
      "start": 806.1,
      "end": 810.565,
      "text": "在七 b 模型上呢会提高分之七点统一的这个总吞吐量。"
    },
    {
      "index": 268,
      "start": 812.94,
      "end": 815.9,
      "text": "关于我们下一步要做的工作呢，"
    },
    {
      "index": 269,
      "start": 816.12,
      "end": 819.7,
      "text": "我们主要是要重点放在这个 MOE 的这个模型上。"
    },
    {
      "index": 270,
      "start": 819.72,
      "end": 825.36,
      "text": "那呃会继续探索这个它在多机多卡的场景下的异构调度，"
    },
    {
      "index": 271,
      "start": 825.6,
      "end": 827.74,
      "text": "以及这个 AF 分离的优化。"
    },
    {
      "index": 272,
      "start": 827.76,
      "end": 828.28,
      "text": "f 分离，"
    },
    {
      "index": 273,
      "start": 828.28,
      "end": 831.58,
      "text": "也就是 attention 加这个专家的这个分离的优化。"
    },
    {
      "index": 274,
      "start": 831.96,
      "end": 837.38,
      "text": "然后还有就是专家的这个分布式调度的这个探索啊。"
    },
    {
      "index": 275,
      "start": 837.38,
      "end": 837.62,
      "text": "好，"
    },
    {
      "index": 276,
      "start": 837.68,
      "end": 838.22,
      "text": "谢谢大家。"
    },
    {
      "index": 277,
      "start": 838.22,
      "end": 839.415,
      "text": "我我演讲完毕。"
    },
    {
      "index": 278,
      "start": 843.61,
      "end": 843.85,
      "text": "好，"
    },
    {
      "index": 279,
      "start": 844.19,
      "end": 853.53,
      "text": "那个感谢李老师给我们带来的那个呃通算与那个自算这个协同推理的一个技术哈，"
    },
    {
      "index": 280,
      "start": 853.67,
      "end": 854.25,
      "text": "非常棒。"
    },
    {
      "index": 281,
      "start": 854.33,
      "end": 857.01,
      "text": "然后我刚才也看到了一个性能提升的效果，"
    },
    {
      "index": 282,
      "start": 857.01,
      "end": 860.57,
      "text": "其实也特别期待在后面的那个 AF 分离，"
    },
    {
      "index": 283,
      "start": 860.99,
      "end": 863.27,
      "text": "以及这个 x port 那个分布式调度。"
    },
    {
      "index": 284,
      "start": 863.27,
      "end": 867.87,
      "text": "这个最基于面向集群的一个能力的一个呃相相关的信息啊。"
    },
    {
      "index": 285,
      "start": 867.87,
      "end": 868.23,
      "text": "嗯好，"
    },
    {
      "index": 286,
      "start": 868.23,
      "end": 869.15,
      "text": "谢谢啊。"
    },
    {
      "index": 287,
      "start": 869.15,
      "end": 875.67,
      "text": "下面有请那个北京名师呃软件股份有限公司的研发经理周茂恒先生，"
    }
  ],
  "artifacts": [
    "output/ai_session/part_05/chunk_00/03_srt_slice/artifacts/chunk_baseline.srt"
  ],
  "metadata": {},
  "trace_id": null,
  "duration_ms": 0,
  "started_at": "2025-12-15T17:57:44.073995",
  "completed_at": "2025-12-15T09:57:44.194324",
  "step_config": {},
  "dependencies": [
    "downscale"
  ]
}