{
  "address": "ScienceEducationInnovation/part_02/chunk_00/08_crop_decision/slide_018",
  "status": "completed",
  "input": {
    "image_path": "output/ScienceEducationInnovation/part_02/chunk_00/07_capture_frame/slide_018/artifacts/slide_018.png",
    "slide_index": 18,
    "slide_title": "Fleche - 关键技术：自识别kernel融合方法 三阶段融合：初始化参数、自识别阶段、执行阶段"
  },
  "output": null,
  "artifacts": [
    "output/ScienceEducationInnovation/part_02/chunk_00/07_capture_frame/slide_018/artifacts/slide_018.png"
  ],
  "metadata": {
    "needs_crop": false,
    "reason": "MANUAL_NO_CROP",
    "manual_override": true
  },
  "trace_id": null,
  "duration_ms": 0,
  "started_at": "2025-12-18T16:37:52.032969",
  "completed_at": "2025-12-18T16:37:52.032969",
  "step_config": {
    "manual_override": true
  },
  "dependencies": [
    "capture_frame"
  ]
}