{
  "address": "ai_session/part_07/final/10_part_digest",
  "status": "completed",
  "input": {
    "part_index": 7,
    "part_start_s": 6647.81,
    "part_duration_s": 1097.29,
    "sections": [
      {
        "id": "sec_1",
        "index": 0,
        "title": "开场与主题介绍",
        "time_range": "00:00:00,000 - 00:00:32,365",
        "summary": "主持人邀请东方通产品经理李进静先生上台分享。讲者开场并介绍本次分享的主题：东方通公司近年鼎力制作的智能产品——中间件智能体。",
        "start_ms": 0,
        "end_ms": 32365,
        "material_ids": [
          "chunk_00/slide_001",
          "chunk_00/slide_002"
        ]
      },
      {
        "id": "sec_2",
        "index": 1,
        "title": "演讲目录",
        "time_range": "00:00:33,920 - 00:00:50,475",
        "summary": "讲者首先介绍了本次分享的整体结构。分享将分为三个部分：介绍公司整体状况，详细介绍中间件智能体，以及进行后续的场景展示。",
        "start_ms": 33920,
        "end_ms": 50475,
        "material_ids": [
          "chunk_00/slide_003"
        ]
      },
      {
        "id": "sec_3",
        "index": 2,
        "title": "东方通公司与中间件产品介绍",
        "time_range": "00:00:51,710 - 00:03:07,145",
        "summary": "东方通作为国内资深的中间件企业，拥有近30年的技术沉淀和广泛的客户基础。本节介绍了其全面的中间件产品体系，涵盖基础、业务、云平台等多个方向，并引出公司在智能化领域的最新成果——智能体平台与中间件智能体TongAgents。",
        "start_ms": 51710,
        "end_ms": 187145,
        "material_ids": [
          "chunk_00/slide_004",
          "chunk_00/slide_005"
        ]
      },
      {
        "id": "sec_4",
        "index": 3,
        "title": "传统中间件运维的挑战与痛点",
        "time_range": "00:03:11,360 - 00:06:13,830",
        "summary": "传统中间件因其高复杂度导致开发、部署及运维效率低下，易用性差。在资源规划、开发配置、部署测试及最终运维的整个生命周期中，用户普遍面临资源评估不准、配置困难、环境不一致、问题排查依赖专业人工等痛点。",
        "start_ms": 191360,
        "end_ms": 373830,
        "material_ids": [
          "chunk_00/slide_006",
          "chunk_00/slide_007"
        ]
      },
      {
        "id": "sec_5",
        "index": 4,
        "title": "中间件智能体：定义、架构、能力与价值",
        "time_range": "00:06:14,070 - 00:12:28,000",
        "summary": "本节详细介绍了中间件智能体的定义、架构、核心能力与价值。它被定义为中间件的AI协作者与自动驾驶仪，采用多智能体架构，旨在实现从规划、配置到测试的全生命周期智能化管理。其核心价值在于降本增效、通过故障自愈实现稳定易用，并作为领域专家为开发和运维人员智慧赋能。",
        "start_ms": 374070,
        "end_ms": 748000,
        "material_ids": [
          "chunk_00/slide_008",
          "chunk_00/slide_009",
          "chunk_00/slide_010",
          "chunk_00/slide_011"
        ]
      },
      {
        "id": "sec_6",
        "index": 5,
        "title": "中间件智能体应用场景与演示",
        "time_range": "00:12:30,000 - 00:16:26,500",
        "summary": "本节通过视频演示了中间件智能体的智能规划与智能配置场景。用户只需通过自然语言描述需求（如“高可用集群”），智能体便能自动推荐包含节点数、部署方式等信息的完整配置方案，并支持一键应用完成部署。",
        "start_ms": 750000,
        "end_ms": 986500,
        "material_ids": [
          "chunk_00/slide_012",
          "chunk_00/slide_013",
          "chunk_00/slide_014",
          "chunk_00/slide_015"
        ]
      },
      {
        "id": "sec_7",
        "index": 6,
        "title": "总结",
        "time_range": "00:16:28,000 - 00:18:17,290",
        "summary": "本节对中间件智能体进行总结，回顾了其定义、功能与核心价值。如演示所示，用户仅需描述“高可用集群”等需求，智能体便能自动推荐配置并完成应用，这体现了它在简化复杂运维、提升效率方面的巨大价值。",
        "start_ms": 988000,
        "end_ms": 1097290,
        "material_ids": [
          "chunk_00/slide_016",
          "chunk_00/slide_017"
        ]
      }
    ],
    "materials": [
      {
        "id": "chunk_00/slide_001",
        "type": "slide",
        "title": "AI分论坛 背景主视觉",
        "start_ms": 0,
        "end_ms": 5500,
        "best_capture_ms": null
      },
      {
        "id": "chunk_00/slide_002",
        "type": "slide",
        "title": "东方通中间件智能体 演讲主题页",
        "start_ms": 7000,
        "end_ms": 31500,
        "best_capture_ms": null
      },
      {
        "id": "chunk_00/slide_003",
        "type": "slide",
        "title": "目录 01.中间件产品介绍 02.中间件智能体介绍",
        "start_ms": 33000,
        "end_ms": 49500,
        "best_capture_ms": null
      },
      {
        "id": "chunk_00/slide_004",
        "type": "slide",
        "title": "东方通中间件业务发展历程 时间轴图表",
        "start_ms": 51000,
        "end_ms": 86500,
        "best_capture_ms": null
      },
      {
        "id": "chunk_00/slide_005",
        "type": "slide",
        "title": "东方通基础软件产品线 业务类与基础类架构图",
        "start_ms": 88000,
        "end_ms": 186500,
        "best_capture_ms": null
      },
      {
        "id": "chunk_00/slide_006",
        "type": "slide",
        "title": "目录 02.中间件智能体介绍",
        "start_ms": 187500,
        "end_ms": 189500,
        "best_capture_ms": null
      },
      {
        "id": "chunk_00/slide_007",
        "type": "slide",
        "title": "传统的中间件运维 痛点分析：开发复杂、运维被动等",
        "start_ms": 191000,
        "end_ms": 373500,
        "best_capture_ms": null
      },
      {
        "id": "chunk_00/slide_008",
        "type": "slide",
        "title": "中间件智能体简介 定义与核心概念",
        "start_ms": 375000,
        "end_ms": 454500,
        "best_capture_ms": null
      },
      {
        "id": "chunk_00/slide_009",
        "type": "slide",
        "title": "中间件智能体系统架构 服务层、能力中心、模型层",
        "start_ms": 456000,
        "end_ms": 527500,
        "best_capture_ms": null
      },
      {
        "id": "chunk_00/slide_010",
        "type": "slide",
        "title": "中间件智能体核心能力 智能规划、智能配置、智能检测等",
        "start_ms": 529000,
        "end_ms": 671500,
        "best_capture_ms": null
      },
      {
        "id": "chunk_00/slide_011",
        "type": "slide",
        "title": "中间件智能体核心价值 降本增效、稳定运行、智慧赋能",
        "start_ms": 673000,
        "end_ms": 761500,
        "best_capture_ms": null
      },
      {
        "id": "chunk_00/slide_012",
        "type": "slide",
        "title": "东方通中间件智能体发展优势 数据积累、专业、产品生态、安全",
        "start_ms": 763000,
        "end_ms": 826500,
        "best_capture_ms": null
      },
      {
        "id": "chunk_00/slide_013",
        "type": "slide",
        "title": "中间件智能体应用场景 - 智能调优 智能监控与智能配置循环",
        "start_ms": 828000,
        "end_ms": 904500,
        "best_capture_ms": null
      },
      {
        "id": "chunk_00/slide_014",
        "type": "slide",
        "title": "中间件智能体应用场景 - 智能编码 代码生成与测试",
        "start_ms": 906000,
        "end_ms": 957500,
        "best_capture_ms": null
      },
      {
        "id": "chunk_00/slide_015",
        "type": "slide",
        "title": "中间件智能体应用场景 新业务快速上线、新系统开发等四宫格",
        "start_ms": 959000,
        "end_ms": 986500,
        "best_capture_ms": null
      },
      {
        "id": "chunk_00/slide_016",
        "type": "slide",
        "title": "总结 它是谁？能做什么？价值几何？",
        "start_ms": 988000,
        "end_ms": 1035500,
        "best_capture_ms": null
      },
      {
        "id": "chunk_00/slide_017",
        "type": "slide",
        "title": "AI分论坛 结束背景页",
        "start_ms": 1037000,
        "end_ms": 1097000,
        "best_capture_ms": null
      }
    ],
    "graph": {
      "nodes": [
        {
          "id": "p1",
          "label": "传统中间件的困境",
          "category": "Pillar",
          "references": {
            "section_ids": [
              "sec_3",
              "sec_4"
            ],
            "material_ids": [
              "chunk_00/slide_004",
              "chunk_00/slide_005",
              "chunk_00/slide_006",
              "chunk_00/slide_007"
            ],
            "highlight": {
              "primary_material_id": "chunk_00/slide_007",
              "primary_time_ts": "00:03:11,000",
              "primary_time_ms": 191000
            }
          },
          "parent": null,
          "summary": "传统中间件因其高复杂度，在资源规划、开发配置、部署测试及运维的全生命周期中面临评估不准、配置困难、环境不一致、问题排查依赖专家等诸多痛点，导致效率低下、易用性差。"
        },
        {
          "id": "d1_1",
          "label": "东方通与产品体系",
          "category": "Concept",
          "references": {
            "section_ids": [
              "sec_3"
            ],
            "material_ids": [
              "chunk_00/slide_004",
              "chunk_00/slide_005"
            ],
            "highlight": {
              "primary_material_id": "chunk_00/slide_005",
              "primary_time_ts": "00:01:28,000",
              "primary_time_ms": 88000
            }
          },
          "parent": "p1",
          "summary": "东方通作为国内资深的中间件企业，拥有全面的产品体系，包括基础中间件（TongWeb、消息队列）、业务中间件和云平台产品，为后续智能化转型奠定基础。"
        },
        {
          "id": "d1_2",
          "label": "痛点一：资源规划不准",
          "category": "Problem",
          "references": {
            "section_ids": [
              "sec_4"
            ],
            "material_ids": [
              "chunk_00/slide_007"
            ],
            "highlight": {
              "primary_material_id": "chunk_00/slide_007",
              "primary_time_ts": "00:03:11,360",
              "primary_time_ms": 191360
            }
          },
          "parent": "p1",
          "summary": "在项目初期，资源评估多依赖主观经验，缺乏科学依据，易导致资源浪费或性能瓶颈。"
        },
        {
          "id": "d1_3",
          "label": "痛点二：开发配置困难",
          "category": "Problem",
          "references": {
            "section_ids": [
              "sec_4"
            ],
            "material_ids": [
              "chunk_00/slide_007"
            ],
            "highlight": {
              "primary_material_id": "chunk_00/slide_007",
              "primary_time_ts": "00:04:25,000",
              "primary_time_ms": 265000
            }
          },
          "parent": "p1",
          "summary": "中间件配置专业性强，且开发、测试、生产环境不一致，导致开发效率低，上线风险高。"
        },
        {
          "id": "d1_4",
          "label": "痛点三：部署测试复杂",
          "category": "Problem",
          "references": {
            "section_ids": [
              "sec_4"
            ],
            "material_ids": [
              "chunk_00/slide_007"
            ],
            "highlight": {
              "primary_material_id": "chunk_00/slide_007",
              "primary_time_ts": "00:05:05,000",
              "primary_time_ms": 305000
            }
          },
          "parent": "p1",
          "summary": "复杂的配置项使得部署过程繁琐易错，同时用户缺乏清晰的测试标准和方法，影响测试效果。"
        },
        {
          "id": "d1_5",
          "label": "痛点四：运维依赖专家",
          "category": "Problem",
          "references": {
            "section_ids": [
              "sec_4"
            ],
            "material_ids": [
              "chunk_00/slide_007"
            ],
            "highlight": {
              "primary_material_id": "chunk_00/slide_007",
              "primary_time_ts": "00:05:40,000",
              "primary_time_ms": 340000
            }
          },
          "parent": "p1",
          "summary": "系统问题排查需要深厚的专业知识，高度依赖资深专家介入，导致故障恢复时间长。"
        },
        {
          "id": "p2",
          "label": "中间件智能体：新一代解决方案",
          "category": "Pillar",
          "references": {
            "section_ids": [
              "sec_5",
              "sec_6",
              "sec_7"
            ],
            "material_ids": [
              "chunk_00/slide_008",
              "chunk_00/slide_009",
              "chunk_00/slide_010",
              "chunk_00/slide_011",
              "chunk_00/slide_012",
              "chunk_00/slide_013",
              "chunk_00/slide_014",
              "chunk_00/slide_015",
              "chunk_00/slide_016",
              "chunk_00/slide_017"
            ],
            "highlight": {
              "primary_material_id": "chunk_00/slide_008",
              "primary_time_ts": "00:06:15,000",
              "primary_time_ms": 375000
            }
          },
          "parent": null,
          "summary": "为解决传统中间件的痛点，东方通推出中间件智能体。它被定义为AI协作者与自动驾驶仪，采用多智能体架构，具备智能规划、配置、测试等全生命周期能力，旨在实现降本增效、稳定易用和智慧赋能。"
        },
        {
          "id": "d2_1",
          "label": "定义：AI协作者与自动驾驶仪",
          "category": "Concept",
          "references": {
            "section_ids": [
              "sec_5"
            ],
            "material_ids": [
              "chunk_00/slide_008"
            ],
            "highlight": {
              "primary_material_id": "chunk_00/slide_008",
              "primary_time_ts": "00:06:15,000",
              "primary_time_ms": 375000
            }
          },
          "parent": "p2",
          "summary": "中间件智能体是中间件的AI协作者和自动驾驶仪，集成AI运维与自动化技术，旨在实现全生命周期的智能化管理，推动中间件从“手动”走向“自动”。"
        },
        {
          "id": "d2_2",
          "label": "多智能体架构",
          "category": "Technology",
          "references": {
            "section_ids": [
              "sec_5"
            ],
            "material_ids": [
              "chunk_00/slide_009"
            ],
            "highlight": {
              "primary_material_id": "chunk_00/slide_009",
              "primary_time_ts": "00:07:36,000",
              "primary_time_ms": 456000
            }
          },
          "parent": "p2",
          "summary": "采用多智能体体系结构，由智能体服务（协调层）、能力中心（执行层）和模型层（AI基础）三部分构成，实现任务解析与能力调度。"
        },
        {
          "id": "d2_3",
          "label": "核心能力：全生命周期智能化",
          "category": "Technology",
          "references": {
            "section_ids": [
              "sec_5"
            ],
            "material_ids": [
              "chunk_00/slide_010"
            ],
            "highlight": {
              "primary_material_id": "chunk_00/slide_010",
              "primary_time_ts": "00:08:49,000",
              "primary_time_ms": 529000
            }
          },
          "parent": "p2",
          "summary": "具备覆盖中间件全生命周期的智能化能力，包括基于领域知识的智能规划、自动化的智能配置，以及能自动生成测试用例的智能测试。"
        },
        {
          "id": "d2_4",
          "label": "核心价值",
          "category": "Result",
          "references": {
            "section_ids": [
              "sec_5"
            ],
            "material_ids": [
              "chunk_00/slide_011"
            ],
            "highlight": {
              "primary_material_id": "chunk_00/slide_011",
              "primary_time_ts": "00:11:13,000",
              "primary_time_ms": 673000
            }
          },
          "parent": "p2",
          "summary": "核心价值体现在三方面：通过自动化实现降本增效；通过故障自愈保障稳定易用；作为领域专家为开发运维人员智慧赋能。"
        },
        {
          "id": "d2_5",
          "label": "应用场景演示",
          "category": "Concept",
          "references": {
            "section_ids": [
              "sec_6",
              "sec_7"
            ],
            "material_ids": [
              "chunk_00/slide_012",
              "chunk_00/slide_013",
              "chunk_00/slide_014",
              "chunk_00/slide_015",
              "chunk_00/slide_016"
            ],
            "highlight": {
              "primary_material_id": "chunk_00/slide_012",
              "primary_time_ts": "00:12:43,000",
              "primary_time_ms": 763000
            }
          },
          "parent": "p2",
          "summary": "通过视频演示了智能规划与配置场景。用户仅需通过自然语言描述“高可用集群”等需求，智能体即可自动推荐方案并一键完成部署。"
        }
      ],
      "edges": [
        {
          "source": "p1",
          "target": "p2",
          "relation_type": "causal",
          "label": "催生解决方案"
        },
        {
          "source": "d1_1",
          "target": "d1_2",
          "relation_type": "sequential",
          "label": "引出问题"
        },
        {
          "source": "d1_2",
          "target": "d1_3",
          "relation_type": "parallel",
          "label": "并列痛点"
        },
        {
          "source": "d1_3",
          "target": "d1_4",
          "relation_type": "parallel",
          "label": "并列痛点"
        },
        {
          "source": "d1_4",
          "target": "d1_5",
          "relation_type": "parallel",
          "label": "并列痛点"
        },
        {
          "source": "d2_1",
          "target": "d2_2",
          "relation_type": "sequential",
          "label": "阐述架构"
        },
        {
          "source": "d2_2",
          "target": "d2_3",
          "relation_type": "sequential",
          "label": "支撑能力"
        },
        {
          "source": "d2_3",
          "target": "d2_4",
          "relation_type": "causal",
          "label": "实现价值"
        },
        {
          "source": "d2_4",
          "target": "d2_5",
          "relation_type": "sequential",
          "label": "通过场景演示"
        }
      ]
    }
  },
  "output": {
    "part_index": 7,
    "title": "东方通中间件智能体：AI驱动的全生命周期自动化运维",
    "type_tag": "智能运维产品发布",
    "tech_tags": [
      "中间件",
      "智能体",
      "多智能体架构",
      "AIOps",
      "智能规划",
      "智能配置",
      "故障自愈",
      "TongAgents",
      "自动化运维"
    ],
    "domain_tags": [
      "基础软件",
      "智能运维",
      "云计算"
    ],
    "summary": "东方通产品经理李进静介绍了公司最新产品——中间件智能体（TongAgents）。针对传统中间件运维中资源规划难、配置复杂、依赖专家等痛点，该产品采用多智能体架构，定位为中间件的AI协作者与自动驾驶仪。它具备智能规划、智能配置及智能测试等全生命周期能力，支持通过自然语言交互实现高可用集群的一键部署，旨在降低运维门槛、提升效率并实现故障自愈。",
    "highlights": [
      "东方通推出中间件智能体TongAgents，定位为AI协作者与自动驾驶仪",
      "解决传统中间件资源评估不准、配置困难及运维依赖专家等痛点",
      "采用多智能体架构，包含服务层、能力中心与模型层",
      "具备智能规划、智能配置、智能检测等全生命周期管理能力",
      "支持自然语言交互，演示了“高可用集群”的自动推荐与一键部署",
      "核心价值在于降本增效、保障系统稳定及赋能开发运维人员"
    ]
  },
  "artifacts": [
    "output/ai_session/part_07/final/10_part_digest/artifacts/part_digest.json"
  ],
  "metadata": {
    "part_index": 7,
    "title": "东方通中间件智能体：AI驱动的全生命周期自动化运维",
    "type_tag": "智能运维产品发布",
    "tech_tags": 9,
    "domain_tags": 3
  },
  "trace_id": "668ab000-2dd2-48e9-952d-c17b40c3f6e1",
  "duration_ms": 20052,
  "started_at": "2025-12-16T12:51:23.841529",
  "completed_at": "2025-12-16T04:51:43.899818",
  "step_config": {
    "model": "gemini-3-pro-preview",
    "temperature": 0.2,
    "prompt_file": "/Users/lichuan/Codes/TalkDistill/config/prompts/part_digest.md",
    "schema_file": "/Users/lichuan/Codes/TalkDistill/config/schemas/part_digest.json"
  },
  "dependencies": [
    "graph_gen"
  ]
}