{
  "address": "ScienceEducationInnovation/part_02/chunk_00/08_crop_decision/slide_037",
  "status": "completed",
  "input": {
    "image_path": "output/ScienceEducationInnovation/part_02/chunk_00/07_capture_frame/slide_037/artifacts/slide_037.png",
    "slide_index": 37,
    "slide_title": "MaxEmbed - 实验结果 单次页面包含有效参数数量分布及端到端吞吐率提升"
  },
  "output": null,
  "artifacts": [
    "output/ScienceEducationInnovation/part_02/chunk_00/07_capture_frame/slide_037/artifacts/slide_037.png"
  ],
  "metadata": {
    "needs_crop": false,
    "reason": "MANUAL_NO_CROP",
    "manual_override": true
  },
  "trace_id": null,
  "duration_ms": 0,
  "started_at": "2025-12-18T16:37:52.032969",
  "completed_at": "2025-12-18T16:37:52.032969",
  "step_config": {
    "manual_override": true
  },
  "dependencies": [
    "capture_frame"
  ]
}