{
  "address": "ScienceEducationInnovation/part_03/chunk_00/07_capture_frame/slide_026",
  "status": "completed",
  "input": {
    "video": "output/ScienceEducationInnovation/part_03/chunk_00/01_cut_chunk/artifacts/chunk_high.mp4",
    "timestamp": "00:16:50.880",
    "frame_id": "slide_026",
    "output_ext": ".png"
  },
  "output": "output/ScienceEducationInnovation/part_03/chunk_00/07_capture_frame/slide_026/artifacts/slide_026.png",
  "artifacts": [
    "output/ScienceEducationInnovation/part_03/chunk_00/07_capture_frame/slide_026/artifacts/slide_026.png"
  ],
  "metadata": {
    "timestamp": "00:16:50.880",
    "frame_id": "slide_026",
    "ffmpeg": "/opt/homebrew/bin/ffmpeg"
  },
  "trace_id": null,
  "duration_ms": 2080,
  "started_at": "2025-12-19T01:07:58.337996",
  "completed_at": "2025-12-18T17:08:00.420043",
  "step_config": {},
  "dependencies": [
    "slide_timeline"
  ]
}