{
  "address": "day2_main/part_05/chunk_00/09_apply_crop/slide_011",
  "status": "completed",
  "input": {
    "image_path": "output/day2_main/part_05/chunk_00/07_capture_frame/slide_011/artifacts/slide_011.png",
    "crop_region": {
      "x": 639,
      "y": 135,
      "width": 1280,
      "height": 810
    }
  },
  "output": "output/day2_main/part_05/chunk_00/09_apply_crop/slide_011/artifacts/slide_011.png",
  "artifacts": [
    "output/day2_main/part_05/chunk_00/09_apply_crop/slide_011/artifacts/slide_011.png"
  ],
  "metadata": {
    "source": "output/day2_main/part_05/chunk_00/07_capture_frame/slide_011/artifacts/slide_011.png",
    "applied": true,
    "crop_region": {
      "x": 639,
      "y": 135,
      "width": 1280,
      "height": 810
    },
    "size": {
      "width": 1280,
      "height": 810
    }
  },
  "trace_id": null,
  "duration_ms": 96,
  "started_at": "2025-12-17T21:35:09.864474",
  "completed_at": "2025-12-17T13:35:09.963634",
  "step_config": {},
  "dependencies": [
    "capture_frame",
    "crop_decision"
  ]
}