{
  "address": "ScienceEducationInnovation/part_04/chunk_00/08_crop_decision/slide_021",
  "status": "completed",
  "input": {
    "image_path": "output/ScienceEducationInnovation/part_04/chunk_00/07_capture_frame/slide_021/artifacts/slide_021.png",
    "slide_index": 21,
    "slide_title": "工作 1：AI Infra 异常检测与根因分析（问题） 分析训练过程中的慢节点（Straggler）识别与根因分析难点。"
  },
  "output": null,
  "artifacts": [
    "output/ScienceEducationInnovation/part_04/chunk_00/07_capture_frame/slide_021/artifacts/slide_021.png"
  ],
  "metadata": {
    "needs_crop": false,
    "reason": "MANUAL_NO_CROP",
    "manual_override": true
  },
  "trace_id": null,
  "duration_ms": 0,
  "started_at": "2025-12-21T23:27:05.889377",
  "completed_at": "2025-12-21T15:27:05.911759",
  "step_config": {
    "model": "gemini-3-flash-preview",
    "temperature": 0.1,
    "prompt_file": "/Users/lichuan/Codes/TalkDistill/config/prompts/crop_decision.md",
    "schema_file": "/Users/lichuan/Codes/TalkDistill/config/schemas/crop_decision.json"
  },
  "dependencies": [
    "capture_frame"
  ]
}