{
  "address": "ScienceEducationInnovation/part_03/chunk_00/07_capture_frame/slide_029",
  "status": "completed",
  "input": {
    "video": "output/ScienceEducationInnovation/part_03/chunk_00/01_cut_chunk/artifacts/chunk_high.mp4",
    "timestamp": "00:18:25.280",
    "frame_id": "slide_029",
    "output_ext": ".png"
  },
  "output": "output/ScienceEducationInnovation/part_03/chunk_00/07_capture_frame/slide_029/artifacts/slide_029.png",
  "artifacts": [
    "output/ScienceEducationInnovation/part_03/chunk_00/07_capture_frame/slide_029/artifacts/slide_029.png"
  ],
  "metadata": {
    "timestamp": "00:18:25.280",
    "frame_id": "slide_029",
    "ffmpeg": "/opt/homebrew/bin/ffmpeg"
  },
  "trace_id": null,
  "duration_ms": 2292,
  "started_at": "2025-12-19T01:07:58.339079",
  "completed_at": "2025-12-18T17:08:00.635218",
  "step_config": {},
  "dependencies": [
    "slide_timeline"
  ]
}