{
  "address": "ScienceEducationInnovation/part_03/chunk_00/07_capture_frame/slide_014",
  "status": "completed",
  "input": {
    "video": "output/ScienceEducationInnovation/part_03/chunk_00/01_cut_chunk/artifacts/chunk_high.mp4",
    "timestamp": "00:10:35.980",
    "frame_id": "slide_014",
    "output_ext": ".png"
  },
  "output": "output/ScienceEducationInnovation/part_03/chunk_00/07_capture_frame/slide_014/artifacts/slide_014.png",
  "artifacts": [
    "output/ScienceEducationInnovation/part_03/chunk_00/07_capture_frame/slide_014/artifacts/slide_014.png"
  ],
  "metadata": {
    "timestamp": "00:10:35.980",
    "frame_id": "slide_014",
    "ffmpeg": "/opt/homebrew/bin/ffmpeg"
  },
  "trace_id": null,
  "duration_ms": 1221,
  "started_at": "2025-12-19T01:07:58.332712",
  "completed_at": "2025-12-18T17:07:59.555894",
  "step_config": {},
  "dependencies": [
    "slide_timeline"
  ]
}