{
  "address": "ai_session/part_03/chunk_00/09_apply_crop/slide_017",
  "status": "completed",
  "input": {
    "image_path": "output/ai_session/part_03/chunk_00/07_capture_frame/slide_017/artifacts/slide_017.png",
    "crop_region": {
      "x": 577,
      "y": 185,
      "width": 1342,
      "height": 894
    }
  },
  "output": "output/ai_session/part_03/chunk_00/09_apply_crop/slide_017/artifacts/slide_017.png",
  "artifacts": [
    "output/ai_session/part_03/chunk_00/09_apply_crop/slide_017/artifacts/slide_017.png"
  ],
  "metadata": {
    "source": "output/ai_session/part_03/chunk_00/07_capture_frame/slide_017/artifacts/slide_017.png",
    "applied": true,
    "crop_region": {
      "x": 577,
      "y": 185,
      "width": 1342,
      "height": 894
    },
    "size": {
      "width": 1342,
      "height": 894
    }
  },
  "trace_id": null,
  "duration_ms": 450,
  "started_at": "2025-12-15T23:21:59.368995",
  "completed_at": "2025-12-15T15:21:59.821450",
  "step_config": {},
  "dependencies": [
    "capture_frame",
    "crop_decision"
  ]
}