{
  "address": "ai_session/part_04/chunk_00/09_apply_crop/slide_004",
  "status": "completed",
  "input": {
    "image_path": "output/ai_session/part_04/chunk_00/07_capture_frame/slide_004/artifacts/slide_004.png",
    "crop_region": {
      "x": 418,
      "y": 129,
      "width": 861,
      "height": 590
    }
  },
  "output": "output/ai_session/part_04/chunk_00/09_apply_crop/slide_004/artifacts/slide_004.png",
  "artifacts": [
    "output/ai_session/part_04/chunk_00/09_apply_crop/slide_004/artifacts/slide_004.png"
  ],
  "metadata": {
    "source": "output/ai_session/part_04/chunk_00/07_capture_frame/slide_004/artifacts/slide_004.png",
    "applied": true,
    "crop_region": {
      "x": 418,
      "y": 129,
      "width": 861,
      "height": 590
    },
    "size": {
      "width": 861,
      "height": 590
    }
  },
  "trace_id": null,
  "duration_ms": 216,
  "started_at": "2025-12-15T17:52:40.833716",
  "completed_at": "2025-12-15T09:52:41.051552",
  "step_config": {},
  "dependencies": [
    "capture_frame",
    "crop_decision"
  ]
}