{
  "address": "ai_session/part_02/chunk_00/07_capture_frame/slide_018",
  "status": "completed",
  "input": {
    "video": "output/ai_session/part_02/chunk_00/01_cut_chunk/artifacts/chunk_high.mp4",
    "timestamp": "00:16:02.600",
    "frame_id": "slide_018",
    "output_ext": ".png"
  },
  "output": "output/ai_session/part_02/chunk_00/07_capture_frame/slide_018/artifacts/slide_018.png",
  "artifacts": [
    "output/ai_session/part_02/chunk_00/07_capture_frame/slide_018/artifacts/slide_018.png"
  ],
  "metadata": {
    "timestamp": "00:16:02.600",
    "frame_id": "slide_018",
    "ffmpeg": "/opt/homebrew/bin/ffmpeg"
  },
  "trace_id": null,
  "duration_ms": 3861,
  "started_at": "2025-12-15T23:00:01.447069",
  "completed_at": "2025-12-15T15:00:05.310068",
  "step_config": {},
  "dependencies": [
    "slide_timeline"
  ]
}