{
  "address": "ai_session/part_01/chunk_00/09_apply_crop/slide_006",
  "status": "completed",
  "input": {
    "image_path": "output/ai_session/part_01/chunk_00/07_capture_frame/slide_006/artifacts/slide_006.png",
    "crop_region": {
      "x": 673,
      "y": 194,
      "width": 1246,
      "height": 885
    }
  },
  "output": "output/ai_session/part_01/chunk_00/09_apply_crop/slide_006/artifacts/slide_006.png",
  "artifacts": [
    "output/ai_session/part_01/chunk_00/09_apply_crop/slide_006/artifacts/slide_006.png"
  ],
  "metadata": {
    "source": "output/ai_session/part_01/chunk_00/07_capture_frame/slide_006/artifacts/slide_006.png",
    "applied": true,
    "crop_region": {
      "x": 673,
      "y": 194,
      "width": 1246,
      "height": 885
    },
    "size": {
      "width": 1246,
      "height": 885
    }
  },
  "trace_id": null,
  "duration_ms": 144,
  "started_at": "2025-12-15T22:21:11.737113",
  "completed_at": "2025-12-15T14:21:11.907267",
  "step_config": {},
  "dependencies": [
    "capture_frame",
    "crop_decision"
  ]
}