{
  "address": "ai_session/part_01/chunk_00/09_apply_crop/slide_005",
  "status": "completed",
  "input": {
    "image_path": "output/ai_session/part_01/chunk_00/07_capture_frame/slide_005/artifacts/slide_005.png",
    "crop_region": {
      "x": 677,
      "y": 183,
      "width": 1242,
      "height": 896
    }
  },
  "output": "output/ai_session/part_01/chunk_00/09_apply_crop/slide_005/artifacts/slide_005.png",
  "artifacts": [
    "output/ai_session/part_01/chunk_00/09_apply_crop/slide_005/artifacts/slide_005.png"
  ],
  "metadata": {
    "source": "output/ai_session/part_01/chunk_00/07_capture_frame/slide_005/artifacts/slide_005.png",
    "applied": true,
    "crop_region": {
      "x": 677,
      "y": 183,
      "width": 1242,
      "height": 896
    },
    "size": {
      "width": 1242,
      "height": 896
    }
  },
  "trace_id": null,
  "duration_ms": 221,
  "started_at": "2025-12-15T22:21:11.736395",
  "completed_at": "2025-12-15T14:21:11.958739",
  "step_config": {},
  "dependencies": [
    "capture_frame",
    "crop_decision"
  ]
}