{
  "sections": [
    {
      "id": "sec_001",
      "title": "开场与介绍",
      "material_ids": [
        "chunk_00/slide_001",
        "chunk_00/slide_002"
      ],
      "start_ms": 500,
      "end_ms": 26500,
      "summary_hint": "主持人开场，讲者钟茂恒进行自我介绍，并引出本次分享的主题：在AIOps领域的一些思考和实践。",
      "text_span": {
        "start": 0,
        "end": 4
      },
      "lead_text": "下面有请北京凝思软件股份有限公司的研发经理钟茂恒先生，",
      "tail_text": "今天非常荣幸能在这里，跟大家分享一下我们在AIOps领域的一些思考和实践。"
    },
    {
      "id": "sec_002",
      "title": "当前运维面临的挑战",
      "material_ids": [
        "chunk_00/slide_003",
        "chunk_00/slide_004"
      ],
      "start_ms": 28500,
      "end_ms": 127500,
      "summary_hint": "讲者分析了在混合云和微服务架构下，当前运维工作面临的复杂性剧增、故障定位困难、安全风险高等核心挑战。",
      "text_span": {
        "start": 5,
        "end": 14
      },
      "lead_text": "我们作为一个操作系统厂商，现在对系统架构的变化也是感知非常深切。",
      "tail_text": "正是基于这些深刻的痛点，催生了我们对自动化运维解决方案的需求。"
    },
    {
      "id": "sec_003",
      "title": "解决方案总览",
      "material_ids": [
        "chunk_00/slide_005"
      ],
      "start_ms": 129500,
      "end_ms": 154500,
      "summary_hint": "概览性地介绍凝思软件的智能运维平台解决方案，该方案基于openEuler intelligence，旨在实现全面监控、主动预警、智能分析和故障自愈。",
      "text_span": {
        "start": 15,
        "end": 17
      },
      "lead_text": "凝思软件的智能运维平台，是基于openEuler intelligence的",
      "tail_text": "接下来我详细介绍一下。"
    },
    {
      "id": "sec_004",
      "title": "平台技术架构",
      "material_ids": [
        "chunk_00/slide_006",
        "chunk_00/slide_007"
      ],
      "start_ms": 156500,
      "end_ms": 327500,
      "summary_hint": "详细介绍平台的系统框架和网络架构，强调其全面的数据采集能力、高可用的网络设计，以及对主流大模型的支持。",
      "text_span": {
        "start": 18,
        "end": 34
      },
      "lead_text": "这是我们平台的一个框架图。",
      "tail_text": "我们平台现在已支持接入国网的光明大模型、南网的大问头模型，以及市面上常见的千问、DeepSeek等主流模型。"
    },
    {
      "id": "sec_005",
      "title": "核心能力：双模型协同与产品演示",
      "material_ids": [
        "chunk_00/slide_008",
        "chunk_00/slide_009",
        "chunk_00/slide_010",
        "chunk_00/slide_011"
      ],
      "start_ms": 329500,
      "end_ms": 576500,
      "summary_hint": "阐述平台采用的大小模型协同设计，并以“根因分析智能体”为例进行说明。同时，通过产品界面预览，展示了机器Top视图、详细指标监控和根因分析报告等功能。",
      "text_span": {
        "start": 35,
        "end": 57
      },
      "lead_text": "我们整个平台也采用了一种新的设计，即双模型协同。",
      "tail_text": "右下角是根因分析智能体。它能在告警产生后进行根因分析，生成故障报告和解决方案。"
    },
    {
      "id": "sec_006",
      "title": "未来展望",
      "material_ids": [
        "chunk_00/slide_012"
      ],
      "start_ms": 578500,
      "end_ms": 663500,
      "summary_hint": "规划产品的未来方向，目标是形成一个从故障预测、智能调优到深度分析和故障自愈的完整、自治的智能运维闭环。",
      "text_span": {
        "start": 58,
        "end": 65
      },
      "lead_text": "关于我们产品的未来规划，在现有基础上，我们希望最终达到什么样的效果呢？",
      "tail_text": "形成持续的反馈。知识库反过来也会优化我们的AI模型，让整个系统越用越智能。"
    },
    {
      "id": "sec_007",
      "title": "应用场景",
      "material_ids": [
        "chunk_00/slide_013"
      ],
      "start_ms": 665500,
      "end_ms": 684500,
      "summary_hint": "展示产品目前已在能源、金融、交通、电信等领域的实践应用。",
      "text_span": {
        "start": 66,
        "end": 67
      },
      "lead_text": "目前，我们的智能运维产品已在能源、金融、交通、电信等领域有了实践。",
      "tail_text": "我们也期待能与更多行业合作伙伴，共同探索智能运维的无限可能。"
    },
    {
      "id": "sec_008",
      "title": "总结与致谢",
      "material_ids": [
        "chunk_00/slide_014",
        "chunk_00/slide_015"
      ],
      "start_ms": 686000,
      "end_ms": 721000,
      "summary_hint": "讲者结束分享并致谢，主持人对演讲内容进行总结，强调了平台带来的运维新体验。",
      "text_span": {
        "start": 68,
        "end": 71
      },
      "lead_text": "谢谢大家，我的分享完毕。",
      "tail_text": "给我们带来了一个感知、决策到优化的运维自治体系新体验。这可以看到AI带来的显性价值，非常感谢。"
    }
  ]
}