{
  "address": "ai_session/part_04/chunk_00/07_capture_frame/slide_010",
  "status": "completed",
  "input": {
    "video": "output/ai_session/part_04/chunk_00/02_downscale/artifacts/chunk_low.mp4",
    "timestamp": "00:06:50.200",
    "frame_id": "slide_010",
    "output_ext": ".png"
  },
  "output": "output/ai_session/part_04/chunk_00/07_capture_frame/slide_010/artifacts/slide_010.png",
  "artifacts": [
    "output/ai_session/part_04/chunk_00/07_capture_frame/slide_010/artifacts/slide_010.png"
  ],
  "metadata": {
    "timestamp": "00:06:50.200",
    "frame_id": "slide_010",
    "ffmpeg": "/opt/homebrew/bin/ffmpeg"
  },
  "trace_id": null,
  "duration_ms": 1845,
  "started_at": "2025-12-15T17:51:31.603784",
  "completed_at": "2025-12-15T09:51:33.449914",
  "step_config": {},
  "dependencies": [
    "slide_timeline"
  ]
}