{
  "address": "ScienceEducationInnovation/part_03/chunk_00/07_capture_frame/slide_017",
  "status": "completed",
  "input": {
    "video": "output/ScienceEducationInnovation/part_03/chunk_00/01_cut_chunk/artifacts/chunk_high.mp4",
    "timestamp": "00:12:09.880",
    "frame_id": "slide_017",
    "output_ext": ".png"
  },
  "output": "output/ScienceEducationInnovation/part_03/chunk_00/07_capture_frame/slide_017/artifacts/slide_017.png",
  "artifacts": [
    "output/ScienceEducationInnovation/part_03/chunk_00/07_capture_frame/slide_017/artifacts/slide_017.png"
  ],
  "metadata": {
    "timestamp": "00:12:09.880",
    "frame_id": "slide_017",
    "ffmpeg": "/opt/homebrew/bin/ffmpeg"
  },
  "trace_id": null,
  "duration_ms": 1449,
  "started_at": "2025-12-19T01:07:58.333864",
  "completed_at": "2025-12-18T17:07:59.783583",
  "step_config": {},
  "dependencies": [
    "slide_timeline"
  ]
}