{
  "address": "ScienceEducationInnovation/part_04/chunk_00/07_capture_frame/slide_024",
  "status": "completed",
  "input": {
    "video": "output/ScienceEducationInnovation/part_04/chunk_00/01_cut_chunk/artifacts/chunk_high.mp4",
    "timestamp": "00:18:56.900",
    "frame_id": "slide_024",
    "output_ext": ".png"
  },
  "output": "output/ScienceEducationInnovation/part_04/chunk_00/07_capture_frame/slide_024/artifacts/slide_024.png",
  "artifacts": [
    "output/ScienceEducationInnovation/part_04/chunk_00/07_capture_frame/slide_024/artifacts/slide_024.png"
  ],
  "metadata": {
    "timestamp": "00:18:56.900",
    "frame_id": "slide_024",
    "ffmpeg": "/opt/homebrew/bin/ffmpeg"
  },
  "trace_id": null,
  "duration_ms": 2545,
  "started_at": "2025-12-21T23:17:27.056698",
  "completed_at": "2025-12-21T15:17:29.603605",
  "step_config": {},
  "dependencies": [
    "slide_timeline"
  ]
}