{
  "address": "ai_session/part_11/chunk_00/09_apply_crop/slide_011",
  "status": "completed",
  "input": {
    "image_path": "output/ai_session/part_11/chunk_00/07_capture_frame/slide_011/artifacts/slide_011.png",
    "crop_region": {
      "x": 577,
      "y": 169,
      "width": 1305,
      "height": 824
    }
  },
  "output": "output/ai_session/part_11/chunk_00/09_apply_crop/slide_011/artifacts/slide_011.png",
  "artifacts": [
    "output/ai_session/part_11/chunk_00/09_apply_crop/slide_011/artifacts/slide_011.png"
  ],
  "metadata": {
    "source": "output/ai_session/part_11/chunk_00/07_capture_frame/slide_011/artifacts/slide_011.png",
    "applied": true,
    "crop_region": {
      "x": 577,
      "y": 169,
      "width": 1305,
      "height": 824
    },
    "size": {
      "width": 1305,
      "height": 824
    }
  },
  "trace_id": null,
  "duration_ms": 105,
  "started_at": "2025-12-16T01:36:02.932897",
  "completed_at": "2025-12-15T17:36:03.040375",
  "step_config": {},
  "dependencies": [
    "capture_frame",
    "crop_decision"
  ]
}