{
  "address": "ScienceEducationInnovation/part_02/chunk_00/08_crop_decision/slide_013",
  "status": "completed",
  "input": {
    "image_path": "output/ScienceEducationInnovation/part_02/chunk_00/07_capture_frame/slide_013/artifacts/slide_013.png",
    "slide_index": 13,
    "slide_title": "报告目录 01 研究背景, 02 GPU层参数存储, 03 PM层参数存储, 04 SSD层参数存储, 05 未来展望"
  },
  "output": null,
  "artifacts": [
    "output/ScienceEducationInnovation/part_02/chunk_00/07_capture_frame/slide_013/artifacts/slide_013.png"
  ],
  "metadata": {
    "needs_crop": false,
    "reason": "MANUAL_NO_CROP",
    "manual_override": true
  },
  "trace_id": null,
  "duration_ms": 0,
  "started_at": "2025-12-18T16:37:52.032969",
  "completed_at": "2025-12-18T16:37:52.032969",
  "step_config": {
    "manual_override": true
  },
  "dependencies": [
    "capture_frame"
  ]
}