{
  "address": "day1_main/part_07/chunk_00/01_cut_chunk",
  "status": "completed",
  "input": {
    "video": "/Users/lichuan/Codes/TalkDistill/day1_main.mp4",
    "start": 3410.78,
    "duration": 861.3899999999999,
    "output_name": "chunk_high.mp4"
  },
  "output": {
    "path": "output/day1_main/part_07/chunk_00/01_cut_chunk/artifacts/chunk_high.mp4",
    "start": 3410.78,
    "duration": 861.3899999999999
  },
  "artifacts": [
    "output/day1_main/part_07/chunk_00/01_cut_chunk/artifacts/chunk_high.mp4"
  ],
  "metadata": {
    "ffmpeg": "/opt/homebrew/bin/ffmpeg",
    "start": 3410.78,
    "duration": 861.3899999999999,
    "size_bytes": 499931715
  },
  "trace_id": null,
  "duration_ms": 1089,
  "started_at": "2025-12-17T19:21:55.800168",
  "completed_at": "2025-12-17T11:21:56.892887",
  "step_config": {},
  "dependencies": []
}