{
  "address": "ScienceEducationInnovation/part_04/chunk_00/07_capture_frame/slide_018",
  "status": "completed",
  "input": {
    "video": "output/ScienceEducationInnovation/part_04/chunk_00/01_cut_chunk/artifacts/chunk_high.mp4",
    "timestamp": "00:13:23.700",
    "frame_id": "slide_018",
    "output_ext": ".png"
  },
  "output": "output/ScienceEducationInnovation/part_04/chunk_00/07_capture_frame/slide_018/artifacts/slide_018.png",
  "artifacts": [
    "output/ScienceEducationInnovation/part_04/chunk_00/07_capture_frame/slide_018/artifacts/slide_018.png"
  ],
  "metadata": {
    "timestamp": "00:13:23.700",
    "frame_id": "slide_018",
    "ffmpeg": "/opt/homebrew/bin/ffmpeg"
  },
  "trace_id": null,
  "duration_ms": 1896,
  "started_at": "2025-12-21T23:17:27.055492",
  "completed_at": "2025-12-21T15:17:28.952367",
  "step_config": {},
  "dependencies": [
    "slide_timeline"
  ]
}