{
  "id": "sec_8",
  "index": 7,
  "title": "未来展望与总结",
  "time_range": "00:24:30,739 - 00:24:30,740",
  "script": "但是，传统的预取方法并不适用于推荐模型的场景。",
  "summary": "本部分对报告内容进行总结，并对未来进行展望。我们首先回顾了报告中针对多层次参数存储系统的解题思路，该思路旨在解决传统预取方法不适用于推荐模型场景的痛点。最后，我们展望了基于LLM的生成式推荐大模型带来的新机遇与挑战。"
}