{
  "part_index": 8,
  "title": "昇腾亲和通信加速库CAM关键技术与生态",
  "type_tag": "AI通信加速技术",
  "tech_tags": [
    "CAM",
    "UMDK",
    "URMA",
    "MoE",
    "FusedDeepMoE",
    "M2N通信",
    "MIXL",
    "KV Cache",
    "NPU直驱",
    "流水并行",
    "异构多径聚合",
    "DeepEP"
  ],
  "domain_tags": [
    "AI通信",
    "大模型推理",
    "异构计算",
    "分布式系统",
    "高性能计算"
  ],
  "summary": "本环节介绍华为针对AI大模型推理场景推出的昇腾亲和通信加速库CAM。面对AI负载向多模态与Agent演进带来的超低时延与高动态性挑战，CAM基于灵雀UMDK底座构建，旨在解决MoE、AFD/PD分离架构下的通信瓶颈。通过大EP通信优化、通算融合（FusedDeepMoE）、M2N异步通信及KV Cache传输加速（MIXL）等关键技术，CAM实现了计算与通信的深度重叠及多径聚合传输，显著提升了异构智算系统的吞吐量与带宽利用率。",
  "highlights": [
    "AI通信范式从集合通信向M2N异步通信演进，以适应高动态AI负载",
    "灵雀UMDK基于URMA统一内存语义，屏蔽硬件差异提供高性能通信底座",
    "FusedDeepMoE通过细粒度流水并行技术，实现MoE层计算与通信的深度重叠",
    "针对AFD分离架构，M2N通信支持NPU直驱与节点弹性伸缩",
    "MIXL中间件利用分片消息聚合与异构多径技术加速KV Cache跨节点传输",
    "CAM支持DeepEP、Mooncake等主流接口，助力AI框架无缝获取加速能力"
  ]
}