{
  "address": "ai_session/part_05/chunk_00/09_apply_crop/slide_002",
  "status": "completed",
  "input": {
    "image_path": "output/ai_session/part_05/chunk_00/07_capture_frame/slide_002/artifacts/slide_002.png",
    "crop_region": {
      "x": 154,
      "y": 56,
      "width": 1100,
      "height": 606
    }
  },
  "output": "output/ai_session/part_05/chunk_00/09_apply_crop/slide_002/artifacts/slide_002.png",
  "artifacts": [
    "output/ai_session/part_05/chunk_00/09_apply_crop/slide_002/artifacts/slide_002.png"
  ],
  "metadata": {
    "source": "output/ai_session/part_05/chunk_00/07_capture_frame/slide_002/artifacts/slide_002.png",
    "applied": true,
    "crop_region": {
      "x": 154,
      "y": 56,
      "width": 1100,
      "height": 606
    },
    "size": {
      "width": 1100,
      "height": 606
    }
  },
  "trace_id": null,
  "duration_ms": 89,
  "started_at": "2025-12-15T18:13:40.453564",
  "completed_at": "2025-12-15T10:13:40.546253",
  "step_config": {},
  "dependencies": [
    "capture_frame",
    "crop_decision"
  ]
}