{
  "address": "day1_main/part_05/final/09_part_digest",
  "status": "completed",
  "input": {
    "part_index": 5,
    "part_start_s": 1871.91,
    "part_duration_s": 935.28,
    "sections": [
      {
        "id": "sec_1",
        "index": 0,
        "title": "智跃无界 openEuler引领AI时代操作系统",
        "time_range": "00:01:15,540 - 00:01:26,225",
        "summary": "演讲者预告了接下来的精彩内容，并揭晓了本次议题的名称：《智跃无界 openEuler引领AI时代的操作系统》。",
        "start_ms": 75540,
        "end_ms": 86225,
        "material_ids": [
          "chunk_00/slide_001"
        ]
      },
      {
        "id": "sec_2",
        "index": 1,
        "title": "首个五年：openEuler成为中国新增市场份额第一",
        "time_range": "00:01:27,160 - 00:03:10,300",
        "summary": "在过去五年，openEuler发展迅速，2023年已成为中国新增市场份额第一的操作系统，并与Zephyr、LF AI & Data等基金会达成合作，集齐了Intel、AMD、Arm三大芯片厂商支持。展望未来五年，openEuler将拥抱超级节点与AI，坚定地走向全球化，并已开始尝试将AI应用于软件包升级、Bug修复等场景，目标从跟随转向引领。",
        "start_ms": 87160,
        "end_ms": 190300,
        "material_ids": [
          "chunk_00/slide_002"
        ]
      },
      {
        "id": "sec_3",
        "index": 2,
        "title": "拥抱超级节点，构建操作系统新底座",
        "time_range": "00:03:11,000 - 00:07:01,744",
        "summary": "讲者介绍了 openEuler Intelligence BoooM 在软件包升级、Bug 修复等场景的应用，展示了 AI 自动化带来的显著人力节省。面对超级节点带来的挑战，操作系统需要实现算力精确匹配、存量业务平滑迁移和原生应用开发。为此，openEuler 社区将发布首个支持超级节点的版本 24.03 LTS SP3，并持续加强产学研合作，构建从池化底座到用户态框架的完整操作系统新底座。",
        "start_ms": 191000,
        "end_ms": 421744,
        "material_ids": [
          "chunk_00/slide_003",
          "chunk_00/slide_004",
          "chunk_00/slide_005"
        ]
      },
      {
        "id": "sec_4",
        "index": 3,
        "title": "Intelligence Boom 开源AI解决方案",
        "time_range": "00:07:02,980 - 00:08:40,230",
        "summary": "为解决AI应用开发中环境配置复杂、硬件适配困难等痛点，openEuler社区发起了Intelligence Boom项目，提供开箱即用的AI全开源全栈解决方案。该方案已在多家企业落地，显著将开发效率从周缩短到天，并将发布支持低算力模组的嵌入式版本。",
        "start_ms": 422980,
        "end_ms": 520230,
        "material_ids": [
          "chunk_00/slide_006",
          "chunk_00/slide_007"
        ]
      },
      {
        "id": "sec_5",
        "index": 4,
        "title": "深入工控控制领域，引领产业智能化转型",
        "time_range": "00:08:41,090 - 00:09:53,710",
        "summary": "openEuler 正在积极拓展嵌入式领域，以应对工业控制领域因 OT/IT 融合、AI 下沉及混合业务部署等需求带来的变革。凭借 MICA 架构和 openEuler Intelligence BoooM 嵌入式版本两大抓手，openEuler 能够为 vPLC、机器人等新型工业化场景提供完整的解决方案，引领产业智能化转型。",
        "start_ms": 521090,
        "end_ms": 593710,
        "material_ids": [
          "chunk_00/slide_008"
        ]
      },
      {
        "id": "sec_6",
        "index": 5,
        "title": "社区繁荣发展与成果展望",
        "time_range": "00:09:53,711 - 00:14:58,500",
        "summary": "(暂无文本)",
        "start_ms": 593711,
        "end_ms": 898500,
        "material_ids": [
          "chunk_00/slide_009",
          "chunk_00/slide_010",
          "chunk_00/slide_011"
        ]
      },
      {
        "id": "sec_7",
        "index": 6,
        "title": "心之所向 素履以往",
        "time_range": "00:14:59,300 - 00:15:35,000",
        "summary": "本节以“心之所向，素履以往”为主题，致敬过去一年中坚守岗位、追逐梦想的平凡人。正是这份对初心的坚守与执着，汇聚成了我们前行的力量。展望未来，虽然挑战与机遇并存，但只要我们坚持不懈，终将实现目标。",
        "start_ms": 899300,
        "end_ms": 935000,
        "material_ids": [
          "chunk_00/slide_012"
        ]
      }
    ],
    "materials": [
      {
        "id": "chunk_00/slide_001",
        "type": "slide",
        "title": "智跃无界 openEuler引领AI时代操作系统 演讲主题页",
        "start_ms": 84500,
        "end_ms": 86800,
        "best_capture_ms": null
      },
      {
        "id": "chunk_00/slide_002",
        "type": "slide",
        "title": "首个五年：openEuler成为中国新增市场份额第一 回顾过去五年的发展历程与成就",
        "start_ms": 87500,
        "end_ms": 190300,
        "best_capture_ms": null
      },
      {
        "id": "chunk_00/slide_003",
        "type": "slide",
        "title": "拥抱超级节点，构建操作系统新底座 全场景协同、多样性算力支持与全球化布局",
        "start_ms": 191000,
        "end_ms": 266500,
        "best_capture_ms": null
      },
      {
        "id": "chunk_00/slide_004",
        "type": "slide",
        "title": "分层构建，释放智能：超节点OS赋能智算与通算新高度 分层架构图：从内核到应用框架的技术细节",
        "start_ms": 267300,
        "end_ms": 374000,
        "best_capture_ms": null
      },
      {
        "id": "chunk_00/slide_005",
        "type": "slide",
        "title": "openEuler 24.03 LTS SP3 发布 发布首个支持超节点的版本",
        "start_ms": 375000,
        "end_ms": 421800,
        "best_capture_ms": null
      },
      {
        "id": "chunk_00/slide_006",
        "type": "slide",
        "title": "Intelligence Boom 开源AI解决方案 面向数据中心场景，加速企业AI落地",
        "start_ms": 422500,
        "end_ms": 508000,
        "best_capture_ms": null
      },
      {
        "id": "chunk_00/slide_007",
        "type": "slide",
        "title": "Intelligence Boom 解决方案架构图 模型微调、异构协同、生态拓展与易用性",
        "start_ms": 508800,
        "end_ms": 519500,
        "best_capture_ms": null
      },
      {
        "id": "chunk_00/slide_008",
        "type": "slide",
        "title": "深入工控控制领域，携手伙伴打造OT/IT，引领产业智能化转型 openEuler嵌入式与实时虚拟化解决方案",
        "start_ms": 520300,
        "end_ms": 627000,
        "best_capture_ms": null
      },
      {
        "id": "chunk_00/slide_009",
        "type": "slide",
        "title": "涓流成海，奔涌向前：社区繁荣发展离不开社区伙伴的贡献 展示新增捐赠人与新合作基金会",
        "start_ms": 628000,
        "end_ms": 697500,
        "best_capture_ms": null
      },
      {
        "id": "chunk_00/slide_010",
        "type": "slide",
        "title": "社区基础建设智能化升级，让开发服务创新 社区贡献数据与智能化工具应用",
        "start_ms": 698500,
        "end_ms": 823000,
        "best_capture_ms": null
      },
      {
        "id": "chunk_00/slide_011",
        "type": "slide",
        "title": "盘点社区成果，展望未来AI人才 AI挑战赛、人才培养与学术合作成果",
        "start_ms": 824000,
        "end_ms": 898500,
        "best_capture_ms": null
      },
      {
        "id": "chunk_00/slide_012",
        "type": "slide",
        "title": "心之所向 素履以往 Where passion leads, every step forward counts.",
        "start_ms": 899300,
        "end_ms": 935000,
        "best_capture_ms": null
      }
    ],
    "graph": {
      "nodes": [
        {
          "id": "p1",
          "label": "回顾与展望",
          "category": "Pillar",
          "references": {
            "section_ids": [
              "sec_2"
            ],
            "material_ids": [
              "chunk_00/slide_002"
            ],
            "highlight": {
              "primary_material_id": "chunk_00/slide_002",
              "primary_time_ts": "00:01:27,500",
              "primary_time_ms": 87500
            }
          },
          "parent": null,
          "summary": "回顾openEuler过去五年的发展，实现了市场份额第一、集齐三大芯片厂商支持等成就，并展望未来五年将从“跟随”转向“引领”，拥抱超级节点与AI，并走向全球化。"
        },
        {
          "id": "p2",
          "label": "拥抱超级节点",
          "category": "Pillar",
          "references": {
            "section_ids": [
              "sec_3"
            ],
            "material_ids": [
              "chunk_00/slide_003",
              "chunk_00/slide_004",
              "chunk_00/slide_005"
            ],
            "highlight": {
              "primary_material_id": "chunk_00/slide_003",
              "primary_time_ts": "00:03:11,000",
              "primary_time_ms": 191000
            }
          },
          "parent": null,
          "summary": "为应对超级节点带来的算力匹配、业务迁移和原生开发三大挑战，openEuler正在构建从池化底座到用户态框架的操作系统新底座，并计划发布首个支持超级节点的版本24.03 LTS SP3。"
        },
        {
          "id": "p3",
          "label": "拥抱AI",
          "category": "Pillar",
          "references": {
            "section_ids": [
              "sec_2",
              "sec_3",
              "sec_4"
            ],
            "material_ids": [
              "chunk_00/slide_006",
              "chunk_00/slide_007",
              "chunk_00/slide_010"
            ],
            "highlight": {
              "primary_material_id": "chunk_00/slide_006",
              "primary_time_ts": "00:07:02,500",
              "primary_time_ms": 422500
            }
          },
          "parent": null,
          "summary": "openEuler通过自研的Intelligence BoooM框架将AI应用于社区治理，并推出开箱即用的AI全栈解决方案，以解决AI应用开发痛点，提升开发效率，并将能力延伸至嵌入式场景。"
        },
        {
          "id": "p4",
          "label": "拓展嵌入式领域",
          "category": "Pillar",
          "references": {
            "section_ids": [
              "sec_5"
            ],
            "material_ids": [
              "chunk_00/slide_008"
            ],
            "highlight": {
              "primary_material_id": "chunk_00/slide_008",
              "primary_time_ts": "00:08:40,300",
              "primary_time_ms": 520300
            }
          },
          "parent": null,
          "summary": "为应对工业控制领域OT/IT融合、AI下沉等变革，openEuler凭借MICA架构和Intelligence BoooM嵌入式版本两大抓手，为vPLC、机器人等新型工业化场景提供解决方案。"
        },
        {
          "id": "d1_1",
          "label": "五年成就",
          "category": "Result",
          "references": {
            "section_ids": [
              "sec_2"
            ],
            "material_ids": [
              "chunk_00/slide_002"
            ],
            "highlight": {
              "primary_material_id": "chunk_00/slide_002",
              "primary_time_ts": "00:01:31,000",
              "primary_time_ms": 91000
            }
          },
          "parent": "p1",
          "summary": "openEuler在过去五年取得了显著成就，包括2023年成为中国新增市场份额第一，与Zephyr、LF AI & Data基金会合作，并获得Intel、AMD、Arm三大芯片厂商支持。"
        },
        {
          "id": "d1_2",
          "label": "未来五年战略",
          "category": "Concept",
          "references": {
            "section_ids": [
              "sec_2"
            ],
            "material_ids": [
              "chunk_00/slide_002"
            ],
            "highlight": {
              "primary_material_id": "chunk_00/slide_002",
              "primary_time_ts": "00:02:30,000",
              "primary_time_ms": 150000
            }
          },
          "parent": "p1",
          "summary": "未来五年，openEuler的目标是从“跟随”转向“引领”，技术上拥抱超级节点和AI，战略上坚定地走向全球化。"
        },
        {
          "id": "d2_1",
          "label": "超级节点的挑战",
          "category": "Problem",
          "references": {
            "section_ids": [
              "sec_3"
            ],
            "material_ids": [
              "chunk_00/slide_003"
            ],
            "highlight": {
              "primary_material_id": "chunk_00/slide_003",
              "primary_time_ts": "00:03:45,000",
              "primary_time_ms": 225000
            }
          },
          "parent": "p2",
          "summary": "超级节点架构给操作系统带来了三大挑战：如何实现业务算力与硬件算力的精确匹配、如何确保存量业务的平滑迁移，以及如何支持原生应用的开发。"
        },
        {
          "id": "d2_2",
          "label": "超级节点OS新底座",
          "category": "Technology",
          "references": {
            "section_ids": [
              "sec_3"
            ],
            "material_ids": [
              "chunk_00/slide_004"
            ],
            "highlight": {
              "primary_material_id": "chunk_00/slide_004",
              "primary_time_ts": "00:04:27,300",
              "primary_time_ms": 267300
            }
          },
          "parent": "p2",
          "summary": "为应对挑战，openEuler构建了分三层的操作系统新底座：底层的池化底座（全局资源抽象），中间的内核态核心子系统（基础能力构建），以及上层的用户态框架与接口（应用使能）。"
        },
        {
          "id": "d2_3",
          "label": "24.03 LTS SP3版本",
          "category": "Result",
          "references": {
            "section_ids": [
              "sec_3"
            ],
            "material_ids": [
              "chunk_00/slide_005"
            ],
            "highlight": {
              "primary_material_id": "chunk_00/slide_005",
              "primary_time_ts": "00:06:15,000",
              "primary_time_ms": 375000
            }
          },
          "parent": "p2",
          "summary": "openEuler社区将于2023年12月30日发布首个正式支持超级节点的版本——24.03 LTS SP3，提供基础框架并支持基于鲲鹏总线等硬件构建的超级节点。"
        },
        {
          "id": "d3_1",
          "label": "AI应用于社区治理",
          "category": "Technology",
          "references": {
            "section_ids": [
              "sec_2",
              "sec_3",
              "sec_6"
            ],
            "material_ids": [
              "chunk_00/slide_010"
            ],
            "highlight": {
              "primary_material_id": "chunk_00/slide_010",
              "primary_time_ts": "00:11:38,500",
              "primary_time_ms": 698500
            }
          },
          "parent": "p3",
          "summary": "openEuler已开始将自研的AI框架(Intelligence BoooM)应用于社区治理，试点场景包括软件包自动升级、Bug自动修复和AI智能推送，以提升效率、节省人力。"
        },
        {
          "id": "d3_2",
          "label": "Intelligence Boom解决方案",
          "category": "Technology",
          "references": {
            "section_ids": [
              "sec_4"
            ],
            "material_ids": [
              "chunk_00/slide_006",
              "chunk_00/slide_007"
            ],
            "highlight": {
              "primary_material_id": "chunk_00/slide_006",
              "primary_time_ts": "00:07:02,500",
              "primary_time_ms": 422500
            }
          },
          "parent": "p3",
          "summary": "为解决AI应用开发中环境配置复杂、硬件适配困难的痛点，社区发起Intelligence Boom项目，提供开箱即用的AI全开源全栈解决方案，已在多家企业落地，将开发效率从周级缩短到天级。"
        },
        {
          "id": "d4_1",
          "label": "嵌入式领域变革",
          "category": "Problem",
          "references": {
            "section_ids": [
              "sec_5"
            ],
            "material_ids": [
              "chunk_00/slide_008"
            ],
            "highlight": {
              "primary_material_id": "chunk_00/slide_008",
              "primary_time_ts": "00:08:58,000",
              "primary_time_ms": 538000
            }
          },
          "parent": "p4",
          "summary": "工业控制与嵌入式领域正经历深刻变革，体现在OT/IT融合、AI能力下沉、实时与非实时业务混合部署，以及对硬件灵活调度的需求增长。"
        },
        {
          "id": "d4_2",
          "label": "嵌入式解决方案",
          "category": "Technology",
          "references": {
            "section_ids": [
              "sec_5"
            ],
            "material_ids": [
              "chunk_00/slide_008"
            ],
            "highlight": {
              "primary_material_id": "chunk_00/slide_008",
              "primary_time_ts": "00:09:15,000",
              "primary_time_ms": 555000
            }
          },
          "parent": "p4",
          "summary": "openEuler提供两大核心技术抓手应对嵌入式变革：一是支持混合业务编排的MICA架构，二是专为嵌入式场景设计的Intelligence BoooM嵌入式版本。"
        }
      ],
      "edges": [
        {
          "source": "p1",
          "target": "p2",
          "relation_type": "sequential",
          "label": "引出技术方向"
        },
        {
          "source": "p2",
          "target": "p3",
          "relation_type": "parallel",
          "label": "并列技术方向"
        },
        {
          "source": "p3",
          "target": "p4",
          "relation_type": "sequential",
          "label": "延伸应用领域"
        },
        {
          "source": "d1_1",
          "target": "d1_2",
          "relation_type": "causal",
          "label": "驱动战略转型"
        },
        {
          "source": "d2_1",
          "target": "d2_2",
          "relation_type": "causal",
          "label": "催生技术方案"
        },
        {
          "source": "d2_2",
          "target": "d2_3",
          "relation_type": "compositional",
          "label": "具体实现为"
        },
        {
          "source": "d3_1",
          "target": "d3_2",
          "relation_type": "compositional",
          "label": "构成"
        },
        {
          "source": "d4_1",
          "target": "d4_2",
          "relation_type": "causal",
          "label": "催生解决方案"
        }
      ]
    }
  },
  "output": {
    "part_index": 5,
    "title": "openEuler引领AI时代操作系统与超级节点构建",
    "type_tag": "操作系统演进与AI战略",
    "tech_tags": [
      "openEuler",
      "超级节点",
      "Intelligence Boom",
      "MICA架构",
      "AI for OS",
      "24.03 LTS SP3",
      "嵌入式系统",
      "OT/IT融合",
      "异构算力"
    ],
    "domain_tags": [
      "操作系统",
      "人工智能",
      "开源社区",
      "工业控制",
      "边缘计算"
    ],
    "summary": "本环节回顾了 openEuler 过去五年成为中国新增市场份额第一的成就，并发布未来五年战略：从跟随转向引领，拥抱超级节点与 AI。重点介绍了为应对算力匹配挑战而构建的操作系统新底座，发布首个支持超级节点的版本 24.03 LTS SP3。同时推出 Intelligence Boom 开源 AI 解决方案，将 AI 应用于社区治理及开发全流程，并凭借 MICA 架构拓展嵌入式与工控领域，推动 OT/IT 融合与产业智能化转型。",
    "highlights": [
      "openEuler 2023年成为中国新增市场份额第一，集齐三大芯片厂商支持",
      "发布首个支持超级节点的版本 24.03 LTS SP3，构建操作系统新底座",
      "推出 Intelligence Boom 开源 AI 解决方案，大幅缩短 AI 应用开发周期",
      "将 AI 技术应用于软件包升级与 Bug 修复，实现社区治理智能化",
      "通过 MICA 架构与嵌入式 AI 版本，深入工控领域推动 OT/IT 融合",
      "未来五年战略确立：拥抱超级节点与 AI，坚定走向全球化"
    ]
  },
  "artifacts": [
    "output/day1_main/part_05/final/09_part_digest/artifacts/part_digest.json"
  ],
  "metadata": {
    "part_index": 5,
    "title": "openEuler引领AI时代操作系统与超级节点构建",
    "type_tag": "操作系统演进与AI战略",
    "tech_tags": 9,
    "domain_tags": 5
  },
  "trace_id": "902d2f43-22c7-48b9-b73a-062721d1278d",
  "duration_ms": 24630,
  "started_at": "2025-12-17T20:01:35.227134",
  "completed_at": "2025-12-17T12:01:59.859143",
  "step_config": {
    "model": "gemini-3-pro-preview",
    "temperature": 0.2,
    "prompt_file": "/Users/lichuan/Codes/TalkDistill/config/prompts/part_digest.md",
    "schema_file": "/Users/lichuan/Codes/TalkDistill/config/schemas/part_digest.json"
  },
  "dependencies": [
    "graph_gen"
  ]
}