{
  "id": "sec_002",
  "index": 1,
  "title": "当前运维面临的挑战",
  "time_range": "00:00:28,520 - 00:02:07,615",
  "script": "我们作为一个操作系统厂商，现在对系统架构的变化也是感知非常深切。\n现在，在混合云或微服务已成为一种常态的背景下，\n这种架构给我们的运维工作带来了很大的挑战。\n我相信在座的各位专家都会有非常深刻的体验。\n首先是复杂性剧增。刚才讲到的混合云、微服务架构，导致运维对象数量的爆炸。\n另一个是故障定位非常困难。\n因为我们常常陷入“救火式”运维的循环，海量的告警会淹没我们分析真实问题根因的精力，导致平均修复时间非常长。\n第三点是安全风险高。系统漏洞、配置偏差无处不在，任何一个疏忽都可能引发严重的安全事件。\n第四点是人力成本高。首先需要7×24小时值守，运维团队被重复性、低价值的告警工作所拖累，疲于奔命，难以进行有价值的体系化优化工作。\n正是基于这些深刻的痛点，催生了我们对自动化运维解决方案的需求。",
  "summary": "讲者指出，在混合云和微服务成为常态的背景下，运维工作面临着复杂性剧增、故障定位困难、安全风险高和人力成本高四大挑战。这些深刻的痛点催生了对自动化运维解决方案的需求。"
}