{
  "address": "ScienceEducationInnovation/part_03/chunk_00/07_capture_frame/slide_023",
  "status": "completed",
  "input": {
    "video": "output/ScienceEducationInnovation/part_03/chunk_00/01_cut_chunk/artifacts/chunk_high.mp4",
    "timestamp": "00:16:24.780",
    "frame_id": "slide_023",
    "output_ext": ".png"
  },
  "output": "output/ScienceEducationInnovation/part_03/chunk_00/07_capture_frame/slide_023/artifacts/slide_023.png",
  "artifacts": [
    "output/ScienceEducationInnovation/part_03/chunk_00/07_capture_frame/slide_023/artifacts/slide_023.png"
  ],
  "metadata": {
    "timestamp": "00:16:24.780",
    "frame_id": "slide_023",
    "ffmpeg": "/opt/homebrew/bin/ffmpeg"
  },
  "trace_id": null,
  "duration_ms": 1886,
  "started_at": "2025-12-19T01:07:58.336804",
  "completed_at": "2025-12-18T17:08:00.226401",
  "step_config": {},
  "dependencies": [
    "slide_timeline"
  ]
}