{
  "address": "ScienceEducationInnovation/part_03/chunk_00/08_crop_decision/slide_007",
  "status": "completed",
  "input": {
    "image_path": "output/ScienceEducationInnovation/part_03/chunk_00/07_capture_frame/slide_007/artifacts/slide_007.png",
    "slide_index": 7,
    "slide_title": "科学问题 - AI端到端检测 能否摆脱对人工规则的依赖，实现完全AI端到端的APT攻击检测"
  },
  "output": null,
  "artifacts": [
    "output/ScienceEducationInnovation/part_03/chunk_00/07_capture_frame/slide_007/artifacts/slide_007.png"
  ],
  "metadata": {
    "needs_crop": false,
    "reason": "MANUAL_NO_CROP",
    "manual_override": true
  },
  "trace_id": null,
  "duration_ms": 0,
  "started_at": "2025-12-18T17:08:07.095258+00:00",
  "completed_at": "2025-12-18T17:08:07.095258+00:00",
  "step_config": {
    "manual_override": true
  },
  "dependencies": [
    "capture_frame"
  ]
}