{
  "address": "ai_session/part_06/chunk_00/07_capture_frame/slide_004",
  "status": "completed",
  "input": {
    "video": "output/ai_session/part_06/chunk_00/01_cut_chunk/artifacts/chunk_high.mp4",
    "timestamp": "00:00:56.300",
    "frame_id": "slide_004",
    "output_ext": ".png"
  },
  "output": "output/ai_session/part_06/chunk_00/07_capture_frame/slide_004/artifacts/slide_004.png",
  "artifacts": [
    "output/ai_session/part_06/chunk_00/07_capture_frame/slide_004/artifacts/slide_004.png"
  ],
  "metadata": {
    "timestamp": "00:00:56.300",
    "frame_id": "slide_004",
    "ffmpeg": "/opt/homebrew/bin/ffmpeg"
  },
  "trace_id": null,
  "duration_ms": 505,
  "started_at": "2025-12-15T23:47:35.538888",
  "completed_at": "2025-12-15T15:47:36.045531",
  "step_config": {},
  "dependencies": [
    "slide_timeline"
  ]
}