{
  "address": "ScienceEducationInnovation/part_02/chunk_00/09_apply_crop/slide_043",
  "status": "completed",
  "input": {
    "image_path": "output/ScienceEducationInnovation/part_02/chunk_00/07_capture_frame/slide_043/artifacts/slide_043.png",
    "crop_region": {
      "x": 480,
      "y": 129,
      "width": 1209,
      "height": 756
    }
  },
  "output": "output/ScienceEducationInnovation/part_02/chunk_00/09_apply_crop/slide_043/artifacts/slide_043.png",
  "artifacts": [
    "output/ScienceEducationInnovation/part_02/chunk_00/09_apply_crop/slide_043/artifacts/slide_043.png"
  ],
  "metadata": {
    "source": "output/ScienceEducationInnovation/part_02/chunk_00/07_capture_frame/slide_043/artifacts/slide_043.png",
    "applied": true,
    "crop_region": {
      "x": 480,
      "y": 129,
      "width": 1209,
      "height": 756
    },
    "size": {
      "width": 1209,
      "height": 756
    }
  },
  "trace_id": null,
  "duration_ms": 365,
  "started_at": "2025-12-17T11:02:59.507558",
  "completed_at": "2025-12-17T03:02:59.873102",
  "step_config": {},
  "dependencies": [
    "capture_frame",
    "crop_decision"
  ]
}