{
  "address": "day2_main/part_05/chunk_00/07_capture_frame/slide_003",
  "status": "completed",
  "input": {
    "video": "output/day2_main/part_05/chunk_00/01_cut_chunk/artifacts/chunk_high.mp4",
    "timestamp": "00:03:20.600",
    "frame_id": "slide_003",
    "output_ext": ".png"
  },
  "output": "output/day2_main/part_05/chunk_00/07_capture_frame/slide_003/artifacts/slide_003.png",
  "artifacts": [
    "output/day2_main/part_05/chunk_00/07_capture_frame/slide_003/artifacts/slide_003.png"
  ],
  "metadata": {
    "timestamp": "00:03:20.600",
    "frame_id": "slide_003",
    "ffmpeg": "/opt/homebrew/bin/ffmpeg"
  },
  "trace_id": null,
  "duration_ms": 798,
  "started_at": "2025-12-17T21:08:46.268413",
  "completed_at": "2025-12-17T13:08:47.068082",
  "step_config": {},
  "dependencies": [
    "slide_timeline"
  ]
}