{
  "address": "ai_session/part_11/chunk_00/09_apply_crop/slide_014",
  "status": "completed",
  "input": {
    "image_path": "output/ai_session/part_11/chunk_00/07_capture_frame/slide_014/artifacts/slide_014.png",
    "crop_region": {
      "x": 639,
      "y": 150,
      "width": 1280,
      "height": 825
    }
  },
  "output": "output/ai_session/part_11/chunk_00/09_apply_crop/slide_014/artifacts/slide_014.png",
  "artifacts": [
    "output/ai_session/part_11/chunk_00/09_apply_crop/slide_014/artifacts/slide_014.png"
  ],
  "metadata": {
    "source": "output/ai_session/part_11/chunk_00/07_capture_frame/slide_014/artifacts/slide_014.png",
    "applied": true,
    "crop_region": {
      "x": 639,
      "y": 150,
      "width": 1280,
      "height": 825
    },
    "size": {
      "width": 1280,
      "height": 825
    }
  },
  "trace_id": null,
  "duration_ms": 99,
  "started_at": "2025-12-16T01:36:02.933118",
  "completed_at": "2025-12-15T17:36:03.033441",
  "step_config": {},
  "dependencies": [
    "capture_frame",
    "crop_decision"
  ]
}