{
  "sections": [
    {
      "id": "sec_1",
      "title": "智跃无界 openEuler引领AI时代操作系统",
      "material_ids": [
        "chunk_00/slide_001"
      ],
      "start_ms": 75540,
      "end_ms": 86225,
      "notes": "首句字幕与上一段落的尾句字幕有重叠，根据语义选择00:01:15,540作为起点。",
      "text_span": {
        "start": 14,
        "end": 15
      },
      "lead_text": "那这个非常精彩，等会儿大家可以尽情期待。",
      "tail_text": "我们今天的议题名字叫《智跃无界 openEuler引领AI时代的操作系统》。"
    },
    {
      "id": "sec_2",
      "title": "首个五年：openEuler成为中国新增市场份额第一",
      "material_ids": [
        "chunk_00/slide_002"
      ],
      "start_ms": 87160,
      "end_ms": 190300,
      "notes": "尾句字幕与下一段落的首句字幕完全重叠，根据规划的结束时间点，将尾句字幕的结束时间00:03:15,650切分到00:03:10,300，以保证与下一段落的衔接。",
      "text_span": {
        "start": 16,
        "end": 37
      },
      "lead_text": "那说到我们整个这个嵌入式的话，就不能不提一个非常重要的项目，Zephyr。Zephyr是一个具体的项目，同时也是一个基金会。",
      "tail_text": "所以我们也初步地将openEuler的Intelligence BoooM应用到了我们的软件包自动升级、Bug自动修复以及AI的智能推送等等这些场景。当然我们也是在试点，像软件包自动升级，可能我们现在在社区里尝试对7%左右的软件包进行相关的AI方面的自动化工作，当然这个工作是做了，但是最后确定还是人啊，再审视一下子。"
    },
    {
      "id": "sec_3",
      "title": "拥抱超级节点，构建操作系统新底座",
      "material_ids": [
        "chunk_00/slide_003",
        "chunk_00/slide_004",
        "chunk_00/slide_005"
      ],
      "start_ms": 191000,
      "end_ms": 421744,
      "notes": "首句字幕与上一段落的尾句字幕完全重叠，根据规划的起始时间点，将首句字幕的开始时间00:03:00,630调整到00:03:11,000。",
      "text_span": {
        "start": 37,
        "end": 74
      },
      "lead_text": "所以我们也初步地将openEuler的Intelligence BoooM应用到了我们的软件包自动升级、Bug自动修复以及AI的智能推送等等这些场景。当然我们也是在试点，像软件包自动升级，可能我们现在在社区里尝试对7%左右的软件包进行相关的AI方面的自动化工作，当然这个工作是做了，但是最后确定还是人啊，再审视一下子。",
      "tail_text": "我们也很欣喜地看到，像麒麟软件、统信软件、麒麟信安、凝思、超聚变、润和软件和软通动力等这些企业也会跟随我们的SP3版本发布相关的商业版本。再次感谢我们的伙伴。"
    },
    {
      "id": "sec_4",
      "title": "Intelligence Boom 开源AI解决方案",
      "material_ids": [
        "chunk_00/slide_006",
        "chunk_00/slide_007"
      ],
      "start_ms": 422980,
      "end_ms": 520230,
      "text_span": {
        "start": 75,
        "end": 86
      },
      "lead_text": "那我们讲完了这个硬件对操作系统的变化，我们再看看上层软件。",
      "tail_text": "也就是在低算力模组上的Intelligence BoooM的相关版本。"
    },
    {
      "id": "sec_5",
      "title": "深入工控控制领域，引领产业智能化转型",
      "material_ids": [
        "chunk_00/slide_008"
      ],
      "start_ms": 521090,
      "end_ms": 593710,
      "text_span": {
        "start": 87,
        "end": 92
      },
      "lead_text": "为什么我们要发布相关嵌入式领域的版本呢？是因为过往呢，openEuler是从服务器和云起家的。那么在从22年以后，我们发现在嵌入式领域，openEuler也进入了做了非常多的创新。",
      "tail_text": "嵌入式、边缘计算场景提供完整的解决方案。"
    },
    {
      "id": "sec_6",
      "title": "社区繁荣发展与成果展望",
      "material_ids": [
        "chunk_00/slide_009",
        "chunk_00/slide_010",
        "chunk_00/slide_011"
      ],
      "start_ms": 593711,
      "end_ms": 898500,
      "notes": "此段落没有提供首尾句，根据上下文语义，从上一段落结束后开始，到下一段落开始前结束。内容主要关于社区发展、人才培养和产学研合作。"
    },
    {
      "id": "sec_7",
      "title": "心之所向 素履以往",
      "material_ids": [
        "chunk_00/slide_012"
      ],
      "start_ms": 899300,
      "end_ms": 935000,
      "notes": "此段落没有提供首尾句，根据上下文语义，从上一段落结束后开始，到视频结尾。内容主要是总结和感谢。"
    }
  ]
}