{
  "address": "ai_session/part_04/chunk_00/09_apply_crop/slide_007",
  "status": "completed",
  "input": {
    "image_path": "output/ai_session/part_04/chunk_00/07_capture_frame/slide_007/artifacts/slide_007.png",
    "crop_region": {
      "x": 423,
      "y": 129,
      "width": 844,
      "height": 580
    }
  },
  "output": "output/ai_session/part_04/chunk_00/09_apply_crop/slide_007/artifacts/slide_007.png",
  "artifacts": [
    "output/ai_session/part_04/chunk_00/09_apply_crop/slide_007/artifacts/slide_007.png"
  ],
  "metadata": {
    "source": "output/ai_session/part_04/chunk_00/07_capture_frame/slide_007/artifacts/slide_007.png",
    "applied": true,
    "crop_region": {
      "x": 423,
      "y": 129,
      "width": 844,
      "height": 580
    },
    "size": {
      "width": 844,
      "height": 580
    }
  },
  "trace_id": null,
  "duration_ms": 193,
  "started_at": "2025-12-15T17:52:40.834387",
  "completed_at": "2025-12-15T09:52:41.036140",
  "step_config": {},
  "dependencies": [
    "capture_frame",
    "crop_decision"
  ]
}