{
  "address": "day1_main/part_05/chunk_00/07_capture_frame/slide_010",
  "status": "completed",
  "input": {
    "video": "output/day1_main/part_05/chunk_00/01_cut_chunk/artifacts/chunk_high.mp4",
    "timestamp": "00:12:03.400",
    "frame_id": "slide_010",
    "output_ext": ".png"
  },
  "output": "output/day1_main/part_05/chunk_00/07_capture_frame/slide_010/artifacts/slide_010.png",
  "artifacts": [
    "output/day1_main/part_05/chunk_00/07_capture_frame/slide_010/artifacts/slide_010.png"
  ],
  "metadata": {
    "timestamp": "00:12:03.400",
    "frame_id": "slide_010",
    "ffmpeg": "/opt/homebrew/bin/ffmpeg"
  },
  "trace_id": null,
  "duration_ms": 1439,
  "started_at": "2025-12-17T17:23:07.715256",
  "completed_at": "2025-12-17T09:23:09.155483",
  "step_config": {},
  "dependencies": [
    "slide_timeline"
  ]
}