{
  "address": "day1_main/part_05/chunk_00/07_capture_frame/slide_008",
  "status": "completed",
  "input": {
    "video": "output/day1_main/part_05/chunk_00/01_cut_chunk/artifacts/chunk_high.mp4",
    "timestamp": "00:09:01.640",
    "frame_id": "slide_008",
    "output_ext": ".png"
  },
  "output": "output/day1_main/part_05/chunk_00/07_capture_frame/slide_008/artifacts/slide_008.png",
  "artifacts": [
    "output/day1_main/part_05/chunk_00/07_capture_frame/slide_008/artifacts/slide_008.png"
  ],
  "metadata": {
    "timestamp": "00:09:01.640",
    "frame_id": "slide_008",
    "ffmpeg": "/opt/homebrew/bin/ffmpeg"
  },
  "trace_id": null,
  "duration_ms": 1240,
  "started_at": "2025-12-17T17:23:07.714857",
  "completed_at": "2025-12-17T09:23:08.955711",
  "step_config": {},
  "dependencies": [
    "slide_timeline"
  ]
}