{
  "address": "ai_session/part_00/chunk_00/09_apply_crop/slide_001",
  "status": "completed",
  "input": {
    "image_path": "output/ai_session/part_00/chunk_00/07_capture_frame/slide_001/artifacts/slide_001.png",
    "crop_region": {
      "x": 249,
      "y": 119,
      "width": 1499,
      "height": 810
    }
  },
  "output": "output/ai_session/part_00/chunk_00/09_apply_crop/slide_001/artifacts/slide_001.png",
  "artifacts": [
    "output/ai_session/part_00/chunk_00/09_apply_crop/slide_001/artifacts/slide_001.png"
  ],
  "metadata": {
    "source": "output/ai_session/part_00/chunk_00/07_capture_frame/slide_001/artifacts/slide_001.png",
    "applied": true,
    "crop_region": {
      "x": 249,
      "y": 119,
      "width": 1499,
      "height": 810
    },
    "size": {
      "width": 1499,
      "height": 810
    }
  },
  "trace_id": null,
  "duration_ms": 1119,
  "started_at": "2025-12-15T21:22:58.817887",
  "completed_at": "2025-12-15T13:22:59.943714",
  "step_config": {},
  "dependencies": [
    "capture_frame",
    "crop_decision"
  ]
}