{
  "id": "sec_4",
  "index": 3,
  "title": "实践案例二与三：集成测试及Vmcore分析",
  "time_range": "00:15:35,359 - 00:16:59,885",
  "script": "第二块的话就是那个集成测试, 它整体的工作流其实也类似, 只是说它完成的任务会不一样。 Agent 的话就是一个是用例生产, 它目前我们实现的主要还是基于 commit 信息来做用例的生产, 那我们接下来要做的一个事情其实是让它更能理解代码的上下文。 然后根据上下文以及补丁的修复的改动来产生测试建议, 目前的话还是基于 commit 信息来的。 然后用例执行的 Agent 以及用例入库的 Agent, 就是要把用例做一些基线, 以及用例的一个最终的执行, 那它也是通过自动化来完成的。让以前的我们需要人工去写自动化用例之类的这样的一些工作也释放掉了。 第三块的话就是那个 Vmcore 的一些分析, 我们在这个 Vmcore 的分析工具里面呢, 也集成了多个 Agent, 包括一些堆栈的遍历, 包括一些寄存器的解析, 比如说一些 RSP、RIP 之类的堆栈的解析, 以及那个死锁的一些分析, 比如说典型的一些代码栈可能会出现一些死锁, 或者说是一些锁, 那个全局变量的一些静态变量的分析。 它也会做一些这样的一个智能的检测。然后呢, 分析完之后呢, 我们会有一个研判, 会有一个研判 Agent, 研判 Agent 会综合上面的分析结果, 然后会告诉它你这个可能是什原因, 然后下一步的话你应该是以什么方式来解决, 给出一些建议。 然后人工确认它分析对还是不对, 以及我们给它建议是什么, 它会还会做下一次的一个分析。 主要这个过程的话还是需要强调一个人机协同。",
  "summary": "本节介绍了两个实践案例。在集成测试中，通过 Agent 实现了基于 commit 信息的用例自动生产、执行与入库，未来将增强对代码上下文的理解。在 Vmcore 分析中，集成了多个 Agent 进行堆栈遍历、寄存器解析和死锁分析等智能检测，并由研判 Agent 综合结果给出原因和解决方案，强调人机协同。"
}