{
  "address": "ScienceEducationInnovation/part_02/chunk_00/07_capture_frame/slide_026",
  "status": "completed",
  "input": {
    "video": "output/ScienceEducationInnovation/part_02/chunk_00/01_cut_chunk/artifacts/chunk_high.mp4",
    "timestamp": "00:14:09.780",
    "frame_id": "slide_026",
    "output_ext": ".png"
  },
  "output": "output/ScienceEducationInnovation/part_02/chunk_00/07_capture_frame/slide_026/artifacts/slide_026.png",
  "artifacts": [
    "output/ScienceEducationInnovation/part_02/chunk_00/07_capture_frame/slide_026/artifacts/slide_026.png"
  ],
  "metadata": {
    "timestamp": "00:14:09.780",
    "frame_id": "slide_026",
    "ffmpeg": "/opt/homebrew/bin/ffmpeg"
  },
  "trace_id": null,
  "duration_ms": 3122,
  "started_at": "2025-12-17T10:50:27.899834",
  "completed_at": "2025-12-17T02:50:31.024100",
  "step_config": {},
  "dependencies": [
    "slide_timeline"
  ]
}