{
  "id": "sec_006",
  "index": 5,
  "title": "未来展望",
  "time_range": "00:09:38,270 - 00:10:56,030",
  "script": "关于我们产品的未来规划，在现有基础上，我们希望最终达到什么样的效果呢？就是形成一个完整的、自治的智能运维闭环。这个闭环始于全链路、高性能的数据采集。一方面是向前看，进行故障预测和智能调优。在问题发生前，做到防患于未然。另一方面是向后看，当不可避免的故障发生时，平台能进行深度智能分析，并最终推动故障自愈。这是我们的整体目标。这个过程每一步的执行，无论是成功的预测、分析还是自愈操作，其经验和结果都会沉淀到我们的运维知识库中，形成持续的反馈。知识库反过来也会优化我们的AI模型，让整个系统越用越智能。",
  "summary": "产品的未来目标是形成一个完整的、自治的智能运维闭环，实现从故障预测、智能调优到深度分析和故障自愈。所有运维经验将沉淀到知识库中形成持续反馈，反向优化AI模型，让整个系统越用越智能。"
}