{
  "id": "sec_3",
  "index": 2,
  "title": "算力架构的趋势与变革",
  "time_range": "00:04:17,350 - 00:07:01,885",
  "script": "首先是算力规模的扩大，直接带来了算力架构的革新。在整个Scale-out的方向上，集群规模迅速扩大，对组网、路由和负载均衡都提出了新的要求。为突破单元区电力与空间的限制，我们也推出了跨园区的RDMA长传方案，可以实现150公里的无损传输，并将大模型训练的损耗控制在3%以内。同时面对超大规模组网的挑战，我们采用路由聚合与多平面组网等技术，构建了支持10万卡规模的高性能、高可靠智算集群架构。在Scale-up的方向上，超节点产品通过高速互联技术将多台服务器内的加速卡做紧密耦合，形成统一的高性能算力单元。这一革新从根本上解决了单机算力不足和跨机通信的瓶颈问题。业内围绕算力密度这一目标有不少的方案推出。比如，我们今年也陆续发布了多款超节点产品，包括昨天在百度世界大会上发布的百度天池超节点产品，大幅提升了卡间的互联带宽和性能，甚至单个超节点产品也能完成万亿参数的模型训练。这些不同规格的超节点产品可以为不同规模和目标的用户提供合适的“算力单元”。对于超节点整个高密度的算力集群而言，算力的高度集成化离不开操作系统的支撑。openEuler和BaiduLinux CloudOS，我们共同协作，通过统一内存管理、异构调度框架等技术，智能分配计算任务到CPU或者是XPU，实现数据的零拷贝流动，真正将硬件集群转化为一台统一高效的超级计算机。超节点的另一个核心技术是高速互联。在这个方向，业内也在积极突破，比如华为也推出了“灵虬”方案，也看到正式的开源作为整个业内的通用能力。百度也基于开放兼容的理念，推出了自研互联通信协议XPU-Link，可以兼容主流的Scale-up的通信标准，同时也携手生态伙伴共同推动国产AI的算力发展。",
  "summary": "算力规模的扩大推动了算力架构的革新。在Scale-out方面，通过跨园区RDMA长传和大规模组网技术，构建了支持10万卡规模的智算集群。在Scale-up方面，超节点产品通过高速互联和操作系统优化，解决了单机算力瓶颈，并协同生态伙伴共同推动国产AI算力发展。"
}