{
  "address": "ai_session/part_02/chunk_00/01_cut_chunk",
  "status": "completed",
  "input": {
    "video": "/Users/lichuan/Codes/TalkDistill/ai_session.mp4",
    "start": 2028.76,
    "duration": 1501.16,
    "output_name": "chunk_high.mp4"
  },
  "output": {
    "path": "output/ai_session/part_02/chunk_00/01_cut_chunk/artifacts/chunk_high.mp4",
    "start": 2028.76,
    "duration": 1501.16
  },
  "artifacts": [
    "output/ai_session/part_02/chunk_00/01_cut_chunk/artifacts/chunk_high.mp4"
  ],
  "metadata": {
    "ffmpeg": "/opt/homebrew/bin/ffmpeg",
    "start": 2028.76,
    "duration": 1501.16,
    "size_bytes": 775515811
  },
  "trace_id": null,
  "duration_ms": 1177,
  "started_at": "2025-12-15T22:43:44.673234",
  "completed_at": "2025-12-15T14:43:45.852388",
  "step_config": {},
  "dependencies": []
}