{
  "address": "ScienceEducationInnovation/part_02/chunk_00/07_capture_frame/slide_042",
  "status": "completed",
  "input": {
    "video": "output/ScienceEducationInnovation/part_02/chunk_00/01_cut_chunk/artifacts/chunk_high.mp4",
    "timestamp": "00:20:25.780",
    "frame_id": "slide_042",
    "output_ext": ".png"
  },
  "output": "output/ScienceEducationInnovation/part_02/chunk_00/07_capture_frame/slide_042/artifacts/slide_042.png",
  "artifacts": [
    "output/ScienceEducationInnovation/part_02/chunk_00/07_capture_frame/slide_042/artifacts/slide_042.png"
  ],
  "metadata": {
    "timestamp": "00:20:25.780",
    "frame_id": "slide_042",
    "ffmpeg": "/opt/homebrew/bin/ffmpeg"
  },
  "trace_id": null,
  "duration_ms": 4566,
  "started_at": "2025-12-17T10:50:27.902360",
  "completed_at": "2025-12-17T02:50:32.470400",
  "step_config": {},
  "dependencies": [
    "slide_timeline"
  ]
}