{
  "address": "day1_main/part_05/chunk_00/07_capture_frame/slide_005",
  "status": "completed",
  "input": {
    "video": "output/day1_main/part_05/chunk_00/01_cut_chunk/artifacts/chunk_high.mp4",
    "timestamp": "00:06:24.360",
    "frame_id": "slide_005",
    "output_ext": ".png"
  },
  "output": "output/day1_main/part_05/chunk_00/07_capture_frame/slide_005/artifacts/slide_005.png",
  "artifacts": [
    "output/day1_main/part_05/chunk_00/07_capture_frame/slide_005/artifacts/slide_005.png"
  ],
  "metadata": {
    "timestamp": "00:06:24.360",
    "frame_id": "slide_005",
    "ffmpeg": "/opt/homebrew/bin/ffmpeg"
  },
  "trace_id": null,
  "duration_ms": 986,
  "started_at": "2025-12-17T17:23:07.714263",
  "completed_at": "2025-12-17T09:23:08.701115",
  "step_config": {},
  "dependencies": [
    "slide_timeline"
  ]
}