{
  "address": "ScienceEducationInnovation/part_04/chunk_00/07_capture_frame/slide_011",
  "status": "completed",
  "input": {
    "video": "output/ScienceEducationInnovation/part_04/chunk_00/01_cut_chunk/artifacts/chunk_high.mp4",
    "timestamp": "00:06:59.500",
    "frame_id": "slide_011",
    "output_ext": ".png"
  },
  "output": "output/ScienceEducationInnovation/part_04/chunk_00/07_capture_frame/slide_011/artifacts/slide_011.png",
  "artifacts": [
    "output/ScienceEducationInnovation/part_04/chunk_00/07_capture_frame/slide_011/artifacts/slide_011.png"
  ],
  "metadata": {
    "timestamp": "00:06:59.500",
    "frame_id": "slide_011",
    "ffmpeg": "/opt/homebrew/bin/ffmpeg"
  },
  "trace_id": null,
  "duration_ms": 1200,
  "started_at": "2025-12-21T23:17:27.054045",
  "completed_at": "2025-12-21T15:17:28.256240",
  "step_config": {},
  "dependencies": [
    "slide_timeline"
  ]
}