{
  "address": "day1_main/part_07/chunk_00/02_downscale",
  "status": "completed",
  "input": {
    "source": "output/day1_main/part_07/chunk_00/01_cut_chunk/artifacts/chunk_high.mp4",
    "duration": 861.3899999999999,
    "original_fps": 49.99807976366322,
    "output_name": "chunk_low.mp4"
  },
  "output": {
    "path": "output/day1_main/part_07/chunk_00/02_downscale/artifacts/chunk_low.mp4",
    "duration": 861.3899999999999,
    "original_fps": 49.99807976366322,
    "target_fps": 3
  },
  "artifacts": [
    "output/day1_main/part_07/chunk_00/02_downscale/artifacts/chunk_low.mp4"
  ],
  "metadata": {
    "ffmpeg": "/opt/homebrew/bin/ffmpeg",
    "target_size_mb": 20.0,
    "original_fps": 49.99807976366322,
    "target_fps": 3,
    "rate_control": "crf",
    "crf": 28,
    "min_video_bitrate": 80000,
    "audio_bitrate": 32000,
    "scale_height": 0,
    "prefer_hwaccel": false,
    "size_bytes": 13695044
  },
  "trace_id": null,
  "duration_ms": 49971,
  "started_at": "2025-12-17T19:21:56.895478",
  "completed_at": "2025-12-17T11:22:46.869695",
  "step_config": {},
  "dependencies": [
    "cut_chunk"
  ]
}