{
  "address": "ai_session/part_10/chunk_00/09_apply_crop/slide_005",
  "status": "completed",
  "input": {
    "image_path": "output/ai_session/part_10/chunk_00/07_capture_frame/slide_005/artifacts/slide_005.png",
    "crop_region": {
      "x": 654,
      "y": 170,
      "width": 1265,
      "height": 909
    }
  },
  "output": "output/ai_session/part_10/chunk_00/09_apply_crop/slide_005/artifacts/slide_005.png",
  "artifacts": [
    "output/ai_session/part_10/chunk_00/09_apply_crop/slide_005/artifacts/slide_005.png"
  ],
  "metadata": {
    "source": "output/ai_session/part_10/chunk_00/07_capture_frame/slide_005/artifacts/slide_005.png",
    "applied": true,
    "crop_region": {
      "x": 654,
      "y": 170,
      "width": 1265,
      "height": 909
    },
    "size": {
      "width": 1265,
      "height": 909
    }
  },
  "trace_id": null,
  "duration_ms": 93,
  "started_at": "2025-12-16T01:21:34.120158",
  "completed_at": "2025-12-15T17:21:34.214396",
  "step_config": {},
  "dependencies": [
    "capture_frame",
    "crop_decision"
  ]
}