{
  "address": "ai_session/part_04/chunk_00/03_srt_slice",
  "status": "completed",
  "input": {
    "global_srt": "output/ai_session/part_-01/chunk_-01/00_global_funasr/artifacts/global.srt",
    "start_ms": 4619730.0,
    "end_ms": 5057080.0,
    "output_name": "chunk_baseline.srt"
  },
  "output": [
    {
      "index": 1,
      "start": 0,
      "end": 7.86,
      "text": "下面有请咱们那个宝德计算机系统股份有限公司的那个呃解决方案销售总监金龙先生，"
    },
    {
      "index": 2,
      "start": 8.08,
      "end": 14.62,
      "text": "给我们带来保德基于 intelleligtion boom 推理优化及智能应用的实践分享。"
    },
    {
      "index": 3,
      "start": 14.7,
      "end": 21.48,
      "text": "大家欢迎啊，"
    },
    {
      "index": 4,
      "start": 21.52,
      "end": 22.02,
      "text": "各位好，"
    },
    {
      "index": 5,
      "start": 22.1,
      "end": 25.74,
      "text": "那个我是来保德计算机的金融啊，"
    },
    {
      "index": 6,
      "start": 25.74,
      "end": 32.74,
      "text": "今天很荣幸给各位汇报一下我们跟欧拉合作这一块的一些实践和我们在这方面的一些思考情况。"
    },
    {
      "index": 7,
      "start": 32.74,
      "end": 33.005,
      "text": "啊，"
    },
    {
      "index": 8,
      "start": 33.79,
      "end": 36.21,
      "text": "首先讲一下宝德宝德本身的话，"
    },
    {
      "index": 9,
      "start": 36.21,
      "end": 39.95,
      "text": "其实是在国内最早做这个英特尔的这服务器的这个厂家。"
    },
    {
      "index": 10,
      "start": 40.37,
      "end": 40.73,
      "text": "然后呢，"
    },
    {
      "index": 11,
      "start": 40.73,
      "end": 45.35,
      "text": "一九年我们也是第一批做豪油鲲鹏的这个这个服务器的厂商。"
    },
    {
      "index": 12,
      "start": 45.53,
      "end": 47.87,
      "text": "然后后来我们也做了申腾啊，"
    },
    {
      "index": 13,
      "start": 47.87,
      "end": 48.81,
      "text": "这是宝德的概况。"
    },
    {
      "index": 14,
      "start": 49.17,
      "end": 50.45,
      "text": "那我在公司呢，"
    },
    {
      "index": 15,
      "start": 50.45,
      "end": 52.55,
      "text": "除了这个负责公司解决方案以外呢，"
    },
    {
      "index": 16,
      "start": 52.55,
      "end": 53.61,
      "text": "其实我还有身份，"
    },
    {
      "index": 17,
      "start": 53.87,
      "end": 56.37,
      "text": "就是我现在也在管公司的 IT 部。"
    },
    {
      "index": 18,
      "start": 56.77,
      "end": 59.07,
      "text": "所以这个话就是我们为什么跟未来合作呢？"
    },
    {
      "index": 19,
      "start": 59.07,
      "end": 61.35,
      "text": "第一个是我们第一个在看推理市场，"
    },
    {
      "index": 20,
      "start": 61.57,
      "end": 62.39,
      "text": "大模型推理市场，"
    },
    {
      "index": 21,
      "start": 62.39,
      "end": 63.37,
      "text": "我们在研究这一块，"
    },
    {
      "index": 22,
      "start": 63.68,
      "end": 65.26,
      "text": "我们觉得怎么拓展市场。"
    },
    {
      "index": 23,
      "start": 65.26,
      "end": 65.98,
      "text": "第二个呢，"
    },
    {
      "index": 24,
      "start": 65.98,
      "end": 67.48,
      "text": "就是其实我作为 IT 来讲，"
    },
    {
      "index": 25,
      "start": 67.72,
      "end": 70.66,
      "text": "我们自己公司内部有很重要的一个诉求在这里。"
    },
    {
      "index": 26,
      "start": 70.86,
      "end": 74.24,
      "text": "那么保德呢本身是一个传统型的一个制造型企业。"
    },
    {
      "index": 27,
      "start": 74.54,
      "end": 76.64,
      "text": "那我们在这个内部去推这块过程中呢，"
    },
    {
      "index": 28,
      "start": 76.64,
      "end": 78.12,
      "text": "其实我们也碰到了很多问题。"
    },
    {
      "index": 29,
      "start": 78.44,
      "end": 79.26,
      "text": "所以在这块呢，"
    },
    {
      "index": 30,
      "start": 79.26,
      "end": 81.34,
      "text": "根据保德这个欧拉交流完之后呢，"
    },
    {
      "index": 31,
      "start": 81.5,
      "end": 83.96,
      "text": "其实我们也是决定这跟欧前面拥抱，"
    },
    {
      "index": 32,
      "start": 83.96,
      "end": 84.28,
      "text": "欧拉，"
    },
    {
      "index": 33,
      "start": 84.28,
      "end": 85.265,
      "text": "跟他再开展合作。"
    },
    {
      "index": 34,
      "start": 85.91,
      "end": 88.03,
      "text": "那主要是在一块呢。"
    },
    {
      "index": 35,
      "start": 88.03,
      "end": 90.25,
      "text": "那么对于保德现在而言的话，"
    },
    {
      "index": 36,
      "start": 90.25,
      "end": 93.19,
      "text": "本身虽然我们可能一年可能几十上百亿的一个销售额，"
    },
    {
      "index": 37,
      "start": 93.41,
      "end": 95.29,
      "text": "但是我们的员工大概在一千多个人。"
    },
    {
      "index": 38,
      "start": 95.65,
      "end": 96.61,
      "text": "实际上我们内部的话，"
    },
    {
      "index": 39,
      "start": 96.61,
      "end": 98.63,
      "text": "其实在推这块的话也碰到很多问题。"
    },
    {
      "index": 40,
      "start": 98.63,
      "end": 101.81,
      "text": "就是第一个简单的说就是在需求这一块，"
    },
    {
      "index": 41,
      "start": 101.849,
      "end": 103.97,
      "text": "算力这一块不算苛刻，"
    },
    {
      "index": 42,
      "start": 104.69,
      "end": 105.75,
      "text": "但是也不低，"
    },
    {
      "index": 43,
      "start": 106.17,
      "end": 107.01,
      "text": "要求也不低。"
    },
    {
      "index": 44,
      "start": 107.41,
      "end": 109.99,
      "text": "第二个在 IT 的投入这一块，"
    },
    {
      "index": 45,
      "start": 110.76,
      "end": 112.24,
      "text": "这个跟华为是没法比的。"
    },
    {
      "index": 46,
      "start": 112.66,
      "end": 114.04,
      "text": "事实上对成本这一块，"
    },
    {
      "index": 47,
      "start": 114.04,
      "end": 117.0,
      "text": "我们是有是有一个比较要要求的啊，"
    },
    {
      "index": 48,
      "start": 117.04,
      "end": 118.96,
      "text": "我们需要还是要讲一些性价比。"
    },
    {
      "index": 49,
      "start": 119.38,
      "end": 122.04,
      "text": "第三个呢就是在这个投入这一块。"
    },
    {
      "index": 50,
      "start": 122.42,
      "end": 127.98,
      "text": "那么呃我相信这个像类似于宝德这样的一个很多 IT 投入这块也是一样的。"
    },
    {
      "index": 51,
      "start": 128.2,
      "end": 129.24,
      "text": "无论从人员、"
    },
    {
      "index": 52,
      "start": 129.78,
      "end": 130.16,
      "text": "能力、"
    },
    {
      "index": 53,
      "start": 130.16,
      "end": 132.3,
      "text": "经验这一块事实上是有限的。"
    },
    {
      "index": 54,
      "start": 132.5,
      "end": 134.64,
      "text": "如果一个系统这个太复杂的话，"
    },
    {
      "index": 55,
      "start": 134.84,
      "end": 136.18,
      "text": "其实对我们部署来讲，"
    },
    {
      "index": 56,
      "start": 136.28,
      "end": 138.04,
      "text": "可持续来讲是有很大的问题的。"
    },
    {
      "index": 57,
      "start": 138.32,
      "end": 139.78,
      "text": "所以简单的归纳了三点，"
    },
    {
      "index": 58,
      "start": 139.78,
      "end": 142.93,
      "text": "就第一个我就是从我们来讲选择上就三点。"
    },
    {
      "index": 59,
      "start": 143.17,
      "end": 145.01,
      "text": "第一个我们如果选型一个东西的话，"
    },
    {
      "index": 60,
      "start": 145.01,
      "end": 146.09,
      "text": "第一个要足够好，"
    },
    {
      "index": 61,
      "start": 146.51,
      "end": 147.65,
      "text": "这是讲技术先进性。"
    },
    {
      "index": 62,
      "start": 148.09,
      "end": 149.99,
      "text": "第二个呢就要性价比，"
    },
    {
      "index": 63,
      "start": 149.99,
      "end": 150.89,
      "text": "成本不能太高。"
    },
    {
      "index": 64,
      "start": 150.89,
      "end": 152.51,
      "text": "第三个呢要好用。"
    },
    {
      "index": 65,
      "start": 152.51,
      "end": 154.41,
      "text": "如果这个事情太复杂，"
    },
    {
      "index": 66,
      "start": 154.41,
      "end": 156.09,
      "text": "对技术人员的要求太高的话，"
    },
    {
      "index": 67,
      "start": 156.09,
      "end": 158.41,
      "text": "实际上在一个制造型企业落地的时候，"
    },
    {
      "index": 68,
      "start": 158.41,
      "end": 159.65,
      "text": "是会碰到非常多的困难。"
    },
    {
      "index": 69,
      "start": 159.65,
      "end": 161.01,
      "text": "走不下去的啊，"
    },
    {
      "index": 70,
      "start": 161.03,
      "end": 166.11,
      "text": "其实这个所以呢这个我们在这个跟欧拉交流完之后呢，"
    },
    {
      "index": 71,
      "start": 166.39,
      "end": 169.59,
      "text": "呃我们其实觉得欧拉这一块的选择实际上更符合我们。"
    },
    {
      "index": 72,
      "start": 169.59,
      "end": 171.39,
      "text": "因为在呃这个之前的话，"
    },
    {
      "index": 73,
      "start": 171.39,
      "end": 174.17,
      "text": "其实我们像这个跟其他国内的几个厂商，"
    },
    {
      "index": 74,
      "start": 174.17,
      "end": 175.13,
      "text": "我们其实有都交流。"
    },
    {
      "index": 75,
      "start": 175.13,
      "end": 176.01,
      "text": "我们自己内部也搭了，"
    },
    {
      "index": 76,
      "start": 176.01,
      "end": 177.37,
      "text": "系统也在实践。"
    },
    {
      "index": 77,
      "start": 177.69,
      "end": 179.39,
      "text": "但是我们也碰到很多问题。"
    },
    {
      "index": 78,
      "start": 179.93,
      "end": 183.18,
      "text": "那么今天呢就是我们在这里呢，"
    },
    {
      "index": 79,
      "start": 183.18,
      "end": 184.16,
      "text": "其实我们跟欧拉，"
    },
    {
      "index": 80,
      "start": 184.48,
      "end": 188.36,
      "text": "我们其实一直推出我们叫宝芝灵的一个 IG 一体机。"
    },
    {
      "index": 81,
      "start": 188.66,
      "end": 192.52,
      "text": "这个呢会作为宝德后续在我们推零领域的一个解决方案，"
    },
    {
      "index": 82,
      "start": 192.52,
      "end": 193.82,
      "text": "品牌一直往前在走。"
    },
    {
      "index": 83,
      "start": 194.18,
      "end": 195.8,
      "text": "那么跟欧拉在这做了做以后呢，"
    },
    {
      "index": 84,
      "start": 195.8,
      "end": 200.88,
      "text": "我们实际上是整个基于我们的一个四 u 的一机十卡的一个机器。"
    },
    {
      "index": 85,
      "start": 201.1,
      "end": 203.575,
      "text": "这个卡呢实际上是是三百度，"
    },
    {
      "index": 86,
      "start": 204.27,
      "end": 208.19,
      "text": "实际上是可以把我们整个硬件的成本是降到三十万个级别。"
    },
    {
      "index": 87,
      "start": 208.19,
      "end": 208.65,
      "text": "第二个呢，"
    },
    {
      "index": 88,
      "start": 208.65,
      "end": 212.15,
      "text": "我们实际上是可以整个整个预装预装完之后，"
    },
    {
      "index": 89,
      "start": 212.15,
      "end": 216.61,
      "text": "把整个一套软件全部直接预装给客户化一体机进行交付。"
    },
    {
      "index": 90,
      "start": 216.61,
      "end": 217.31,
      "text": "然后完之后呢，"
    },
    {
      "index": 91,
      "start": 217.31,
      "end": 220.51,
      "text": "我们现在呢就说在所有的这个软件的，"
    },
    {
      "index": 92,
      "start": 220.51,
      "end": 222.41,
      "text": "在我们实验室都是经过测试过的。"
    },
    {
      "index": 93,
      "start": 222.93,
      "end": 224.15,
      "text": "我们对他定位是什么？"
    },
    {
      "index": 94,
      "start": 224.47,
      "end": 227.31,
      "text": "就是我们定位是我们追求的是中小型客户，"
    },
    {
      "index": 95,
      "start": 227.93,
      "end": 231.25,
      "text": "完了之后有一定并发量几十路不会要求高并发，"
    },
    {
      "index": 96,
      "start": 231.57,
      "end": 234.035,
      "text": "我们不跟这个训练去比这个高并发。"
    },
    {
      "index": 97,
      "start": 234.53,
      "end": 236.29,
      "text": "我们在八路三十二路情况下，"
    },
    {
      "index": 98,
      "start": 236.29,
      "end": 242.41,
      "text": "我们实际上是跟九幺零 b 基本上在并发的这个数据量上可以达到一个平等的也相相当的一个水平。"
    },
    {
      "index": 99,
      "start": 242.75,
      "end": 244.79,
      "text": "但是我们的硬件成本就做到大幅降低。"
    },
    {
      "index": 100,
      "start": 245.25,
      "end": 245.49,
      "text": "啊，"
    },
    {
      "index": 101,
      "start": 245.53,
      "end": 246.975,
      "text": "这主要追求是这个东西。"
    },
    {
      "index": 102,
      "start": 247.71,
      "end": 249.41,
      "text": "那么我们追求极致的性价比，"
    },
    {
      "index": 103,
      "start": 249.77,
      "end": 251.95,
      "text": "在针对我们在这种技术并发下，"
    },
    {
      "index": 104,
      "start": 251.95,
      "end": 253.45,
      "text": "我们的性能足够好，"
    },
    {
      "index": 105,
      "start": 253.85,
      "end": 254.89,
      "text": "成本足够低。"
    },
    {
      "index": 106,
      "start": 255.31,
      "end": 258.17,
      "text": "然后完了之后我们的运维交付足够简单，"
    },
    {
      "index": 107,
      "start": 258.59,
      "end": 260.595,
      "text": "这个是我们整个方案在追求的目标。"
    },
    {
      "index": 108,
      "start": 263.22,
      "end": 263.46,
      "text": "呃，"
    },
    {
      "index": 109,
      "start": 263.56,
      "end": 267.12,
      "text": "所以说在这里的话就是我们要直变成本和性能的挑战。"
    },
    {
      "index": 110,
      "start": 267.12,
      "end": 268.62,
      "text": "从整个系统的角度，"
    },
    {
      "index": 111,
      "start": 269.0,
      "end": 269.66,
      "text": "某种程度上，"
    },
    {
      "index": 112,
      "start": 269.66,
      "end": 271.86,
      "text": "我们打破过去的这种软硬件结构，"
    },
    {
      "index": 113,
      "start": 271.86,
      "end": 273.82,
      "text": "我们想纵向去进行耦合，"
    },
    {
      "index": 114,
      "start": 274.22,
      "end": 276.62,
      "text": "去实现整体系统性能的最佳平衡。"
    },
    {
      "index": 115,
      "start": 277.04,
      "end": 280.34,
      "text": "我还记得我当时我们在跟欧拉第一次交流的时候，"
    },
    {
      "index": 116,
      "start": 280.54,
      "end": 285.68,
      "text": "欧拉在给我们演示的时候是用的三台九幺零 b 大家可以估算出来，"
    },
    {
      "index": 117,
      "start": 285.68,
      "end": 288.235,
      "text": "这个是在三百万级别的做多模态。"
    },
    {
      "index": 118,
      "start": 288.98,
      "end": 290.62,
      "text": "但是通过几个月工作下来之后，"
    },
    {
      "index": 119,
      "start": 290.62,
      "end": 294.52,
      "text": "我们今天是拿的一台机器十张三百亿度的卡，"
    },
    {
      "index": 120,
      "start": 294.92,
      "end": 297.535,
      "text": "整个硬件平台降到了三十万级别，"
    },
    {
      "index": 121,
      "start": 298.3,
      "end": 304.3,
      "text": "这个进步是非常大的那在这里边的话通过了我们这个软硬件软硬件上协同调优啊，"
    },
    {
      "index": 122,
      "start": 304.38,
      "end": 306.44,
      "text": "通过这个硬件异构并行融合，"
    },
    {
      "index": 123,
      "start": 306.88,
      "end": 308.64,
      "text": "通过组合策量化策略，"
    },
    {
      "index": 124,
      "start": 308.7,
      "end": 311.1,
      "text": "通过 AI 辅助敏捷开发这些多个手段。"
    },
    {
      "index": 125,
      "start": 311.42,
      "end": 313.74,
      "text": "实际上可以看到这几个月我们进步非常快。"
    },
    {
      "index": 126,
      "start": 314.2,
      "end": 315.12,
      "text": "整个完了之后，"
    },
    {
      "index": 127,
      "start": 315.12,
      "end": 325.84,
      "text": "我们在这个一个相对来说一个相对廉价的平台上达到了一个足够好的一个性能做了这件事情啊，"
    },
    {
      "index": 128,
      "start": 325.92,
      "end": 332.82,
      "text": "那个这个是最近呢其实我们把那个 m catch 在这个我们的硬件平台上已经做了一些测试。"
    },
    {
      "index": 129,
      "start": 333.08,
      "end": 333.72,
      "text": "测完之后，"
    },
    {
      "index": 130,
      "start": 333.72,
      "end": 335.2,
      "text": "其实对多轮交互情况下，"
    },
    {
      "index": 131,
      "start": 335.2,
      "end": 336.52,
      "text": "面对我们的实验的话，"
    },
    {
      "index": 132,
      "start": 336.68,
      "end": 338.96,
      "text": "实际上能降低百分之二十到三十，"
    },
    {
      "index": 133,
      "start": 339.18,
      "end": 340.4,
      "text": "效果非常明显。"
    },
    {
      "index": 134,
      "start": 340.7,
      "end": 342.56,
      "text": "后续的话我们还会把 expert，"
    },
    {
      "index": 135,
      "start": 342.58,
      "end": 345.3,
      "text": "包括后面这个 DP 下 t 到我们的平台上进行验证。"
    },
    {
      "index": 136,
      "start": 345.64,
      "end": 350.9,
      "text": "整个的话一套我们会作为打包成一个完整的一个方案给客户进行提供。"
    },
    {
      "index": 137,
      "start": 351.42,
      "end": 352.24,
      "text": "所以这一块的话，"
    },
    {
      "index": 138,
      "start": 352.24,
      "end": 355.255,
      "text": "我们整个呃经过我们这几个月实验下来之后，"
    },
    {
      "index": 139,
      "start": 355.61,
      "end": 356.87,
      "text": "从我们自己推理来讲，"
    },
    {
      "index": 140,
      "start": 357.15,
      "end": 358.89,
      "text": "我们觉得我们是第一个，"
    },
    {
      "index": 141,
      "start": 358.93,
      "end": 360.79,
      "text": "我们这个选择欧拉这条路是对的。"
    },
    {
      "index": 142,
      "start": 361.11,
      "end": 361.53,
      "text": "第二个，"
    },
    {
      "index": 143,
      "start": 361.53,
      "end": 364.81,
      "text": "我们这个整个团队的这个选择的方向没什么问题。"
    },
    {
      "index": 144,
      "start": 365.01,
      "end": 368.55,
      "text": "后续的话我们会这个加强这个跟欧拉的合作。"
    },
    {
      "index": 145,
      "start": 368.77,
      "end": 373.63,
      "text": "包括到明年 q 一新的三五零 p 的这个芯片出来之后，"
    },
    {
      "index": 146,
      "start": 373.91,
      "end": 376.43,
      "text": "我们也会跟欧拉一起第一时间去做适配。"
    },
    {
      "index": 147,
      "start": 376.77,
      "end": 377.93,
      "text": "完了之后呃，"
    },
    {
      "index": 148,
      "start": 378.01,
      "end": 380.03,
      "text": "结合我们的这个 DPC 算能力，"
    },
    {
      "index": 149,
      "start": 380.03,
      "end": 383.91,
      "text": "我们会在推出我们的多模态的一些一些产品和方案。"
    },
    {
      "index": 150,
      "start": 384.17,
      "end": 386.74,
      "text": "完了之后更好的去给客户提供一些服务。"
    },
    {
      "index": 151,
      "start": 387.08,
      "end": 387.445,
      "text": "好，"
    },
    {
      "index": 152,
      "start": 388.29,
      "end": 388.53,
      "text": "行，"
    },
    {
      "index": 153,
      "start": 388.89,
      "end": 392.57,
      "text": "这个是我们今天这个想跟各位领导汇报的，"
    },
    {
      "index": 154,
      "start": 392.57,
      "end": 395.67,
      "text": "就是我们在跟欧拉合作这块在推理这块的一方案，"
    },
    {
      "index": 155,
      "start": 395.67,
      "end": 397.23,
      "text": "情况大致情况就这样。"
    },
    {
      "index": 156,
      "start": 397.23,
      "end": 397.47,
      "text": "好，"
    },
    {
      "index": 157,
      "start": 397.47,
      "end": 398.645,
      "text": "感谢谢谢，"
    },
    {
      "index": 158,
      "start": 399.77,
      "end": 402.495,
      "text": "谢谢你成变态啊。"
    },
    {
      "index": 159,
      "start": 404.4,
      "end": 404.62,
      "text": "好，"
    },
    {
      "index": 160,
      "start": 404.62,
      "end": 411.84,
      "text": "那个非常感谢金老师给我们带来的这个宝智灵 IG 一体机的这个这个方方案哈，"
    },
    {
      "index": 161,
      "start": 411.84,
      "end": 412.8,
      "text": "就是解决方案。"
    },
    {
      "index": 162,
      "start": 413.0,
      "end": 417.96,
      "text": "然后急具呃那个性高性能低成本易使用的这个推理解决方案。"
    },
    {
      "index": 163,
      "start": 418.24,
      "end": 422.06,
      "text": "我们可以看到刚才跟社区的 intelligence boom 结合之后，"
    },
    {
      "index": 164,
      "start": 422.34,
      "end": 427.1,
      "text": "它从一个推理的解决方案从百万级降低到十万级的这样一个水平，"
    },
    {
      "index": 165,
      "start": 427.36,
      "end": 432.12,
      "text": "也将近带来那倍级的几十来倍的一个一个下降。"
    },
    {
      "index": 166,
      "start": 432.14,
      "end": 432.9,
      "text": "成本的下降啊，"
    },
    {
      "index": 167,
      "start": 432.9,
      "end": 436.15,
      "text": "是个很好的一个个呃这个呃案例啊。"
    },
    {
      "index": 168,
      "start": 436.33,
      "end": 437.29,
      "text": "好呃，"
    },
    {
      "index": 169,
      "start": 437.35,
      "end": 445.33,
      "text": "下面呢就是有请华为技术有限公司 AI 工程师李宇正先生给我们带来通算计算大模型推理，"
    }
  ],
  "artifacts": [
    "output/ai_session/part_04/chunk_00/03_srt_slice/artifacts/chunk_baseline.srt"
  ],
  "metadata": {},
  "trace_id": null,
  "duration_ms": 0,
  "started_at": "2025-12-15T17:45:13.951838",
  "completed_at": "2025-12-15T09:45:14.075253",
  "step_config": {},
  "dependencies": [
    "downscale"
  ]
}