{
  "address": "ScienceEducationInnovation/part_03/chunk_00/07_capture_frame/slide_013",
  "status": "completed",
  "input": {
    "video": "output/ScienceEducationInnovation/part_03/chunk_00/01_cut_chunk/artifacts/chunk_high.mp4",
    "timestamp": "00:09:19.860",
    "frame_id": "slide_013",
    "output_ext": ".png"
  },
  "output": "output/ScienceEducationInnovation/part_03/chunk_00/07_capture_frame/slide_013/artifacts/slide_013.png",
  "artifacts": [
    "output/ScienceEducationInnovation/part_03/chunk_00/07_capture_frame/slide_013/artifacts/slide_013.png"
  ],
  "metadata": {
    "timestamp": "00:09:19.860",
    "frame_id": "slide_013",
    "ffmpeg": "/opt/homebrew/bin/ffmpeg"
  },
  "trace_id": null,
  "duration_ms": 1175,
  "started_at": "2025-12-19T01:07:58.332289",
  "completed_at": "2025-12-18T17:07:59.508361",
  "step_config": {},
  "dependencies": [
    "slide_timeline"
  ]
}