{
  "address": "ai_session/part_11/chunk_00/07_capture_frame/slide_002",
  "status": "completed",
  "input": {
    "video": "output/ai_session/part_11/chunk_00/01_cut_chunk/artifacts/chunk_high.mp4",
    "timestamp": "00:00:16.760",
    "frame_id": "slide_002",
    "output_ext": ".png"
  },
  "output": "output/ai_session/part_11/chunk_00/07_capture_frame/slide_002/artifacts/slide_002.png",
  "artifacts": [
    "output/ai_session/part_11/chunk_00/07_capture_frame/slide_002/artifacts/slide_002.png"
  ],
  "metadata": {
    "timestamp": "00:00:16.760",
    "frame_id": "slide_002",
    "ffmpeg": "/opt/homebrew/bin/ffmpeg"
  },
  "trace_id": null,
  "duration_ms": 353,
  "started_at": "2025-12-16T01:34:13.733531",
  "completed_at": "2025-12-15T17:34:14.087731",
  "step_config": {},
  "dependencies": [
    "slide_timeline"
  ]
}