{
  "address": "ai_session/part_07/chunk_00/09_apply_crop/slide_010",
  "status": "completed",
  "input": {
    "image_path": "output/ai_session/part_07/chunk_00/07_capture_frame/slide_010/artifacts/slide_010.png",
    "crop_region": {
      "x": 867,
      "y": 151,
      "width": 1052,
      "height": 928
    }
  },
  "output": "output/ai_session/part_07/chunk_00/09_apply_crop/slide_010/artifacts/slide_010.png",
  "artifacts": [
    "output/ai_session/part_07/chunk_00/09_apply_crop/slide_010/artifacts/slide_010.png"
  ],
  "metadata": {
    "source": "output/ai_session/part_07/chunk_00/07_capture_frame/slide_010/artifacts/slide_010.png",
    "applied": true,
    "crop_region": {
      "x": 867,
      "y": 151,
      "width": 1052,
      "height": 928
    },
    "size": {
      "width": 1052,
      "height": 928
    }
  },
  "trace_id": null,
  "duration_ms": 86,
  "started_at": "2025-12-16T00:31:41.596940",
  "completed_at": "2025-12-15T16:31:41.687923",
  "step_config": {},
  "dependencies": [
    "capture_frame",
    "crop_decision"
  ]
}