{
  "address": "ai_session/part_04/chunk_00/06_slide_timeline",
  "status": "completed",
  "input": {
    "video": "output/ai_session/part_04/chunk_00/02_downscale/artifacts/chunk_low.mp4",
    "subtitles": [
      {
        "index": 1,
        "start": 0.0,
        "end": 7.86,
        "text": "有请宝德计算机系统股份有限公司解决方案销售总监金龙先生，"
      },
      {
        "index": 2,
        "start": 8.08,
        "end": 14.62,
        "text": "给我们带来《宝德基于intelligence boom推理优化及智能应用的实践分享》。"
      },
      {
        "index": 3,
        "start": 14.7,
        "end": 21.48,
        "text": "大家欢迎。"
      },
      {
        "index": 4,
        "start": 21.52,
        "end": 25.74,
        "text": "各位好，我是来自宝德计算机的金龙。"
      },
      {
        "index": 5,
        "start": 25.74,
        "end": 32.74,
        "text": "今天很荣幸给各位汇报一下我们与欧拉合作的一些实践，以及我们在这方面的一些思考。"
      },
      {
        "index": 6,
        "start": 33.79,
        "end": 39.95,
        "text": "首先讲一下宝德。宝德本身是在国内最早做Intel服务器的厂家。"
      },
      {
        "index": 7,
        "start": 40.73,
        "end": 48.81,
        "text": "2019年我们也是第一批做华为鲲鹏服务器的厂家，后来我们又做了昇腾。这是宝德的概况。"
      },
      {
        "index": 8,
        "start": 49.17,
        "end": 56.37,
        "text": "我在公司除了负责公司解决方案以外，我还有一个身份，就是我现在也在管公司的IT部。"
      },
      {
        "index": 9,
        "start": 56.77,
        "end": 61.35,
        "text": "所以，我们为什么跟欧拉合作呢？第一，我们看好推理市场。"
      },
      {
        "index": 10,
        "start": 61.57,
        "end": 65.26,
        "text": "大模型推理市场，我们在这方面研究，觉得要去拓展市场。"
      },
      {
        "index": 11,
        "start": 65.26,
        "end": 70.66,
        "text": "第二，作为IT来讲，我们自己公司内部有很多重要的诉求。"
      },
      {
        "index": 12,
        "start": 70.86,
        "end": 78.12,
        "text": "宝德本身是一个传统的制造型企业，我们在内部推广的过程中也碰到了很多问题。"
      },
      {
        "index": 13,
        "start": 78.44,
        "end": 85.265,
        "text": "所以在这方面跟欧拉交流完之后，我们决定拥抱欧拉，跟它展开合作。"
      },
      {
        "index": 14,
        "start": 85.91,
        "end": 95.29,
        "text": "对于现在的宝德而言，虽然我们年销售额可能在几十到上百亿，但我们的员工大概在1300多个人。"
      },
      {
        "index": 15,
        "start": 95.65,
        "end": 98.63,
        "text": "实际上我们内部在推这块也碰到很多问题。"
      },
      {
        "index": 16,
        "start": 98.63,
        "end": 107.01,
        "text": "简单说，第一，在算力需求这块，不算苛刻，但要求也不低。"
      },
      {
        "index": 17,
        "start": 107.41,
        "end": 117.0,
        "text": "第二，在IT投入这块，跟华为是没法比的。实际上对成本我们是有比较高的要求的。"
      },
      {
        "index": 18,
        "start": 117.04,
        "end": 118.96,
        "text": "我们还是要讲一些性价比。"
      },
      {
        "index": 19,
        "start": 119.38,
        "end": 127.98,
        "text": "第三，在投入这块，我相信像类似于宝德这样的很多IT投入都是一样的。"
      },
      {
        "index": 20,
        "start": 128.2,
        "end": 132.3,
        "text": "无论从人员、能力、经验这块，都是有限的。"
      },
      {
        "index": 21,
        "start": 132.5,
        "end": 138.04,
        "text": "如果一个系统太复杂，其实对我们部署来讲，可持续性是有很大问题的。"
      },
      {
        "index": 22,
        "start": 138.32,
        "end": 142.93,
        "text": "简单归纳三点，就是从我们选择上就这三点。"
      },
      {
        "index": 23,
        "start": 143.17,
        "end": 147.65,
        "text": "第一，我们如果选型一个东西，第一要足够好，这是讲技术先进性。"
      },
      {
        "index": 24,
        "start": 148.09,
        "end": 150.89,
        "text": "第二，要有性价比，成本不能太高。"
      },
      {
        "index": 25,
        "start": 151.599,
        "end": 152.589,
        "text": "第三，要好用。"
      },
      {
        "index": 26,
        "start": 152.949,
        "end": 161.01,
        "text": "如果这个事情太复杂，对技术人员的要求太高，实际上在一个制造型企业落地时会碰到非常多的困难，走不下去的。"
      },
      {
        "index": 27,
        "start": 161.01,
        "end": 161.81,
        "text": "就是这个。"
      },
      {
        "index": 28,
        "start": 161.81,
        "end": 169.59,
        "text": "所以，我们跟欧拉交流完之后，我们觉得欧拉的选择更符合我们。"
      },
      {
        "index": 29,
        "start": 169.59,
        "end": 177.37,
        "text": "因为在这之前，其实我们像跟国内其他几个厂家，我们其实都交流过，我们自己内部也搭了系统，也在实践。"
      },
      {
        "index": 30,
        "start": 177.69,
        "end": 179.39,
        "text": "但是我们也碰到了很多问题。"
      },
      {
        "index": 31,
        "start": 179.93,
        "end": 193.82,
        "text": "今天我们在这里跟欧拉一直推出我们叫“宝智灵”的RAG一体机，这个会作为宝德后续在我们推理领域的一个解决方案品牌一直往前在走。"
      },
      {
        "index": 32,
        "start": 194.18,
        "end": 203.575,
        "text": "那么跟欧拉在这做完之后，我们是整个基于我们的一个4U、一机十卡的机器，这个卡是昇腾310 Duo。"
      },
      {
        "index": 33,
        "start": 204.27,
        "end": 208.19,
        "text": "可以把我们整个硬件的成本降到30万级别。"
      },
      {
        "index": 34,
        "start": 208.65,
        "end": 216.61,
        "text": "第二，我们是可以整个预装，预装完之后把整个一套软件全部直接预装，给客户一体机进行交付。"
      },
      {
        "index": 35,
        "start": 216.61,
        "end": 222.41,
        "text": "然后，我们现在所有的软件在我们的实验室都是经过测试过的。"
      },
      {
        "index": 36,
        "start": 222.93,
        "end": 231.25,
        "text": "我们对它的定位是什么？就是我们定位是追求中小型的客户，完了之后有一定并发量，几十路，不会要求高并发。"
      },
      {
        "index": 37,
        "start": 231.57,
        "end": 234.035,
        "text": "我们不跟训练去比高并发。"
      },
      {
        "index": 38,
        "start": 234.53,
        "end": 244.79,
        "text": "我们在8路、32路情况下，实际上是跟910B基本上在并发的数据量上可以达到一个相当的水平，但是我们的硬件成本就做到大幅降低。"
      },
      {
        "index": 39,
        "start": 245.53,
        "end": 246.975,
        "text": "主要追求是这个东西。"
      },
      {
        "index": 40,
        "start": 247.71,
        "end": 254.89,
        "text": "我们追求极致的性价比，在针对我们这种几十路并发下，我们的性能足够好，成本足够低。"
      },
      {
        "index": 41,
        "start": 255.31,
        "end": 258.17,
        "text": "然后我们运维、交付足够简单。"
      },
      {
        "index": 42,
        "start": 258.59,
        "end": 262.389,
        "text": "这个是我们整个方案在追求的目标。"
      },
      {
        "index": 43,
        "start": 263.56,
        "end": 276.62,
        "text": "所以在这里的话，我们直面成本和性能的挑战，从整个系统的角度，某种程度上我们打破过去的软硬件解耦，我们想纵向去进行耦合，去实现整体系统性能的最佳平衡。"
      },
      {
        "index": 44,
        "start": 277.04,
        "end": 288.235,
        "text": "我还记得当时我们跟欧拉第一次交流的时候，欧拉在给我们演示的时候，是用三台910B，大家可以估算出来，这个是在300万级别的做多模态。"
      },
      {
        "index": 45,
        "start": 288.98,
        "end": 297.535,
        "text": "但是通过几个月工作下来，我们今天是用的一台机器、十张310 Duo的卡，整个硬件平台降到了30万级别。"
      },
      {
        "index": 46,
        "start": 298.3,
        "end": 300.0,
        "text": "这个进步是非常大的。"
      },
      {
        "index": 47,
        "start": 300.0,
        "end": 311.1,
        "text": "在这里面，通过我们的软硬件协同调优，通过异构并行融合，通过组合量化策略，通过AI辅助敏捷开发等多种手段。"
      },
      {
        "index": 48,
        "start": 311.42,
        "end": 325.84,
        "text": "可以看到这几个月我们进步非常快，整个完了之后，我们在一个相对来说，一个相对廉价的平台上，达到了一个足够好的性能，做了这件事情。"
      },
      {
        "index": 49,
        "start": 325.92,
        "end": 340.4,
        "text": "最近，其实我们把LMCache在我们的硬件平台上已经做了一些测试，测完之后，其实对多轮交互情况下，对我们的时延降低20%到30%，效果非常明显。"
      },
      {
        "index": 50,
        "start": 340.7,
        "end": 345.3,
        "text": "后续的话，我们还会把expert，包括后面这个DeepInsight到我们平台上去验证。"
      },
      {
        "index": 51,
        "start": 345.64,
        "end": 350.9,
        "text": "整个一套，我们会作为打包成一个完整的方案，给客户进行提供。"
      },
      {
        "index": 52,
        "start": 351.42,
        "end": 360.79,
        "text": "所以这块的话，我们整个经过我们这几个月实验下来之后，我们从我们自己推理来讲，我们觉得第一个，我们选择欧拉这条路是对的。"
      },
      {
        "index": 53,
        "start": 361.11,
        "end": 376.43,
        "text": "第二个，我们整个团队的选择的方向没什么问题，后续的话我们会加强这个跟欧拉的合作，包括到明年Q1，新的350P的芯片出来之后，我们也会跟欧拉一起第一时间去做适配。"
      },
      {
        "index": 54,
        "start": 376.77,
        "end": 386.74,
        "text": "完了之后，结合我们的DeepInsight能力，我们会在推出我们的多模态的一些产品和方案，完了之后更好地去给客户提供一些服务。"
      },
      {
        "index": 55,
        "start": 387.08,
        "end": 387.445,
        "text": "好。"
      },
      {
        "index": 56,
        "start": 388.89,
        "end": 397.23,
        "text": "这个是我们今天想给各位领导汇报的就是我们在跟欧拉合作这块，在推理这块的方案情况，大致情况就这样。"
      },
      {
        "index": 57,
        "start": 397.23,
        "end": 398.645,
        "text": "好，感谢，谢谢。"
      },
      {
        "index": 58,
        "start": 399.77,
        "end": 402.495,
        "text": "谢谢。"
      },
      {
        "index": 59,
        "start": 404.4,
        "end": 417.96,
        "text": "好，那个非常感谢金老师给我们带来的这个“宝智灵”RAG一体机的这个解决方案，极具高性、低成本、易使用的这个推理解决方案。"
      },
      {
        "index": 60,
        "start": 418.24,
        "end": 436.15,
        "text": "我们可以看到刚才跟社区的intelligence boom结合之后，它从一个推理的解决方案从百万级降低到十万级的这样一个水平，将近带来十来倍的一个成本的下降，是一个很好的这个案例啊。"
      },
      {
        "index": 61,
        "start": 436.33,
        "end": 437.0,
        "text": "好。"
      }
    ],
    "duration": 437.35000000000036,
    "chunk_label": "part_04/chunk_00"
  },
  "output": {
    "video": "output/ai_session/part_04/chunk_00/02_downscale/artifacts/chunk_low.mp4",
    "slides": [
      {
        "id": "slide_001",
        "timestamp": "00:00:00,500",
        "second_offset": 0.5,
        "end_second": 7.5,
        "title": "AI分论坛背景页",
        "kind": "slide",
        "notes": ""
      },
      {
        "id": "slide_002",
        "timestamp": "00:00:08,500",
        "second_offset": 8.5,
        "end_second": 15.5,
        "title": "演讲嘉宾介绍：金龙 宝德解决方案部总监",
        "kind": "slide",
        "notes": ""
      },
      {
        "id": "slide_003",
        "timestamp": "00:00:24,500",
        "second_offset": 24.5,
        "end_second": 32.8,
        "title": "宝德“宝智灵”解决方案基于 intelligence boom 推理实践分享 演讲人：金龙",
        "kind": "slide",
        "notes": ""
      },
      {
        "id": "slide_004",
        "timestamp": "00:00:33,500",
        "second_offset": 33.5,
        "end_second": 84.8,
        "title": "宝德是一家自主创新的公司 公司概况与发展历程",
        "kind": "slide",
        "notes": ""
      },
      {
        "id": "slide_005",
        "timestamp": "00:01:25,500",
        "second_offset": 85.5,
        "end_second": 160.8,
        "title": "中小中型单位部署DeepSeek大模型面临算力与成本的挑战 算力、成本、技术门槛分析",
        "kind": "slide",
        "notes": ""
      },
      {
        "id": "slide_006",
        "timestamp": "00:02:41,500",
        "second_offset": 161.5,
        "end_second": 260.8,
        "title": "宝德联合openEuler推出“宝智灵”RAG一体机 预装全套智能底座",
        "kind": "slide",
        "notes": ""
      },
      {
        "id": "slide_007",
        "timestamp": "00:04:21,500",
        "second_offset": 261.5,
        "end_second": 322.8,
        "title": "直面成本与性能挑战，从软硬件系统维度，持续挖潜 实现最佳平衡",
        "kind": "slide",
        "notes": ""
      },
      {
        "id": "slide_008",
        "timestamp": "00:05:23,500",
        "second_offset": 323.5,
        "end_second": 386.8,
        "title": "全栈深耕全栈联合，打造行业智能化竞争力 发展路线图与关键技术节点",
        "kind": "slide",
        "notes": ""
      },
      {
        "id": "slide_009",
        "timestamp": "00:06:27,500",
        "second_offset": 387.5,
        "end_second": 401.5,
        "title": "感谢聆听",
        "kind": "slide",
        "notes": ""
      },
      {
        "id": "slide_010",
        "timestamp": "00:06:43,500",
        "second_offset": 403.5,
        "end_second": 437.0,
        "title": "AI分论坛背景页",
        "kind": "slide",
        "notes": ""
      }
    ],
    "srt_path": "output/ai_session/part_04/chunk_00/06_slide_timeline/artifacts/slide_timeline.srt"
  },
  "artifacts": [
    "output/ai_session/part_04/chunk_00/06_slide_timeline/artifacts/slide_timeline.srt"
  ],
  "metadata": {
    "slides": 10,
    "rounds": 1
  },
  "trace_id": "cf2430fb-3e15-4528-86f7-000732aa005d",
  "duration_ms": 111846,
  "started_at": "2025-12-15T17:49:39.741781",
  "completed_at": "2025-12-15T09:51:31.591462",
  "step_config": {
    "model": "gemini-3-pro-preview",
    "temperature": 0.2,
    "prompt_file": "/Users/lichuan/Codes/TalkDistill/config/prompts/slide_timeline.md"
  },
  "dependencies": [
    "subtitle_align"
  ]
}