{
  "address": "ai_session/part_04/chunk_00/01_cut_chunk",
  "status": "completed",
  "input": {
    "video": "ai_session.mp4",
    "start": 4619.73,
    "duration": 437.35000000000036,
    "output_name": "chunk_high.mp4"
  },
  "output": {
    "path": "output/ai_session/part_04/chunk_00/01_cut_chunk/artifacts/chunk_high.mp4",
    "start": 4619.73,
    "duration": 437.35000000000036
  },
  "artifacts": [
    "output/ai_session/part_04/chunk_00/01_cut_chunk/artifacts/chunk_high.mp4"
  ],
  "metadata": {
    "ffmpeg": "/opt/homebrew/bin/ffmpeg",
    "start": 4619.73,
    "duration": 437.35000000000036,
    "size_bytes": 227164346
  },
  "trace_id": null,
  "duration_ms": 775,
  "started_at": "2025-12-15T17:44:58.669884",
  "completed_at": "2025-12-15T09:44:59.449492",
  "step_config": {},
  "dependencies": []
}