{
  "address": "ai_session/part_02/chunk_00/07_capture_frame/slide_014",
  "status": "completed",
  "input": {
    "video": "output/ai_session/part_02/chunk_00/01_cut_chunk/artifacts/chunk_high.mp4",
    "timestamp": "00:14:56.800",
    "frame_id": "slide_014",
    "output_ext": ".png"
  },
  "output": "output/ai_session/part_02/chunk_00/07_capture_frame/slide_014/artifacts/slide_014.png",
  "artifacts": [
    "output/ai_session/part_02/chunk_00/07_capture_frame/slide_014/artifacts/slide_014.png"
  ],
  "metadata": {
    "timestamp": "00:14:56.800",
    "frame_id": "slide_014",
    "ffmpeg": "/opt/homebrew/bin/ffmpeg"
  },
  "trace_id": null,
  "duration_ms": 3134,
  "started_at": "2025-12-15T23:00:01.445520",
  "completed_at": "2025-12-15T15:00:04.581331",
  "step_config": {},
  "dependencies": [
    "slide_timeline"
  ]
}