{
  "id": "sec_5",
  "index": 4,
  "title": "核心功能展示",
  "time_range": "00:08:04,130 - 00:09:40,710",
  "script": "在漏洞评分环节，AI会参考多个维度的评分，输出一个初始的建议影响分数。研发人员可以根据自己对漏洞的认知和分析，对该分数进行调整。研发人员可以根据自己对漏洞的认知和分析，对该分数进行调整。关于AI分析，它可以手动触发。但主要流程是，一旦漏洞被感知，系统就会以定时任务的形式自动触发AI分析。系统就会以定时任务的形式自动触发AI分析。它会抓取相关信息。目前，如果是基于openEuler上游的漏洞，大部分分析结果都相当准确。但有一部分软件包，由于数据原因，分析准确性有待提升，这也是我们正在优化的方向。通过本系统，我们可以快速跟踪漏洞修复进度。对于“不受影响”和“受影响”的漏洞，系统会采用两种不同的流程进行跟踪。系统会采用两种不同的流程进行跟踪。本系统也支持安全加固。我们利用AI能力生成加固项，并将其纳入系统，您可以根据需求进行各类安全加固。同时，安全加固项设置了校验，如果被篡改则无法执行。同时，安全加固项设置了校验，如果被篡改则无法执行。",
  "summary": "本节展示了系统的几项核心功能，包括AI辅助的漏洞评分、自动化的AI分析、漏洞修复进度追踪以及安全加固能力。系统利用AI提供初始评分建议和自动分析，并对漏洞修复进度进行跟踪，同时集成了带有防篡改校验的AI生成安全加固项。"
}