{
  "address": "day2_main/part_05/chunk_00/07_capture_frame/slide_005",
  "status": "completed",
  "input": {
    "video": "output/day2_main/part_05/chunk_00/01_cut_chunk/artifacts/chunk_high.mp4",
    "timestamp": "00:05:24.800",
    "frame_id": "slide_005",
    "output_ext": ".png"
  },
  "output": "output/day2_main/part_05/chunk_00/07_capture_frame/slide_005/artifacts/slide_005.png",
  "artifacts": [
    "output/day2_main/part_05/chunk_00/07_capture_frame/slide_005/artifacts/slide_005.png"
  ],
  "metadata": {
    "timestamp": "00:05:24.800",
    "frame_id": "slide_005",
    "ffmpeg": "/opt/homebrew/bin/ffmpeg"
  },
  "trace_id": null,
  "duration_ms": 1120,
  "started_at": "2025-12-17T21:08:46.268799",
  "completed_at": "2025-12-17T13:08:47.390356",
  "step_config": {},
  "dependencies": [
    "slide_timeline"
  ]
}