{
  "materials": [
    {
      "id": "chunk_00/slide_001",
      "type": "slide",
      "start_ms": 0,
      "end_ms": 19500,
      "title": "AI for openEuler 过渡页/背景页",
      "description": "",
      "kept": true,
      "attributes": {
        "chunk": 0,
        "slide_id": "slide_001",
        "slide_index": 1,
        "offset_ms": 0
      }
    },
    {
      "id": "chunk_00/slide_002",
      "type": "slide",
      "start_ms": 22000,
      "end_ms": 186000,
      "title": "openEuler打造智能操作系统，加速企业AI应用开发 展示openEuler在AI领域的架构与布局",
      "description": "",
      "kept": true,
      "attributes": {
        "chunk": 0,
        "slide_id": "slide_002",
        "slide_index": 2,
        "offset_ms": 0
      }
    },
    {
      "id": "chunk_00/slide_003",
      "type": "slide",
      "start_ms": 192000,
      "end_ms": 235000,
      "title": "openEuler智能调优演示 (标题页) 演示嘉宾上台，屏幕显示演示主题",
      "description": "",
      "kept": true,
      "attributes": {
        "chunk": 0,
        "slide_id": "slide_003",
        "slide_index": 3,
        "offset_ms": 0
      }
    },
    {
      "id": "chunk_00/slide_004",
      "type": "slide",
      "start_ms": 237000,
      "end_ms": 319000,
      "title": "智能调优演示 (终端操作界面) 展示命令行操作及调优过程",
      "description": "",
      "kept": true,
      "attributes": {
        "chunk": 0,
        "slide_id": "slide_004",
        "slide_index": 4,
        "offset_ms": 0
      }
    },
    {
      "id": "chunk_00/slide_005",
      "type": "slide",
      "start_ms": 321000,
      "end_ms": 340000,
      "title": "openEuler智能调优效果验证数据 展示调优效果对比表格",
      "description": "",
      "kept": true,
      "attributes": {
        "chunk": 0,
        "slide_id": "slide_005",
        "slide_index": 5,
        "offset_ms": 0
      }
    },
    {
      "id": "chunk_00/slide_006",
      "type": "slide",
      "start_ms": 342000,
      "end_ms": 347000,
      "title": "欢迎关注openEuler开源社区 二维码过渡页",
      "description": "",
      "kept": true,
      "attributes": {
        "chunk": 0,
        "slide_id": "slide_006",
        "slide_index": 6,
        "offset_ms": 0
      }
    },
    {
      "id": "chunk_00/slide_007",
      "type": "slide",
      "start_ms": 349000,
      "end_ms": 546000,
      "title": "openEuler和伙伴们推出开源AI解决方案 Intelligence BOOM 架构图",
      "description": "",
      "kept": true,
      "attributes": {
        "chunk": 0,
        "slide_id": "slide_007",
        "slide_index": 7,
        "offset_ms": 0
      }
    },
    {
      "id": "chunk_00/slide_008",
      "type": "slide",
      "start_ms": 553000,
      "end_ms": 600000,
      "title": "演示准备界面 (终端) 第二位嘉宾演示前的终端界面",
      "description": "",
      "kept": true,
      "attributes": {
        "chunk": 0,
        "slide_id": "slide_008",
        "slide_index": 8,
        "offset_ms": 0
      }
    },
    {
      "id": "chunk_00/slide_009",
      "type": "slide",
      "start_ms": 602000,
      "end_ms": 771000,
      "title": "Dify Agent开发演示 展示基于Dify的Agent开发流程与操作",
      "description": "",
      "kept": true,
      "attributes": {
        "chunk": 0,
        "slide_id": "slide_009",
        "slide_index": 9,
        "offset_ms": 0
      }
    },
    {
      "id": "chunk_00/slide_010",
      "type": "slide",
      "start_ms": 774000,
      "end_ms": 777000,
      "title": "Intelligence BOOM Robot 架构图 演示结束后的过渡页面",
      "description": "",
      "kept": true,
      "attributes": {
        "chunk": 0,
        "slide_id": "slide_010",
        "slide_index": 10,
        "offset_ms": 0
      }
    },
    {
      "id": "chunk_00/slide_011",
      "type": "slide",
      "start_ms": 779000,
      "end_ms": 931000,
      "title": "Intelligence BOOM Robot: 开箱即用的具身智能机器人软件栈 介绍机器人软件栈架构",
      "description": "",
      "kept": true,
      "attributes": {
        "chunk": 0,
        "slide_id": "slide_011",
        "slide_index": 11,
        "offset_ms": 0
      }
    },
    {
      "id": "chunk_00/slide_012",
      "type": "slide",
      "start_ms": 933000,
      "end_ms": 934000,
      "title": "AI安全新纪元 Arm CCA机密计算解决方案",
      "description": "",
      "kept": true,
      "attributes": {
        "chunk": 0,
        "slide_id": "slide_012",
        "slide_index": 12,
        "offset_ms": 0
      }
    }
  ]
}