{
  "id": "sec_2",
  "index": 1,
  "title": "首个五年：openEuler成为中国新增市场份额第一",
  "time_range": "00:01:27,160 - 00:03:10,300",
  "script": "那说到我们整个这个嵌入式的话，就不能不提一个非常重要的项目，Zephyr。Zephyr是一个具体的项目，同时也是一个基金会。\nopenEuler到今年已经到了第六年。\n回顾我们前五年，openEuler的发展速度还是很快的。\n我们在23年的时候就已经达到了中国操作系统新增市场份额的第一名，那在去年呢，我们整个市场空间又再创新高。\n那么随着我们的openEuler社区的发展，我们今年新增了两个合作基金会。\n互相成为了associate member，其中一个是Zephyr，其中另外一个就是我们非常火热的Linux Foundation的AI and Data的Foundation。\n应该说，我们基本上完成了立根铸魂这个在最开始阶段，社区建设阶段我们定下的这个目标和愿景。\n所以我们非常欢迎能和更多的基金会形成这个战略协作。同时，今年我们新增了三个捐赠人，他们是AMD、浪潮云和神州数码。\n当然，这是离不开我们所有整个社区的合作伙伴、我们的开发者以及我们的用户的共同努力。\n但是呢，如果我们再用更严格的标准来看的话，虽然我们社区在过去五年，其实行使的更多的工作还是补课，因为整个中国这个基础软件的底子相对比较薄，那么，这个我们做的很多工作还是以跟随为主。\n我们非常欢迎这三个重磅的企业加入openEuler社区，并成为捐赠人。\n那么到此为止呢，openEuler已经集齐了Intel、AMD和Arm这三家全球最顶尖的芯片厂商。\n但跟随从来不是openEuler的目标和我们的基因，最终我们还是希望能实现赶超和这个引领。\n应该帮助我们实现更广泛的芯片支持。同时，这些我们的海外这些企业的加入，也大大推动了openEuler未来全球化的进程。\n与产业各界共同谱写开源繁荣发展的新篇章。\n那在未来的五年或下一个五年周期，我相信这是一个非常关键的时期对我们来。\n那从未来的五年，从技术层面，我们要拥抱超级节点，同时要拥抱AI。\n随着社区的规模的增长，我们社区现在开发者，累计的开发者已经超过23000名。我们在后台也做过统计，活跃的开发者大约有4000到5000人。\n因为操作系统的发展离不开两个因素，一个是硬件体系架构的变化，一个是我们的业务的变化。那这两个方面呢，超级节点就对应了我们的硬件体系架构的变化，而AI就引领了我们的应用层面的变化。\n这个规模是非常庞大，而且每天都在增加。那么，这样的规模一定对我们的技术设施有非常强的要求。我们也不能无限增加人力，所以我们也在试图用我们自己开发的AI框架去解决相关的问题。\n在我们下面这个阶段中，除了我们的技术上面的引领以外，我们还要实现坚定不移地走出去、出海，要真真正正地实现这个全球化。\n所以我们也初步地将openEuler的Intelligence BoooM应用到了我们的软件包自动升级、Bug自动修复以及AI的智能推送等等这些场景。当然我们也是在试点，像软件包自动升级，可能我们现在在社区里尝试对7%左右的软件包进行相关的AI方面的自动化工作，当然这个工作是做了，但是最后确定还是人啊，再审视一下子。",
  "summary": "在过去五年，openEuler发展迅速，2023年已成为中国新增市场份额第一的操作系统，并与Zephyr、LF AI & Data等基金会达成合作，集齐了Intel、AMD、Arm三大芯片厂商支持。展望未来五年，openEuler将拥抱超级节点与AI，坚定地走向全球化，并已开始尝试将AI应用于软件包升级、Bug修复等场景，目标从跟随转向引领。"
}