{
  "materials": [
    {
      "id": "chunk_00/slide_001",
      "type": "slide",
      "start_ms": 500,
      "end_ms": 11500,
      "title": "AI分论坛 开场背景页",
      "description": "",
      "kept": true,
      "attributes": {
        "chunk": 0,
        "slide_id": "slide_001",
        "slide_index": 1,
        "offset_ms": 0
      }
    },
    {
      "id": "chunk_00/slide_002",
      "type": "slide",
      "start_ms": 13000,
      "end_ms": 38500,
      "title": "昇腾亲和的通信加速库CAM关键技术和生态介绍 演讲标题页",
      "description": "",
      "kept": true,
      "attributes": {
        "chunk": 0,
        "slide_id": "slide_002",
        "slide_index": 2,
        "offset_ms": 0
      }
    },
    {
      "id": "chunk_00/slide_003",
      "type": "slide",
      "start_ms": 40000,
      "end_ms": 58500,
      "title": "目录 演讲大纲",
      "description": "",
      "kept": true,
      "attributes": {
        "chunk": 0,
        "slide_id": "slide_003",
        "slide_index": 3,
        "offset_ms": 0
      }
    },
    {
      "id": "chunk_00/slide_004",
      "type": "slide",
      "start_ms": 60500,
      "end_ms": 272500,
      "title": "AI通信技术趋势演进和通信诉求 技术背景与趋势分析",
      "description": "",
      "kept": true,
      "attributes": {
        "chunk": 0,
        "slide_id": "slide_004",
        "slide_index": 4,
        "offset_ms": 0
      }
    },
    {
      "id": "chunk_00/slide_005",
      "type": "slide",
      "start_ms": 274000,
      "end_ms": 324500,
      "title": "灵衢通信软件技术栈 UMDK与openEuler介绍",
      "description": "",
      "kept": true,
      "attributes": {
        "chunk": 0,
        "slide_id": "slide_005",
        "slide_index": 5,
        "offset_ms": 0
      }
    },
    {
      "id": "chunk_00/slide_006",
      "type": "slide",
      "start_ms": 326000,
      "end_ms": 402500,
      "title": "昇腾亲和通信加速库CAM CAM总体架构与功能",
      "description": "",
      "kept": true,
      "attributes": {
        "chunk": 0,
        "slide_id": "slide_006",
        "slide_index": 6,
        "offset_ms": 0
      }
    },
    {
      "id": "chunk_00/slide_007",
      "type": "slide",
      "start_ms": 404500,
      "end_ms": 535500,
      "title": "CAM：大EP通信实现EP内通信语义与计算并行 大EP通信优化技术",
      "description": "",
      "kept": true,
      "attributes": {
        "chunk": 0,
        "slide_id": "slide_007",
        "slide_index": 7,
        "offset_ms": 0
      }
    },
    {
      "id": "chunk_00/slide_008",
      "type": "slide",
      "start_ms": 538000,
      "end_ms": 667500,
      "title": "CAM：实现大EP通信与计算融合FusedDeepMoE FusedDeepMoE融合加速技术",
      "description": "",
      "kept": true,
      "attributes": {
        "chunk": 0,
        "slide_id": "slide_008",
        "slide_index": 8,
        "offset_ms": 0
      }
    },
    {
      "id": "chunk_00/slide_009",
      "type": "slide",
      "start_ms": 669500,
      "end_ms": 817500,
      "title": "CAM：AFD分离场景的M2N通信加速技术 AFD场景下的通信优化",
      "description": "",
      "kept": true,
      "attributes": {
        "chunk": 0,
        "slide_id": "slide_009",
        "slide_index": 9,
        "offset_ms": 0
      }
    },
    {
      "id": "chunk_00/slide_010",
      "type": "slide",
      "start_ms": 820000,
      "end_ms": 910500,
      "title": "CAM：PD分离场景推理传输加速MIXL技术 PD分离场景与MIXL技术",
      "description": "",
      "kept": true,
      "attributes": {
        "chunk": 0,
        "slide_id": "slide_010",
        "slide_index": 10,
        "offset_ms": 0
      }
    },
    {
      "id": "chunk_00/slide_011",
      "type": "slide",
      "start_ms": 912500,
      "end_ms": 1001500,
      "title": "Thank you & QA 结束页与二维码",
      "description": "",
      "kept": true,
      "attributes": {
        "chunk": 0,
        "slide_id": "slide_011",
        "slide_index": 11,
        "offset_ms": 0
      }
    }
  ]
}