{
  "address": "day1_main/part_05/chunk_00/09_apply_crop/slide_001",
  "status": "completed",
  "input": {
    "image_path": "output/day1_main/part_05/chunk_00/07_capture_frame/slide_001/artifacts/slide_001.png",
    "crop_region": {
      "x": 0,
      "y": 162,
      "width": 1920,
      "height": 540
    }
  },
  "output": "output/day1_main/part_05/chunk_00/09_apply_crop/slide_001/artifacts/slide_001.png",
  "artifacts": [
    "output/day1_main/part_05/chunk_00/09_apply_crop/slide_001/artifacts/slide_001.png"
  ],
  "metadata": {
    "source": "output/day1_main/part_05/chunk_00/07_capture_frame/slide_001/artifacts/slide_001.png",
    "applied": true,
    "crop_region": {
      "x": 0,
      "y": 162,
      "width": 1920,
      "height": 540
    },
    "size": {
      "width": 1920,
      "height": 540
    }
  },
  "trace_id": null,
  "duration_ms": 112,
  "started_at": "2025-12-17T19:18:27.640048",
  "completed_at": "2025-12-17T11:18:27.752979",
  "step_config": {},
  "dependencies": [
    "capture_frame",
    "crop_decision"
  ]
}