{
  "address": "ai_session/part_06/chunk_00/09_apply_crop/slide_001",
  "status": "completed",
  "input": {
    "image_path": "output/ai_session/part_06/chunk_00/07_capture_frame/slide_001/artifacts/slide_001.png",
    "crop_region": {
      "x": 157,
      "y": 113,
      "width": 1604,
      "height": 771
    }
  },
  "output": "output/ai_session/part_06/chunk_00/09_apply_crop/slide_001/artifacts/slide_001.png",
  "artifacts": [
    "output/ai_session/part_06/chunk_00/09_apply_crop/slide_001/artifacts/slide_001.png"
  ],
  "metadata": {
    "source": "output/ai_session/part_06/chunk_00/07_capture_frame/slide_001/artifacts/slide_001.png",
    "applied": true,
    "crop_region": {
      "x": 157,
      "y": 113,
      "width": 1604,
      "height": 771
    },
    "size": {
      "width": 1604,
      "height": 771
    }
  },
  "trace_id": null,
  "duration_ms": 126,
  "started_at": "2025-12-15T23:49:14.308753",
  "completed_at": "2025-12-15T15:49:14.435471",
  "step_config": {},
  "dependencies": [
    "capture_frame",
    "crop_decision"
  ]
}