{
  "address": "day1_main/part_05/chunk_00/07_capture_frame/slide_006",
  "status": "completed",
  "input": {
    "video": "output/day1_main/part_05/chunk_00/01_cut_chunk/artifacts/chunk_high.mp4",
    "timestamp": "00:07:19.600",
    "frame_id": "slide_006",
    "output_ext": ".png"
  },
  "output": "output/day1_main/part_05/chunk_00/07_capture_frame/slide_006/artifacts/slide_006.png",
  "artifacts": [
    "output/day1_main/part_05/chunk_00/07_capture_frame/slide_006/artifacts/slide_006.png"
  ],
  "metadata": {
    "timestamp": "00:07:19.600",
    "frame_id": "slide_006",
    "ffmpeg": "/opt/homebrew/bin/ffmpeg"
  },
  "trace_id": null,
  "duration_ms": 989,
  "started_at": "2025-12-17T17:23:07.714466",
  "completed_at": "2025-12-17T09:23:08.704902",
  "step_config": {},
  "dependencies": [
    "slide_timeline"
  ]
}