{
  "address": "ai_session/part_11/chunk_00/09_apply_crop/slide_010",
  "status": "completed",
  "input": {
    "image_path": "output/ai_session/part_11/chunk_00/07_capture_frame/slide_010/artifacts/slide_010.png",
    "crop_region": {
      "x": 240,
      "y": 150,
      "width": 1680,
      "height": 929
    }
  },
  "output": "output/ai_session/part_11/chunk_00/09_apply_crop/slide_010/artifacts/slide_010.png",
  "artifacts": [
    "output/ai_session/part_11/chunk_00/09_apply_crop/slide_010/artifacts/slide_010.png"
  ],
  "metadata": {
    "source": "output/ai_session/part_11/chunk_00/07_capture_frame/slide_010/artifacts/slide_010.png",
    "applied": true,
    "crop_region": {
      "x": 240,
      "y": 150,
      "width": 1680,
      "height": 929
    },
    "size": {
      "width": 1680,
      "height": 929
    }
  },
  "trace_id": null,
  "duration_ms": 139,
  "started_at": "2025-12-16T01:36:02.932820",
  "completed_at": "2025-12-15T17:36:03.073146",
  "step_config": {},
  "dependencies": [
    "capture_frame",
    "crop_decision"
  ]
}