{
  "address": "ai_session/part_07/chunk_00/09_apply_crop/slide_005",
  "status": "completed",
  "input": {
    "image_path": "output/ai_session/part_07/chunk_00/07_capture_frame/slide_005/artifacts/slide_005.png",
    "crop_region": {
      "x": 552,
      "y": 192,
      "width": 1351,
      "height": 847
    }
  },
  "output": "output/ai_session/part_07/chunk_00/09_apply_crop/slide_005/artifacts/slide_005.png",
  "artifacts": [
    "output/ai_session/part_07/chunk_00/09_apply_crop/slide_005/artifacts/slide_005.png"
  ],
  "metadata": {
    "source": "output/ai_session/part_07/chunk_00/07_capture_frame/slide_005/artifacts/slide_005.png",
    "applied": true,
    "crop_region": {
      "x": 552,
      "y": 192,
      "width": 1351,
      "height": 847
    },
    "size": {
      "width": 1351,
      "height": 847
    }
  },
  "trace_id": null,
  "duration_ms": 112,
  "started_at": "2025-12-16T00:31:41.596593",
  "completed_at": "2025-12-15T16:31:41.709503",
  "step_config": {},
  "dependencies": [
    "capture_frame",
    "crop_decision"
  ]
}