{
  "id": "sec_3",
  "index": 2,
  "title": "中小型单位部署大模型面临的挑战",
  "time_range": "00:01:25,910 - 00:02:41,010",
  "script": "对于现在的宝德而言，虽然我们年销售额可能在几十到上百亿，但我们的员工大概在1300多个人。\n实际上我们内部在推这块也碰到很多问题。\n简单说，第一，在算力需求这块，不算苛刻，但要求也不低。\n第二，在IT投入这块，跟华为是没法比的。实际上对成本我们是有比较高的要求的。\n我们还是要讲一些性价比。\n第三，在投入这块，我相信像类似于宝德这样的很多IT投入都是一样的。\n无论从人员、能力、经验这块，都是有限的。\n如果一个系统太复杂，其实对我们部署来讲，可持续性是有很大问题的。\n简单归纳三点，就是从我们选择上就这三点。\n第一，我们如果选型一个东西，第一要足够好，这是讲技术先进性。\n第二，要有性价比，成本不能太高。\n第三，要好用。\n如果这个事情太复杂，对技术人员的要求太高，实际上在一个制造型企业落地时会碰到非常多的困难，走不下去的。",
  "summary": "以宝德自身为例，中小型单位在部署大模型时普遍面临算力需求、成本控制和技术门槛三大挑战。因此，在技术选型时，会重点考量技术的先进性、性价比以及系统的易用性，确保方案能够成功落地并持续运行。"
}