{
  "address": "ai_session/part_06/chunk_00/03_srt_slice",
  "status": "completed",
  "input": {
    "global_srt": "output/ai_session/part_-01/chunk_-01/00_global_funasr/artifacts/global.srt",
    "start_ms": 5926230.0,
    "end_ms": 6647810.000000001,
    "output_name": "chunk_baseline.srt"
  },
  "output": [
    {
      "index": 1,
      "start": 0,
      "end": 0,
      "text": "谢谢啊。"
    },
    {
      "index": 2,
      "start": 0,
      "end": 6.52,
      "text": "下面有请那个北京名师呃软件股份有限公司的研发经理周茂恒先生，"
    },
    {
      "index": 3,
      "start": 6.66,
      "end": 9.63,
      "text": "给我们带来 ai 赋能智能运维平台的一个分享。"
    },
    {
      "index": 4,
      "start": 9.63,
      "end": 10.605,
      "text": "大家欢迎欢迎。"
    },
    {
      "index": 5,
      "start": 13.78,
      "end": 14.02,
      "text": "呃，"
    },
    {
      "index": 6,
      "start": 14.02,
      "end": 14.5,
      "text": "大家好，"
    },
    {
      "index": 7,
      "start": 14.5,
      "end": 16.74,
      "text": "我是那个零思软件的钟茂恒，"
    },
    {
      "index": 8,
      "start": 17.06,
      "end": 17.3,
      "text": "呃，"
    },
    {
      "index": 9,
      "start": 17.44,
      "end": 19.48,
      "text": "负责智能运维平台的研发。"
    },
    {
      "index": 10,
      "start": 19.54,
      "end": 26.46,
      "text": "然后今天非常荣幸能够在这里跟大家分享一下我们在 AI ops 这个领域的一些思考和实践。"
    },
    {
      "index": 11,
      "start": 27.06,
      "end": 27.575,
      "text": "呃，"
    },
    {
      "index": 12,
      "start": 29.02,
      "end": 29.26,
      "text": "呃，"
    },
    {
      "index": 13,
      "start": 29.52,
      "end": 31.86,
      "text": "我们呃我们作为一个超系统厂商，"
    },
    {
      "index": 14,
      "start": 31.92,
      "end": 36.86,
      "text": "然后现在呃对于对于现在的系统架构的一个变化，"
    },
    {
      "index": 15,
      "start": 36.86,
      "end": 38.14,
      "text": "也是感知非常深切。"
    },
    {
      "index": 16,
      "start": 38.54,
      "end": 38.78,
      "text": "呃，"
    },
    {
      "index": 17,
      "start": 38.82,
      "end": 42.34,
      "text": "现在我们的这个在呃就是在混合云啊，"
    },
    {
      "index": 18,
      "start": 42.34,
      "end": 44.66,
      "text": "或者是微服务已经成为了一种常态。"
    },
    {
      "index": 19,
      "start": 44.96,
      "end": 49.88,
      "text": "那么这种给我们的这个运维工作带来了一个呃很大的一个挑战。"
    },
    {
      "index": 20,
      "start": 50.24,
      "end": 51.22,
      "text": "呃呃，"
    },
    {
      "index": 21,
      "start": 51.3,
      "end": 56.7,
      "text": "我相信在座的各位专家呃都会有非常一个深刻的一个体验。"
    },
    {
      "index": 22,
      "start": 57.02,
      "end": 57.26,
      "text": "呃，"
    },
    {
      "index": 23,
      "start": 57.3,
      "end": 59.41,
      "text": "首先是这个复杂竞剧增，"
    },
    {
      "index": 24,
      "start": 59.41,
      "end": 61.57,
      "text": "就是呃刚刚讲的这个混合云啊，"
    },
    {
      "index": 25,
      "start": 61.57,
      "end": 62.61,
      "text": "微服务这种架构，"
    },
    {
      "index": 26,
      "start": 62.95,
      "end": 65.53,
      "text": "导致这个运维对象数量的一个爆炸。"
    },
    {
      "index": 27,
      "start": 65.91,
      "end": 70.07,
      "text": "然后另一个就是这种故障的定位是分非常困难的。"
    },
    {
      "index": 28,
      "start": 70.33,
      "end": 70.57,
      "text": "呃，"
    },
    {
      "index": 29,
      "start": 70.63,
      "end": 74.21,
      "text": "因为我们常常陷入这种救火式运维的这么一个循环，"
    },
    {
      "index": 30,
      "start": 74.59,
      "end": 80.15,
      "text": "海量的一个告警呢会淹没我们去呃分析真实问题的一个根因啊，"
    },
    {
      "index": 31,
      "start": 80.15,
      "end": 82.47,
      "text": "导致平均修复的时间非常的长。"
    },
    {
      "index": 32,
      "start": 83.01,
      "end": 84.09,
      "text": "然后第三点呢，"
    },
    {
      "index": 33,
      "start": 84.09,
      "end": 86.17,
      "text": "就是这个安全的风险高，"
    },
    {
      "index": 34,
      "start": 86.45,
      "end": 86.69,
      "text": "呃，"
    },
    {
      "index": 35,
      "start": 86.69,
      "end": 87.55,
      "text": "系统漏洞啊，"
    },
    {
      "index": 36,
      "start": 87.63,
      "end": 91.46,
      "text": "还有就是这个配是的一个偏差是呃无处不在的。"
    },
    {
      "index": 37,
      "start": 91.46,
      "end": 97.0,
      "text": "然后任何一个就是呃疏忽都有可能引发非常严重的一个安全事件。"
    },
    {
      "index": 38,
      "start": 97.38,
      "end": 99.98,
      "text": "然后第四点呢就是人力成本高。"
    },
    {
      "index": 39,
      "start": 100.34,
      "end": 100.58,
      "text": "呃，"
    },
    {
      "index": 40,
      "start": 100.6,
      "end": 104.84,
      "text": "首先是需要这种七乘二十四小时的这么一个呃值守。"
    },
    {
      "index": 41,
      "start": 104.859,
      "end": 107.22,
      "text": "然后运维团队需要被这种重复性啊，"
    },
    {
      "index": 42,
      "start": 107.58,
      "end": 111.32,
      "text": "然后是低价值的这种告警呃所工作所拖累，"
    },
    {
      "index": 43,
      "start": 111.54,
      "end": 112.64,
      "text": "然后疲于奔命，"
    },
    {
      "index": 44,
      "start": 112.88,
      "end": 116.78,
      "text": "然后难以进行有价值的这种体系化的这种优化的这个这种工作。"
    },
    {
      "index": 45,
      "start": 117.24,
      "end": 117.48,
      "text": "呃，"
    },
    {
      "index": 46,
      "start": 117.72,
      "end": 121.87,
      "text": "正是基于这这种呃非常这些非常深刻的一个痛点，"
    },
    {
      "index": 47,
      "start": 122.09,
      "end": 127.615,
      "text": "然后催生了我们对这种智能化的运维的一个解决方案的一个需求。"
    },
    {
      "index": 48,
      "start": 129.61,
      "end": 129.85,
      "text": "呃，"
    },
    {
      "index": 49,
      "start": 129.95,
      "end": 133.15,
      "text": "临时软件呢是呃的这个智能运维。"
    },
    {
      "index": 50,
      "start": 133.15,
      "end": 136.61,
      "text": "这平台呢是基于这个 open 欧拉的 intelligence，"
    },
    {
      "index": 51,
      "start": 136.73,
      "end": 140.53,
      "text": "这个么一个呃调优 agent 加调呃诊断 agent 的这么一个基座。"
    },
    {
      "index": 52,
      "start": 140.79,
      "end": 144.43,
      "text": "然后在其上呢做了一个呃呃实现了这么一个方案。"
    },
    {
      "index": 53,
      "start": 144.43,
      "end": 144.67,
      "text": "呃，"
    },
    {
      "index": 54,
      "start": 144.67,
      "end": 145.79,
      "text": "一个是全面监控，"
    },
    {
      "index": 55,
      "start": 145.79,
      "end": 147.47,
      "text": "然后是主动预警，"
    },
    {
      "index": 56,
      "start": 147.47,
      "end": 148.13,
      "text": "智能分析，"
    },
    {
      "index": 57,
      "start": 148.13,
      "end": 150.39,
      "text": "自动化作业以及是故障治愈。"
    },
    {
      "index": 58,
      "start": 150.39,
      "end": 150.63,
      "text": "呃，"
    },
    {
      "index": 59,
      "start": 150.97,
      "end": 154.445,
      "text": "接下来我们那个呃呃详细介绍一下，"
    },
    {
      "index": 60,
      "start": 156.11,
      "end": 156.35,
      "text": "呃，"
    },
    {
      "index": 61,
      "start": 156.39,
      "end": 161.41,
      "text": "这是我们这呃这个平台的一个呃相当于是一个框架图。"
    },
    {
      "index": 62,
      "start": 161.53,
      "end": 161.77,
      "text": "呃，"
    },
    {
      "index": 63,
      "start": 162.03,
      "end": 166.55,
      "text": "它自下上呢是体现了数据流转与价值提炼的一个过程。"
    },
    {
      "index": 64,
      "start": 166.55,
      "end": 169.39,
      "text": "最底层呢是我们的一个采集。"
    },
    {
      "index": 65,
      "start": 169.81,
      "end": 170.05,
      "text": "呃，"
    },
    {
      "index": 66,
      "start": 170.07,
      "end": 171.77,
      "text": "因为我们作为一个超系统厂商，"
    },
    {
      "index": 67,
      "start": 171.95,
      "end": 173.33,
      "text": "关于这个系统的监控，"
    },
    {
      "index": 68,
      "start": 173.47,
      "end": 173.71,
      "text": "嗯，"
    },
    {
      "index": 69,
      "start": 173.85,
      "end": 176.15,
      "text": "已经有了一个非常成熟的一解解决方案。"
    },
    {
      "index": 70,
      "start": 176.33,
      "end": 179.45,
      "text": "也有覆盖了很多的这种就是应用的场景。"
    },
    {
      "index": 71,
      "start": 179.73,
      "end": 181.27,
      "text": "不管是这种硬件啊，"
    },
    {
      "index": 72,
      "start": 181.27,
      "end": 181.97,
      "text": "还是系统，"
    },
    {
      "index": 73,
      "start": 181.97,
      "end": 183.83,
      "text": "或者是这种 GVM 容器，"
    },
    {
      "index": 74,
      "start": 183.89,
      "end": 186.08,
      "text": "还有就是呃应用呃，"
    },
    {
      "index": 75,
      "start": 186.16,
      "end": 188.82,
      "text": "或者是呃在其上的这种采呃，"
    },
    {
      "index": 76,
      "start": 188.86,
      "end": 190.7,
      "text": "或者是这种叫动缓系统啊，"
    },
    {
      "index": 77,
      "start": 190.7,
      "end": 191.94,
      "text": "我们都会有这种覆盖。"
    },
    {
      "index": 78,
      "start": 192.2,
      "end": 194.8,
      "text": "然后另一种就是对于数据的这一块呢，"
    },
    {
      "index": 79,
      "start": 194.8,
      "end": 197.28,
      "text": "是也是覆盖非常全面呃，"
    },
    {
      "index": 80,
      "start": 197.3,
      "end": 198.22,
      "text": "包括系统啊、"
    },
    {
      "index": 81,
      "start": 198.4,
      "end": 199.2,
      "text": "呃服务啊、"
    },
    {
      "index": 82,
      "start": 199.2,
      "end": 199.78,
      "text": "进程啊、"
    },
    {
      "index": 83,
      "start": 199.78,
      "end": 200.38,
      "text": "分区啊，"
    },
    {
      "index": 84,
      "start": 200.6,
      "end": 201.58,
      "text": "呃包括网络啊，"
    },
    {
      "index": 85,
      "start": 201.58,
      "end": 205.46,
      "text": "呃就是反正这种呃所有的这种系统级别的这种数据，"
    },
    {
      "index": 86,
      "start": 205.46,
      "end": 208.56,
      "text": "包括应用级别的数据都有一个非常全面的一个监控。"
    },
    {
      "index": 87,
      "start": 208.98,
      "end": 209.22,
      "text": "呃，"
    },
    {
      "index": 88,
      "start": 209.28,
      "end": 210.98,
      "text": "然后这个这块监控这一块呢，"
    },
    {
      "index": 89,
      "start": 210.98,
      "end": 215.605,
      "text": "实际上呃因为对于这种呃就是运维来说的话，"
    },
    {
      "index": 90,
      "start": 215.85,
      "end": 219.43,
      "text": "监控数据它的那个准确性和是非常重要的。"
    },
    {
      "index": 91,
      "start": 219.43,
      "end": 221.23,
      "text": "另一块另一个监控的话，"
    },
    {
      "index": 92,
      "start": 221.53,
      "end": 226.19,
      "text": "它的这个呃就是呃它的那种对性能的开销要求非常的小。"
    },
    {
      "index": 93,
      "start": 226.41,
      "end": 228.65,
      "text": "所以这一块我们也是做了大量的工作，"
    },
    {
      "index": 94,
      "start": 228.65,
      "end": 231.51,
      "text": "去对监控这块做一个优化。"
    },
    {
      "index": 95,
      "start": 231.83,
      "end": 232.05,
      "text": "呃，"
    },
    {
      "index": 96,
      "start": 232.05,
      "end": 238.53,
      "text": "另一块是我们在在其上呢是有一个叫呃系统运行呃系统行为和资产告警。"
    },
    {
      "index": 97,
      "start": 238.67,
      "end": 242.43,
      "text": "就是我们对整个的这个监控的数据做了一个抽象呃，"
    },
    {
      "index": 98,
      "start": 242.43,
      "end": 246.4,
      "text": "抽象成这么三个呃系统的这个呃就是是模型。"
    },
    {
      "index": 99,
      "start": 246.76,
      "end": 247.74,
      "text": "然后在其上呢，"
    },
    {
      "index": 100,
      "start": 247.74,
      "end": 249.82,
      "text": "我们会根据我们抽象的这种数据，"
    },
    {
      "index": 101,
      "start": 249.82,
      "end": 251.4,
      "text": "包括我们采集到的数据，"
    },
    {
      "index": 102,
      "start": 251.42,
      "end": 253.66,
      "text": "做一个呃系统告警和行为告警，"
    },
    {
      "index": 103,
      "start": 253.66,
      "end": 254.44,
      "text": "还有智能告警。"
    },
    {
      "index": 104,
      "start": 254.66,
      "end": 257.4,
      "text": "然后结合我们的根因分析这这种智能体，"
    },
    {
      "index": 105,
      "start": 257.4,
      "end": 262.4,
      "text": "然后来呃给出最终的这么一个就是告警的呃一个分析，"
    },
    {
      "index": 106,
      "start": 262.44,
      "end": 264.02,
      "text": "然后实时的这种告警的分析。"
    },
    {
      "index": 107,
      "start": 264.5,
      "end": 265.76,
      "text": "然后在其上呢，"
    },
    {
      "index": 108,
      "start": 265.76,
      "end": 269.9,
      "text": "我们的这个平台呢有这么就是呃开箱即用的这些工具。"
    },
    {
      "index": 109,
      "start": 270.02,
      "end": 272.6,
      "text": "就是比如说机械核查或者是系统巡检，"
    },
    {
      "index": 110,
      "start": 272.62,
      "end": 274.0,
      "text": "还有智能对话调优、"
    },
    {
      "index": 111,
      "start": 274.08,
      "end": 275.44,
      "text": "治愈啊这种。"
    },
    {
      "index": 112,
      "start": 275.46,
      "end": 282.21,
      "text": "还有就是漏洞扫描与修复这些呃呃开箱式一一开箱即用的这么一些运维的一些工具。"
    },
    {
      "index": 113,
      "start": 282.59,
      "end": 282.81,
      "text": "呃，"
    },
    {
      "index": 114,
      "start": 282.81,
      "end": 285.67,
      "text": "当然最上面肯定是我们这种呃必不可少的，"
    },
    {
      "index": 115,
      "start": 285.67,
      "end": 288.29,
      "text": "就是我们的这种呃前端界面啊，"
    },
    {
      "index": 116,
      "start": 288.29,
      "end": 290.125,
      "text": "这个就不详细介绍了。"
    },
    {
      "index": 117,
      "start": 292.08,
      "end": 292.32,
      "text": "呃，"
    },
    {
      "index": 118,
      "start": 292.5,
      "end": 297.84,
      "text": "我们针对这种为了保证平台本身的这种可靠性和这个高高性能，"
    },
    {
      "index": 119,
      "start": 298.06,
      "end": 301.12,
      "text": "我们也是设计了高可用的这种网络架构。"
    },
    {
      "index": 120,
      "start": 301.44,
      "end": 303.82,
      "text": "通过这种多区域的这种部署，"
    },
    {
      "index": 121,
      "start": 304.12,
      "end": 304.36,
      "text": "呃，"
    },
    {
      "index": 122,
      "start": 304.38,
      "end": 310.1,
      "text": "负载均衡和荣余链路保障监控数据的一个呃采集与控制指令的一个下发。"
    },
    {
      "index": 123,
      "start": 310.52,
      "end": 310.76,
      "text": "呃，"
    },
    {
      "index": 124,
      "start": 311.1,
      "end": 314.52,
      "text": "为上层的一个智能应用打下坚实的一个网络基础。"
    },
    {
      "index": 125,
      "start": 314.84,
      "end": 315.08,
      "text": "呃，"
    },
    {
      "index": 126,
      "start": 315.2,
      "end": 320.0,
      "text": "我们现在的平台已经支持接入这种呃国网的光明大模型，"
    },
    {
      "index": 127,
      "start": 320.0,
      "end": 321.75,
      "text": "包括是南网的大瓦特模型。"
    },
    {
      "index": 128,
      "start": 322.27,
      "end": 324.87,
      "text": "还有就是市面上常见的这种千问啊，"
    },
    {
      "index": 129,
      "start": 324.87,
      "end": 326.825,
      "text": "或者 deep stik 这种主流的这种模型。"
    },
    {
      "index": 130,
      "start": 329.92,
      "end": 330.16,
      "text": "呃，"
    },
    {
      "index": 131,
      "start": 330.4,
      "end": 336.86,
      "text": "另一个我们的这个呃整个整个的平台也有呃采用了一种呃一种新的一种设计吧，"
    },
    {
      "index": 132,
      "start": 336.86,
      "end": 338.94,
      "text": "就是呃一种双模型协同。"
    },
    {
      "index": 133,
      "start": 339.24,
      "end": 339.48,
      "text": "呃，"
    },
    {
      "index": 134,
      "start": 339.52,
      "end": 341.76,
      "text": "因为在我们的运维的场景里面呢，"
    },
    {
      "index": 135,
      "start": 341.84,
      "end": 344.44,
      "text": "呃常常会面临呃这样一种情况。"
    },
    {
      "index": 136,
      "start": 344.44,
      "end": 349.4,
      "text": "就是有些客户他可能在呃他们的网网环境面部署署了这种大模型。"
    },
    {
      "index": 137,
      "start": 349.6,
      "end": 351.5,
      "text": "但有些客户他可能是没有部署，"
    },
    {
      "index": 138,
      "start": 351.74,
      "end": 355.44,
      "text": "那么对于但是他对这种运维的这种需求是呃，"
    },
    {
      "index": 139,
      "start": 355.56,
      "end": 356.88,
      "text": "同样是需要的。"
    },
    {
      "index": 140,
      "start": 357.1,
      "end": 362.75,
      "text": "那么我们针对这种模型就是设计了这么一个呃就是双模型协同的这么一个案例。"
    },
    {
      "index": 141,
      "start": 362.97,
      "end": 369.29,
      "text": "一方面是利用这种大模型的自强大的自然语言能力和呃呃这种生成能力，"
    },
    {
      "index": 142,
      "start": 369.45,
      "end": 373.71,
      "text": "打造了一个能进行智能对话的这么一个 AI 的一个助手。"
    },
    {
      "index": 143,
      "start": 374.07,
      "end": 375.97,
      "text": "它具备这种环境感知啊，"
    },
    {
      "index": 144,
      "start": 376.01,
      "end": 378.81,
      "text": "然后这种能理解运维人员的自然语言指令。"
    },
    {
      "index": 145,
      "start": 378.81,
      "end": 379.87,
      "text": "另一方面呢，"
    },
    {
      "index": 146,
      "start": 379.87,
      "end": 381.67,
      "text": "我们针对具体的运维场景，"
    },
    {
      "index": 147,
      "start": 381.67,
      "end": 381.91,
      "text": "呃，"
    },
    {
      "index": 148,
      "start": 382.15,
      "end": 385.01,
      "text": "比如说异常检测或者是这种趋势预测，"
    },
    {
      "index": 149,
      "start": 385.01,
      "end": 388.09,
      "text": "还有就是训练了我们专精的这种小模型。"
    },
    {
      "index": 150,
      "start": 388.39,
      "end": 388.63,
      "text": "呃，"
    },
    {
      "index": 151,
      "start": 388.65,
      "end": 391.4,
      "text": "这些模型呢是基于成熟的机器学算法，"
    },
    {
      "index": 152,
      "start": 391.42,
      "end": 393.88,
      "text": "比如说 USAD 或者是 IOSTM，"
    },
    {
      "index": 153,
      "start": 394.08,
      "end": 398.26,
      "text": "或者是这种呃刚刚呃前面有专家截到的这种毕业式算法，"
    },
    {
      "index": 154,
      "start": 398.26,
      "end": 402.0,
      "text": "这种呃这种呃小模型呃训练出来，"
    },
    {
      "index": 155,
      "start": 402.0,
      "end": 403.4,
      "text": "然后它速度快精度高。"
    },
    {
      "index": 156,
      "start": 403.74,
      "end": 406.04,
      "text": "然后呃大模型小模型之间呢，"
    },
    {
      "index": 157,
      "start": 406.04,
      "end": 407.74,
      "text": "他们们也不是孤立的，"
    },
    {
      "index": 158,
      "start": 407.74,
      "end": 411.56,
      "text": "他们是这种呃通过智能体的一个呃协同的一个工作。"
    },
    {
      "index": 159,
      "start": 411.92,
      "end": 412.16,
      "text": "呃，"
    },
    {
      "index": 160,
      "start": 412.18,
      "end": 414.8,
      "text": "这种大模型呢就像是一种呃指挥，"
    },
    {
      "index": 161,
      "start": 414.8,
      "end": 420.39,
      "text": "然后这种能理解或者是呃去做这种意图识别规划步骤这种形式。"
    },
    {
      "index": 162,
      "start": 420.63,
      "end": 424.13,
      "text": "然后小模型就像这种呃呃就是特种部队，"
    },
    {
      "index": 163,
      "start": 424.31,
      "end": 426.63,
      "text": "然后能够对高效的去执行，"
    },
    {
      "index": 164,
      "start": 426.71,
      "end": 428.59,
      "text": "或者是具体的分析这种任务。"
    },
    {
      "index": 165,
      "start": 428.59,
      "end": 428.83,
      "text": "呃，"
    },
    {
      "index": 166,
      "start": 429.23,
      "end": 429.47,
      "text": "呃，"
    },
    {
      "index": 167,
      "start": 430.73,
      "end": 434.455,
      "text": "这是我们的这种双模型协同的这么一个设计的一个思想。"
    },
    {
      "index": 168,
      "start": 436.75,
      "end": 437.63,
      "text": "哎哎，"
    },
    {
      "index": 169,
      "start": 437.63,
      "end": 438.73,
      "text": "怎么上一页哦，"
    },
    {
      "index": 170,
      "start": 438.73,
      "end": 443.63,
      "text": "这呃比如说我们这个呃根因分析的这么一个智能体，"
    },
    {
      "index": 171,
      "start": 443.95,
      "end": 444.19,
      "text": "呃，"
    },
    {
      "index": 172,
      "start": 444.45,
      "end": 448.17,
      "text": "就是展现我们双模型协同的这么一个典型的一个场景。"
    },
    {
      "index": 173,
      "start": 448.41,
      "end": 453.09,
      "text": "就是当这种呃我们有一个叫持续故障的这么一个小模型，"
    },
    {
      "index": 174,
      "start": 453.43,
      "end": 453.67,
      "text": "呃，"
    },
    {
      "index": 175,
      "start": 453.77,
      "end": 459.25,
      "text": "就是呃采用这种 USAD 这种算法去呃预测这个呃机器的故障。"
    },
    {
      "index": 176,
      "start": 459.55,
      "end": 459.79,
      "text": "呃，"
    },
    {
      "index": 177,
      "start": 459.79,
      "end": 463.25,
      "text": "那当这种呃产生这种预警的时候呢，"
    },
    {
      "index": 178,
      "start": 463.47,
      "end": 467.39,
      "text": "呃跟因为这种预警它不一定说是完全准确，"
    },
    {
      "index": 179,
      "start": 467.65,
      "end": 472.74,
      "text": "它肯定呃具备一定的比如说误报啊或者是呃灵敏度过高啊这种情况。"
    },
    {
      "index": 180,
      "start": 473.04,
      "end": 477.04,
      "text": "那么当产生这种预警的时候呢呃就需要大模型的一个介入。"
    },
    {
      "index": 181,
      "start": 477.28,
      "end": 479.32,
      "text": "当呃大模型介入之后呢，"
    },
    {
      "index": 182,
      "start": 479.32,
      "end": 482.18,
      "text": "它就会启动这个呃更因分析的这么一个智能体。"
    },
    {
      "index": 183,
      "start": 482.48,
      "end": 482.72,
      "text": "呃，"
    },
    {
      "index": 184,
      "start": 482.76,
      "end": 484.7,
      "text": "然后这个更新分析问题，"
    },
    {
      "index": 185,
      "start": 484.72,
      "end": 487.4,
      "text": "这个智能体呢就会去呃与用户交互，"
    },
    {
      "index": 186,
      "start": 487.44,
      "end": 489.02,
      "text": "然后去理解问题的现象。"
    },
    {
      "index": 187,
      "start": 489.26,
      "end": 493.86,
      "text": "然后他会去组织一系列的那个智能体去进行一个日志分析。"
    },
    {
      "index": 188,
      "start": 494.12,
      "end": 498.68,
      "text": "还有就是指标关联 top 追踪这一系列的这个呃这个这个工作，"
    },
    {
      "index": 189,
      "start": 498.68,
      "end": 501.63,
      "text": "然后一步步的推理出故障的根本原因，"
    },
    {
      "index": 190,
      "start": 501.63,
      "end": 503.81,
      "text": "或者是排除这到底是不是一个故障。"
    },
    {
      "index": 191,
      "start": 503.95,
      "end": 506.57,
      "text": "他做这么一个呃这么这么一个工作。"
    },
    {
      "index": 192,
      "start": 506.87,
      "end": 507.11,
      "text": "呃，"
    },
    {
      "index": 193,
      "start": 507.17,
      "end": 508.77,
      "text": "然后这个工作做完之后呢，"
    },
    {
      "index": 194,
      "start": 508.79,
      "end": 510.57,
      "text": "如果是确定是一个故障呢，"
    },
    {
      "index": 195,
      "start": 510.67,
      "end": 514.59,
      "text": "那么他会给出的这么个呃具体的一个呃优化的一个建议，"
    },
    {
      "index": 196,
      "start": 514.61,
      "end": 516.85,
      "text": "包括这个故障产生了实际的一个原因。"
    },
    {
      "index": 197,
      "start": 517.13,
      "end": 517.37,
      "text": "呃，"
    },
    {
      "index": 198,
      "start": 517.69,
      "end": 517.93,
      "text": "呃，"
    },
    {
      "index": 199,
      "start": 517.97,
      "end": 522.275,
      "text": "这是呃我们那个更新分析智能体这一块所做的一个工作。"
    },
    {
      "index": 200,
      "start": 524.1,
      "end": 524.34,
      "text": "呃，"
    },
    {
      "index": 201,
      "start": 524.46,
      "end": 528.9,
      "text": "这一块呢是我们那个呃整个产品的一个预览。"
    },
    {
      "index": 202,
      "start": 528.92,
      "end": 529.16,
      "text": "呃，"
    },
    {
      "index": 203,
      "start": 529.16,
      "end": 531.36,
      "text": "首先是左上角这一块呢，"
    },
    {
      "index": 204,
      "start": 531.36,
      "end": 534.46,
      "text": "是我们的这个呃就是对机器的一个 top，"
    },
    {
      "index": 205,
      "start": 534.58,
      "end": 540.4,
      "text": "就是呃就是相当于是对它的一个整体情况的一个呃直观的一个展示。"
    },
    {
      "index": 206,
      "start": 540.68,
      "end": 544.1,
      "text": "然后右上角那一块呢是它的一个详细的一个指标，"
    },
    {
      "index": 207,
      "start": 544.16,
      "end": 546.74,
      "text": "就是我刚才提到的那些系统啊，"
    },
    {
      "index": 208,
      "start": 546.84,
      "end": 547.8,
      "text": "或者是应用啊，"
    },
    {
      "index": 209,
      "start": 547.82,
      "end": 548.9,
      "text": "还有就是动环啊，"
    },
    {
      "index": 210,
      "start": 548.9,
      "end": 550.56,
      "text": "那些数据的这种一种监控。"
    },
    {
      "index": 211,
      "start": 550.92,
      "end": 553.14,
      "text": "然后左下左左下角这一块呢，"
    },
    {
      "index": 212,
      "start": 553.14,
      "end": 559.21,
      "text": "是它的那个呃就是一种呃就是一种趋势性的一种数据的一个展示。"
    },
    {
      "index": 213,
      "start": 559.51,
      "end": 565.25,
      "text": "然后右下角的那个是我们那个呃就是刚才提到的那种根因分析的这种智能体。"
    },
    {
      "index": 214,
      "start": 565.47,
      "end": 567.65,
      "text": "然后它能够对比如说产生告警之后，"
    },
    {
      "index": 215,
      "start": 567.65,
      "end": 570.39,
      "text": "能够去做这种呃根因的分析，"
    },
    {
      "index": 216,
      "start": 570.45,
      "end": 571.75,
      "text": "包括故障报告的生成，"
    },
    {
      "index": 217,
      "start": 571.99,
      "end": 576.635,
      "text": "包括解决方案的那个呃就是生成这这这样的一种形式。"
    },
    {
      "index": 218,
      "start": 578.31,
      "end": 579.17,
      "text": "呃呃，"
    },
    {
      "index": 219,
      "start": 579.27,
      "end": 581.21,
      "text": "我们呃我们这个产品呢，"
    },
    {
      "index": 220,
      "start": 581.21,
      "end": 584.67,
      "text": "因为现在呃目前也有我们的一个规划。"
    },
    {
      "index": 221,
      "start": 584.73,
      "end": 587.85,
      "text": "就是呃当呃在现有的基础上呢，"
    },
    {
      "index": 222,
      "start": 587.85,
      "end": 591.43,
      "text": "我们是希望说做到最后是一种什么样的一个效果呢？"
    },
    {
      "index": 223,
      "start": 591.65,
      "end": 593.61,
      "text": "就是是一种呃完整的，"
    },
    {
      "index": 224,
      "start": 593.61,
      "end": 597.65,
      "text": "然后这种自制的自制的这种一个智能运维的这么一个闭环。"
    },
    {
      "index": 225,
      "start": 598.13,
      "end": 598.37,
      "text": "呃，"
    },
    {
      "index": 226,
      "start": 598.45,
      "end": 603.21,
      "text": "这种闭环呢始于这种全链路高性能的这么一个呃数据的一个采集。"
    },
    {
      "index": 227,
      "start": 603.53,
      "end": 606.21,
      "text": "然后另一方面呢是我们呃向前看，"
    },
    {
      "index": 228,
      "start": 606.23,
      "end": 610.66,
      "text": "就是呃呃一这是故障的一个预测和一个智能的一个调优。"
    },
    {
      "index": 229,
      "start": 610.96,
      "end": 611.68,
      "text": "另一个方。"
    },
    {
      "index": 230,
      "start": 611.74,
      "end": 613.74,
      "text": "然后在问题的发生之前呢，"
    },
    {
      "index": 231,
      "start": 613.74,
      "end": 616.96,
      "text": "是呃做到这种防患于未然啊，"
    },
    {
      "index": 232,
      "start": 616.96,
      "end": 618.2,
      "text": "然后另一个是向后看，"
    },
    {
      "index": 233,
      "start": 618.28,
      "end": 622.28,
      "text": "就是呃当不可避免的这种故障发生的时候呢，"
    },
    {
      "index": 234,
      "start": 622.52,
      "end": 626.82,
      "text": "呃我们平台平台能够进行这种深度的这种智能分析。"
    },
    {
      "index": 235,
      "start": 627.08,
      "end": 631.04,
      "text": "然后并且最终的去呃推动这种故障治愈啊，"
    },
    {
      "index": 236,
      "start": 631.04,
      "end": 633.88,
      "text": "这是我们的一个呃整体的目一个目标。"
    },
    {
      "index": 237,
      "start": 634.22,
      "end": 637.99,
      "text": "然后那个这种每个过程的这个过程的每一步的一个执行，"
    },
    {
      "index": 238,
      "start": 638.17,
      "end": 640.47,
      "text": "就是无论是成功的预测分析，"
    },
    {
      "index": 239,
      "start": 640.47,
      "end": 642.05,
      "text": "还是这种治愈的这种操作，"
    },
    {
      "index": 240,
      "start": 642.35,
      "end": 649.03,
      "text": "其经验和结果都会沉淀到这种就是我们的运维知识库里面去啊形成一个持续的一个反馈。"
    },
    {
      "index": 241,
      "start": 649.31,
      "end": 653.51,
      "text": "这种知识库呢就是反过来也会去优化我们的这个 AI 模型，"
    },
    {
      "index": 242,
      "start": 653.75,
      "end": 656.03,
      "text": "然后让整个系统就是越用越智能。"
    },
    {
      "index": 243,
      "start": 656.33,
      "end": 656.57,
      "text": "呃，"
    },
    {
      "index": 244,
      "start": 657.11,
      "end": 657.59,
      "text": "对对，"
    },
    {
      "index": 245,
      "start": 657.59,
      "end": 663.465,
      "text": "这是我们的一个就是一个规划的一个呃产品的一个最终的一个形态。"
    },
    {
      "index": 246,
      "start": 665.5,
      "end": 665.74,
      "text": "呃，"
    },
    {
      "index": 247,
      "start": 666.0,
      "end": 667.08,
      "text": "就是目前的话，"
    },
    {
      "index": 248,
      "start": 667.08,
      "end": 669.22,
      "text": "我们在呃能源啊、"
    },
    {
      "index": 249,
      "start": 669.52,
      "end": 670.3,
      "text": "呢金融、"
    },
    {
      "index": 250,
      "start": 670.4,
      "end": 670.78,
      "text": "交通、"
    },
    {
      "index": 251,
      "start": 670.8,
      "end": 672.16,
      "text": "电信都有这种呃，"
    },
    {
      "index": 252,
      "start": 672.22,
      "end": 675.02,
      "text": "现在目前这种智能运维产品的一个实践。"
    },
    {
      "index": 253,
      "start": 675.32,
      "end": 675.56,
      "text": "呃，"
    },
    {
      "index": 254,
      "start": 675.62,
      "end": 680.62,
      "text": "也呃也也期待我们能够跟更多的这种行业的合作伙伴，"
    },
    {
      "index": 255,
      "start": 680.82,
      "end": 682.9,
      "text": "能够干更多的这种探索，"
    },
    {
      "index": 256,
      "start": 682.98,
      "end": 685.025,
      "text": "智能运维的呃无限可能。"
    },
    {
      "index": 257,
      "start": 686.03,
      "end": 686.25,
      "text": "啊，"
    },
    {
      "index": 258,
      "start": 686.25,
      "end": 686.81,
      "text": "谢谢大家。"
    },
    {
      "index": 259,
      "start": 686.99,
      "end": 687.875,
      "text": "我的分享完毕。"
    },
    {
      "index": 260,
      "start": 692.36,
      "end": 695.74,
      "text": "那个非常感谢那个钟老师的这个带来的分享。"
    },
    {
      "index": 261,
      "start": 695.74,
      "end": 699.14,
      "text": "其实我们可以看到那个麒麟的 AI 智能运营平台，"
    },
    {
      "index": 262,
      "start": 699.2,
      "end": 702.22,
      "text": "将 EBBF 跟 IIG 技术结合，"
    },
    {
      "index": 263,
      "start": 702.22,
      "end": 703.86,
      "text": "大小模型结合。"
    },
    {
      "index": 264,
      "start": 704.42,
      "end": 704.56,
      "text": "呃，"
    },
    {
      "index": 265,
      "start": 704.56,
      "end": 709.3,
      "text": "那个给我们带来这个从被动的这个呃故障的分析，"
    },
    {
      "index": 266,
      "start": 709.3,
      "end": 712.08,
      "text": "跟点验到一个主动的一个运维方式的改变。"
    },
    {
      "index": 267,
      "start": 712.2,
      "end": 714.0,
      "text": "给我们带来了一个感知决策，"
    },
    {
      "index": 268,
      "start": 714.42,
      "end": 717.28,
      "text": "到优化的一个运维自制体系的一个新体验。"
    },
    {
      "index": 269,
      "start": 717.28,
      "end": 720.46,
      "text": "这个是可以看到我们 AI 带来的一个显性的价值啊，"
    },
    {
      "index": 270,
      "start": 720.62,
      "end": 721.24,
      "text": "非常感谢。"
    },
    {
      "index": 271,
      "start": 721.58,
      "end": 727.23,
      "text": "那么下面有请北京东方通科技有限公司的产品经理李静静先生，"
    }
  ],
  "artifacts": [
    "output/ai_session/part_06/chunk_00/03_srt_slice/artifacts/chunk_baseline.srt"
  ],
  "metadata": {},
  "trace_id": null,
  "duration_ms": 0,
  "started_at": "2025-12-15T23:39:05.354532",
  "completed_at": "2025-12-15T15:39:05.381960",
  "step_config": {},
  "dependencies": [
    "downscale"
  ]
}