{
  "address": "ai_session/part_03/chunk_00/09_apply_crop/slide_016",
  "status": "completed",
  "input": {
    "image_path": "output/ai_session/part_03/chunk_00/07_capture_frame/slide_016/artifacts/slide_016.png",
    "crop_region": {
      "x": 539,
      "y": 165,
      "width": 1284,
      "height": 669
    }
  },
  "output": "output/ai_session/part_03/chunk_00/09_apply_crop/slide_016/artifacts/slide_016.png",
  "artifacts": [
    "output/ai_session/part_03/chunk_00/09_apply_crop/slide_016/artifacts/slide_016.png"
  ],
  "metadata": {
    "source": "output/ai_session/part_03/chunk_00/07_capture_frame/slide_016/artifacts/slide_016.png",
    "applied": true,
    "crop_region": {
      "x": 539,
      "y": 165,
      "width": 1284,
      "height": 669
    },
    "size": {
      "width": 1284,
      "height": 669
    }
  },
  "trace_id": null,
  "duration_ms": 407,
  "started_at": "2025-12-15T23:21:59.368810",
  "completed_at": "2025-12-15T15:21:59.784262",
  "step_config": {},
  "dependencies": [
    "capture_frame",
    "crop_decision"
  ]
}