{
  "address": "ScienceEducationInnovation/part_04/chunk_00/07_capture_frame/slide_029",
  "status": "completed",
  "input": {
    "video": "output/ScienceEducationInnovation/part_04/chunk_00/01_cut_chunk/artifacts/chunk_high.mp4",
    "timestamp": "00:20:36.700",
    "frame_id": "slide_029",
    "output_ext": ".png"
  },
  "output": "output/ScienceEducationInnovation/part_04/chunk_00/07_capture_frame/slide_029/artifacts/slide_029.png",
  "artifacts": [
    "output/ScienceEducationInnovation/part_04/chunk_00/07_capture_frame/slide_029/artifacts/slide_029.png"
  ],
  "metadata": {
    "timestamp": "00:20:36.700",
    "frame_id": "slide_029",
    "ffmpeg": "/opt/homebrew/bin/ffmpeg"
  },
  "trace_id": null,
  "duration_ms": 3060,
  "started_at": "2025-12-21T23:17:27.057831",
  "completed_at": "2025-12-21T15:17:30.120031",
  "step_config": {},
  "dependencies": [
    "slide_timeline"
  ]
}