{
  "address": "ai_session/part_02/chunk_00/09_apply_crop/slide_014",
  "status": "completed",
  "input": {
    "image_path": "output/ai_session/part_02/chunk_00/07_capture_frame/slide_014/artifacts/slide_014.png",
    "crop_region": {
      "x": 556,
      "y": 162,
      "width": 1363,
      "height": 918
    }
  },
  "output": "output/ai_session/part_02/chunk_00/09_apply_crop/slide_014/artifacts/slide_014.png",
  "artifacts": [
    "output/ai_session/part_02/chunk_00/09_apply_crop/slide_014/artifacts/slide_014.png"
  ],
  "metadata": {
    "source": "output/ai_session/part_02/chunk_00/07_capture_frame/slide_014/artifacts/slide_014.png",
    "applied": true,
    "crop_region": {
      "x": 556,
      "y": 162,
      "width": 1363,
      "height": 918
    },
    "size": {
      "width": 1363,
      "height": 918
    }
  },
  "trace_id": null,
  "duration_ms": 156,
  "started_at": "2025-12-15T23:02:57.629784",
  "completed_at": "2025-12-15T15:02:57.794622",
  "step_config": {},
  "dependencies": [
    "capture_frame",
    "crop_decision"
  ]
}