{
  "address": "ai_session/part_06/chunk_00/09_apply_crop/slide_014",
  "status": "completed",
  "input": {
    "image_path": "output/ai_session/part_06/chunk_00/07_capture_frame/slide_014/artifacts/slide_014.png",
    "crop_region": {
      "x": 639,
      "y": 159,
      "width": 1280,
      "height": 920
    }
  },
  "output": "output/ai_session/part_06/chunk_00/09_apply_crop/slide_014/artifacts/slide_014.png",
  "artifacts": [
    "output/ai_session/part_06/chunk_00/09_apply_crop/slide_014/artifacts/slide_014.png"
  ],
  "metadata": {
    "source": "output/ai_session/part_06/chunk_00/07_capture_frame/slide_014/artifacts/slide_014.png",
    "applied": true,
    "crop_region": {
      "x": 639,
      "y": 159,
      "width": 1280,
      "height": 920
    },
    "size": {
      "width": 1280,
      "height": 920
    }
  },
  "trace_id": null,
  "duration_ms": 121,
  "started_at": "2025-12-15T23:49:14.311003",
  "completed_at": "2025-12-15T15:49:14.433851",
  "step_config": {},
  "dependencies": [
    "capture_frame",
    "crop_decision"
  ]
}