{
  "address": "ai_session/part_01/chunk_00/07_capture_frame/slide_004",
  "status": "completed",
  "input": {
    "video": "output/ai_session/part_01/chunk_00/01_cut_chunk/artifacts/chunk_high.mp4",
    "timestamp": "00:02:21.400",
    "frame_id": "slide_004",
    "output_ext": ".png"
  },
  "output": "output/ai_session/part_01/chunk_00/07_capture_frame/slide_004/artifacts/slide_004.png",
  "artifacts": [
    "output/ai_session/part_01/chunk_00/07_capture_frame/slide_004/artifacts/slide_004.png"
  ],
  "metadata": {
    "timestamp": "00:02:21.400",
    "frame_id": "slide_004",
    "ffmpeg": "/opt/homebrew/bin/ffmpeg"
  },
  "trace_id": null,
  "duration_ms": 766,
  "started_at": "2025-12-15T22:19:47.526666",
  "completed_at": "2025-12-15T14:19:48.294272",
  "step_config": {},
  "dependencies": [
    "slide_timeline"
  ]
}