{
  "address": "ai_session/part_11/chunk_00/09_apply_crop/slide_004",
  "status": "completed",
  "input": {
    "image_path": "output/ai_session/part_11/chunk_00/07_capture_frame/slide_004/artifacts/slide_004.png",
    "crop_region": {
      "x": 729,
      "y": 165,
      "width": 1190,
      "height": 914
    }
  },
  "output": "output/ai_session/part_11/chunk_00/09_apply_crop/slide_004/artifacts/slide_004.png",
  "artifacts": [
    "output/ai_session/part_11/chunk_00/09_apply_crop/slide_004/artifacts/slide_004.png"
  ],
  "metadata": {
    "source": "output/ai_session/part_11/chunk_00/07_capture_frame/slide_004/artifacts/slide_004.png",
    "applied": true,
    "crop_region": {
      "x": 729,
      "y": 165,
      "width": 1190,
      "height": 914
    },
    "size": {
      "width": 1190,
      "height": 914
    }
  },
  "trace_id": null,
  "duration_ms": 90,
  "started_at": "2025-12-16T01:36:02.932356",
  "completed_at": "2025-12-15T17:36:03.027689",
  "step_config": {},
  "dependencies": [
    "capture_frame",
    "crop_decision"
  ]
}