{
  "address": "ScienceEducationInnovation/part_03/chunk_00/07_capture_frame/slide_020",
  "status": "completed",
  "input": {
    "video": "output/ScienceEducationInnovation/part_03/chunk_00/01_cut_chunk/artifacts/chunk_high.mp4",
    "timestamp": "00:14:53.280",
    "frame_id": "slide_020",
    "output_ext": ".png"
  },
  "output": "output/ScienceEducationInnovation/part_03/chunk_00/07_capture_frame/slide_020/artifacts/slide_020.png",
  "artifacts": [
    "output/ScienceEducationInnovation/part_03/chunk_00/07_capture_frame/slide_020/artifacts/slide_020.png"
  ],
  "metadata": {
    "timestamp": "00:14:53.280",
    "frame_id": "slide_020",
    "ffmpeg": "/opt/homebrew/bin/ffmpeg"
  },
  "trace_id": null,
  "duration_ms": 1668,
  "started_at": "2025-12-19T01:07:58.335294",
  "completed_at": "2025-12-18T17:08:00.004314",
  "step_config": {},
  "dependencies": [
    "slide_timeline"
  ]
}