{
  "id": "sec_6",
  "index": 5,
  "title": "演讲总结与致谢",
  "time_range": "00:19:15,000 - 00:20:01,210",
  "script": "感谢孙老师的精彩分享。我们可以看到, 刚才孙老师他们那个团队里面, 一个方面已经用了这个 MCP 的方式应用在他们的那个补丁的 merge, 然后以及这个分析或者自动化测试的这个相关的方式, 已经取得了不错的成果。我们可以看到它的补丁覆盖效率, 这个数据让我很震惊的, 就是从周级到小时级这个概念。第二个准确率其实也有一个75到93的这个不同等级的提升。\n所以这个其实为我们这个后面的那个运维啊, 就是个方向, OS 的一个重要的运维方向提供了很好的思路。很欣喜也看到后面有很多的这个这个规划, 所以我们社区可以跟这个孙老师继续合作, 把这块做得更好。",
  "summary": "主持人总结了孙老师团队的分享，其团队利用 MCP 方式在补丁合并与自动化测试上取得了显著成果。其中，补丁覆盖效率从周级提升到小时级，准确率也从75%提升至93%，为未来的 OS 运维提供了重要思路。"
}