{
  "id": "sec_2",
  "index": 1,
  "title": "CTyunOS智能安全中心概览",
  "time_range": "00:00:42,860 - 00:02:59,000",
  "script": "首先介绍一下CTyunOS智能安全中心。\nCTyunOS智能安全中心是由天翼云操作系统团队开发，旨在对漏洞从感知、播报、分析、修复、测试和公告全生命周期进行智能化跟踪的系统。\n通过引入AI大模型相关能力，\nCTyunOS智能安全中心能够分析漏洞是否对操作系统构成影响，\n并根据CVE信息、源码信息、补丁信息等要素对漏洞影响进行分析。\n在漏洞感知能力和安全加固相关，CTyunOS智能安全中心基于天翼云贡献到欧拉社区开源的CVE-ease和security-baseline进行扩展，\n使其能够更好地服务于操作系统安全相关任务。\n已开源和计划开源内容如上图所示。\nCTyunOS智能安全中心采用前后端分离架构，\n前端基于Vue.js和ECharts构建，\n由Nginx托管。\n后端使用Flask框架，集成DeepSeek大模型进行智能分析，\n并通过PostgreSQL数据库、Redis缓存\n和Celery异步任务处理数据。\n系统包含CVE-Ease漏洞处理和Security-Baseline安全基线管理等核心模块，\n实现高效的漏洞全生命周期管理。\n我们其实是能够通过容器一键启动的。\nCTyunOS智能安全中心是一个集成了AI大模型的智能化漏洞全生命周期管理平台。\n它通过自动化分析CVE、源码及补丁信息，精准评估漏洞对CTyunOS的影响并追踪修复流程，\n同时结合播报管理、定时任务与权限控制，\n实现对漏洞从感知、分析到修复、公告的智能化一体化管理。\n实现对漏洞从感知、分析到修复、公告的智能化一体化管理。",
  "summary": "CTyunOS智能安全中心是由天翼云开发的智能化漏洞全生命周期管理平台，它引入AI大模型能力，对漏洞进行从感知、分析到修复、公告的一体化智能管理。该系统采用前后端分离架构，基于CVE-ease和security-baseline等开源项目扩展，实现对漏洞影响的精准评估与高效追踪修复。"
}