{
  "address": "ai_session/part_08/chunk_00/09_apply_crop/slide_009",
  "status": "completed",
  "input": {
    "image_path": "output/ai_session/part_08/chunk_00/07_capture_frame/slide_009/artifacts/slide_009.png",
    "crop_region": {
      "x": 625,
      "y": 162,
      "width": 1294,
      "height": 918
    }
  },
  "output": "output/ai_session/part_08/chunk_00/09_apply_crop/slide_009/artifacts/slide_009.png",
  "artifacts": [
    "output/ai_session/part_08/chunk_00/09_apply_crop/slide_009/artifacts/slide_009.png"
  ],
  "metadata": {
    "source": "output/ai_session/part_08/chunk_00/07_capture_frame/slide_009/artifacts/slide_009.png",
    "applied": true,
    "crop_region": {
      "x": 625,
      "y": 162,
      "width": 1294,
      "height": 918
    },
    "size": {
      "width": 1294,
      "height": 918
    }
  },
  "trace_id": null,
  "duration_ms": 98,
  "started_at": "2025-12-16T00:48:23.674508",
  "completed_at": "2025-12-15T16:48:23.773325",
  "step_config": {},
  "dependencies": [
    "capture_frame",
    "crop_decision"
  ]
}