{
  "address": "ScienceEducationInnovation/part_04/chunk_00/07_capture_frame/slide_002",
  "status": "completed",
  "input": {
    "video": "output/ScienceEducationInnovation/part_04/chunk_00/01_cut_chunk/artifacts/chunk_high.mp4",
    "timestamp": "00:00:59.300",
    "frame_id": "slide_002",
    "output_ext": ".png"
  },
  "output": "output/ScienceEducationInnovation/part_04/chunk_00/07_capture_frame/slide_002/artifacts/slide_002.png",
  "artifacts": [
    "output/ScienceEducationInnovation/part_04/chunk_00/07_capture_frame/slide_002/artifacts/slide_002.png"
  ],
  "metadata": {
    "timestamp": "00:00:59.300",
    "frame_id": "slide_002",
    "ffmpeg": "/opt/homebrew/bin/ffmpeg"
  },
  "trace_id": null,
  "duration_ms": 314,
  "started_at": "2025-12-21T23:17:27.051561",
  "completed_at": "2025-12-21T15:17:27.367110",
  "step_config": {},
  "dependencies": [
    "slide_timeline"
  ]
}