{
  "address": "day2_main/part_05/chunk_00/07_capture_frame/slide_011",
  "status": "completed",
  "input": {
    "video": "output/day2_main/part_05/chunk_00/01_cut_chunk/artifacts/chunk_high.mp4",
    "timestamp": "00:13:29.400",
    "frame_id": "slide_011",
    "output_ext": ".png"
  },
  "output": "output/day2_main/part_05/chunk_00/07_capture_frame/slide_011/artifacts/slide_011.png",
  "artifacts": [
    "output/day2_main/part_05/chunk_00/07_capture_frame/slide_011/artifacts/slide_011.png"
  ],
  "metadata": {
    "timestamp": "00:13:29.400",
    "frame_id": "slide_011",
    "ffmpeg": "/opt/homebrew/bin/ffmpeg"
  },
  "trace_id": null,
  "duration_ms": 1818,
  "started_at": "2025-12-17T21:08:46.269936",
  "completed_at": "2025-12-17T13:08:48.089454",
  "step_config": {},
  "dependencies": [
    "slide_timeline"
  ]
}