{
  "address": "ai_session/part_02/chunk_00/09_apply_crop/slide_006",
  "status": "completed",
  "input": {
    "image_path": "output/ai_session/part_02/chunk_00/07_capture_frame/slide_006/artifacts/slide_006.png",
    "crop_region": {
      "x": 540,
      "y": 195,
      "width": 1212,
      "height": 833
    }
  },
  "output": "output/ai_session/part_02/chunk_00/09_apply_crop/slide_006/artifacts/slide_006.png",
  "artifacts": [
    "output/ai_session/part_02/chunk_00/09_apply_crop/slide_006/artifacts/slide_006.png"
  ],
  "metadata": {
    "source": "output/ai_session/part_02/chunk_00/07_capture_frame/slide_006/artifacts/slide_006.png",
    "applied": true,
    "crop_region": {
      "x": 540,
      "y": 195,
      "width": 1212,
      "height": 833
    },
    "size": {
      "width": 1212,
      "height": 833
    }
  },
  "trace_id": null,
  "duration_ms": 215,
  "started_at": "2025-12-15T23:02:57.627907",
  "completed_at": "2025-12-15T15:02:57.844420",
  "step_config": {},
  "dependencies": [
    "capture_frame",
    "crop_decision"
  ]
}