{
  "address": "ScienceEducationInnovation/part_02/chunk_00/07_capture_frame/slide_003",
  "status": "completed",
  "input": {
    "video": "output/ScienceEducationInnovation/part_02/chunk_00/01_cut_chunk/artifacts/chunk_high.mp4",
    "timestamp": "00:01:11.780",
    "frame_id": "slide_003",
    "output_ext": ".png"
  },
  "output": "output/ScienceEducationInnovation/part_02/chunk_00/07_capture_frame/slide_003/artifacts/slide_003.png",
  "artifacts": [
    "output/ScienceEducationInnovation/part_02/chunk_00/07_capture_frame/slide_003/artifacts/slide_003.png"
  ],
  "metadata": {
    "timestamp": "00:01:11.780",
    "frame_id": "slide_003",
    "ffmpeg": "/opt/homebrew/bin/ffmpeg"
  },
  "trace_id": null,
  "duration_ms": 790,
  "started_at": "2025-12-17T10:50:27.899619",
  "completed_at": "2025-12-17T02:50:28.692249",
  "step_config": {},
  "dependencies": [
    "slide_timeline"
  ]
}