{
  "address": "ai_session/part_07/final/04_part_downscale",
  "status": "completed",
  "input": {
    "source": "output/ai_session/part_07/final/03_part_cut/artifacts/part_high.mp4",
    "duration": 1097.29,
    "original_fps": 24.999911229471817,
    "output_name": "part_low.mp4"
  },
  "output": {
    "path": "output/ai_session/part_07/final/04_part_downscale/artifacts/part_low.mp4",
    "duration": 1097.29,
    "original_fps": 24.999911229471817,
    "target_fps": 8
  },
  "artifacts": [
    "output/ai_session/part_07/final/04_part_downscale/artifacts/part_low.mp4"
  ],
  "metadata": {
    "ffmpeg": "/opt/homebrew/bin/ffmpeg",
    "target_size_mb": 25.0,
    "original_fps": 24.999911229471817,
    "target_fps": 8,
    "min_video_bitrate": 80000,
    "audio_bitrate": 32000,
    "scale_height": 720,
    "prefer_hwaccel": false,
    "size_bytes": 17739661
  },
  "trace_id": null,
  "duration_ms": 23228,
  "started_at": "2025-12-16T00:32:33.896016",
  "completed_at": "2025-12-15T16:32:57.125907",
  "step_config": {},
  "dependencies": [
    "part_cut"
  ]
}