{
  "address": "ScienceEducationInnovation/part_02/chunk_00/07_capture_frame/slide_007",
  "status": "completed",
  "input": {
    "video": "output/ScienceEducationInnovation/part_02/chunk_00/01_cut_chunk/artifacts/chunk_high.mp4",
    "timestamp": "00:04:51.380",
    "frame_id": "slide_007",
    "output_ext": ".png"
  },
  "output": "output/ScienceEducationInnovation/part_02/chunk_00/07_capture_frame/slide_007/artifacts/slide_007.png",
  "artifacts": [
    "output/ScienceEducationInnovation/part_02/chunk_00/07_capture_frame/slide_007/artifacts/slide_007.png"
  ],
  "metadata": {
    "timestamp": "00:04:51.380",
    "frame_id": "slide_007",
    "ffmpeg": "/opt/homebrew/bin/ffmpeg"
  },
  "trace_id": null,
  "duration_ms": 1261,
  "started_at": "2025-12-17T10:50:27.899661",
  "completed_at": "2025-12-17T02:50:29.162115",
  "step_config": {},
  "dependencies": [
    "slide_timeline"
  ]
}