{
  "id": "sec_6",
  "index": 5,
  "title": "总结与致谢",
  "time_range": "00:06:27,080 - 00:07:17,000",
  "script": "这个是我们今天想给各位领导汇报的就是我们在跟欧拉合作这块，在推理这块的方案情况，大致情况就这样。\n好，感谢，谢谢。\n谢谢。\n好，那个非常感谢金老师给我们带来的这个“宝智灵”RAG一体机的这个解决方案，极具高性、低成本、易使用的这个推理解决方案。\n我们可以看到刚才跟社区的intelligence boom结合之后，它从一个推理的解决方案从百万级降低到十万级的这样一个水平，将近带来十来倍的一个成本的下降，是一个很好的这个案例啊。\n好。",
  "summary": "讲者首先总结了与欧拉在推理方案上的合作情况并致谢。随后，主持人回顾并高度评价了“宝智灵”RAG一体机方案，强调其结合社区 intelligence boom 后，在成本上实现了从百万级到十万级的显著降低，是一个很好的案例。"
}