{
  "part_index": 3,
  "title": "JuiceFS MLPerf Storage v2.0 性能测评与调优分析",
  "type_tag": "性能测评与调优",
  "tech_tags": [
    "JuiceFS",
    "MLPerf Storage",
    "UNet3D",
    "ResNet50",
    "NUMA",
    "Memory Copy",
    "Direct I/O",
    "Buffer I/O",
    "Redis",
    "MinIO",
    "Go",
    "Distributed Training"
  ],
  "domain_tags": [
    "AI Infrastructure",
    "Storage Systems",
    "High Performance Computing",
    "System Performance"
  ],
  "summary": "本环节深入解析 JuiceFS 在 MLPerf Storage v2.0 基准下的性能表现。讲者首先介绍了 JuiceFS 存算分离架构与 MLPerf 测试原理，随后通过 UNet3D 和 ResNet50 模型实测，揭示了系统内存拷贝带宽（Memory Copy Bandwidth）与跨 NUMA 访问延迟是制约高并发 I/O 吞吐的关键瓶颈。最后总结了吞吐量与 GPU 数量的关系，并分享了针对内存带宽与 NUMA 架构的系统级调优经验。",
  "highlights": [
    "JuiceFS 采用元数据与数据分离架构，适配云原生 AI 存储需求",
    "MLPerf Storage 通过模拟数据加载流程评估存储系统的 I/O 性能",
    "UNet3D 测试显示高并发 Direct I/O 下 CPU 内存拷贝成为瓶颈",
    "ResNet50 测试表明 Buffer I/O 模式下应用与文件系统争抢内存带宽",
    "跨 NUMA 节点的内存访问会导致显著的时延增加与性能下降",
    "JuiceFS 的吞吐带宽直接决定了集群能支持的 GPU 训练规模",
    "Go 语言运行时缺乏 NUMA 感知是高性能存储系统调优的挑战点"
  ]
}