{
  "id": "sec_3",
  "index": 2,
  "title": "破局：新一代CDSS智能引擎构想",
  "time_range": "00:04:07,541 - 00:07:00,946",
  "script": "那基于以上这些困难，我们能不能产生一些新的构想？\n就是原有的架构。下面这张图大概表示了我们原有的CDSS孤岛状态所应对的情况。左侧是医院对应的这些业务系统，还有非常多的业务系统没有列举，只是举例。右侧大概对应着背后支撑这个系统所需要的东西。\n它需要自然语言处理，需要通用识别，需要各种各样的模型，还需要各种各样的规则维护，包括一些其他的业务应用场景。那基于这个场景之下，我们能产生什么样的构想呢？就是能否把这种原有的功能堆砌的场景，变成一种智能融合。\n然后原有的这种堆烟囱式的架构变成一种一体化的架构。它能否替代这种单一的静态规则引擎，如何解决异构数据的知识处理，以及如何能够更好地利用GPU加速。\n基于以上思考，我们产生了一些实际的案例落地。第一个就是我刚才说的四级场景，针对openEuler Intelligence的CDSS知识库。\n知识库主要就是临床知识如何让医护人员更好地使用起来。针对传统的临床知识库，我们以前是基于老的ES架构，大家搜索一段其实就是一个分词，分词之后搜索出来的信息非常庞大，其实也做不到更好的应用。\n第二个是基于惠每IntelliCore的临床决策智能推荐核心架构，主要应对五级、六级、七级等更高级的智能决策。\n何为智能决策？就是在患者的整个诊疗过程中，基于其大量的病历信息，如入院记录、病程、手术、检验、检查、各项指标、生命体征等，\n医护人员在开立医嘱或进行检查时，我们可以针对患者的实际情况，提醒他这个医嘱不能开，是有问题的。\n这可以更好地降低医患纠纷的产生，这也是CDSS存在的核心价值。\n第三个是模型加速，主要是用了昇腾社区的开源模型、开源镜像的embedding加速，它可以达到使用NPU加速，针对我们这个国产化设备。还有一个其实没有写上，最近也在研究vNPU的切分。\n就是一块大的NPU设备，一张卡可以切分成多张卡的场景，达到资源之间不会互相抢占的模型加速作用。",
  "summary": "针对传统CDSS孤岛式、功能堆砌的困境，讲者提出了新一代智能引擎的构想，旨在将“堆烟囱式”架构转变为一体化的智能融合架构。该构想致力于替代静态规则引擎，解决异构数据处理难题，并利用NPU实现模型加速。最后，通过openEuler Intelligence知识库、惠每IntelliCore智能决策和昇腾模型加速等案例，展示了这一构想的实际应用落地。"
}