{
  "address": "ai_session/part_03/chunk_00/09_apply_crop/slide_006",
  "status": "completed",
  "input": {
    "image_path": "output/ai_session/part_03/chunk_00/07_capture_frame/slide_006/artifacts/slide_006.png",
    "crop_region": {
      "x": 883,
      "y": 194,
      "width": 1036,
      "height": 864
    }
  },
  "output": "output/ai_session/part_03/chunk_00/09_apply_crop/slide_006/artifacts/slide_006.png",
  "artifacts": [
    "output/ai_session/part_03/chunk_00/09_apply_crop/slide_006/artifacts/slide_006.png"
  ],
  "metadata": {
    "source": "output/ai_session/part_03/chunk_00/07_capture_frame/slide_006/artifacts/slide_006.png",
    "applied": true,
    "crop_region": {
      "x": 883,
      "y": 194,
      "width": 1036,
      "height": 864
    },
    "size": {
      "width": 1036,
      "height": 864
    }
  },
  "trace_id": null,
  "duration_ms": 300,
  "started_at": "2025-12-15T23:21:59.366663",
  "completed_at": "2025-12-15T15:21:59.694352",
  "step_config": {},
  "dependencies": [
    "capture_frame",
    "crop_decision"
  ]
}