{
  "address": "ScienceEducationInnovation/part_03/chunk_00/07_capture_frame/slide_019",
  "status": "completed",
  "input": {
    "video": "output/ScienceEducationInnovation/part_03/chunk_00/01_cut_chunk/artifacts/chunk_high.mp4",
    "timestamp": "00:14:18.480",
    "frame_id": "slide_019",
    "output_ext": ".png"
  },
  "output": "output/ScienceEducationInnovation/part_03/chunk_00/07_capture_frame/slide_019/artifacts/slide_019.png",
  "artifacts": [
    "output/ScienceEducationInnovation/part_03/chunk_00/07_capture_frame/slide_019/artifacts/slide_019.png"
  ],
  "metadata": {
    "timestamp": "00:14:18.480",
    "frame_id": "slide_019",
    "ffmpeg": "/opt/homebrew/bin/ffmpeg"
  },
  "trace_id": null,
  "duration_ms": 1600,
  "started_at": "2025-12-19T01:07:58.334624",
  "completed_at": "2025-12-18T17:07:59.935795",
  "step_config": {},
  "dependencies": [
    "slide_timeline"
  ]
}