{
  "address": "ScienceEducationInnovation/part_02/chunk_00/07_capture_frame/slide_004",
  "status": "completed",
  "input": {
    "video": "output/ScienceEducationInnovation/part_02/chunk_00/01_cut_chunk/artifacts/chunk_high.mp4",
    "timestamp": "00:02:10.180",
    "frame_id": "slide_004",
    "output_ext": ".png"
  },
  "output": "output/ScienceEducationInnovation/part_02/chunk_00/07_capture_frame/slide_004/artifacts/slide_004.png",
  "artifacts": [
    "output/ScienceEducationInnovation/part_02/chunk_00/07_capture_frame/slide_004/artifacts/slide_004.png"
  ],
  "metadata": {
    "timestamp": "00:02:10.180",
    "frame_id": "slide_004",
    "ffmpeg": "/opt/homebrew/bin/ffmpeg"
  },
  "trace_id": null,
  "duration_ms": 933,
  "started_at": "2025-12-17T10:50:27.899630",
  "completed_at": "2025-12-17T02:50:28.839363",
  "step_config": {},
  "dependencies": [
    "slide_timeline"
  ]
}