{
  "part_index": 3,
  "title": "AI端到端复杂攻击检测技术与SysArmor系统实践",
  "type_tag": "技术研究报告",
  "tech_tags": [
    "APT攻击",
    "溯源图",
    "无监督学习",
    "在线斯坦纳树",
    "VAE",
    "大语言模型",
    "gIoC",
    "DPU硬件加速",
    "SysArmor",
    "openEuler"
  ],
  "domain_tags": [
    "网络安全",
    "入侵检测",
    "系统安全",
    "AI安全"
  ],
  "summary": "针对APT攻击隐蔽性强及规则检测局限，李锭老师分享了端到端AI检测系统SysArmor。该方案通过溯源图建模系统行为，利用在线斯坦纳树算法实现无监督日志过滤，并结合大模型与gIoC中间表示自动生成攻击报告。通过分片式架构与DPU硬件加速，系统将性能损耗控制在3%以内，实现了低开销、高精度的自动化检测，目前已在openEuler社区开源。",
  "highlights": [
    "分析APT攻击特征及现有规则检测技术的局限性",
    "提出基于溯源图的系统、算法、硬件协同优化策略",
    "利用在线斯坦纳树算法实现海量日志的无监督快速过滤",
    "引入gIoC中间表示与大模型，自动生成可读的攻击检测报告",
    "采用分片式架构与DPU硬件加速，将性能损耗降低至3%以内",
    "发布开源原型系统SysArmor，并在openEuler社区持续演进"
  ]
}