{
  "address": "ai_session/part_05/chunk_00/09_apply_crop/slide_005",
  "status": "completed",
  "input": {
    "image_path": "output/ai_session/part_05/chunk_00/07_capture_frame/slide_005/artifacts/slide_005.png",
    "crop_region": {
      "x": 366,
      "y": 120,
      "width": 913,
      "height": 599
    }
  },
  "output": "output/ai_session/part_05/chunk_00/09_apply_crop/slide_005/artifacts/slide_005.png",
  "artifacts": [
    "output/ai_session/part_05/chunk_00/09_apply_crop/slide_005/artifacts/slide_005.png"
  ],
  "metadata": {
    "source": "output/ai_session/part_05/chunk_00/07_capture_frame/slide_005/artifacts/slide_005.png",
    "applied": true,
    "crop_region": {
      "x": 366,
      "y": 120,
      "width": 913,
      "height": 599
    },
    "size": {
      "width": 913,
      "height": 599
    }
  },
  "trace_id": null,
  "duration_ms": 72,
  "started_at": "2025-12-15T18:13:40.454287",
  "completed_at": "2025-12-15T10:13:40.527234",
  "step_config": {},
  "dependencies": [
    "capture_frame",
    "crop_decision"
  ]
}