{
  "address": "ai_session/part_00/chunk_00/07_capture_frame/slide_011",
  "status": "completed",
  "input": {
    "video": "output/ai_session/part_00/chunk_00/01_cut_chunk/artifacts/chunk_high.mp4",
    "timestamp": "00:17:51.100",
    "frame_id": "slide_011",
    "output_ext": ".png"
  },
  "output": "output/ai_session/part_00/chunk_00/07_capture_frame/slide_011/artifacts/slide_011.png",
  "artifacts": [
    "output/ai_session/part_00/chunk_00/07_capture_frame/slide_011/artifacts/slide_011.png"
  ],
  "metadata": {
    "timestamp": "00:17:51.100",
    "frame_id": "slide_011",
    "ffmpeg": "/opt/homebrew/bin/ffmpeg"
  },
  "trace_id": null,
  "duration_ms": 13436,
  "started_at": "2025-12-15T21:21:14.769953",
  "completed_at": "2025-12-15T13:21:28.231592",
  "step_config": {},
  "dependencies": [
    "slide_timeline"
  ]
}