{
  "address": "ai_session/part_11/chunk_00/01_cut_chunk",
  "status": "completed",
  "input": {
    "video": "/Users/lichuan/Codes/TalkDistill/ai_session.mp4",
    "start": 10607.0,
    "duration": 652.7749999999996,
    "output_name": "chunk_high.mp4"
  },
  "output": {
    "path": "output/ai_session/part_11/chunk_00/01_cut_chunk/artifacts/chunk_high.mp4",
    "start": 10607.0,
    "duration": 652.7749999999996
  },
  "artifacts": [
    "output/ai_session/part_11/chunk_00/01_cut_chunk/artifacts/chunk_high.mp4"
  ],
  "metadata": {
    "ffmpeg": "/opt/homebrew/bin/ffmpeg",
    "start": 10607.0,
    "duration": 652.7749999999996,
    "size_bytes": 339038259
  },
  "trace_id": null,
  "duration_ms": 424,
  "started_at": "2025-12-16T01:25:44.009046",
  "completed_at": "2025-12-15T17:25:44.434664",
  "step_config": {},
  "dependencies": []
}