{
  "address": "ai_session/part_06/chunk_00/01_cut_chunk",
  "status": "completed",
  "input": {
    "video": "/Users/lichuan/Codes/TalkDistill/ai_session.mp4",
    "start": 5926.23,
    "duration": 721.5800000000008,
    "output_name": "chunk_high.mp4"
  },
  "output": {
    "path": "output/ai_session/part_06/chunk_00/01_cut_chunk/artifacts/chunk_high.mp4",
    "start": 5926.23,
    "duration": 721.5800000000008
  },
  "artifacts": [
    "output/ai_session/part_06/chunk_00/01_cut_chunk/artifacts/chunk_high.mp4"
  ],
  "metadata": {
    "ffmpeg": "/opt/homebrew/bin/ffmpeg",
    "start": 5926.23,
    "duration": 721.5800000000008,
    "size_bytes": 375669099
  },
  "trace_id": null,
  "duration_ms": 415,
  "started_at": "2025-12-15T23:38:18.105329",
  "completed_at": "2025-12-15T15:38:18.521230",
  "step_config": {},
  "dependencies": []
}