{
  "address": "ai_session/part_02/chunk_00/07_capture_frame/slide_021",
  "status": "completed",
  "input": {
    "video": "output/ai_session/part_02/chunk_00/01_cut_chunk/artifacts/chunk_high.mp4",
    "timestamp": "00:17:09.000",
    "frame_id": "slide_021",
    "output_ext": ".png"
  },
  "output": "output/ai_session/part_02/chunk_00/07_capture_frame/slide_021/artifacts/slide_021.png",
  "artifacts": [
    "output/ai_session/part_02/chunk_00/07_capture_frame/slide_021/artifacts/slide_021.png"
  ],
  "metadata": {
    "timestamp": "00:17:09.000",
    "frame_id": "slide_021",
    "ffmpeg": "/opt/homebrew/bin/ffmpeg"
  },
  "trace_id": null,
  "duration_ms": 4474,
  "started_at": "2025-12-15T23:00:01.447910",
  "completed_at": "2025-12-15T15:00:05.923891",
  "step_config": {},
  "dependencies": [
    "slide_timeline"
  ]
}