{
  "address": "ScienceEducationInnovation/part_04/chunk_00/02_downscale",
  "status": "completed",
  "input": {
    "source": "output/ScienceEducationInnovation/part_04/chunk_00/01_cut_chunk/artifacts/chunk_high.mp4",
    "duration": 1293.4099999999999,
    "original_fps": 25.0,
    "output_name": "chunk_low.mp4"
  },
  "output": {
    "path": "output/ScienceEducationInnovation/part_04/chunk_00/02_downscale/artifacts/chunk_low.mp4",
    "duration": 1293.4099999999999,
    "original_fps": 25.0,
    "target_fps": 3
  },
  "artifacts": [
    "output/ScienceEducationInnovation/part_04/chunk_00/02_downscale/artifacts/chunk_low.mp4"
  ],
  "metadata": {
    "ffmpeg": "/opt/homebrew/bin/ffmpeg",
    "target_size_mb": 20.0,
    "original_fps": 25.0,
    "target_fps": 3,
    "rate_control": "crf",
    "crf": 28,
    "min_video_bitrate": 80000,
    "audio_bitrate": 32000,
    "scale_height": 0,
    "prefer_hwaccel": false,
    "size_bytes": 15507463
  },
  "trace_id": null,
  "duration_ms": 70474,
  "started_at": "2025-12-21T23:08:20.423098",
  "completed_at": "2025-12-21T15:09:30.901031",
  "step_config": {},
  "dependencies": [
    "cut_chunk"
  ]
}