{
  "address": "ai_session/part_06/chunk_00/09_apply_crop/slide_008",
  "status": "completed",
  "input": {
    "image_path": "output/ai_session/part_06/chunk_00/07_capture_frame/slide_008/artifacts/slide_008.png",
    "crop_region": {
      "x": 648,
      "y": 169,
      "width": 1200,
      "height": 775
    }
  },
  "output": "output/ai_session/part_06/chunk_00/09_apply_crop/slide_008/artifacts/slide_008.png",
  "artifacts": [
    "output/ai_session/part_06/chunk_00/09_apply_crop/slide_008/artifacts/slide_008.png"
  ],
  "metadata": {
    "source": "output/ai_session/part_06/chunk_00/07_capture_frame/slide_008/artifacts/slide_008.png",
    "applied": true,
    "crop_region": {
      "x": 648,
      "y": 169,
      "width": 1200,
      "height": 775
    },
    "size": {
      "width": 1200,
      "height": 775
    }
  },
  "trace_id": null,
  "duration_ms": 115,
  "started_at": "2025-12-15T23:49:14.309995",
  "completed_at": "2025-12-15T15:49:14.426130",
  "step_config": {},
  "dependencies": [
    "capture_frame",
    "crop_decision"
  ]
}