{
  "address": "ScienceEducationInnovation/part_03/final/07_script_refine/3",
  "status": "completed",
  "input": {
    "narrative": {
      "id": "sec_004",
      "index": 3,
      "title": "研究方法与核心思路：溯源分析提出系统、算法、硬件协同优化策略，核心在于利用溯源图模型表征系统资源依赖关系。",
      "time_range": "00:07:18,040 - 00:08:49,315",
      "script": "针对这些问题，我们在过去三年中进行了一系列系统、算法和硬件的协同优化。\n面对数据量少的问题，我们感谢华为提供了大量企业级真实数据，帮助我们提升算法。\n同时，我们研究了无监督算法，以消除对标签的依赖。\n在语义理解上，我们基于溯源图关联算法来消除歧义性。\n在成本优化上，我们从系统层面优化了数据处理和采集，提升了系统性能。\n算法上，我们借鉴了缓冲机制，通过由简到繁的层层过滤来降低复杂度。\n这些成果已发表在多篇顶级论文中，其中不少也有华为同事的贡献。\n算法的核心思路是溯源分析。我们采集操作系统的日志。\n包括网络端口访问、文件访问以及进程的创建和依赖关系。\n我们将这些数据构建成一张图，节点代表进程、文件或端口，边代表数据流向。\n在这张图上，我们利用无监督学习主动挖掘异常特征，自动找出与攻击相关的部分。",
      "summary": ""
    }
  },
  "output": {
    "section_id": "sec_004",
    "index": 3,
    "title": "研究方法与核心思路：溯源分析提出系统、算法、硬件协同优化策略，核心在于利用溯源图模型表征系统资源依赖关系。",
    "time_range": "00:07:18,040 - 00:08:49,315",
    "refined_script": "# 溯源分析驱动的系统、算法与硬件协同优化方案\n\n## 1. 背景与挑战\n在过去三年的研究实践中，针对复杂系统环境下的安全分析与性能优化，我们主要面临以下三大挑战：\n- **数据瓶颈**：高质量的企业级标注数据稀缺，算法训练高度依赖标签。\n- **语义歧义**：系统日志中的行为碎片化，难以准确理解复杂的攻击语义。\n- **计算成本**：大规模数据采集与处理带来的系统开销与算法复杂度过高。\n\n## 2. 核心设计理念：协同优化策略\n我们提出了**系统、算法与硬件协同优化**的整体架构，旨在通过多维度的技术手段解决上述挑战：\n- **系统层**：优化数据采集与处理流程，提升底层支撑性能。\n- **算法层**：引入溯源图模型与无监督学习，降低对人工标注的依赖。\n- **硬件层**：通过软硬协同设计，实现高效的资源调度与成本控制。\n\n## 3. 关键技术实现\n\n### 3.1 基于溯源图的行为建模 (Provenance Analysis)\n溯源分析是本方案的核心。通过采集操作系统底层的多维日志，构建系统资源依赖图：\n- **数据源**：涵盖网络端口访问、文件系统操作、进程创建及依赖关系。\n- **图模型构建**：\n  - **节点 (Nodes)**：代表进程、文件或网络端口。\n  - **边 (Edges)**：代表数据流向与交互关系。\n- **语义对齐**：利用溯源图的关联算法消除系统行为的歧义性，还原完整的攻击链路。\n\n### 3.2 算法优化与复杂度控制\n- **无监督异常检测**：利用无监督学习主动挖掘溯源图中的异常特征，实现自动化攻击识别，解决标签缺失问题。\n- **分层过滤机制 (Hierarchical Filtering)**：借鉴缓冲机制，采用“由简到繁”的策略。通过多层过滤逻辑，在早期阶段剔除海量正常行为，仅对高可疑部分进行深度分析，显著降低计算复杂度。\n\n## 4. 合作与成果\n- **数据支撑**：基于华为提供的海量企业级真实数据进行算法验证与迭代，确保了方案的实用性。\n- **学术产出**：相关研究成果已发表于多篇国际顶级学术会议/期刊（Top-tier Publications）。\n- **团队协同**：该项目由学术团队与华为技术专家共同协作完成。",
    "summary": "",
    "original_script": "针对这些问题，我们在过去三年中进行了一系列系统、算法和硬件的协同优化。\n面对数据量少的问题，我们感谢华为提供了大量企业级真实数据，帮助我们提升算法。\n同时，我们研究了无监督算法，以消除对标签的依赖。\n在语义理解上，我们基于溯源图关联算法来消除歧义性。\n在成本优化上，我们从系统层面优化了数据处理和采集，提升了系统性能。\n算法上，我们借鉴了缓冲机制，通过由简到繁的层层过滤来降低复杂度。\n这些成果已发表在多篇顶级论文中，其中不少也有华为同事的贡献。\n算法的核心思路是溯源分析。我们采集操作系统的日志。\n包括网络端口访问、文件访问以及进程的创建和依赖关系。\n我们将这些数据构建成一张图，节点代表进程、文件或端口，边代表数据流向。\n在这张图上，我们利用无监督学习主动挖掘异常特征，自动找出与攻击相关的部分。"
  },
  "artifacts": [
    "output/ScienceEducationInnovation/part_03/final/07_script_refine/3/artifacts/section_sec_004_refined.md"
  ],
  "metadata": {
    "refined_length": 952,
    "original_length": 350,
    "summary_length": 0
  },
  "trace_id": "06e29355-c4b5-423f-9991-83b75184d8b2",
  "duration_ms": 60238,
  "started_at": "2025-12-19T01:26:36.932852",
  "completed_at": "2025-12-18T17:27:37.173135",
  "step_config": {
    "model": "gemini-3-flash-preview",
    "temperature": 0.2,
    "prompt_file": "/Users/lichuan/Codes/TalkDistill/config/prompts/script_refine.md",
    "schema_file": "/Users/lichuan/Codes/TalkDistill/config/schemas/script_refine.json"
  },
  "dependencies": [
    "section_timing"
  ]
}