{
  "address": "ScienceEducationInnovation/part_04/chunk_00/08_crop_decision/slide_005",
  "status": "completed",
  "input": {
    "image_path": "output/ScienceEducationInnovation/part_04/chunk_00/07_capture_frame/slide_005/artifacts/slide_005.png",
    "slide_index": 5,
    "slide_title": "新型模型架构：生成式模型 展示深度推荐模型（DLRMs）及生成式推荐在互联网场景的应用。"
  },
  "output": null,
  "artifacts": [
    "output/ScienceEducationInnovation/part_04/chunk_00/07_capture_frame/slide_005/artifacts/slide_005.png"
  ],
  "metadata": {
    "needs_crop": false,
    "reason": "MANUAL_NO_CROP",
    "manual_override": true
  },
  "trace_id": null,
  "duration_ms": 0,
  "started_at": "2025-12-21T23:27:05.887707",
  "completed_at": "2025-12-21T15:27:05.900439",
  "step_config": {
    "model": "gemini-3-flash-preview",
    "temperature": 0.1,
    "prompt_file": "/Users/lichuan/Codes/TalkDistill/config/prompts/crop_decision.md",
    "schema_file": "/Users/lichuan/Codes/TalkDistill/config/schemas/crop_decision.json"
  },
  "dependencies": [
    "capture_frame"
  ]
}