{
  "address": "ai_session/part_05/chunk_00/09_apply_crop/slide_010",
  "status": "completed",
  "input": {
    "image_path": "output/ai_session/part_05/chunk_00/07_capture_frame/slide_010/artifacts/slide_010.png",
    "crop_region": {
      "x": 0,
      "y": 0,
      "width": 960,
      "height": 720
    }
  },
  "output": "output/ai_session/part_05/chunk_00/09_apply_crop/slide_010/artifacts/slide_010.png",
  "artifacts": [
    "output/ai_session/part_05/chunk_00/09_apply_crop/slide_010/artifacts/slide_010.png"
  ],
  "metadata": {
    "source": "output/ai_session/part_05/chunk_00/07_capture_frame/slide_010/artifacts/slide_010.png",
    "applied": true,
    "crop_region": {
      "x": 0,
      "y": 0,
      "width": 960,
      "height": 720
    },
    "size": {
      "width": 960,
      "height": 720
    }
  },
  "trace_id": null,
  "duration_ms": 63,
  "started_at": "2025-12-15T18:13:40.455316",
  "completed_at": "2025-12-15T10:13:40.520902",
  "step_config": {},
  "dependencies": [
    "capture_frame",
    "crop_decision"
  ]
}