{
  "address": "ai_session/part_07/chunk_00/03_srt_slice",
  "status": "completed",
  "input": {
    "global_srt": "output/ai_session/part_-01/chunk_-01/00_global_funasr/artifacts/global.srt",
    "start_ms": 6647810.0,
    "end_ms": 7745100.0,
    "output_name": "chunk_baseline.srt"
  },
  "output": [
    {
      "index": 1,
      "start": 0,
      "end": 5.65,
      "text": "那么下面有请北京东方通科技有限公司的产品经理李静静先生，"
    },
    {
      "index": 2,
      "start": 6.05,
      "end": 9.15,
      "text": "给我们带来呃中间件智能体的一个分享。"
    },
    {
      "index": 3,
      "start": 9.19,
      "end": 20.76,
      "text": "大家欢迎啊呃非常开心。"
    },
    {
      "index": 4,
      "start": 20.76,
      "end": 24.52,
      "text": "今天嗯有机会来到我们这个 AI 的这个分论坛，"
    },
    {
      "index": 5,
      "start": 24.72,
      "end": 30.42,
      "text": "为大家分享一款就是我们公司这几年啊鼎力制作的一款智能产品，"
    },
    {
      "index": 6,
      "start": 30.42,
      "end": 32.365,
      "text": "是中间件那个智能体。"
    },
    {
      "index": 7,
      "start": 33.16,
      "end": 33.4,
      "text": "嗯，"
    },
    {
      "index": 8,
      "start": 33.92,
      "end": 38.76,
      "text": "首先我这一次我会通过几部分向大家去介绍我们这个中间件智能体。"
    },
    {
      "index": 9,
      "start": 38.76,
      "end": 43.06,
      "text": "第一个是向大家介绍一下我们目前公司的一个整体的一个状况。"
    },
    {
      "index": 10,
      "start": 43.06,
      "end": 46.64,
      "text": "第二部分我们去详细介绍一下我们这个中间件智能体，"
    },
    {
      "index": 11,
      "start": 46.94,
      "end": 50.475,
      "text": "然后后续我们会去做一些的一个场场景的一些展示。"
    },
    {
      "index": 12,
      "start": 51.41,
      "end": 51.65,
      "text": "嗯，"
    },
    {
      "index": 13,
      "start": 51.71,
      "end": 56.51,
      "text": "东方通企业是我们国内最早成立的一家那个中间件企业，"
    },
    {
      "index": 14,
      "start": 56.65,
      "end": 62.55,
      "text": "目前从一九九七年成立到现在已经将近快三十年的一个技术沉淀。"
    },
    {
      "index": 15,
      "start": 62.83,
      "end": 63.87,
      "text": "在这个过程当中，"
    },
    {
      "index": 16,
      "start": 63.87,
      "end": 66.91,
      "text": "我们也取得了很多这个优秀的成绩，"
    },
    {
      "index": 17,
      "start": 66.93,
      "end": 69.29,
      "text": "包括国家进步的一些那个科技进步奖。"
    },
    {
      "index": 18,
      "start": 69.65,
      "end": 72.59,
      "text": "然后呃服务于目前国内的企业，"
    },
    {
      "index": 19,
      "start": 72.59,
      "end": 73.95,
      "text": "将近有一万多家企业。"
    },
    {
      "index": 20,
      "start": 74.27,
      "end": 74.51,
      "text": "呃，"
    },
    {
      "index": 21,
      "start": 74.51,
      "end": 78.91,
      "text": "而且到现在我们经常会去和很多这个新创领域，"
    },
    {
      "index": 22,
      "start": 78.91,
      "end": 82.34,
      "text": "还有很多这个科研所去做更多的这个技术的探索，"
    },
    {
      "index": 23,
      "start": 82.4,
      "end": 86.895,
      "text": "去走让我们公司所有的产品向智能化 AI 的这个方向去发展。"
    },
    {
      "index": 24,
      "start": 88.17,
      "end": 88.37,
      "text": "呃，"
    },
    {
      "index": 25,
      "start": 88.37,
      "end": 91.15,
      "text": "目前经过三十年左右的这个沉淀，"
    },
    {
      "index": 26,
      "start": 91.17,
      "end": 98.41,
      "text": "我们东方通所有的这个中间件智能体系已经形成了非常大的一个这个中间件的一个全家桶，"
    },
    {
      "index": 27,
      "start": 98.69,
      "end": 100.91,
      "text": "包括基础类的和这个业务类的，"
    },
    {
      "index": 28,
      "start": 100.91,
      "end": 101.71,
      "text": "像基础类的，"
    },
    {
      "index": 29,
      "start": 101.71,
      "end": 106.25,
      "text": "有大家常见的一些啊像这个 web 服务器啊，"
    },
    {
      "index": 30,
      "start": 106.25,
      "end": 106.85,
      "text": "通 web。"
    },
    {
      "index": 31,
      "start": 107.09,
      "end": 112.65,
      "text": "让我们在这个日常开发和这个日常生活当中经常用到的这个消息传输的队列，"
    },
    {
      "index": 32,
      "start": 112.87,
      "end": 115.83,
      "text": "还有我们经常用到的这个数据缓存的中间件，"
    },
    {
      "index": 33,
      "start": 115.83,
      "end": 117.77,
      "text": "RDS 等等一系列啊，"
    },
    {
      "index": 34,
      "start": 117.94,
      "end": 120.02,
      "text": "还有一些这个像我们金融领域，"
    },
    {
      "index": 35,
      "start": 120.26,
      "end": 121.48,
      "text": "还有这个数字领域，"
    },
    {
      "index": 36,
      "start": 121.48,
      "end": 125.38,
      "text": "经常常用到的一些这个解决分布式事务的这个交易中间件。"
    },
    {
      "index": 37,
      "start": 125.9,
      "end": 128.7,
      "text": "当然在和我们业务比较贴近的，"
    },
    {
      "index": 38,
      "start": 128.7,
      "end": 130.34,
      "text": "还会有一些这个相关的产品，"
    },
    {
      "index": 39,
      "start": 130.42,
      "end": 132.68,
      "text": "包括数据之类的啊数据交换平台。"
    },
    {
      "index": 40,
      "start": 132.68,
      "end": 135.38,
      "text": "然后那个 TL 工具，"
    },
    {
      "index": 41,
      "start": 135.38,
      "end": 136.46,
      "text": "ELT 工具啊，"
    },
    {
      "index": 42,
      "start": 136.56,
      "end": 138.06,
      "text": "还有一些那个企业服务总线，"
    },
    {
      "index": 43,
      "start": 138.06,
      "end": 140.68,
      "text": "只是和我们业务息息相关的。"
    },
    {
      "index": 44,
      "start": 140.68,
      "end": 148.61,
      "text": "当然还有目前呃我们前几前两年比较是呃流行的这个云方向的这个产品。"
    },
    {
      "index": 45,
      "start": 148.75,
      "end": 152.13,
      "text": "我们公司也是亲力去打造了有我们的 NCS，"
    },
    {
      "index": 46,
      "start": 152.33,
      "end": 153.15,
      "text": "还有 MMP，"
    },
    {
      "index": 47,
      "start": 153.45,
      "end": 157.63,
      "text": "还有一些那个 CMP 的云上的对中间件的这种管理的平台。"
    },
    {
      "index": 48,
      "start": 158.17,
      "end": 158.41,
      "text": "呃，"
    },
    {
      "index": 49,
      "start": 158.93,
      "end": 163.19,
      "text": "这两年呢我们是亲力去投向于智能化的这个发展，"
    },
    {
      "index": 50,
      "start": 163.21,
      "end": 164.81,
      "text": "也诞生出两款产品。"
    },
    {
      "index": 51,
      "start": 164.81,
      "end": 167.21,
      "text": "第一款是我们的智能体平台。"
    },
    {
      "index": 52,
      "start": 167.57,
      "end": 168.97,
      "text": "智能体平台呃，"
    },
    {
      "index": 53,
      "start": 168.97,
      "end": 173.07,
      "text": "可以协助于我们更快的去开发一些的一个智能体。"
    },
    {
      "index": 54,
      "start": 173.11,
      "end": 179.8,
      "text": "还有另外一个就是我们针对于这个中间件这个垂直领域去研发研发的一款这个通 agents，"
    },
    {
      "index": 55,
      "start": 179.82,
      "end": 181.34,
      "text": "这个是中间件智能体。"
    },
    {
      "index": 56,
      "start": 181.42,
      "end": 187.145,
      "text": "当然这也是我接下来为大家要着重去介绍的这个我们这款智能体的这个产品。"
    },
    {
      "index": 57,
      "start": 188.42,
      "end": 188.835,
      "text": "嗯，"
    },
    {
      "index": 58,
      "start": 191.36,
      "end": 195.2,
      "text": "呃我们大家经常在这个使用中间件的过程当中啊，"
    },
    {
      "index": 59,
      "start": 195.2,
      "end": 196.54,
      "text": "经常会遇到几个难题。"
    },
    {
      "index": 60,
      "start": 196.66,
      "end": 198.7,
      "text": "第一个就是中间件的复杂度，"
    },
    {
      "index": 61,
      "start": 198.94,
      "end": 202.36,
      "text": "相对于其他的这个应用软件是比较高的，"
    },
    {
      "index": 62,
      "start": 202.52,
      "end": 204.34,
      "text": "所以说使用起来非常复杂。"
    },
    {
      "index": 63,
      "start": 204.7,
      "end": 206.68,
      "text": "然后基于它这个复杂。"
    },
    {
      "index": 64,
      "start": 206.7,
      "end": 209.26,
      "text": "所以说在我们这个开发和部署，"
    },
    {
      "index": 65,
      "start": 209.5,
      "end": 211.48,
      "text": "甚至是后续的运维过程当中，"
    },
    {
      "index": 66,
      "start": 211.68,
      "end": 212.98,
      "text": "我们效率会非常低。"
    },
    {
      "index": 67,
      "start": 213.28,
      "end": 217.24,
      "text": "甚至到最后运维阶段我们出现问题去查询问题，"
    },
    {
      "index": 68,
      "start": 217.32,
      "end": 219.54,
      "text": "甚至去去解决问题的时候啊，"
    },
    {
      "index": 69,
      "start": 219.74,
      "end": 221.81,
      "text": "经常都是对于客户而言，"
    },
    {
      "index": 70,
      "start": 221.87,
      "end": 224.25,
      "text": "他经常是呃两眼一一抹黑，"
    },
    {
      "index": 71,
      "start": 224.27,
      "end": 225.23,
      "text": "他找不到问题的点。"
    },
    {
      "index": 72,
      "start": 225.23,
      "end": 227.27,
      "text": "所以说他的对客户来讲，"
    },
    {
      "index": 73,
      "start": 227.29,
      "end": 229.155,
      "text": "他的易用性比较差。"
    },
    {
      "index": 74,
      "start": 229.97,
      "end": 230.21,
      "text": "呃，"
    },
    {
      "index": 75,
      "start": 230.23,
      "end": 234.47,
      "text": "在整个这个中间件的这个使用的声明周期当中，"
    },
    {
      "index": 76,
      "start": 234.55,
      "end": 235.91,
      "text": "我们分为这几个阶段。"
    },
    {
      "index": 77,
      "start": 236.15,
      "end": 237.77,
      "text": "第一个是资源规划阶段。"
    },
    {
      "index": 78,
      "start": 238.13,
      "end": 238.31,
      "text": "呃，"
    },
    {
      "index": 79,
      "start": 238.31,
      "end": 241.65,
      "text": "在我们所有的这个企业和所有的这个用户，"
    },
    {
      "index": 80,
      "start": 241.71,
      "end": 242.73,
      "text": "在一个产品，"
    },
    {
      "index": 81,
      "start": 242.81,
      "end": 246.07,
      "text": "或者说是某一项这个重大决策需要上线的时候，"
    },
    {
      "index": 82,
      "start": 246.07,
      "end": 248.17,
      "text": "我们提前第一步做的就是资源规划。"
    },
    {
      "index": 83,
      "start": 248.55,
      "end": 250.29,
      "text": "往往这个资源规划阶段的话，"
    },
    {
      "index": 84,
      "start": 250.29,
      "end": 254.15,
      "text": "大家都是根据个人经验然后去评定。"
    },
    {
      "index": 85,
      "start": 254.29,
      "end": 256.57,
      "text": "比如说我要划分多少这个硬件的资源，"
    },
    {
      "index": 86,
      "start": 256.57,
      "end": 258.25,
      "text": "我要划分多少软件的资源，"
    },
    {
      "index": 87,
      "start": 258.65,
      "end": 263.14,
      "text": "往往经过人人自己主观意愿去划分的。"
    },
    {
      "index": 88,
      "start": 263.14,
      "end": 264.66,
      "text": "这个资源往往是不合适的，"
    },
    {
      "index": 89,
      "start": 264.66,
      "end": 265.44,
      "text": "有时候偏高，"
    },
    {
      "index": 90,
      "start": 265.5,
      "end": 266.22,
      "text": "有时候偏低。"
    },
    {
      "index": 91,
      "start": 266.48,
      "end": 267.42,
      "text": "那么偏高的话，"
    },
    {
      "index": 92,
      "start": 267.44,
      "end": 270.34,
      "text": "给企业带来的就是成本偏高偏低的话，"
    },
    {
      "index": 93,
      "start": 270.36,
      "end": 274.12,
      "text": "即面临的问题就是当我的产品上线的时候，"
    },
    {
      "index": 94,
      "start": 274.12,
      "end": 275.38,
      "text": "就会面临性能问题。"
    },
    {
      "index": 95,
      "start": 275.7,
      "end": 277.28,
      "text": "所以说这个问题呃，"
    },
    {
      "index": 96,
      "start": 277.28,
      "end": 281.24,
      "text": "在我们所有的资源规划阶段就会产生非常重大的影响。"
    },
    {
      "index": 97,
      "start": 281.66,
      "end": 283.32,
      "text": "第二是资源规划完了以后，"
    },
    {
      "index": 98,
      "start": 283.32,
      "end": 288.6,
      "text": "在我们的这个产品的开发和这个我们中间件的配置阶段啊也是非常困难。"
    },
    {
      "index": 99,
      "start": 288.8,
      "end": 291.97,
      "text": "因为中间件有有一部分的这个配置非常专业。"
    },
    {
      "index": 100,
      "start": 292.29,
      "end": 295.51,
      "text": "所以说在这个开发人员去调用 api 的时候，"
    },
    {
      "index": 101,
      "start": 295.65,
      "end": 296.89,
      "text": "他不知道如何去配。"
    },
    {
      "index": 102,
      "start": 297.15,
      "end": 298.09,
      "text": "然后开发的时候，"
    },
    {
      "index": 103,
      "start": 298.09,
      "end": 298.97,
      "text": "调用 api 的时候，"
    },
    {
      "index": 104,
      "start": 298.97,
      "end": 300.11,
      "text": "他也不知道如何去调，"
    },
    {
      "index": 105,
      "start": 300.17,
      "end": 302.27,
      "text": "往往要去翻阅大量的手册，"
    },
    {
      "index": 106,
      "start": 302.35,
      "end": 304.83,
      "text": "甚至是去目前去网上去搜索，"
    },
    {
      "index": 107,
      "start": 305.05,
      "end": 309.83,
      "text": "然后才能把那个相关的中间件调通而上线的时候去配置的时候。"
    },
    {
      "index": 108,
      "start": 309.83,
      "end": 317.77,
      "text": "由于这个开发人员的测试环境和我们生产环境上中间件环中间件的这个配置不一样，"
    },
    {
      "index": 109,
      "start": 317.79,
      "end": 326.72,
      "text": "所以导致经常出现的问题就是开发测试出来的数据结果和线上生产环境运行的数据结果往往导致不一致。"
    },
    {
      "index": 110,
      "start": 326.96,
      "end": 331.26,
      "text": "这样往往是会呃让我们上线的业务产生很多的问题。"
    },
    {
      "index": 111,
      "start": 331.74,
      "end": 333.6,
      "text": "那么到部署和测试阶段的话，"
    },
    {
      "index": 112,
      "start": 333.6,
      "end": 335.16,
      "text": "那部署我们前面说过，"
    },
    {
      "index": 113,
      "start": 335.16,
      "end": 336.82,
      "text": "它的配置系统相对复杂，"
    },
    {
      "index": 114,
      "start": 336.94,
      "end": 338.24,
      "text": "所以说这也是一大难题。"
    },
    {
      "index": 115,
      "start": 338.44,
      "end": 339.84,
      "text": "但是测试就更不用说啊，"
    },
    {
      "index": 116,
      "start": 340.06,
      "end": 343.74,
      "text": "用户根本就无法知道我这一次的修改后，"
    },
    {
      "index": 117,
      "start": 343.74,
      "end": 345.56,
      "text": "我这次的这个环境迭代以后，"
    },
    {
      "index": 118,
      "start": 345.62,
      "end": 347.72,
      "text": "我的测试该如何进行中间件，"
    },
    {
      "index": 119,
      "start": 347.72,
      "end": 348.82,
      "text": "该测试哪些指标？"
    },
    {
      "index": 120,
      "start": 348.82,
      "end": 354.33,
      "text": "然后我的软件如何部署在这个中间件里面能测试出最高的性能，"
    },
    {
      "index": 121,
      "start": 354.35,
      "end": 356.23,
      "text": "这也是非常重大的一个问题。"
    },
    {
      "index": 122,
      "start": 356.49,
      "end": 358.29,
      "text": "而最终到运维阶段啊，"
    },
    {
      "index": 123,
      "start": 358.29,
      "end": 359.25,
      "text": "到了运维阶段的话，"
    },
    {
      "index": 124,
      "start": 359.25,
      "end": 361.45,
      "text": "我们前面说过它寻找问题。"
    },
    {
      "index": 125,
      "start": 361.69,
      "end": 364.87,
      "text": "中间件去要需要专业的知识才能找到。"
    },
    {
      "index": 126,
      "start": 364.87,
      "end": 368.41,
      "text": "通过中间件找到无论是应用的开发的问题，"
    },
    {
      "index": 127,
      "start": 368.41,
      "end": 371.75,
      "text": "还是我们中间件本身的性能配置的问题啊，"
    },
    {
      "index": 128,
      "start": 371.75,
      "end": 373.83,
      "text": "这都是非常依赖人工去做。"
    },
    {
      "index": 129,
      "start": 374.07,
      "end": 375.63,
      "text": "所以基于这几大问题，"
    },
    {
      "index": 130,
      "start": 375.97,
      "end": 377.37,
      "text": "我我们要去解决。"
    },
    {
      "index": 131,
      "start": 377.45,
      "end": 382.24,
      "text": "随着现在的这个大模型也是越来越嗯成熟。"
    },
    {
      "index": 132,
      "start": 382.56,
      "end": 388.44,
      "text": "我们公司自己在垂直领域自己训练的模型也是越来越这个聪明。"
    },
    {
      "index": 133,
      "start": 388.72,
      "end": 390.12,
      "text": "所以说基于这些条件，"
    },
    {
      "index": 134,
      "start": 390.26,
      "end": 393.635,
      "text": "我们推出了我们现在的这个中间间智能体。"
    },
    {
      "index": 135,
      "start": 394.68,
      "end": 396.98,
      "text": "那么中间件智能体说白一点啊，"
    },
    {
      "index": 136,
      "start": 397.02,
      "end": 398.06,
      "text": "它是干什么的呢？"
    },
    {
      "index": 137,
      "start": 398.18,
      "end": 403.26,
      "text": "它主要是中间件的这个 AI 的协作者和这个自动驾驶仪。"
    },
    {
      "index": 138,
      "start": 403.7,
      "end": 405.24,
      "text": "那么中间件智能体当中，"
    },
    {
      "index": 139,
      "start": 405.3,
      "end": 409.32,
      "text": "它集成了一些 AI 的这个 AI 的运维和，"
    },
    {
      "index": 140,
      "start": 409.32,
      "end": 410.98,
      "text": "一些自动化的技术啊，"
    },
    {
      "index": 141,
      "start": 411.02,
      "end": 415.28,
      "text": "面向的是整个中间件的全生命周期的智能化管理。"
    },
    {
      "index": 142,
      "start": 415.6,
      "end": 415.82,
      "text": "啊，"
    },
    {
      "index": 143,
      "start": 415.82,
      "end": 420.26,
      "text": "从我们以前啊分析和这个执行割裂的情况，"
    },
    {
      "index": 144,
      "start": 420.42,
      "end": 421.58,
      "text": "我们把它合并起来，"
    },
    {
      "index": 145,
      "start": 421.7,
      "end": 422.685,
      "text": "让它走向。"
    },
    {
      "index": 146,
      "start": 423.6,
      "end": 425.12,
      "text": "不不仅能发现问题，"
    },
    {
      "index": 147,
      "start": 425.22,
      "end": 427.04,
      "text": "还能自己去解决问题，"
    },
    {
      "index": 148,
      "start": 427.22,
      "end": 430.98,
      "text": "让我们的这个中间件走向更加智能化的这个阶段。"
    },
    {
      "index": 149,
      "start": 431.44,
      "end": 437.02,
      "text": "那么我们最终要达到的是将开发和运维从他们的工作当中把他们给解脱出来，"
    },
    {
      "index": 150,
      "start": 437.26,
      "end": 442.12,
      "text": "让他们由工作容他从一个这个呃规划，"
    },
    {
      "index": 151,
      "start": 442.12,
      "end": 447.92,
      "text": "从他的一个那个操作员转向于这个系统的这个规划师和最终的这个决策者。"
    },
    {
      "index": 152,
      "start": 448.34,
      "end": 454.465,
      "text": "那么另外一个是将我们的中间件从所有的这个手动驾驶转向于这个智动驾驶的这个眼镜。"
    },
    {
      "index": 153,
      "start": 456.74,
      "end": 461.7,
      "text": "这是我们目前中间件智能体智能系统的这个体系架构，"
    },
    {
      "index": 154,
      "start": 461.88,
      "end": 464.94,
      "text": "它是一个呃多智能体的体系结构。"
    },
    {
      "index": 155,
      "start": 465.2,
      "end": 467.9,
      "text": "那么这个这里由最核心的三部分组成，"
    },
    {
      "index": 156,
      "start": 467.9,
      "end": 469.14,
      "text": "一个是智能体服务，"
    },
    {
      "index": 157,
      "start": 469.14,
      "end": 471.2,
      "text": "一个是能力中心和这个模型层，"
    },
    {
      "index": 158,
      "start": 471.5,
      "end": 473.46,
      "text": "由最主要的是由这几部分组成。"
    },
    {
      "index": 159,
      "start": 473.8,
      "end": 475.8,
      "text": "那么智能体这个服务层，"
    },
    {
      "index": 160,
      "start": 476.22,
      "end": 485.5,
      "text": "它承载的是将我们下面底层的服务的所有的这个能力向上层应用去做一个这个协调和一个调度。"
    },
    {
      "index": 161,
      "start": 485.86,
      "end": 488.75,
      "text": "在我们上应用可以开发成遍地开花。"
    },
    {
      "index": 162,
      "start": 488.77,
      "end": 491.69,
      "text": "你可以做出多式多样的这个应用体。"
    },
    {
      "index": 163,
      "start": 492.01,
      "end": 498.21,
      "text": "那么我们这个服务层可以将上层应用提供下来的这个图形也好，"
    },
    {
      "index": 164,
      "start": 498.23,
      "end": 505.25,
      "text": "然后自然化描述语言或者视频也别它会对这些内容进行这个解析和这个语义识别。"
    },
    {
      "index": 165,
      "start": 505.59,
      "end": 509.81,
      "text": "然后将这个语义转换成多种这个任务链条，"
    },
    {
      "index": 166,
      "start": 509.95,
      "end": 513.91,
      "text": "并且和下面这个能力中心进行调度。"
    },
    {
      "index": 167,
      "start": 514.13,
      "end": 521.37,
      "text": "然后去支持支持我当前用户的任务的这个任那个用户的这个任务链条的这个执行。"
    },
    {
      "index": 168,
      "start": 521.81,
      "end": 525.01,
      "text": "然后当然也也离不开我们下面这个底层，"
    },
    {
      "index": 169,
      "start": 525.09,
      "end": 527.735,
      "text": "包括我们欧 open 欧拉的一些技术支持。"
    },
    {
      "index": 170,
      "start": 529.89,
      "end": 534.65,
      "text": "而我们目前中间件智能体有目前的这个几大智能化的能力。"
    },
    {
      "index": 171,
      "start": 534.91,
      "end": 536.31,
      "text": "第一个是智能规划，"
    },
    {
      "index": 172,
      "start": 536.63,
      "end": 537.27,
      "text": "智能规划。"
    },
    {
      "index": 173,
      "start": 537.27,
      "end": 538.47,
      "text": "在我们目前阶段的话，"
    },
    {
      "index": 174,
      "start": 538.47,
      "end": 545.15,
      "text": "我们是呃因为我们本身在这个行业领域里面已经积累了非常用富的这个数据知识。"
    },
    {
      "index": 175,
      "start": 545.17,
      "end": 549.15,
      "text": "所以说我们基于用户的这一个业务场景啊，"
    },
    {
      "index": 176,
      "start": 549.15,
      "end": 550.87,
      "text": "可以通过一些历史据据啊，"
    },
    {
      "index": 177,
      "start": 550.87,
      "end": 554.93,
      "text": "和我现在用户的这个固硬件的一些容量。"
    },
    {
      "index": 178,
      "start": 555.17,
      "end": 560.64,
      "text": "然后去给他用户的一个合适用户的一些一个资源规划。"
    },
    {
      "index": 179,
      "start": 560.7,
      "end": 563.995,
      "text": "和我具体的这个中间件的系统配置。"
    },
    {
      "index": 180,
      "start": 564.76,
      "end": 565.66,
      "text": "在这个阶段的话，"
    },
    {
      "index": 181,
      "start": 565.66,
      "end": 570.02,
      "text": "我们能为用户生成出一套啊资源规划合理，"
    },
    {
      "index": 182,
      "start": 570.14,
      "end": 573.74,
      "text": "并且配置相对于优秀的一个这个配置方案。"
    },
    {
      "index": 183,
      "start": 574.0,
      "end": 575.66,
      "text": "那么拿到这套配置方案以后，"
    },
    {
      "index": 184,
      "start": 575.66,
      "end": 577.78,
      "text": "我们即将进入的就是一些智能配置。"
    },
    {
      "index": 185,
      "start": 578.0,
      "end": 579.88,
      "text": "那么进入配置阶段的话，"
    },
    {
      "index": 186,
      "start": 579.88,
      "end": 582.46,
      "text": "我们可以将前一阶段生成出来的配置，"
    },
    {
      "index": 187,
      "start": 582.46,
      "end": 585.08,
      "text": "自动的啊应用到我的中间件上面去，"
    },
    {
      "index": 188,
      "start": 585.08,
      "end": 586.16,
      "text": "包括热部署、"
    },
    {
      "index": 189,
      "start": 586.16,
      "end": 589.44,
      "text": "冷部署都可以啊应用到我的中间件上面。"
    },
    {
      "index": 190,
      "start": 589.44,
      "end": 592.66,
      "text": "那么这个阶这两个跨度的阶段阶段，"
    },
    {
      "index": 191,
      "start": 592.66,
      "end": 593.5,
      "text": "在以前啊，"
    },
    {
      "index": 192,
      "start": 593.5,
      "end": 595.91,
      "text": "就是在每没有智能体出现之前，"
    },
    {
      "index": 193,
      "start": 595.91,
      "end": 599.27,
      "text": "我们大部分都是先规划后手工配置。"
    },
    {
      "index": 194,
      "start": 599.41,
      "end": 601.89,
      "text": "那么有了我们中间件智能体了以后，"
    },
    {
      "index": 195,
      "start": 602.09,
      "end": 604.33,
      "text": "我们可以通过用户的自然语言描述，"
    },
    {
      "index": 196,
      "start": 604.41,
      "end": 610.095,
      "text": "自动的把这些相关的这些动作全部由中间件智能体去把它给联动起来。"
    },
    {
      "index": 197,
      "start": 610.76,
      "end": 612.36,
      "text": "那么当智能配置完了以后，"
    },
    {
      "index": 198,
      "start": 612.38,
      "end": 619.32,
      "text": "下一步我们要进借的就就是对于整个这一次的这个配置进行一些一次这个性能的这个检测，"
    },
    {
      "index": 199,
      "start": 619.32,
      "end": 620.66,
      "text": "性能的检测也避免不了。"
    },
    {
      "index": 200,
      "start": 620.66,
      "end": 624.72,
      "text": "我们要去开发一些这个这个这个测试的应用。"
    },
    {
      "index": 201,
      "start": 625.0,
      "end": 626.48,
      "text": "那么在这个测试应用阶段，"
    },
    {
      "index": 202,
      "start": 626.48,
      "end": 628.26,
      "text": "目前我们可以做到啊，"
    },
    {
      "index": 203,
      "start": 628.26,
      "end": 629.98,
      "text": "用户不用自己去编码，"
    },
    {
      "index": 204,
      "start": 630.22,
      "end": 633.02,
      "text": "由我的这个智能编码的这个智能体。"
    },
    {
      "index": 205,
      "start": 633.26,
      "end": 639.66,
      "text": "它会根据用户目前使用的中件件它它是用户的这个测试要求。"
    },
    {
      "index": 206,
      "start": 639.72,
      "end": 644.23,
      "text": "比如说用我这是要检测的是内存或者检测的是 TPS，"
    },
    {
      "index": 207,
      "start": 644.35,
      "end": 645.71,
      "text": "甚至是检测的是 CPU。"
    },
    {
      "index": 208,
      "start": 646.03,
      "end": 647.93,
      "text": "那么针对于这些特定的需求，"
    },
    {
      "index": 209,
      "start": 648.01,
      "end": 654.33,
      "text": "我们这个智能编码模块会自动的为用户生成多个这个测试用例。"
    },
    {
      "index": 210,
      "start": 654.63,
      "end": 655.89,
      "text": "包括性能测试的，"
    },
    {
      "index": 211,
      "start": 655.91,
      "end": 657.53,
      "text": "包括功能测试的呃，"
    },
    {
      "index": 212,
      "start": 657.53,
      "end": 659.43,
      "text": "甚至用户可以描述它的业务。"
    },
    {
      "index": 213,
      "start": 659.43,
      "end": 663.275,
      "text": "我们也能为它生成一些简单的业务测试的一些用例。"
    },
    {
      "index": 214,
      "start": 664.2,
      "end": 664.44,
      "text": "嗯，"
    },
    {
      "index": 215,
      "start": 664.46,
      "end": 670.08,
      "text": "那么后最后是一个这个包括把这些测试用例运行起来的一些那个测试智能体，"
    },
    {
      "index": 216,
      "start": 670.08,
      "end": 671.675,
      "text": "还有一些这个运维智能体，"
    },
    {
      "index": 217,
      "start": 674.61,
      "end": 676.35,
      "text": "我们中间件的一个核心价值啊，"
    },
    {
      "index": 218,
      "start": 676.35,
      "end": 678.91,
      "text": "最终要打造的就是这三大核心价值。"
    },
    {
      "index": 219,
      "start": 678.91,
      "end": 680.29,
      "text": "第一个是降本增效，"
    },
    {
      "index": 220,
      "start": 680.35,
      "end": 681.63,
      "text": "第二个是稳定应用，"
    },
    {
      "index": 221,
      "start": 681.63,
      "end": 682.91,
      "text": "第三个是智慧赋能。"
    },
    {
      "index": 222,
      "start": 683.41,
      "end": 688.59,
      "text": "那么打在这个整个这个中间件的智能化这个生命周期的这个管理过程当中呢，"
    },
    {
      "index": 223,
      "start": 688.75,
      "end": 691.11,
      "text": "我们是要以这个数据 AI 驱动，"
    },
    {
      "index": 224,
      "start": 691.13,
      "end": 695.13,
      "text": "然后呃覆盖全智能化智能化的这一个规划。"
    },
    {
      "index": 225,
      "start": 695.41,
      "end": 695.63,
      "text": "啊，"
    },
    {
      "index": 226,
      "start": 695.63,
      "end": 697.93,
      "text": "部署到最终的这个配置啊，"
    },
    {
      "index": 227,
      "start": 697.93,
      "end": 700.57,
      "text": "全生命周期的一个呃这个联动，"
    },
    {
      "index": 228,
      "start": 700.93,
      "end": 702.97,
      "text": "让他们具体的去协调起来。"
    },
    {
      "index": 229,
      "start": 703.19,
      "end": 704.5,
      "text": "然后降本增效方面，"
    },
    {
      "index": 230,
      "start": 704.5,
      "end": 708.2,
      "text": "我们不光是可以降低这个开发和运维的这个成本。"
    },
    {
      "index": 231,
      "start": 708.42,
      "end": 710.7,
      "text": "而且我们还可以降低资源的这个成本，"
    },
    {
      "index": 232,
      "start": 711.0,
      "end": 712.84,
      "text": "最终提升这个运行效率。"
    },
    {
      "index": 233,
      "start": 712.94,
      "end": 714.52,
      "text": "包括这个实现部署啊，"
    },
    {
      "index": 234,
      "start": 714.52,
      "end": 715.5,
      "text": "变更流程啊，"
    },
    {
      "index": 235,
      "start": 715.5,
      "end": 716.32,
      "text": "到从天级，"
    },
    {
      "index": 236,
      "start": 716.38,
      "end": 719.925,
      "text": "我们到目前到我们分钟级就可以完成一个系统的部署。"
    },
    {
      "index": 237,
      "start": 720.63,
      "end": 722.89,
      "text": "我们整个这个稳定应用方向的话，"
    },
    {
      "index": 238,
      "start": 722.89,
      "end": 727.03,
      "text": "我们是用我们整个的智能体系去为用户去保驾护航。"
    },
    {
      "index": 239,
      "start": 727.37,
      "end": 727.59,
      "text": "呃，"
    },
    {
      "index": 240,
      "start": 727.59,
      "end": 728.95,
      "text": "通过自然语言的交互，"
    },
    {
      "index": 241,
      "start": 728.95,
      "end": 732.91,
      "text": "就可以完成中间件的这个部署和完和这个中间件的使用。"
    },
    {
      "index": 242,
      "start": 733.23,
      "end": 737.09,
      "text": "最终我们去呃用这个智能化的这个方式，"
    },
    {
      "index": 243,
      "start": 737.29,
      "end": 739.43,
      "text": "为企业的这个未来方向去发展，"
    },
    {
      "index": 244,
      "start": 739.43,
      "end": 741.83,
      "text": "去沉淀更多的这个知识。"
    },
    {
      "index": 245,
      "start": 742.29,
      "end": 742.53,
      "text": "呃，"
    },
    {
      "index": 246,
      "start": 742.65,
      "end": 746.43,
      "text": "因为整套系统它是一个越迭代去学习，"
    },
    {
      "index": 247,
      "start": 746.53,
      "end": 748.97,
      "text": "让这个知识越来越充分。"
    },
    {
      "index": 248,
      "start": 748.97,
      "end": 751.78,
      "text": "然这这个系统越来越聪明的一个过程。"
    },
    {
      "index": 249,
      "start": 752.06,
      "end": 758.2,
      "text": "所以说我们最终是以构建以数据驱动智能化决策的这个这个过程啊，"
    },
    {
      "index": 250,
      "start": 758.2,
      "end": 760.66,
      "text": "让 IT 管理会更科学、"
    },
    {
      "index": 251,
      "start": 760.82,
      "end": 761.44,
      "text": "更精准，"
    },
    {
      "index": 252,
      "start": 761.56,
      "end": 763.055,
      "text": "而且更可持续化。"
    },
    {
      "index": 253,
      "start": 764.45,
      "end": 769.01,
      "text": "那么我为什么我们东方通会去选择做这个智能体？"
    },
    {
      "index": 254,
      "start": 769.19,
      "end": 769.43,
      "text": "呃，"
    },
    {
      "index": 255,
      "start": 769.45,
      "end": 771.59,
      "text": "那么我们有哪些领先优势呢？"
    },
    {
      "index": 256,
      "start": 771.77,
      "end": 773.97,
      "text": "第一个是我们行业的这个领先优势，"
    },
    {
      "index": 257,
      "start": 774.19,
      "end": 775.89,
      "text": "我们深耕行业三十多年。"
    },
    {
      "index": 258,
      "start": 775.91,
      "end": 777.35,
      "text": "所以说在这方面，"
    },
    {
      "index": 259,
      "start": 777.35,
      "end": 782.83,
      "text": "我们知识是任何一家目前国内的中间件企业是远远达不到的。"
    },
    {
      "index": 260,
      "start": 783.07,
      "end": 784.87,
      "text": "第二是我们生态的完整性。"
    },
    {
      "index": 261,
      "start": 785.29,
      "end": 787.09,
      "text": "目前我们公司前面那张图，"
    },
    {
      "index": 262,
      "start": 787.09,
      "end": 790.61,
      "text": "我们介绍过我们公司的所有的这个中间件生态体系，"
    },
    {
      "index": 263,
      "start": 790.71,
      "end": 794.18,
      "text": "已经完全覆盖了目前开源的，"
    },
    {
      "index": 264,
      "start": 794.32,
      "end": 797.84,
      "text": "甚至至是国外的一的一个相相关的这个中间件产品。"
    },
    {
      "index": 265,
      "start": 797.84,
      "end": 798.0,
      "text": "啊，"
    },
    {
      "index": 266,
      "start": 798.0,
      "end": 800.52,
      "text": "第三个是我海海量的这个运行数据，"
    },
    {
      "index": 267,
      "start": 800.52,
      "end": 802.28,
      "text": "包括我们自己的测试数据，"
    },
    {
      "index": 268,
      "start": 802.299,
      "end": 804.36,
      "text": "包括我们的这个运行式数据。"
    },
    {
      "index": 269,
      "start": 804.54,
      "end": 807.36,
      "text": "我们经过了海量的训练和大量的这个测试，"
    },
    {
      "index": 270,
      "start": 807.66,
      "end": 810.76,
      "text": "目前数据也是其他企业无法这个比拟的。"
    },
    {
      "index": 271,
      "start": 811.06,
      "end": 814.1,
      "text": "最终我们实现的这个就是我们自主可靠性。"
    },
    {
      "index": 272,
      "start": 814.16,
      "end": 816.14,
      "text": "因为我们东方通的中间件，"
    },
    {
      "index": 273,
      "start": 816.5,
      "end": 816.74,
      "text": "呃，"
    },
    {
      "index": 274,
      "start": 816.86,
      "end": 821.04,
      "text": "虽然我们会借鉴一些这个相关的一些开源的知识，"
    },
    {
      "index": 275,
      "start": 821.06,
      "end": 824.035,
      "text": "但是我们大部分是由我们自主研发，"
    },
    {
      "index": 276,
      "start": 824.41,
      "end": 824.55,
      "text": "呃，"
    },
    {
      "index": 277,
      "start": 824.55,
      "end": 825.995,
      "text": "也是我们可以自主可控。"
    },
    {
      "index": 278,
      "start": 827.93,
      "end": 832.79,
      "text": "那么最后介绍一下我们中于就是这款产品的这个几个这个应用场景。"
    },
    {
      "index": 279,
      "start": 832.79,
      "end": 835.19,
      "text": "第一个是联动起来的智能调优。"
    },
    {
      "index": 280,
      "start": 835.39,
      "end": 840.11,
      "text": "我们前面介绍的是一个各个智能化的一个分阶段的。"
    },
    {
      "index": 281,
      "start": 840.11,
      "end": 842.37,
      "text": "比如说我单独的去做智能调优单，"
    },
    {
      "index": 282,
      "start": 842.37,
      "end": 842.51,
      "text": "呃，"
    },
    {
      "index": 283,
      "start": 842.51,
      "end": 843.969,
      "text": "单独的去做智能监控，"
    },
    {
      "index": 284,
      "start": 843.99,
      "end": 845.77,
      "text": "单独的去做这个智能配置。"
    },
    {
      "index": 285,
      "start": 846.21,
      "end": 848.89,
      "text": "那么将这些产这些智能体结合起来，"
    },
    {
      "index": 286,
      "start": 848.89,
      "end": 852.05,
      "text": "我们就会产生更多的丰富的这个使用场景。"
    },
    {
      "index": 287,
      "start": 852.31,
      "end": 854.93,
      "text": "包括我像我们现在所看到的这个智能调优，"
    },
    {
      "index": 288,
      "start": 855.27,
      "end": 858.14,
      "text": "我们系统会自动的持续去监测。"
    },
    {
      "index": 289,
      "start": 858.28,
      "end": 861.18,
      "text": "通过智能监控智能体去监测我的系统。"
    },
    {
      "index": 290,
      "start": 861.42,
      "end": 863.96,
      "text": "当监测到我的系统有任何问题的时候，"
    },
    {
      "index": 291,
      "start": 863.96,
      "end": 867.1,
      "text": "它会联动的去调动到我的智能配置智能体。"
    },
    {
      "index": 292,
      "start": 867.38,
      "end": 871.18,
      "text": "那么当这个这两个智能体循环联动起来的时候，"
    },
    {
      "index": 293,
      "start": 871.42,
      "end": 874.64,
      "text": "可以持续的去优化我们的这个智能调，"
    },
    {
      "index": 294,
      "start": 874.7,
      "end": 877.46,
      "text": "是优化我们的这个整个中间件系统。"
    },
    {
      "index": 295,
      "start": 877.46,
      "end": 884.94,
      "text": "当然目前我们嗯没有办法实在实际生产系统里面去让这个大模型去做决策。"
    },
    {
      "index": 296,
      "start": 885.16,
      "end": 886.8,
      "text": "但是这是我们远期的目标。"
    },
    {
      "index": 297,
      "start": 887.0,
      "end": 890.35,
      "text": "我们目前是在我们所有的这个仿真环境里面，"
    },
    {
      "index": 298,
      "start": 890.35,
      "end": 894.35,
      "text": "在运行这一套基本上仿真环境所得出来的结论，"
    },
    {
      "index": 299,
      "start": 894.61,
      "end": 897.71,
      "text": "最终运行到这个我们生产环境当中啊，"
    },
    {
      "index": 300,
      "start": 897.71,
      "end": 899.91,
      "text": "实际上能取得很好的效果。"
    },
    {
      "index": 301,
      "start": 899.95,
      "end": 901.93,
      "text": "就我们目前所得到的数据，"
    },
    {
      "index": 302,
      "start": 902.11,
      "end": 903.37,
      "text": "整个性能已经提升，"
    },
    {
      "index": 303,
      "start": 903.39,
      "end": 905.225,
      "text": "可以达到百分之四十七左右。"
    },
    {
      "index": 304,
      "start": 907.05,
      "end": 907.29,
      "text": "嗯，"
    },
    {
      "index": 305,
      "start": 907.29,
      "end": 909.09,
      "text": "这个是第二第二个智能编码。"
    },
    {
      "index": 306,
      "start": 909.29,
      "end": 911.17,
      "text": "然后智能编码这个问题。"
    },
    {
      "index": 307,
      "start": 911.17,
      "end": 911.37,
      "text": "呃，"
    },
    {
      "index": 308,
      "start": 911.37,
      "end": 913.27,
      "text": "我们以前智能编码和智能测试啊，"
    },
    {
      "index": 309,
      "start": 913.27,
      "end": 915.89,
      "text": "都是由用户啊先编码后测试。"
    },
    {
      "index": 310,
      "start": 916.07,
      "end": 921.41,
      "text": "但目前我们可以通过整个系统啊直接做到啊智效双升啊，"
    },
    {
      "index": 311,
      "start": 921.41,
      "end": 925.2,
      "text": "码到成功用户提出一个问题，"
    },
    {
      "index": 312,
      "start": 925.22,
      "end": 926.64,
      "text": "或者提出一个他的目标。"
    },
    {
      "index": 313,
      "start": 926.72,
      "end": 928.64,
      "text": "我们通过智能编码这个测试，"
    },
    {
      "index": 314,
      "start": 928.64,
      "end": 931.66,
      "text": "系统生成中间件相对应的这个代码，"
    },
    {
      "index": 315,
      "start": 931.94,
      "end": 935.72,
      "text": "甚至把它打包成具体的应用发布到我们的中间件当中去。"
    },
    {
      "index": 316,
      "start": 936.02,
      "end": 939.72,
      "text": "或者说让这个业务系统自动运行起来，"
    },
    {
      "index": 317,
      "start": 939.94,
      "end": 944.58,
      "text": "最终由我的这个智能测试体系去运进行相关的测试。"
    },
    {
      "index": 318,
      "start": 944.66,
      "end": 948.64,
      "text": "然后最终生成一些用户报生生成一些那个测试报告给到用户。"
    },
    {
      "index": 319,
      "start": 948.64,
      "end": 950.58,
      "text": "然后用户最终去决策，"
    },
    {
      "index": 320,
      "start": 950.58,
      "end": 953.13,
      "text": "我当前的这个代码是否合适，"
    },
    {
      "index": 321,
      "start": 953.39,
      "end": 955.43,
      "text": "或者是中间件的配置是否合适，"
    },
    {
      "index": 322,
      "start": 955.43,
      "end": 957.845,
      "text": "甚至是用户的业务规划是否合适。"
    },
    {
      "index": 323,
      "start": 959.95,
      "end": 960.19,
      "text": "呃，"
    },
    {
      "index": 324,
      "start": 960.21,
      "end": 962.33,
      "text": "前面是举到两个具体的这个场景。"
    },
    {
      "index": 325,
      "start": 962.35,
      "end": 973.41,
      "text": "这个呢是我们啊现在就是目前呃所能做到的这个几个几个最直接的一个这个这个能用到这个产品的这个最直接的一个方向。"
    },
    {
      "index": 326,
      "start": 973.53,
      "end": 977.05,
      "text": "第一个是呃新业务的系统的快速上线，"
    },
    {
      "index": 327,
      "start": 977.23,
      "end": 979.03,
      "text": "第二个是新系统的开发。"
    },
    {
      "index": 328,
      "start": 979.27,
      "end": 981.43,
      "text": "第三第三个是这个性能瓶颈。"
    },
    {
      "index": 329,
      "start": 981.71,
      "end": 983.51,
      "text": "当达到又遇到问题的时候，"
    },
    {
      "index": 330,
      "start": 983.51,
      "end": 987.765,
      "text": "一个自由化最后的是一个是突发异常情况的一个应对。"
    },
    {
      "index": 331,
      "start": 988.67,
      "end": 988.91,
      "text": "呃，"
    },
    {
      "index": 332,
      "start": 988.95,
      "end": 990.51,
      "text": "那么我最后做一下总结，"
    },
    {
      "index": 333,
      "start": 990.51,
      "end": 994.05,
      "text": "那么就是我们这个中间件智能体产品呃，"
    },
    {
      "index": 334,
      "start": 994.57,
      "end": 995.87,
      "text": "它要做的是什么呢？"
    },
    {
      "index": 335,
      "start": 995.87,
      "end": 999.01,
      "text": "它实际上就是让中间件的管理更加的简单，"
    },
    {
      "index": 336,
      "start": 999.25,
      "end": 1000.21,
      "text": "更加的智能，"
    },
    {
      "index": 337,
      "start": 1000.25,
      "end": 1000.99,
      "text": "更加的可靠。"
    },
    {
      "index": 338,
      "start": 1001.47,
      "end": 1002.91,
      "text": "那么它到底是什么呢？"
    },
    {
      "index": 339,
      "start": 1003.01,
      "end": 1008.53,
      "text": "它实际上就是一个由数据驱动的中间件全生命周期的智能管理平台。"
    },
    {
      "index": 340,
      "start": 1008.85,
      "end": 1010.19,
      "text": "那么它到底能做什么？"
    },
    {
      "index": 341,
      "start": 1010.31,
      "end": 1013.41,
      "text": "那么我们前面所说到的就是从规划到配置、"
    },
    {
      "index": 342,
      "start": 1013.49,
      "end": 1014.09,
      "text": "到部署、"
    },
    {
      "index": 343,
      "start": 1014.09,
      "end": 1017.01,
      "text": "到测试到运维多种智能能力。"
    },
    {
      "index": 344,
      "start": 1017.05,
      "end": 1018.265,
      "text": "自由组合的时候，"
    },
    {
      "index": 345,
      "start": 1018.42,
      "end": 1020.02,
      "text": "会发生非常奇妙的事情，"
    },
    {
      "index": 346,
      "start": 1020.14,
      "end": 1021.38,
      "text": "甚至哪些奇妙的事情，"
    },
    {
      "index": 347,
      "start": 1021.38,
      "end": 1024.08,
      "text": "我们现在自己还意都甚至都意想不到。"
    },
    {
      "index": 348,
      "start": 1024.56,
      "end": 1025.76,
      "text": "那么它的价值几何？"
    },
    {
      "index": 349,
      "start": 1025.8,
      "end": 1029.1,
      "text": "那么前面我们说它最主要的就是降本增效、"
    },
    {
      "index": 350,
      "start": 1029.46,
      "end": 1029.94,
      "text": "稳定、"
    },
    {
      "index": 351,
      "start": 1030.04,
      "end": 1030.48,
      "text": "易用、"
    },
    {
      "index": 352,
      "start": 1030.68,
      "end": 1031.38,
      "text": "智慧赋能。"
    },
    {
      "index": 353,
      "start": 1031.64,
      "end": 1033.34,
      "text": "那么让我们一起拥抱智能，"
    },
    {
      "index": 354,
      "start": 1033.38,
      "end": 1035.12,
      "text": "开启中间件智能新时代，"
    },
    {
      "index": 355,
      "start": 1035.12,
      "end": 1041.74,
      "text": "谢谢大家啊，"
    },
    {
      "index": 356,
      "start": 1041.78,
      "end": 1044.86,
      "text": "那个非常感谢那个李老师给我们带来的精场分享啊。"
    },
    {
      "index": 357,
      "start": 1044.86,
      "end": 1047.98,
      "text": "其实刚才李老师的分享有一句话我特别有感触啊。"
    },
    {
      "index": 358,
      "start": 1047.98,
      "end": 1050.82,
      "text": "就是呃像我们在开发的过程当中，"
    },
    {
      "index": 359,
      "start": 1050.92,
      "end": 1052.26,
      "text": "通过这个智能体的能力，"
    },
    {
      "index": 360,
      "start": 1052.56,
      "end": 1058.36,
      "text": "把一个单一功能的一个开发者或者体验者变成一个呃一个编码的规划师，"
    },
    {
      "index": 361,
      "start": 1058.52,
      "end": 1060.22,
      "text": "或者说是一个规划师的这个能力。"
    },
    {
      "index": 362,
      "start": 1060.38,
      "end": 1062.38,
      "text": "这里其实我想分享一个小故事啊，"
    },
    {
      "index": 363,
      "start": 1062.38,
      "end": 1068.78,
      "text": "就是这个小故事也是那个 CSDN 的创始人蒋涛老师给我们呃有一个观点，"
    },
    {
      "index": 364,
      "start": 1068.98,
      "end": 1078.99,
      "text": "就是说未来的这个在这这个智能体的这个中间件带来的价值在于就是说可以把我们的这个马龙马盲马将的故事，"
    },
    {
      "index": 365,
      "start": 1079.21,
      "end": 1084.19,
      "text": "就是把自己的这个这个消除呢这个那个马马农，"
    },
    {
      "index": 366,
      "start": 1084.57,
      "end": 1086.29,
      "text": "然后呢码农呢就变成马盲。"
    },
    {
      "index": 367,
      "start": 1086.77,
      "end": 1088.97,
      "text": "然后呢更多的我们需要更多的麻将。"
    },
    {
      "index": 368,
      "start": 1089.33,
      "end": 1090.11,
      "text": "所谓的马将，"
    },
    {
      "index": 369,
      "start": 1090.11,
      "end": 1092.89,
      "text": "就是说我们把我们的整个那个能力，"
    },
    {
      "index": 370,
      "start": 1092.89,
      "end": 1094.77,
      "text": "大家都是属于规划师的这个状态，"
    },
    {
      "index": 371,
      "start": 1095.19,
      "end": 1096.45,
      "text": "这个非常值得我们期待，"
    },
    {
      "index": 372,
      "start": 1096.45,
      "end": 1096.81,
      "text": "谢谢。"
    },
    {
      "index": 373,
      "start": 1097.29,
      "end": 1101.54,
      "text": "然后下面呢就是有请我们那个华为技术有限公司的 AI 呃，"
    }
  ],
  "artifacts": [
    "output/ai_session/part_07/chunk_00/03_srt_slice/artifacts/chunk_baseline.srt"
  ],
  "metadata": {},
  "trace_id": null,
  "duration_ms": 0,
  "started_at": "2025-12-15T23:54:41.358805",
  "completed_at": "2025-12-15T15:54:41.423119",
  "step_config": {},
  "dependencies": [
    "downscale"
  ]
}