{
  "address": "ScienceEducationInnovation/part_03/chunk_00/08_crop_decision/slide_016",
  "status": "completed",
  "input": {
    "image_path": "output/ScienceEducationInnovation/part_03/chunk_00/07_capture_frame/slide_016/artifacts/slide_016.png",
    "slide_index": 16,
    "slide_title": "关键技术一：实验效果验证 误报率和漏报率对比"
  },
  "output": null,
  "artifacts": [
    "output/ScienceEducationInnovation/part_03/chunk_00/07_capture_frame/slide_016/artifacts/slide_016.png"
  ],
  "metadata": {
    "needs_crop": false,
    "reason": "MANUAL_NO_CROP",
    "manual_override": true
  },
  "trace_id": null,
  "duration_ms": 0,
  "started_at": "2025-12-18T17:08:07.095258+00:00",
  "completed_at": "2025-12-18T17:08:07.095258+00:00",
  "step_config": {
    "manual_override": true
  },
  "dependencies": [
    "capture_frame"
  ]
}