{
  "address": "ai_session/part_03/chunk_00/09_apply_crop/slide_008",
  "status": "completed",
  "input": {
    "image_path": "output/ai_session/part_03/chunk_00/07_capture_frame/slide_008/artifacts/slide_008.png",
    "crop_region": {
      "x": 299,
      "y": 155,
      "width": 1620,
      "height": 770
    }
  },
  "output": "output/ai_session/part_03/chunk_00/09_apply_crop/slide_008/artifacts/slide_008.png",
  "artifacts": [
    "output/ai_session/part_03/chunk_00/09_apply_crop/slide_008/artifacts/slide_008.png"
  ],
  "metadata": {
    "source": "output/ai_session/part_03/chunk_00/07_capture_frame/slide_008/artifacts/slide_008.png",
    "applied": true,
    "crop_region": {
      "x": 299,
      "y": 155,
      "width": 1620,
      "height": 770
    },
    "size": {
      "width": 1620,
      "height": 770
    }
  },
  "trace_id": null,
  "duration_ms": 226,
  "started_at": "2025-12-15T23:21:59.367199",
  "completed_at": "2025-12-15T15:21:59.645946",
  "step_config": {},
  "dependencies": [
    "capture_frame",
    "crop_decision"
  ]
}