{
  "address": "day1_main/part_07/chunk_00/07_capture_frame/slide_008",
  "status": "completed",
  "input": {
    "video": "output/day1_main/part_07/chunk_00/01_cut_chunk/artifacts/chunk_high.mp4",
    "timestamp": "00:12:42.500",
    "frame_id": "slide_008",
    "output_ext": ".png"
  },
  "output": "output/day1_main/part_07/chunk_00/07_capture_frame/slide_008/artifacts/slide_008.png",
  "artifacts": [
    "output/day1_main/part_07/chunk_00/07_capture_frame/slide_008/artifacts/slide_008.png"
  ],
  "metadata": {
    "timestamp": "00:12:42.500",
    "frame_id": "slide_008",
    "ffmpeg": "/opt/homebrew/bin/ffmpeg"
  },
  "trace_id": null,
  "duration_ms": 1159,
  "started_at": "2025-12-17T19:28:02.259578",
  "completed_at": "2025-12-17T11:28:03.420748",
  "step_config": {},
  "dependencies": [
    "slide_timeline"
  ]
}