{
  "address": "day1_main/part_05/chunk_00/07_capture_frame/slide_001",
  "status": "completed",
  "input": {
    "video": "output/day1_main/part_05/chunk_00/01_cut_chunk/artifacts/chunk_high.mp4",
    "timestamp": "00:01:24.960",
    "frame_id": "slide_001",
    "output_ext": ".png"
  },
  "output": "output/day1_main/part_05/chunk_00/07_capture_frame/slide_001/artifacts/slide_001.png",
  "artifacts": [
    "output/day1_main/part_05/chunk_00/07_capture_frame/slide_001/artifacts/slide_001.png"
  ],
  "metadata": {
    "timestamp": "00:01:24.960",
    "frame_id": "slide_001",
    "ffmpeg": "/opt/homebrew/bin/ffmpeg"
  },
  "trace_id": null,
  "duration_ms": 534,
  "started_at": "2025-12-17T17:23:07.713413",
  "completed_at": "2025-12-17T09:23:08.248835",
  "step_config": {},
  "dependencies": [
    "slide_timeline"
  ]
}