{
  "address": "ScienceEducationInnovation/part_02/final/07_script_refine/7",
  "status": "completed",
  "input": {
    "narrative": {
      "id": "sec_008",
      "index": 7,
      "title": "未来展望与总结探讨生成式推荐模型（GR）带来的新挑战，并对全篇内容进行总结及现场问答。探讨生成式推荐模型（GR）带来的新挑战，并对全篇内容进行总结及现场问答。",
      "time_range": "00:20:30,730 - 00:24:42,519",
      "script": "部分工作已在快手落地，帮助其节省了约一亿元成本，稳定服务了亿级用户。Intel 公司也对此进行了报道。\n最后做一点未来展望。大模型对推荐模型也产生了冲击，出现了生成式推荐模型（GR）。\n我们发现它与传统 DLRM 不同，从“大稀疏+小稠密”演变为“大稀疏+大稠密”。\n对于存储 and OS 研究者来说，这充满了机遇。企业部署生成式推荐模型面临巨大的算力成本压力，我们可以借鉴 LLM 的 KV Cache 等思路，通过“以存代算”降低算力成本。\n以上就是我今天分享的全部内容，谢谢大家。\n感谢谢老师的深入解析。请您留步，现场的各位嘉宾朋友，有没有想要提问的？我们可以畅所欲言。\n要抓住这个机会。这位先生，请工作人员把麦克风递给后面这位先生。\n我不问学术问题，问个产业问题。持久化内存我研究过一段时间，觉得应用场景很好，但 Intel 把这条产线砍掉了，国内有没有可替代的方案？\n谢谢，非常好的问题。持久性内存是一个泛指的概念，并不非要绑定 Intel 的 Optane。现在三星等公司推出了 Memory Semantic SSD，即字节粒度寻址的磁盘。\n此外，还有 CXL 内存扩展卡，插在主机上，特性类似于 PM，且成本更低。\n快手当时买了很多 Optane，确实很有用。Intel 停产后，他们开始尝试 CXL 1.1 的内存扩展卡来替代。未来 CXL 扩展出的内存池会有更多机会。\n本质上我们的研究是针对慢速、字节粒度寻址的廉价内存，并不局限于 Optane。例如 CXL 远端内存，我们的网卡聚集机制依然能发挥作用。\n好的，谢谢。我们再加一位。\nRecStore 框架目前支持哪些模型？RecStore 主要是由我在人大带的学生在持续迭代。\n目前功能已基本完备，性能上还在进一步调优，我们一直在持续更新。\n再次感谢谢老师。参数存储系统的优化不仅提升了大模型的运行效率，更为人机智能技术的落地提供了坚实支撑。",
      "summary": ""
    }
  },
  "output": {
    "section_id": "sec_008",
    "index": 7,
    "title": "未来展望与总结探讨生成式推荐模型（GR）带来的新挑战，并对全篇内容进行总结及现场问答。探讨生成式推荐模型（GR）带来的新挑战，并对全篇内容进行总结及现场问答。",
    "time_range": "00:20:30,730 - 00:24:42,519",
    "refined_script": "# 生成式推荐系统（GR）的演进趋势与存储架构优化实践\n\n## 1. 产业落地成果\n目前，相关研究成果已在**快手**等头部互联网企业成功落地，取得了显著的经济与技术效益：\n- **成本优化**：通过架构改良，累计为企业节省约一亿元的算力与存储成本。\n- **服务规模**：稳定支撑亿级用户量的实时推荐需求。\n- **行业认可**：该实践案例已获得 Intel 等国际主流硬件厂商的官方报道与关注。\n\n## 2. 推荐模型的新范式：从 DLRM 到 GR\n随着大模型技术的渗透，推荐系统正经历从传统深度学习推荐模型（DLRM）向**生成式推荐模型（Generative Recommendation, GR）**的范式转移。\n\n### 2.1 负载特征演进\n- **传统 DLRM**：呈现“大稀疏（Large Sparse）+ 小稠密（Small Dense）”的特征，计算压力主要集中在 Embedding 层。\n- **生成式 GR**：演变为“**大稀疏（Large Sparse）+ 大稠密（Large Dense）**”的结构。由于引入了更深层的 Transformer 等结构，稠密计算部分的参数量与计算量大幅增加。\n\n### 2.2 存储与 OS 的优化机遇\n面对 GR 带来的算力成本挑战，存储与操作系统领域的研究者可以借鉴大语言模型（LLM）的优化思路：\n- **以存代算**：利用类似 **KV Cache** 的缓存机制，通过增加存储层级的投入来换取计算资源的释放，从而降低整体部署成本。\n\n## 3. 硬件生态演进：后 Optane 时代的替代方案\n针对 Intel Optane（持久化内存）停产后的技术路径选择，研究重点应聚焦于“**慢速、字节粒度寻址、廉价**”的存储介质，而非绑定特定硬件。\n\n| 方案类型 | 技术特点 | 产业现状 |\n| :--- | :--- | :--- |\n| **Memory Semantic SSD** | 三星等厂商推出，支持字节粒度寻址。 | 处于应用探索期。 |\n| **CXL 内存扩展卡** | 基于 CXL 1.1+ 协议，插在主机上实现内存扩展，成本低于传统 DRAM。 | 快手等企业已开始尝试用于替代 Optane。 |\n| **CXL 远端内存池** | 通过网络/总线聚合远端内存资源。 | 未来具备大规模扩展潜力，适配现有的网卡聚集机制。 |\n\n## 4. RecStore 框架现状\n**RecStore** 是由中国人民大学团队主导并持续迭代的参数存储系统框架：\n- **功能状态**：目前核心功能已基本完备。\n- **优化方向**：团队正集中于性能调优与长期的社区维护，旨在为大模型时代下的推荐系统提供坚实的底层支撑。",
    "summary": "",
    "original_script": "部分工作已在快手落地，帮助其节省了约一亿元成本，稳定服务了亿级用户。Intel 公司也对此进行了报道。\n最后做一点未来展望。大模型对推荐模型也产生了冲击，出现了生成式推荐模型（GR）。\n我们发现它与传统 DLRM 不同，从“大稀疏+小稠密”演变为“大稀疏+大稠密”。\n对于存储 and OS 研究者来说，这充满了机遇。企业部署生成式推荐模型面临巨大的算力成本压力，我们可以借鉴 LLM 的 KV Cache 等思路，通过“以存代算”降低算力成本。\n以上就是我今天分享的全部内容，谢谢大家。\n感谢谢老师的深入解析。请您留步，现场的各位嘉宾朋友，有没有想要提问的？我们可以畅所欲言。\n要抓住这个机会。这位先生，请工作人员把麦克风递给后面这位先生。\n我不问学术问题，问个产业问题。持久化内存我研究过一段时间，觉得应用场景很好，但 Intel 把这条产线砍掉了，国内有没有可替代的方案？\n谢谢，非常好的问题。持久性内存是一个泛指的概念，并不非要绑定 Intel 的 Optane。现在三星等公司推出了 Memory Semantic SSD，即字节粒度寻址的磁盘。\n此外，还有 CXL 内存扩展卡，插在主机上，特性类似于 PM，且成本更低。\n快手当时买了很多 Optane，确实很有用。Intel 停产后，他们开始尝试 CXL 1.1 的内存扩展卡来替代。未来 CXL 扩展出的内存池会有更多机会。\n本质上我们的研究是针对慢速、字节粒度寻址的廉价内存，并不局限于 Optane。例如 CXL 远端内存，我们的网卡聚集机制依然能发挥作用。\n好的，谢谢。我们再加一位。\nRecStore 框架目前支持哪些模型？RecStore 主要是由我在人大带的学生在持续迭代。\n目前功能已基本完备，性能上还在进一步调优，我们一直在持续更新。\n再次感谢谢老师。参数存储系统的优化不仅提升了大模型的运行效率，更为人机智能技术的落地提供了坚实支撑。"
  },
  "artifacts": [
    "output/ScienceEducationInnovation/part_02/final/07_script_refine/7/artifacts/section_sec_008_refined.md"
  ],
  "metadata": {
    "refined_length": 1158,
    "original_length": 809,
    "summary_length": 0
  },
  "trace_id": "87dc337a-2019-4494-9beb-cc43057cbb65",
  "duration_ms": 45224,
  "started_at": "2025-12-19T00:56:09.943118",
  "completed_at": "2025-12-18T16:56:55.169257",
  "step_config": {
    "model": "gemini-3-flash-preview",
    "temperature": 0.2,
    "prompt_file": "/Users/lichuan/Codes/TalkDistill/config/prompts/script_refine.md",
    "schema_file": "/Users/lichuan/Codes/TalkDistill/config/schemas/script_refine.json"
  },
  "dependencies": [
    "section_timing"
  ]
}