{
  "address": "ai_session/part_03/chunk_00/07_capture_frame/slide_006",
  "status": "completed",
  "input": {
    "video": "output/ai_session/part_03/chunk_00/01_cut_chunk/artifacts/chunk_high.mp4",
    "timestamp": "00:04:57.200",
    "frame_id": "slide_006",
    "output_ext": ".png"
  },
  "output": "output/ai_session/part_03/chunk_00/07_capture_frame/slide_006/artifacts/slide_006.png",
  "artifacts": [
    "output/ai_session/part_03/chunk_00/07_capture_frame/slide_006/artifacts/slide_006.png"
  ],
  "metadata": {
    "timestamp": "00:04:57.200",
    "frame_id": "slide_006",
    "ffmpeg": "/opt/homebrew/bin/ffmpeg"
  },
  "trace_id": null,
  "duration_ms": 1158,
  "started_at": "2025-12-15T23:19:15.557238",
  "completed_at": "2025-12-15T15:19:16.717874",
  "step_config": {},
  "dependencies": [
    "slide_timeline"
  ]
}