{
  "address": "day2_main/part_05/chunk_00/09_apply_crop/slide_010",
  "status": "completed",
  "input": {
    "image_path": "output/day2_main/part_05/chunk_00/07_capture_frame/slide_010/artifacts/slide_010.png",
    "crop_region": {
      "x": 144,
      "y": 302,
      "width": 1632,
      "height": 432
    }
  },
  "output": "output/day2_main/part_05/chunk_00/09_apply_crop/slide_010/artifacts/slide_010.png",
  "artifacts": [
    "output/day2_main/part_05/chunk_00/09_apply_crop/slide_010/artifacts/slide_010.png"
  ],
  "metadata": {
    "source": "output/day2_main/part_05/chunk_00/07_capture_frame/slide_010/artifacts/slide_010.png",
    "applied": true,
    "crop_region": {
      "x": 144,
      "y": 302,
      "width": 1632,
      "height": 432
    },
    "size": {
      "width": 1632,
      "height": 432
    }
  },
  "trace_id": null,
  "duration_ms": 145,
  "started_at": "2025-12-17T21:35:09.864081",
  "completed_at": "2025-12-17T13:35:10.009637",
  "step_config": {},
  "dependencies": [
    "capture_frame",
    "crop_decision"
  ]
}