{
  "address": "ai_session/part_08/chunk_00/03_srt_slice",
  "status": "completed",
  "input": {
    "global_srt": "output/ai_session/part_-01/chunk_-01/00_global_funasr/artifacts/global.srt",
    "start_ms": 7745100.0,
    "end_ms": 8747580.0,
    "output_name": "chunk_baseline.srt"
  },
  "output": [
    {
      "index": 1,
      "start": 0,
      "end": 4.25,
      "text": "然后下面呢就是有请我们那个华为技术有限公司的 AI 呃，"
    },
    {
      "index": 2,
      "start": 4.25,
      "end": 6.83,
      "text": "华为 AI 通信专家韩远坤先生，"
    },
    {
      "index": 3,
      "start": 7.01,
      "end": 12.49,
      "text": "给我们带来鲲鹏清河的大一批通信加速技术加速库技术与生态介绍。"
    },
    {
      "index": 4,
      "start": 12.79,
      "end": 13.03,
      "text": "呃，"
    },
    {
      "index": 5,
      "start": 13.03,
      "end": 13.685,
      "text": "大家欢迎。"
    },
    {
      "index": 6,
      "start": 23.32,
      "end": 23.54,
      "text": "呃，"
    },
    {
      "index": 7,
      "start": 23.54,
      "end": 23.96,
      "text": "大家好，"
    },
    {
      "index": 8,
      "start": 23.96,
      "end": 26.16,
      "text": "我是那个华为公司的韩永坤，"
    },
    {
      "index": 9,
      "start": 26.7,
      "end": 28.72,
      "text": "现在是在负责 AI 通信。"
    },
    {
      "index": 10,
      "start": 28.78,
      "end": 28.98,
      "text": "呃，"
    },
    {
      "index": 11,
      "start": 28.98,
      "end": 29.44,
      "text": "这一块。"
    },
    {
      "index": 12,
      "start": 29.8,
      "end": 31.36,
      "text": "下面我分享一下呃，"
    },
    {
      "index": 13,
      "start": 31.5,
      "end": 36.895,
      "text": "升腾清河的通信加速库 camp 的关键技术和生态的呃一些介绍。"
    },
    {
      "index": 14,
      "start": 39.77,
      "end": 41.75,
      "text": "主要分今天分三个部分。"
    },
    {
      "index": 15,
      "start": 41.81,
      "end": 46.59,
      "text": "第一部分是 AI 通信的呃一些技术的趋势演进。"
    },
    {
      "index": 16,
      "start": 47.31,
      "end": 52.61,
      "text": "然后第二部分是呃灵渠通信软件 EMDK 的呃一些架构的介绍。"
    },
    {
      "index": 17,
      "start": 52.73,
      "end": 59.235,
      "text": "最后一部分是生成亲和的呃东信交流库 camp 的一些关键技术的一些介绍。"
    },
    {
      "index": 18,
      "start": 60.2,
      "end": 60.44,
      "text": "呃，"
    },
    {
      "index": 19,
      "start": 60.74,
      "end": 63.02,
      "text": "我们可以看到 AI 通信技术的话，"
    },
    {
      "index": 20,
      "start": 63.28,
      "end": 67.38,
      "text": "它是跟呃 AI 负载是强相关的。"
    },
    {
      "index": 21,
      "start": 67.74,
      "end": 70.84,
      "text": "然后随着这个 AI 负载的变化而变化，"
    },
    {
      "index": 22,
      "start": 71.02,
      "end": 72.92,
      "text": "我们从趋趋势中可以看到，"
    },
    {
      "index": 23,
      "start": 73.28,
      "end": 73.52,
      "text": "呃，"
    },
    {
      "index": 24,
      "start": 73.56,
      "end": 79.02,
      "text": "文本为主的 LOM 场景正在向多模态以及 agent 场景来做这个演进。"
    },
    {
      "index": 25,
      "start": 79.56,
      "end": 84.32,
      "text": "同时呢呃模型也在不断的这个优化和更新当中，"
    },
    {
      "index": 26,
      "start": 84.54,
      "end": 88.08,
      "text": "两者的话会导致流量负载的一些变化。"
    },
    {
      "index": 27,
      "start": 88.28,
      "end": 91.955,
      "text": "对底层通信会提出这种不同的一个挑战。"
    },
    {
      "index": 28,
      "start": 92.97,
      "end": 95.97,
      "text": "比如说呃超低时元推理场景，"
    },
    {
      "index": 29,
      "start": 96.39,
      "end": 99.87,
      "text": "原本的这个呃 TTOTTBOT 的话是五十毫秒。"
    },
    {
      "index": 30,
      "start": 100.29,
      "end": 107.63,
      "text": "现在以那个豆包龙猫为主的这些呃国内模型已经那个下探到那个十毫秒的一个级别，"
    },
    {
      "index": 31,
      "start": 107.95,
      "end": 112.25,
      "text": "甚至国外的模的模型会到这个呃五毫秒下。"
    },
    {
      "index": 32,
      "start": 112.73,
      "end": 117.45,
      "text": "那同时随着 AI agent 以及多模态的一个发展，"
    },
    {
      "index": 33,
      "start": 117.69,
      "end": 126.66,
      "text": "那 AI 业务的这种负载已经呃呃是呈现这种高度的多样化以及动态化这样一个特性。"
    },
    {
      "index": 34,
      "start": 127.12,
      "end": 130.4,
      "text": "那超长序列已经成为一个常态呃，"
    },
    {
      "index": 35,
      "start": 130.46,
      "end": 134.085,
      "text": "序列长度甚至到一个兆级别。"
    },
    {
      "index": 36,
      "start": 134.87,
      "end": 136.37,
      "text": "那针对这些变化的话，"
    },
    {
      "index": 37,
      "start": 136.55,
      "end": 142.35,
      "text": "我们看一下那个呃 i 通信是怎么样的一个演进的那呃，"
    },
    {
      "index": 38,
      "start": 143.31,
      "end": 144.69,
      "text": "参数量比较小的时候，"
    },
    {
      "index": 39,
      "start": 144.69,
      "end": 146.83,
      "text": "我们是以单机的通信为主。"
    },
    {
      "index": 40,
      "start": 146.99,
      "end": 148.75,
      "text": "那那个模型大了之后呢，"
    },
    {
      "index": 41,
      "start": 149.13,
      "end": 153.01,
      "text": "会以这个呃产生了这种多呃不同的并行策略。"
    },
    {
      "index": 42,
      "start": 153.09,
      "end": 154.25,
      "text": "TPDPEP。"
    },
    {
      "index": 43,
      "start": 154.53,
      "end": 157.55,
      "text": "那这时候呢是以多机的集合通信为主。"
    },
    {
      "index": 44,
      "start": 158.01,
      "end": 161.45,
      "text": "那呃在 PD 分离的场景下呢，"
    },
    {
      "index": 45,
      "start": 161.59,
      "end": 164.75,
      "text": "那 p 和 d 节点之间要传这个 KV cash。"
    },
    {
      "index": 46,
      "start": 164.83,
      "end": 168.93,
      "text": "那这时候呢产生了这个呃 p to p 这样一个呃通信。"
    },
    {
      "index": 47,
      "start": 169.43,
      "end": 171.61,
      "text": "那在这个 AFD 场景呢，"
    },
    {
      "index": 48,
      "start": 171.63,
      "end": 173.37,
      "text": "decode 的 attention 呢，"
    },
    {
      "index": 49,
      "start": 173.37,
      "end": 175.57,
      "text": "FN 之间进一步的进行这个分离，"
    },
    {
      "index": 50,
      "start": 175.95,
      "end": 179.15,
      "text": "产生了 m to n 这样的一种通信的范式。"
    },
    {
      "index": 51,
      "start": 179.47,
      "end": 184.155,
      "text": "这个时候呢还是比较呃固定的这样的一种呃呃关系。"
    },
    {
      "index": 52,
      "start": 185.16,
      "end": 191.34,
      "text": "那我们认为是在未来哦这个 AI 的系统肯定是一个全分离的一个系统。"
    },
    {
      "index": 53,
      "start": 191.7,
      "end": 195.76,
      "text": "那它必须会具备这种弹性的异步这样一种特征。"
    },
    {
      "index": 54,
      "start": 195.94,
      "end": 197.78,
      "text": "那对于我们通讯来讲的话，"
    },
    {
      "index": 55,
      "start": 197.78,
      "end": 203.505,
      "text": "也是这种异步的任意的点对点通信的这样一种 m pln 的一种通讯的一个范式。"
    },
    {
      "index": 56,
      "start": 204.78,
      "end": 207.24,
      "text": "那南向的一些变化。"
    },
    {
      "index": 57,
      "start": 207.64,
      "end": 207.88,
      "text": "呃，"
    },
    {
      "index": 58,
      "start": 207.98,
      "end": 211.98,
      "text": "我们看一下从那个 server 形态到这个超一点的一个形态。"
    },
    {
      "index": 59,
      "start": 212.22,
      "end": 213.14,
      "text": "那超一点的话，"
    },
    {
      "index": 60,
      "start": 213.14,
      "end": 217.42,
      "text": "又有这种呃呃那个 EDED mesh 两 d mesh。"
    },
    {
      "index": 61,
      "start": 217.66,
      "end": 222.62,
      "text": "那这种的呃变化下面对通信也是有不同的一个诉求。"
    },
    {
      "index": 62,
      "start": 222.92,
      "end": 224.46,
      "text": "那我们结合来看呢，"
    },
    {
      "index": 63,
      "start": 224.46,
      "end": 226.34,
      "text": "结合南向的基础设施变化，"
    },
    {
      "index": 64,
      "start": 226.6,
      "end": 228.66,
      "text": "到北向的这个 AI 负载一个变化。"
    },
    {
      "index": 65,
      "start": 228.68,
      "end": 233.665,
      "text": "我们总结一下对通信有三部分的一种呃的不同的诉求。"
    },
    {
      "index": 66,
      "start": 234.52,
      "end": 236.14,
      "text": "首先是高性能方面的话，"
    },
    {
      "index": 67,
      "start": 236.52,
      "end": 236.76,
      "text": "呃，"
    },
    {
      "index": 68,
      "start": 236.82,
      "end": 240.52,
      "text": "我们要基于内存内存语义来做极致的这种性能优化，"
    },
    {
      "index": 69,
      "start": 240.62,
      "end": 242.42,
      "text": "应对这个超低实验场景，"
    },
    {
      "index": 70,
      "start": 242.44,
      "end": 244.82,
      "text": "超超低时间的呃推理的场景。"
    },
    {
      "index": 71,
      "start": 245.12,
      "end": 249.2,
      "text": "那我们同时要做计算与那个通信的这种深度的融合。"
    },
    {
      "index": 72,
      "start": 249.68,
      "end": 253.74,
      "text": "那针对呃超一点大规模互联的场景下面呢，"
    },
    {
      "index": 73,
      "start": 253.82,
      "end": 256.08,
      "text": "我们要把这个 top 亲和的一个通信，"
    },
    {
      "index": 74,
      "start": 256.48,
      "end": 260.38,
      "text": "能够要把超超一点的这个大带宽的优势给发挥出来。"
    },
    {
      "index": 75,
      "start": 260.58,
      "end": 262.78,
      "text": "那在生态与应用性上面呢，"
    },
    {
      "index": 76,
      "start": 263.2,
      "end": 272.445,
      "text": "我们强调那个呃开箱即用能够让呃 VOMSG one 等主流社区可以无缝的使用我们的呃呃通讯加速库。"
    },
    {
      "index": 77,
      "start": 274.81,
      "end": 275.05,
      "text": "呃，"
    },
    {
      "index": 78,
      "start": 275.31,
      "end": 280.55,
      "text": "EMDK 的话是我们临渠的呃高性能通信的基础主基础的一个底座。"
    },
    {
      "index": 79,
      "start": 280.79,
      "end": 284.43,
      "text": "基于乌码呃统一内存语义来构建那个南向，"
    },
    {
      "index": 80,
      "start": 284.43,
      "end": 286.83,
      "text": "能够屏蔽不同的这个硬件的差异。"
    },
    {
      "index": 81,
      "start": 287.21,
      "end": 291.79,
      "text": "能够构建自算呃通算场景下的一个互联底座。"
    },
    {
      "index": 82,
      "start": 292.29,
      "end": 295.39,
      "text": "那呃面向自算场景的话，"
    },
    {
      "index": 83,
      "start": 295.55,
      "end": 295.79,
      "text": "呃，"
    },
    {
      "index": 84,
      "start": 295.89,
      "end": 302.03,
      "text": "我们构建的呃超越点通信加速库 camp 能够基于我们的内存语义呃通信，"
    },
    {
      "index": 85,
      "start": 302.03,
      "end": 304.395,
      "text": "能够突破大 EB 通信下的这个 d 时延。"
    },
    {
      "index": 86,
      "start": 304.58,
      "end": 307.28,
      "text": "同时呢也做 c 粒度的一个流水并行，"
    },
    {
      "index": 87,
      "start": 307.42,
      "end": 310.04,
      "text": "实现呃计算和通信的一个掩盖。"
    },
    {
      "index": 88,
      "start": 310.46,
      "end": 316.86,
      "text": "在生态上面呢 EMDK 支持呃 DBEP one cake 等主流社区的接口，"
    },
    {
      "index": 89,
      "start": 316.88,
      "end": 321.66,
      "text": "能够让 AI 框架在不需要修改代码情况下能够无缝的使用，"
    },
    {
      "index": 90,
      "start": 321.68,
      "end": 324.445,
      "text": "连需超一点通信加速的的能力。"
    },
    {
      "index": 91,
      "start": 325.99,
      "end": 326.23,
      "text": "呃，"
    },
    {
      "index": 92,
      "start": 326.71,
      "end": 331.15,
      "text": "那通信加速库 camp 它的定位是做呃声能亲和的呃，"
    },
    {
      "index": 93,
      "start": 331.25,
      "end": 331.99,
      "text": "通信加速库，"
    },
    {
      "index": 94,
      "start": 332.41,
      "end": 336.29,
      "text": "能够构建不同场景的通信加速的的能力，"
    },
    {
      "index": 95,
      "start": 336.49,
      "end": 339.47,
      "text": "包含 MOE 场景下的大 EP 通讯库、"
    },
    {
      "index": 96,
      "start": 339.57,
      "end": 343.17,
      "text": "大通算容额加速库以及呃 m turn 场景，"
    },
    {
      "index": 97,
      "start": 343.33,
      "end": 345.57,
      "text": "还有 KV catch 传输的这种加速库。"
    },
    {
      "index": 98,
      "start": 345.99,
      "end": 348.33,
      "text": "那对于大 EP 通信库来讲的话，"
    },
    {
      "index": 99,
      "start": 348.33,
      "end": 353.15,
      "text": "我们提供的呃 preview 以及 decode 阶段的 MOE 的通信的算子，"
    },
    {
      "index": 100,
      "start": 353.19,
      "end": 355.31,
      "text": "包含那个 dispatch 和 compile，"
    },
    {
      "index": 101,
      "start": 356.05,
      "end": 358.115,
      "text": "然后呢同时支持不同的一个待机。"
    },
    {
      "index": 102,
      "start": 359.06,
      "end": 364.06,
      "text": "虽然呢我们针对了 MOE 通信做了极致的呃这种性能优化，"
    },
    {
      "index": 103,
      "start": 364.24,
      "end": 366.939,
      "text": "但是通信还跟技术还是那个串行的。"
    },
    {
      "index": 104,
      "start": 367.1,
      "end": 369.04,
      "text": "所以呢我们做了 ME 大融合，"
    },
    {
      "index": 105,
      "start": 369.16,
      "end": 372.22,
      "text": "那个呃加速库 fuel deep ME。"
    },
    {
      "index": 106,
      "start": 372.5,
      "end": 375.58,
      "text": "能够呃通过这种 token 的一个动态分组，"
    },
    {
      "index": 107,
      "start": 375.98,
      "end": 377.74,
      "text": "以及这个细腻度的流水并行，"
    },
    {
      "index": 108,
      "start": 378.1,
      "end": 380.76,
      "text": "能够实现这个计算和通信的一个掩盖。"
    },
    {
      "index": 109,
      "start": 380.76,
      "end": 383.48,
      "text": "那 m pn 场景的话，"
    },
    {
      "index": 110,
      "start": 383.5,
      "end": 386.98,
      "text": "通讯库需要具备这个弹性可靠的这样的一种呃通信能力。"
    },
    {
      "index": 111,
      "start": 386.98,
      "end": 389.36,
      "text": "同时我们也在探索这种异步的前面，"
    },
    {
      "index": 112,
      "start": 389.36,
      "end": 392.34,
      "text": "讲过异步的这种 m pn 的一个通信的一个范式。"
    },
    {
      "index": 113,
      "start": 392.7,
      "end": 395.68,
      "text": "在呃 KV catch 传输场景下的话，"
    },
    {
      "index": 114,
      "start": 395.68,
      "end": 402.585,
      "text": "我们通过自动聚合的一个技术能够提升呃 PD 分离下的这个 KV ch 的一个传输的呃加速。"
    },
    {
      "index": 115,
      "start": 404.02,
      "end": 404.26,
      "text": "呃，"
    },
    {
      "index": 116,
      "start": 404.98,
      "end": 406.74,
      "text": "那我们看一下大一批通讯库，"
    },
    {
      "index": 117,
      "start": 406.74,
      "end": 410.3,
      "text": "下面我们做了哪些的呃技术手段的一个优化啊，"
    },
    {
      "index": 118,
      "start": 410.32,
      "end": 414.68,
      "text": "我们可以看到 ME 通信占比的话将近百分之三十啊，"
    },
    {
      "index": 119,
      "start": 414.68,
      "end": 416.02,
      "text": "包含这个 d page 和派。"
    },
    {
      "index": 120,
      "start": 417.09,
      "end": 418.09,
      "text": "那通讯实延的话，"
    },
    {
      "index": 121,
      "start": 418.09,
      "end": 419.77,
      "text": "主要是包含那个传输时延，"
    },
    {
      "index": 122,
      "start": 419.91,
      "end": 420.15,
      "text": "呃，"
    },
    {
      "index": 123,
      "start": 420.15,
      "end": 421.49,
      "text": "还有那个静态实延对吧。"
    },
    {
      "index": 124,
      "start": 421.49,
      "end": 424.53,
      "text": "你静态下发的这些呃控制面的一些开销，"
    },
    {
      "index": 125,
      "start": 424.53,
      "end": 425.77,
      "text": "还有算子启动的开销。"
    },
    {
      "index": 126,
      "start": 426.07,
      "end": 431.83,
      "text": "那我们以这个 dispatatch 的算子例例进行了内进行一个打点分析，"
    },
    {
      "index": 127,
      "start": 431.83,
      "end": 434.77,
      "text": "各个流程的一个所在的一个时验。"
    },
    {
      "index": 128,
      "start": 434.77,
      "end": 438.31,
      "text": "我们可以看到主要包含三部分的一个实验，"
    },
    {
      "index": 129,
      "start": 438.31,
      "end": 440.53,
      "text": "一部分是通讯数据准备。"
    },
    {
      "index": 130,
      "start": 440.53,
      "end": 444.79,
      "text": "因为呃 d 配阶段我们把 token 分发到呃不同的专家，"
    },
    {
      "index": 131,
      "start": 445.11,
      "end": 448.27999999999906,
      "text": "而且生成的架构是这个多核的对吧？"
    },
    {
      "index": 132,
      "start": 448.27999999999906,
      "end": 451.02000000000095,
      "text": "多核并行去去分发 token 的时候，"
    },
    {
      "index": 133,
      "start": 451.1999999999991,
      "end": 452.6999999999991,
      "text": "如果发给同一个专家的话，"
    },
    {
      "index": 134,
      "start": 452.85999999999905,
      "end": 453.72,
      "text": "为了避免冲突，"
    },
    {
      "index": 135,
      "start": 453.72,
      "end": 457.4,
      "text": "我们要进行这个呃计算地址偏移的一个计算。"
    },
    {
      "index": 136,
      "start": 457.56,
      "end": 460.4,
      "text": "那计算的时候那个 scala 核的能力是比较弱的，"
    },
    {
      "index": 137,
      "start": 460.64,
      "end": 461.95999999999907,
      "text": "它的计算时间比较长。"
    },
    {
      "index": 138,
      "start": 462.02000000000095,
      "end": 468.24,
      "text": "所以呢我们那个优化措施说能够让它以 wepor 的向量的方式能够计算。"
    },
    {
      "index": 139,
      "start": 468.32,
      "end": 472.72500000000093,
      "text": "这时候呢可以加速这个呃呃数据准备一个过程。"
    },
    {
      "index": 140,
      "start": 473.82,
      "end": 477.38,
      "text": "第二部分是这个传输数据比较呃时间比较长啊，"
    },
    {
      "index": 141,
      "start": 478.06,
      "end": 479.60000000000093,
      "text": "主要是带宽利用率比较低。"
    },
    {
      "index": 142,
      "start": 479.6800000000009,
      "end": 482.16,
      "text": "那低的原因就是呃网络冲突，"
    },
    {
      "index": 143,
      "start": 482.32,
      "end": 488.92,
      "text": "或者是那个还有端口负载不不均导致的那我们通过我们的呃通信持续的一个编排，"
    },
    {
      "index": 144,
      "start": 488.9400000000009,
      "end": 491.92,
      "text": "能够让共享人家 token 那个通信的时候呢，"
    },
    {
      "index": 145,
      "start": 492.0,
      "end": 493.72,
      "text": "从二百六打一变成了八打一，"
    },
    {
      "index": 146,
      "start": 494.02000000000095,
      "end": 495.85999999999905,
      "text": "减少这个网络的一个冲突。"
    },
    {
      "index": 147,
      "start": 496.3,
      "end": 499.88,
      "text": "同时呢通过这个地址偏移的一些计算，"
    },
    {
      "index": 148,
      "start": 500.32,
      "end": 500.56,
      "text": "呃，"
    },
    {
      "index": 149,
      "start": 500.64,
      "end": 503.14,
      "text": "让它哈希分布更那个更均匀，"
    },
    {
      "index": 150,
      "start": 503.14,
      "end": 506.13,
      "text": "能够在散列在不同的 NPU 端口上面，"
    },
    {
      "index": 151,
      "start": 506.41,
      "end": 508.27000000000095,
      "text": "这样让它那个负载更均衡。"
    },
    {
      "index": 152,
      "start": 508.78999999999905,
      "end": 512.5900000000009,
      "text": "最后一部分是呃它的同步耗时比较长，"
    },
    {
      "index": 153,
      "start": 512.63,
      "end": 514.2700000000009,
      "text": "通信肯定有一个同步，"
    },
    {
      "index": 154,
      "start": 514.2700000000009,
      "end": 515.63,
      "text": "等待一个过程是吧？"
    },
    {
      "index": 155,
      "start": 515.97,
      "end": 525.33,
      "text": "然后特别是大一批通信下面各个卡之间需要做一次全量一个同步的那这里面的优化呃技术是包含 EPLB 的负载均衡，"
    },
    {
      "index": 156,
      "start": 525.33,
      "end": 529.83,
      "text": "以及说我们构建那个大融合的通那个呃通算融合算子，"
    },
    {
      "index": 157,
      "start": 529.97,
      "end": 532.23,
      "text": "进一步融合这个通信和计算。"
    },
    {
      "index": 158,
      "start": 532.49,
      "end": 536.045,
      "text": "这样的话我可以降低这个呃同步的一些影响。"
    },
    {
      "index": 159,
      "start": 537.8,
      "end": 538.039999999999,
      "text": "呃，"
    },
    {
      "index": 160,
      "start": 538.1000000000009,
      "end": 542.24,
      "text": "那我们看一下我们怎么做这个大一批的这种通算熔模的加速库呢？"
    },
    {
      "index": 161,
      "start": 542.66,
      "end": 542.9,
      "text": "呃，"
    },
    {
      "index": 162,
      "start": 543.4,
      "end": 545.0200000000009,
      "text": "我们可以看到呃，"
    },
    {
      "index": 163,
      "start": 545.3,
      "end": 548.3599999999991,
      "text": "通信跟计算它还是串行执行了，"
    },
    {
      "index": 164,
      "start": 548.3599999999991,
      "end": 548.72,
      "text": "对吧？"
    },
    {
      "index": 165,
      "start": 548.98,
      "end": 549.22,
      "text": "呃，"
    },
    {
      "index": 166,
      "start": 549.699999999999,
      "end": 550.16,
      "text": "那个，"
    },
    {
      "index": 167,
      "start": 550.2600000000009,
      "end": 553.679,
      "text": "所以它的通信是那个耗时是没有被掩盖的。"
    },
    {
      "index": 168,
      "start": 554.180000000001,
      "end": 556.5200000000009,
      "text": "另外另外另外是说呃，"
    },
    {
      "index": 169,
      "start": 556.92,
      "end": 559.699999999999,
      "text": "你在做 cube 呃矩阵运算的时候呢，"
    },
    {
      "index": 170,
      "start": 559.699999999999,
      "end": 562.88,
      "text": "你的 weater 跟 weter ter 跟算子是串行执行的，"
    },
    {
      "index": 171,
      "start": 562.88,
      "end": 564.32,
      "text": "算力也是有一些浪费。"
    },
    {
      "index": 172,
      "start": 564.32,
      "end": 565.959999999999,
      "text": "而且 MO 一层的话，"
    },
    {
      "index": 173,
      "start": 565.959999999999,
      "end": 568.209999999999,
      "text": "会有那个算子个数会比较多，"
    },
    {
      "index": 174,
      "start": 568.23,
      "end": 569.91,
      "text": "那你下发的次数也比较多，"
    },
    {
      "index": 175,
      "start": 570.23,
      "end": 572.89,
      "text": "任取的这个耗时也会比较长。"
    },
    {
      "index": 176,
      "start": 573.190000000001,
      "end": 573.430000000001,
      "text": "啊，"
    },
    {
      "index": 177,
      "start": 573.449999999999,
      "end": 578.47,
      "text": "那我们的一个思路就是把整个那个 colrom OE 层啊，"
    },
    {
      "index": 178,
      "start": 578.47,
      "end": 580.07,
      "text": "是 decode 里面的 ME 层。"
    },
    {
      "index": 179,
      "start": 580.3500000000009,
      "end": 582.83,
      "text": "我们把它融合为一个大的一个呃算子。"
    },
    {
      "index": 180,
      "start": 583.0100000000009,
      "end": 585.8699999999991,
      "text": "能够通过这个信息度的流水并行，"
    },
    {
      "index": 181,
      "start": 585.97,
      "end": 588.2700000000009,
      "text": "实现计通信与计算的一个掩盖。"
    },
    {
      "index": 182,
      "start": 588.690000000001,
      "end": 595.25,
      "text": "那融合的范围就包括这个红框范围内啊呃红框范围内。"
    },
    {
      "index": 183,
      "start": 595.449999999999,
      "end": 600.47,
      "text": "我们看到从 DP page 开始到两次 GMM 的一个计算，"
    },
    {
      "index": 184,
      "start": 600.47,
      "end": 605.0100000000009,
      "text": "就是一个一个那个升维降维的一个两次 GMM 就要到一个 compile，"
    },
    {
      "index": 185,
      "start": 605.07,
      "end": 605.430000000001,
      "text": "对吧？"
    },
    {
      "index": 186,
      "start": 605.47,
      "end": 611.3500000000009,
      "text": "就整个呃这个阶段我们融合成一个呃大的一个呃算子。"
    },
    {
      "index": 187,
      "start": 611.65,
      "end": 613.430000000001,
      "text": "那呃怎么实现呢？"
    },
    {
      "index": 188,
      "start": 613.57,
      "end": 617.084999999999,
      "text": "有包含包含两部分一个的一个深度一个融合。"
    },
    {
      "index": 189,
      "start": 618.08,
      "end": 622.1199999999991,
      "text": "首先是呃 dispatch 和第一个 GMM 的一个融合，"
    },
    {
      "index": 190,
      "start": 622.38,
      "end": 625.459999999999,
      "text": "就是我们可以那个对 token 进行一个动态，"
    },
    {
      "index": 191,
      "start": 625.459999999999,
      "end": 626.06,
      "text": "一个分组。"
    },
    {
      "index": 192,
      "start": 626.48,
      "end": 627.56,
      "text": "收到一组 token，"
    },
    {
      "index": 193,
      "start": 627.56,
      "end": 629.459999999999,
      "text": "我就做一组 token 的一个计算。"
    },
    {
      "index": 194,
      "start": 629.64,
      "end": 633.42,
      "text": "同时呢呃做下一组 token 的一个接收是吧？"
    },
    {
      "index": 195,
      "start": 633.56,
      "end": 634.92,
      "text": "可以那个流水起来。"
    },
    {
      "index": 196,
      "start": 635.06,
      "end": 635.440000000001,
      "text": "然后呢，"
    },
    {
      "index": 197,
      "start": 635.440000000001,
      "end": 641.5200000000009,
      "text": "这另外第二部分融合是说在呃第二个 GMM 跟那个 compile 的一个深度一个融合。"
    },
    {
      "index": 198,
      "start": 641.5200000000009,
      "end": 645.28,
      "text": "就也是说做一部分计算出一部分 token，"
    },
    {
      "index": 199,
      "start": 645.52,
      "end": 648.7,
      "text": "我们就可以做这部分 token 的一个一个通信呢，"
    },
    {
      "index": 200,
      "start": 648.7,
      "end": 650.96,
      "text": "做 compare 就可以聚合了。"
    },
    {
      "index": 201,
      "start": 650.96,
      "end": 651.78,
      "text": "做 token 聚合了。"
    },
    {
      "index": 202,
      "start": 651.78,
      "end": 655.24,
      "text": "同时呢做第二组 token 的一个的一个计算，"
    },
    {
      "index": 203,
      "start": 655.36,
      "end": 658.26,
      "text": "也是实现这个计算跟通信的一个流水掩盖。"
    },
    {
      "index": 204,
      "start": 658.76,
      "end": 659.96,
      "text": "当前这个能力的话，"
    },
    {
      "index": 205,
      "start": 660.58,
      "end": 664.5,
      "text": "我们已经那个接入到这个 SG one 的一个社区。"
    },
    {
      "index": 206,
      "start": 664.74,
      "end": 667.215,
      "text": "同时呢 VOM 社区还在也在合作当中，"
    },
    {
      "index": 207,
      "start": 668.49,
      "end": 669.69,
      "text": "呃呃，"
    },
    {
      "index": 208,
      "start": 669.83,
      "end": 674.17,
      "text": "这个场景是呃 FD 分离场景的一个 m turn 的一个通讯加速。"
    },
    {
      "index": 209,
      "start": 674.41,
      "end": 675.77,
      "text": "我们前面也讲过啊，"
    },
    {
      "index": 210,
      "start": 676.25,
      "end": 679.57,
      "text": "呃大家都说那个扣是访存棒的对吧？"
    },
    {
      "index": 211,
      "start": 679.57,
      "end": 681.59,
      "text": "那那究竟是哪里棒的呢？"
    },
    {
      "index": 212,
      "start": 681.59,
      "end": 685.19,
      "text": "其实主要是在呃 deattention 那个阶段，"
    },
    {
      "index": 213,
      "start": 685.19,
      "end": 686.91,
      "text": "是那个访存棒的，"
    },
    {
      "index": 214,
      "start": 686.91,
      "end": 690.85,
      "text": "它要读前面那那 prprepreview 阶段产产生的这些 q catch。"
    },
    {
      "index": 215,
      "start": 691.19,
      "end": 695.69,
      "text": "那实际上呢由于那个 FN 那个阶段呢，"
    },
    {
      "index": 216,
      "start": 695.79,
      "end": 698.115,
      "text": "它由于它的 BS 就比较小了，"
    },
    {
      "index": 217,
      "start": 698.24,
      "end": 698.48,
      "text": "嗯，"
    },
    {
      "index": 218,
      "start": 699.07,
      "end": 706.61,
      "text": "所以它的那个算利用率率是比较低的那这时候我们能不能把 FN 阶段的 BS 给它加大，"
    },
    {
      "index": 219,
      "start": 706.63,
      "end": 707.81,
      "text": "能够加大呢？"
    },
    {
      "index": 220,
      "start": 707.83,
      "end": 708.49,
      "text": "因为你加大了，"
    },
    {
      "index": 221,
      "start": 708.49,
      "end": 711.145,
      "text": "就能把整个系统的吞吐提上去了。"
    },
    {
      "index": 222,
      "start": 711.76,
      "end": 716.26,
      "text": "那所以这就是所以 FD 的一个核心核心的一思想哈。"
    },
    {
      "index": 223,
      "start": 716.26,
      "end": 718.56,
      "text": "就是把 attention 跟 FN 进行一个分离，"
    },
    {
      "index": 224,
      "start": 719.0,
      "end": 722.76,
      "text": "能够把那个呃可以 attention 跟 FN，"
    },
    {
      "index": 225,
      "start": 722.76,
      "end": 724.72,
      "text": "可以独自来组这个 batch，"
    },
    {
      "index": 226,
      "start": 724.86,
      "end": 725.24,
      "text": "对吧？"
    },
    {
      "index": 227,
      "start": 725.32,
      "end": 727.16,
      "text": "然后那我那我这样的话，"
    },
    {
      "index": 228,
      "start": 727.16,
      "end": 729.46,
      "text": "我那个 FN 这边就可以组比较大一个 batch 了，"
    },
    {
      "index": 229,
      "start": 729.68,
      "end": 733.7,
      "text": "就可以把整个呃系统的吞吐给那个呃提升了。"
    },
    {
      "index": 230,
      "start": 734.02,
      "end": 736.88,
      "text": "但是呢呃 IF 分离之后呢，"
    },
    {
      "index": 231,
      "start": 736.88,
      "end": 740.72,
      "text": "还是有那个就产生的额外的这个 m to n 的一个通信了。"
    },
    {
      "index": 232,
      "start": 740.96,
      "end": 746.25,
      "text": "就是呃那个 attention 跟 FN 之间就有这个 m to n 的这样的一个通信。"
    },
    {
      "index": 233,
      "start": 746.43,
      "end": 747.75,
      "text": "那那这时候呢，"
    },
    {
      "index": 234,
      "start": 748.03,
      "end": 750.37,
      "text": "我在那个 i 框架上面呢，"
    },
    {
      "index": 235,
      "start": 750.37,
      "end": 752.61,
      "text": "就需要做一些多取一些流水了，"
    },
    {
      "index": 236,
      "start": 752.89,
      "end": 754.77,
      "text": "把那个通信给那个掩盖掉。"
    },
    {
      "index": 237,
      "start": 755.05,
      "end": 757.27,
      "text": "那在这个场景下呢，"
    },
    {
      "index": 238,
      "start": 757.27,
      "end": 761.19,
      "text": "我们也构建了自己那个自己的 m to n 通信交流库。"
    },
    {
      "index": 239,
      "start": 761.19,
      "end": 764.53,
      "text": "首先呢呃通过我们的 NPU 直驱的一个通信，"
    },
    {
      "index": 240,
      "start": 764.53,
      "end": 768.83,
      "text": "能够呃减减减少这个控制面的一个时间的一个开销。"
    },
    {
      "index": 241,
      "start": 768.83,
      "end": 774.53,
      "text": "这边 NPU 直区一直说在 NPU 侧发起这个呃我们的一个 AI 的一个通信集合通信。"
    },
    {
      "index": 242,
      "start": 774.95,
      "end": 775.13,
      "text": "呃，"
    },
    {
      "index": 243,
      "start": 775.13,
      "end": 780.67,
      "text": "并不是从 CPU 侧去发起了跟这样的话可以减少一些呃控制面的一些开销。"
    },
    {
      "index": 244,
      "start": 780.79,
      "end": 782.87,
      "text": "同时呢做通信融合的编排，"
    },
    {
      "index": 245,
      "start": 782.87,
      "end": 783.53,
      "text": "一些调度，"
    },
    {
      "index": 246,
      "start": 783.77,
      "end": 788.4,
      "text": "将那个 a to f 以及 f 通信与本地的计算进行一些融合，"
    },
    {
      "index": 247,
      "start": 788.74,
      "end": 791.24,
      "text": "能够消除一些冗余冗余的一个通信。"
    },
    {
      "index": 248,
      "start": 791.56,
      "end": 794.46,
      "text": "同时呢 f 系的分离有一个很重要的特性，"
    },
    {
      "index": 249,
      "start": 794.46,
      "end": 796.56,
      "text": "就是要求整个系统是弹性的，"
    },
    {
      "index": 250,
      "start": 797.02,
      "end": 803.58,
      "text": "就是 tsion 的那个那个那个跟那个 FN 节点各自有自己的一个弹性的一个机制。"
    },
    {
      "index": 251,
      "start": 803.76,
      "end": 805.72,
      "text": "那这时候实际上对通信库来讲，"
    },
    {
      "index": 252,
      "start": 805.74,
      "end": 807.7,
      "text": "也是要具备这个弹性的能力的。"
    },
    {
      "index": 253,
      "start": 807.98,
      "end": 808.22,
      "text": "呃，"
    },
    {
      "index": 254,
      "start": 808.66,
      "end": 810.48,
      "text": "随便加一个节点或是扩一个节点。"
    },
    {
      "index": 255,
      "start": 810.48,
      "end": 813.2,
      "text": "你的通信域是能够弹性的进行这个通信的，"
    },
    {
      "index": 256,
      "start": 813.2,
      "end": 816.025,
      "text": "而不是说要整个通信域要销毁，"
    },
    {
      "index": 257,
      "start": 816.27,
      "end": 817.895,
      "text": "这是这是无法接受的。"
    },
    {
      "index": 258,
      "start": 819.21,
      "end": 819.43,
      "text": "呃，"
    },
    {
      "index": 259,
      "start": 819.43,
      "end": 822.43,
      "text": "最后介绍一下呃呃 PD 分离项啊，"
    },
    {
      "index": 260,
      "start": 822.45,
      "end": 823.83,
      "text": "PD 分离项的话呃，"
    },
    {
      "index": 261,
      "start": 824.21,
      "end": 828.57,
      "text": "我们的 QQ cash 的话是呃传输的呃重要的一个环节。"
    },
    {
      "index": 262,
      "start": 829.09,
      "end": 831.79,
      "text": "那通过我们构建的呃传推理、"
    },
    {
      "index": 263,
      "start": 831.79,
      "end": 831.97,
      "text": "传输、"
    },
    {
      "index": 264,
      "start": 831.97,
      "end": 832.91,
      "text": "加热库 missile，"
    },
    {
      "index": 265,
      "start": 833.07,
      "end": 835.39,
      "text": "相比现有的这个呃能力的话，"
    },
    {
      "index": 266,
      "start": 835.39,
      "end": 837.35,
      "text": "我们是可以提升百分之三十的。"
    },
    {
      "index": 267,
      "start": 837.35,
      "end": 840.57,
      "text": "然后 missill 的话它是一个呃中间件，"
    },
    {
      "index": 268,
      "start": 840.95,
      "end": 845.17,
      "text": "然后呢呃它南向屏蔽那个呃不同的传输通道。"
    },
    {
      "index": 269,
      "start": 845.25,
      "end": 848.61,
      "text": "北向对接不同的呃 AI 服务平台，"
    },
    {
      "index": 270,
      "start": 848.61,
      "end": 851.34,
      "text": "以框架我们通过两个技术来实现，"
    },
    {
      "index": 271,
      "start": 851.44,
      "end": 853.74,
      "text": "一个是分片消息的一个聚合。"
    },
    {
      "index": 272,
      "start": 854.2,
      "end": 859.22,
      "text": "我们通过把那个不同多层的 KV catch 数据进行一个数据，"
    },
    {
      "index": 273,
      "start": 859.22,
      "end": 859.98,
      "text": "一个聚聚合。"
    },
    {
      "index": 274,
      "start": 859.98,
      "end": 860.22,
      "text": "啊，"
    },
    {
      "index": 275,
      "start": 860.22,
      "end": 863.58,
      "text": "当然这里面会有不同的一个聚合的一个策略。"
    },
    {
      "index": 276,
      "start": 863.6,
      "end": 866.86,
      "text": "然后呢一起进行这个数据的一个传输，"
    },
    {
      "index": 277,
      "start": 867.3,
      "end": 869.26,
      "text": "能够提升那个带宽，"
    },
    {
      "index": 278,
      "start": 869.5,
      "end": 872.0,
      "text": "从而达到提升整个系统吞吐的一个目的。"
    },
    {
      "index": 279,
      "start": 872.22,
      "end": 874.48,
      "text": "还有那个异构多建的一个聚合。"
    },
    {
      "index": 280,
      "start": 874.62,
      "end": 878.715,
      "text": "我们知道那个生能架构里面呃 rookiy 网卡，"
    },
    {
      "index": 281,
      "start": 879.03,
      "end": 882.03,
      "text": "但是嵌入入到那个 NBU 侧 NBU 测，"
    },
    {
      "index": 282,
      "start": 882.03,
      "end": 884.97,
      "text": "实际上是看能多个多种传输通道的，"
    },
    {
      "index": 283,
      "start": 885.21,
      "end": 886.29,
      "text": "包含那个 UB，"
    },
    {
      "index": 284,
      "start": 886.29,
      "end": 887.87,
      "text": "还有那个 lucky 是吧？"
    },
    {
      "index": 285,
      "start": 887.87,
      "end": 888.11,
      "text": "呃，"
    },
    {
      "index": 286,
      "start": 888.29,
      "end": 893.79,
      "text": "当前的话我我们是使用了呃呃单一类型的一个传输的一个通道。"
    },
    {
      "index": 287,
      "start": 894.29,
      "end": 896.11,
      "text": "我们可以通过我们的多进聚合技术，"
    },
    {
      "index": 288,
      "start": 896.11,
      "end": 899.73,
      "text": "就是把那个呃多网多个传输通道给使用起来。"
    },
    {
      "index": 289,
      "start": 899.73,
      "end": 902.17,
      "text": "同时呢其他空显卡的通道，"
    },
    {
      "index": 290,
      "start": 902.17,
      "end": 903.33,
      "text": "我们也可以把它用起来，"
    },
    {
      "index": 291,
      "start": 903.51,
      "end": 906.33,
      "text": "然后呢进行基于我们这个多路径的一个传输，"
    },
    {
      "index": 292,
      "start": 906.41,
      "end": 910.625,
      "text": "提升那个整体的一个呃存输一个效率。"
    },
    {
      "index": 293,
      "start": 911.65,
      "end": 911.89,
      "text": "呃，"
    },
    {
      "index": 294,
      "start": 911.97,
      "end": 913.47,
      "text": "以上是我的一些分享，"
    },
    {
      "index": 295,
      "start": 913.47,
      "end": 913.97,
      "text": "谢谢大家。"
    },
    {
      "index": 296,
      "start": 914.25,
      "end": 916.93,
      "text": "然后更多信息的话可以访问欧巴欧拉社区。"
    },
    {
      "index": 297,
      "start": 917.17,
      "end": 922.17,
      "text": "还有就是如果大家对呃 EMDK 的技术比较呃，"
    },
    {
      "index": 298,
      "start": 922.71,
      "end": 924.11,
      "text": "也希望有了解的话，"
    },
    {
      "index": 299,
      "start": 924.43,
      "end": 926.49,
      "text": "也可以加入到我们的微信群里面。"
    },
    {
      "index": 300,
      "start": 926.67,
      "end": 926.91,
      "text": "好，"
    },
    {
      "index": 301,
      "start": 927.01,
      "end": 929.31,
      "text": "谢谢大家啊。"
    },
    {
      "index": 302,
      "start": 929.31,
      "end": 929.775,
      "text": "好的，"
    },
    {
      "index": 303,
      "start": 932.54,
      "end": 932.78,
      "text": "好，"
    },
    {
      "index": 304,
      "start": 933.06,
      "end": 934.94,
      "text": "感谢那个韩老师带来的分享啊。"
    },
    {
      "index": 305,
      "start": 934.94,
      "end": 938.74,
      "text": "其实大家可能呃做过推理的人是非常清楚的。"
    },
    {
      "index": 306,
      "start": 938.74,
      "end": 942.04,
      "text": "就是随着这个呃大一批的这个方案出来之后，"
    },
    {
      "index": 307,
      "start": 942.04,
      "end": 943.56,
      "text": "其实你会看一下，"
    },
    {
      "index": 308,
      "start": 943.56,
      "end": 945.42,
      "text": "原来大家是那个计算的时候，"
    },
    {
      "index": 309,
      "start": 945.42,
      "end": 947.94,
      "text": "就是带来的这个要求很高。"
    },
    {
      "index": 310,
      "start": 948.0,
      "end": 950.56,
      "text": "后面这个通信的开销是越来越大。"
    },
    {
      "index": 311,
      "start": 950.78,
      "end": 959.08,
      "text": "所以刚才其实我理解刚才那个我们的那个韩老师给我们带来的就是那种包括那个呃异构的多平面的那个传输，"
    },
    {
      "index": 312,
      "start": 959.08,
      "end": 962.65,
      "text": "然后传输的这个原来是点对点的一个通信。"
    },
    {
      "index": 313,
      "start": 962.65,
      "end": 966.27,
      "text": "现在变 MN to n 的一个就是 n 叠多对多的一个通信，"
    },
    {
      "index": 314,
      "start": 966.27,
      "end": 967.45,
      "text": "可能有多通道，"
    },
    {
      "index": 315,
      "start": 967.45,
      "end": 970.57,
      "text": "然后来做这种叠加的那个那个能力。"
    },
    {
      "index": 316,
      "start": 970.57,
      "end": 974.57,
      "text": "然后同时能够在计算跟通信的时候做掩盖的这个能力，"
    },
    {
      "index": 317,
      "start": 974.57,
      "end": 978.05,
      "text": "能够去帮助我们去提升这个地方这种基础的通信库，"
    },
    {
      "index": 318,
      "start": 978.31,
      "end": 984.85,
      "text": "能够帮助我们去做这种呃一般来讲的那种语义 reduce 啊 together 啊 together o together。"
    },
    {
      "index": 319,
      "start": 984.87,
      "end": 988.37,
      "text": "然后那个那个 auto 二的这些通信的能力，"
    },
    {
      "index": 320,
      "start": 988.41,
      "end": 991.85,
      "text": "可以把加速这块的能力呃非常棒的一个信号。"
    },
    {
      "index": 321,
      "start": 991.91,
      "end": 993.66,
      "text": "后面也希望跟这个 c 个组，"
    },
    {
      "index": 322,
      "start": 993.9,
      "end": 994.1,
      "text": "呃，"
    },
    {
      "index": 323,
      "start": 994.1,
      "end": 998.28,
      "text": "之前我看到那个李宇正老师他们交流的那个能力可以结合一下。"
    },
    {
      "index": 324,
      "start": 998.28,
      "end": 1001.26,
      "text": "我觉得那可能变成一个比较有性价比的一个推理方案。"
    },
    {
      "index": 325,
      "start": 1001.4,
      "end": 1001.64,
      "text": "好，"
    },
    {
      "index": 326,
      "start": 1001.64,
      "end": 1002.22,
      "text": "谢谢大家。"
    },
    {
      "index": 327,
      "start": 1002.48,
      "end": 1015.56,
      "text": "然后下面有请河南昆仑技术有限公司算子开发高级工程师孙亚楠先生给我们带来呃河南昆仑基于升腾软件 FP 八的极致调优分享。"
    }
  ],
  "artifacts": [
    "output/ai_session/part_08/chunk_00/03_srt_slice/artifacts/chunk_baseline.srt"
  ],
  "metadata": {},
  "trace_id": null,
  "duration_ms": 0,
  "started_at": "2025-12-16T00:37:43.112216",
  "completed_at": "2025-12-15T16:37:43.177156",
  "step_config": {},
  "dependencies": [
    "downscale"
  ]
}