{
  "part_index": 0,
  "title": "基于AI Agent的操作系统开发与运维自动化实践",
  "type_tag": "行业案例分享",
  "tech_tags": [
    "AI Agent",
    "MCP",
    "openEuler intelligence",
    "Patch Merging",
    "Vmcore Analysis",
    "LLM",
    "Workflow",
    "VS Code"
  ],
  "domain_tags": [
    "操作系统",
    "智能运维",
    "软件工程",
    "开源社区"
  ],
  "summary": "本次分享探讨了在AI Agent时代，如何利用openEuler intelligence应对操作系统维护中的补丁合入、集成测试及Vmcore分析等挑战。通过引入MCP协议与多Agent协同工作流，团队实现了补丁合并从周级到小时级的效率飞跃，准确率提升至93%。演讲还详细介绍了包含交互控制、智能分析与执行引擎的三层技术架构，并强调了“人机协同”与“监督Agent”在逐步实现自动化过程中的关键作用。",
  "highlights": [
    "OS维护面临补丁合入、集成测试、Vmcore分析三大挑战",
    "基于openEuler intelligence构建三层技术架构",
    "AI Agent助力补丁合并耗时从周级缩短至小时级",
    "多模型综合分析使补丁处理准确率提升至93%",
    "集成测试实现基于commit信息的用例自动生产与执行",
    "Vmcore分析集成多Agent协同进行智能化故障诊断",
    "引入监督Agent机制实现人机协同与结果自动校准"
  ]
}