{
  "address": "ai_session/part_10/chunk_00/09_apply_crop/slide_008",
  "status": "completed",
  "input": {
    "image_path": "output/ai_session/part_10/chunk_00/07_capture_frame/slide_008/artifacts/slide_008.png",
    "crop_region": {
      "x": 618,
      "y": 192,
      "width": 1301,
      "height": 887
    }
  },
  "output": "output/ai_session/part_10/chunk_00/09_apply_crop/slide_008/artifacts/slide_008.png",
  "artifacts": [
    "output/ai_session/part_10/chunk_00/09_apply_crop/slide_008/artifacts/slide_008.png"
  ],
  "metadata": {
    "source": "output/ai_session/part_10/chunk_00/07_capture_frame/slide_008/artifacts/slide_008.png",
    "applied": true,
    "crop_region": {
      "x": 618,
      "y": 192,
      "width": 1301,
      "height": 887
    },
    "size": {
      "width": 1301,
      "height": 887
    }
  },
  "trace_id": null,
  "duration_ms": 106,
  "started_at": "2025-12-16T01:21:34.120483",
  "completed_at": "2025-12-15T17:21:34.227311",
  "step_config": {},
  "dependencies": [
    "capture_frame",
    "crop_decision"
  ]
}