{
  "address": "ScienceEducationInnovation/part_02/chunk_00/08_crop_decision/slide_032",
  "status": "completed",
  "input": {
    "image_path": "output/ScienceEducationInnovation/part_02/chunk_00/07_capture_frame/slide_032/artifacts/slide_032.png",
    "slide_index": 32,
    "slide_title": "MaxEmbed - 研究动机 现有工作使用超图划分共现关系，但一个参数仅获一个共现关系"
  },
  "output": null,
  "artifacts": [
    "output/ScienceEducationInnovation/part_02/chunk_00/07_capture_frame/slide_032/artifacts/slide_032.png"
  ],
  "metadata": {
    "needs_crop": false,
    "reason": "MANUAL_NO_CROP",
    "manual_override": true
  },
  "trace_id": null,
  "duration_ms": 0,
  "started_at": "2025-12-18T16:37:52.032969",
  "completed_at": "2025-12-18T16:37:52.032969",
  "step_config": {
    "manual_override": true
  },
  "dependencies": [
    "capture_frame"
  ]
}