{
  "address": "ScienceEducationInnovation/part_04/chunk_00/07_capture_frame/slide_013",
  "status": "completed",
  "input": {
    "video": "output/ScienceEducationInnovation/part_04/chunk_00/01_cut_chunk/artifacts/chunk_high.mp4",
    "timestamp": "00:09:26.100",
    "frame_id": "slide_013",
    "output_ext": ".png"
  },
  "output": "output/ScienceEducationInnovation/part_04/chunk_00/07_capture_frame/slide_013/artifacts/slide_013.png",
  "artifacts": [
    "output/ScienceEducationInnovation/part_04/chunk_00/07_capture_frame/slide_013/artifacts/slide_013.png"
  ],
  "metadata": {
    "timestamp": "00:09:26.100",
    "frame_id": "slide_013",
    "ffmpeg": "/opt/homebrew/bin/ffmpeg"
  },
  "trace_id": null,
  "duration_ms": 1394,
  "started_at": "2025-12-21T23:17:27.054514",
  "completed_at": "2025-12-21T15:17:28.452145",
  "step_config": {},
  "dependencies": [
    "slide_timeline"
  ]
}