{
  "address": "ScienceEducationInnovation/part_02/chunk_00/07_capture_frame/slide_020",
  "status": "completed",
  "input": {
    "video": "output/ScienceEducationInnovation/part_02/chunk_00/01_cut_chunk/artifacts/chunk_high.mp4",
    "timestamp": "00:11:25.380",
    "frame_id": "slide_020",
    "output_ext": ".png"
  },
  "output": "output/ScienceEducationInnovation/part_02/chunk_00/07_capture_frame/slide_020/artifacts/slide_020.png",
  "artifacts": [
    "output/ScienceEducationInnovation/part_02/chunk_00/07_capture_frame/slide_020/artifacts/slide_020.png"
  ],
  "metadata": {
    "timestamp": "00:11:25.380",
    "frame_id": "slide_020",
    "ffmpeg": "/opt/homebrew/bin/ffmpeg"
  },
  "trace_id": null,
  "duration_ms": 2606,
  "started_at": "2025-12-17T10:50:27.899777",
  "completed_at": "2025-12-17T02:50:30.507781",
  "step_config": {},
  "dependencies": [
    "slide_timeline"
  ]
}