{
  "address": "ScienceEducationInnovation/part_02/chunk_00/09_apply_crop/slide_044",
  "status": "completed",
  "input": {
    "image_path": "output/ScienceEducationInnovation/part_02/chunk_00/07_capture_frame/slide_044/artifacts/slide_044.png",
    "crop_region": {
      "x": 289,
      "y": 54,
      "width": 1440,
      "height": 815
    }
  },
  "output": "output/ScienceEducationInnovation/part_02/chunk_00/09_apply_crop/slide_044/artifacts/slide_044.png",
  "artifacts": [
    "output/ScienceEducationInnovation/part_02/chunk_00/09_apply_crop/slide_044/artifacts/slide_044.png"
  ],
  "metadata": {
    "source": "output/ScienceEducationInnovation/part_02/chunk_00/07_capture_frame/slide_044/artifacts/slide_044.png",
    "applied": true,
    "crop_region": {
      "x": 289,
      "y": 54,
      "width": 1440,
      "height": 815
    },
    "size": {
      "width": 1440,
      "height": 815
    }
  },
  "trace_id": null,
  "duration_ms": 378,
  "started_at": "2025-12-17T11:02:59.507596",
  "completed_at": "2025-12-17T03:02:59.886183",
  "step_config": {},
  "dependencies": [
    "capture_frame",
    "crop_decision"
  ]
}