{
  "address": "ScienceEducationInnovation/part_02/chunk_00/07_capture_frame/slide_038",
  "status": "completed",
  "input": {
    "video": "output/ScienceEducationInnovation/part_02/chunk_00/01_cut_chunk/artifacts/chunk_high.mp4",
    "timestamp": "00:19:32.980",
    "frame_id": "slide_038",
    "output_ext": ".png"
  },
  "output": "output/ScienceEducationInnovation/part_02/chunk_00/07_capture_frame/slide_038/artifacts/slide_038.png",
  "artifacts": [
    "output/ScienceEducationInnovation/part_02/chunk_00/07_capture_frame/slide_038/artifacts/slide_038.png"
  ],
  "metadata": {
    "timestamp": "00:19:32.980",
    "frame_id": "slide_038",
    "ffmpeg": "/opt/homebrew/bin/ffmpeg"
  },
  "trace_id": null,
  "duration_ms": 4179,
  "started_at": "2025-12-17T10:50:27.902324",
  "completed_at": "2025-12-17T02:50:32.083322",
  "step_config": {},
  "dependencies": [
    "slide_timeline"
  ]
}