{
  "address": "ai_session/part_03/chunk_00/09_apply_crop/slide_021",
  "status": "completed",
  "input": {
    "image_path": "output/ai_session/part_03/chunk_00/07_capture_frame/slide_021/artifacts/slide_021.png",
    "crop_region": {
      "x": 0,
      "y": 0,
      "width": 1920,
      "height": 270
    }
  },
  "output": "output/ai_session/part_03/chunk_00/09_apply_crop/slide_021/artifacts/slide_021.png",
  "artifacts": [
    "output/ai_session/part_03/chunk_00/09_apply_crop/slide_021/artifacts/slide_021.png"
  ],
  "metadata": {
    "source": "output/ai_session/part_03/chunk_00/07_capture_frame/slide_021/artifacts/slide_021.png",
    "applied": true,
    "crop_region": {
      "x": 0,
      "y": 0,
      "width": 1920,
      "height": 270
    },
    "size": {
      "width": 1920,
      "height": 270
    }
  },
  "trace_id": null,
  "duration_ms": 435,
  "started_at": "2025-12-15T23:21:59.369639",
  "completed_at": "2025-12-15T15:21:59.806129",
  "step_config": {},
  "dependencies": [
    "capture_frame",
    "crop_decision"
  ]
}