{
  "address": "ScienceEducationInnovation/part_04/final/07_script_refine/1",
  "status": "completed",
  "input": {
    "narrative": {
      "id": "sec_002",
      "index": 1,
      "title": "大模型时代的挑战：云原生演进与新型模型架构需求",
      "time_range": "00:00:55,780 - 00:03:18,965",
      "script": "首先，云计算已发展十余年，许多应用“生于云、长于云”。AI 智能服务与应用也不例外，其开发、执行、运维均在云平台或基础设施环境下进行。\n随着 AI 进入大模型时代，从单模态到多模态，模型功能日益强大。模型训练与推理对算力的需求呈爆炸式增长，尤其是近年来推理侧的算力需求持续攀升。\n在架构方面，主流框架无论是自然语言处理、多模态视觉，还是推荐系统，均已向 MoE（混合专家系统）架构演进。MoE 通过稀疏激活和 Top-K 选择，在保证大模型服务能力的同时，维持推理效率。\n除了大语言领域，大模型在互联网搜广推等场景下的数据处理也已成为实现商业价值闭环的关键。因此，无论是稀疏场景还是稠密场景，都对软件层算力管理与设计提出了更高要求。",
      "summary": ""
    }
  },
  "output": {
    "section_id": "sec_002",
    "index": 1,
    "title": "大模型时代的挑战：云原生演进与新型模型架构需求",
    "time_range": "00:00:55,780 - 00:03:18,965",
    "refined_script": "# 大模型时代的挑战：云原生演进与新型模型架构需求\n\n## 1. 行业背景：AI 与云原生的深度融合\n云计算经过十余年的演进，已成为现代应用的核心基础设施。当前 AI 智能服务的开发、部署与运维呈现出明显的“云原生”特征：\n- **原生构建**：AI 应用从开发初期即基于云平台环境。\n- **全生命周期管理**：模型的执行与运维深度依赖云基础设施，实现资源的弹性调度与高效利用。\n\n## 2. 核心趋势：算力需求的爆发式增长\n随着 AI 技术从单模态向多模态大模型演进，模型能力增强的同时，对底层算力提出了严苛要求：\n- **算力爆炸**：训练与推理侧的算力需求呈指数级增长。\n- **重心转移**：近年来，推理侧的算力需求攀升尤为显著，成为基础设施压力的主要来源。\n\n## 3. 架构演进：MoE（混合专家系统）的兴起\n为了在提升模型容量的同时兼顾推理效率，主流技术框架（涵盖 NLP、多模态视觉及推荐系统）正全面向 MoE 架构转型。\n\n### 3.1 MoE 核心机制\n- **稀疏激活 (Sparse Activation)**：不同于稠密模型，MoE 仅激活部分神经元参与计算。\n- **Top-K 选择策略**：通过路由机制选择最相关的专家模块进行处理。\n\n### 3.2 架构优势\n- **服务能力提升**：支持更大规模的参数量。\n- **推理效率优化**：在保证模型表现的前提下，显著降低单次推理的计算开销。\n\n## 4. 业务场景与软件层设计挑战\n大模型的技术价值最终体现在商业闭环中，特别是在互联网核心业务场景：\n- **典型场景**：搜索、广告、推荐（搜广推）等领域的数据处理。\n- **设计要求**：无论是**稀疏场景**（如 MoE）还是**稠密场景**，都对软件层的算力管理、任务调度与架构设计提出了更高维度的挑战，需实现更精细化的资源掌控。",
    "summary": "",
    "original_script": "首先，云计算已发展十余年，许多应用“生于云、长于云”。AI 智能服务与应用也不例外，其开发、执行、运维均在云平台或基础设施环境下进行。\n随着 AI 进入大模型时代，从单模态到多模态，模型功能日益强大。模型训练与推理对算力的需求呈爆炸式增长，尤其是近年来推理侧的算力需求持续攀升。\n在架构方面，主流框架无论是自然语言处理、多模态视觉，还是推荐系统，均已向 MoE（混合专家系统）架构演进。MoE 通过稀疏激活和 Top-K 选择，在保证大模型服务能力的同时，维持推理效率。\n除了大语言领域，大模型在互联网搜广推等场景下的数据处理也已成为实现商业价值闭环的关键。因此，无论是稀疏场景还是稠密场景，都对软件层算力管理与设计提出了更高要求。"
  },
  "artifacts": [
    "output/ScienceEducationInnovation/part_04/final/07_script_refine/1/artifacts/section_sec_002_refined.md"
  ],
  "metadata": {
    "refined_length": 786,
    "original_length": 316,
    "summary_length": 0
  },
  "trace_id": "90163d3f-5b81-4c35-8975-4524dc1657ef",
  "duration_ms": 16894,
  "started_at": "2025-12-21T23:41:16.035669",
  "completed_at": "2025-12-21T15:41:32.931052",
  "step_config": {
    "model": "gemini-3-flash-preview",
    "temperature": 0.2,
    "prompt_file": "/Users/lichuan/Codes/TalkDistill/config/prompts/script_refine.md",
    "schema_file": "/Users/lichuan/Codes/TalkDistill/config/schemas/script_refine.json"
  },
  "dependencies": [
    "section_timing"
  ]
}