{
  "id": "sec_003",
  "index": 2,
  "title": "解决方案总览",
  "time_range": "00:02:08,949 - 00:02:34,445",
  "script": "凝思软件的智能运维平台，是基于openEuler intelligence的\n调优agent加诊断agent基座。在其上，我们实现了一个方案，包括全面监控、主动预警、智能分析、自动化作业以及故障自愈。\n接下来我详细介绍一下。",
  "summary": "本节介绍了凝思软件的智能运维平台。该平台基于 openEuler intelligence 的 agent 基座，提供了一套完整的解决方案，其核心能力包括全面监控、主动预警、智能分析、自动化作业以及故障自愈。"
}