{
  "address": "ai_session/part_09/chunk_00/09_apply_crop/slide_007",
  "status": "completed",
  "input": {
    "image_path": "output/ai_session/part_09/chunk_00/07_capture_frame/slide_007/artifacts/slide_007.png",
    "crop_region": {
      "x": 614,
      "y": 162,
      "width": 1305,
      "height": 918
    }
  },
  "output": "output/ai_session/part_09/chunk_00/09_apply_crop/slide_007/artifacts/slide_007.png",
  "artifacts": [
    "output/ai_session/part_09/chunk_00/09_apply_crop/slide_007/artifacts/slide_007.png"
  ],
  "metadata": {
    "source": "output/ai_session/part_09/chunk_00/07_capture_frame/slide_007/artifacts/slide_007.png",
    "applied": true,
    "crop_region": {
      "x": 614,
      "y": 162,
      "width": 1305,
      "height": 918
    },
    "size": {
      "width": 1305,
      "height": 918
    }
  },
  "trace_id": null,
  "duration_ms": 135,
  "started_at": "2025-12-16T01:06:51.504016",
  "completed_at": "2025-12-15T17:06:51.640512",
  "step_config": {},
  "dependencies": [
    "capture_frame",
    "crop_decision"
  ]
}