{
  "address": "ScienceEducationInnovation/part_03/chunk_00/01_cut_chunk",
  "status": "completed",
  "input": {
    "video": "ScienceEducationInnovation.mp4",
    "start": 3376.25,
    "duration": 1225.0,
    "output_name": "chunk_high.mp4"
  },
  "output": {
    "path": "output/ScienceEducationInnovation/part_03/chunk_00/01_cut_chunk/artifacts/chunk_high.mp4",
    "start": 3376.25,
    "duration": 1225.0
  },
  "artifacts": [
    "output/ScienceEducationInnovation/part_03/chunk_00/01_cut_chunk/artifacts/chunk_high.mp4"
  ],
  "metadata": {
    "ffmpeg": "/opt/homebrew/bin/ffmpeg",
    "start": 3376.25,
    "duration": 1225.0,
    "size_bytes": 631924929
  },
  "trace_id": null,
  "duration_ms": 615,
  "started_at": "2025-12-19T00:57:40.042429",
  "completed_at": "2025-12-18T16:57:40.659675",
  "step_config": {},
  "dependencies": []
}