{
  "address": "ScienceEducationInnovation/part_02/chunk_00/07_capture_frame/slide_041",
  "status": "completed",
  "input": {
    "video": "output/ScienceEducationInnovation/part_02/chunk_00/01_cut_chunk/artifacts/chunk_high.mp4",
    "timestamp": "00:20:13.580",
    "frame_id": "slide_041",
    "output_ext": ".png"
  },
  "output": "output/ScienceEducationInnovation/part_02/chunk_00/07_capture_frame/slide_041/artifacts/slide_041.png",
  "artifacts": [
    "output/ScienceEducationInnovation/part_02/chunk_00/07_capture_frame/slide_041/artifacts/slide_041.png"
  ],
  "metadata": {
    "timestamp": "00:20:13.580",
    "frame_id": "slide_041",
    "ffmpeg": "/opt/homebrew/bin/ffmpeg"
  },
  "trace_id": null,
  "duration_ms": 4418,
  "started_at": "2025-12-17T10:50:27.902351",
  "completed_at": "2025-12-17T02:50:32.322250",
  "step_config": {},
  "dependencies": [
    "slide_timeline"
  ]
}