{
  "address": "ScienceEducationInnovation/part_02/chunk_00/09_apply_crop/slide_003",
  "status": "completed",
  "input": {
    "image_path": "output/ScienceEducationInnovation/part_02/chunk_00/07_capture_frame/slide_003/artifacts/slide_003.png",
    "crop_region": null
  },
  "output": "output/ScienceEducationInnovation/part_02/chunk_00/09_apply_crop/slide_003/artifacts/slide_003.png",
  "artifacts": [
    "output/ScienceEducationInnovation/part_02/chunk_00/09_apply_crop/slide_003/artifacts/slide_003.png"
  ],
  "metadata": {
    "source": "output/ScienceEducationInnovation/part_02/chunk_00/07_capture_frame/slide_003/artifacts/slide_003.png",
    "applied": false
  },
  "trace_id": null,
  "duration_ms": 9,
  "started_at": "2025-12-19T00:38:46.011872",
  "completed_at": "2025-12-18T16:38:46.036233",
  "step_config": {},
  "dependencies": [
    "capture_frame",
    "crop_decision"
  ]
}