{
  "graph_data": {
    "nodes": [
      {
        "id": "p1",
        "label": "传统CDSS的困局",
        "category": "Pillar",
        "references": {
          "section_ids": [
            "sec_2"
          ],
          "material_ids": [
            "chunk_00/slide_004"
          ],
          "highlight": {
            "primary_material_id": "chunk_00/slide_004",
            "primary_time_ts": "00:01:54,500",
            "primary_time_ms": 114500
          }
        },
        "parent": null,
        "summary": "分析了传统临床决策支持系统（CDSS）失灵的四大核心困境：数据来源多样、标准不一导致特征提取困难；多变的临床场景催生了大量静态、独立的模型与服务，导致维护成本和系统耦合度剧增；医院内网环境下的数据安全要求与有限的算力资源也构成了严峻挑战。"
      },
      {
        "id": "d1_1",
        "label": "数据之困：异构与低质",
        "category": "Problem",
        "references": {
          "section_ids": [
            "sec_2"
          ],
          "material_ids": [
            "chunk_00/slide_004"
          ],
          "highlight": {
            "primary_material_id": "chunk_00/slide_004",
            "primary_time_ts": "00:02:01,000",
            "primary_time_ms": 121000
          }
        },
        "parent": "p1",
        "summary": "医疗数据来源多样（LIS, RIS, PACS等）、标准不一、质量参差，混合了结构化与非结构化信息，导致数据特征提取（NLP, OCR）极为困难。"
      },
      {
        "id": "d1_2",
        "label": "算法之困：静态模型",
        "category": "Problem",
        "references": {
          "section_ids": [
            "sec_2"
          ],
          "material_ids": [
            "chunk_00/slide_004"
          ],
          "highlight": {
            "primary_material_id": "chunk_00/slide_004",
            "primary_time_ts": "00:02:30,000",
            "primary_time_ms": 150000
          }
        },
        "parent": "p1",
        "summary": "临床场景动态多变，但传统做法是为每个场景开发独立的静态规则引擎，导致模型与业务逻辑紧密绑定，难以维护和扩展。"
      },
      {
        "id": "d1_3",
        "label": "协同之困：高耦合",
        "category": "Problem",
        "references": {
          "section_ids": [
            "sec_2"
          ],
          "material_ids": [
            "chunk_00/slide_004"
          ],
          "highlight": {
            "primary_material_id": "chunk_00/slide_004",
            "primary_time_ts": "00:03:05,000",
            "primary_time_ms": 185000
          }
        },
        "parent": "p1",
        "summary": "静态模型和独立服务的增多，导致后端服务与算法服务间的耦合度越来越高，系统架构如“堆烟囱”般日益臃肿，维护成本剧增。"
      },
      {
        "id": "d1_4",
        "label": "环境之困：安全与算力限制",
        "category": "Problem",
        "references": {
          "section_ids": [
            "sec_2"
          ],
          "material_ids": [
            "chunk_00/slide_004"
          ],
          "highlight": {
            "primary_material_id": "chunk_00/slide_004",
            "primary_time_ts": "00:03:25,000",
            "primary_time_ms": 205000
          }
        },
        "parent": "p1",
        "summary": "医院内网环境要求高数据安全与合规，但服务器算力资源通常有限。这种“高要求”与“低资源”的矛盾导致资源协调困难，引发性能和稳定性问题。"
      },
      {
        "id": "p2",
        "label": "新一代CDSS构想",
        "category": "Pillar",
        "references": {
          "section_ids": [
            "sec_3"
          ],
          "material_ids": [
            "chunk_00/slide_005",
            "chunk_00/slide_006"
          ],
          "highlight": {
            "primary_material_id": "chunk_00/slide_006",
            "primary_time_ts": "00:05:13,000",
            "primary_time_ms": 313000
          }
        },
        "parent": null,
        "summary": "针对传统CDSS的困境，提出新一代智能引擎构想，旨在将“堆烟囱式”的孤岛架构转变为一体化的智能融合架构，以替代静态规则引擎、解决异构数据处理难题，并利用NPU实现模型加速。"
      },
      {
        "id": "d2_1",
        "label": "一体化智能融合架构",
        "category": "Concept",
        "references": {
          "section_ids": [
            "sec_3"
          ],
          "material_ids": [
            "chunk_00/slide_005",
            "chunk_00/slide_006"
          ],
          "highlight": {
            "primary_material_id": "chunk_00/slide_006",
            "primary_time_ts": "00:05:13,000",
            "primary_time_ms": 313000
          }
        },
        "parent": "p2",
        "summary": "构想的核心是将原有的“功能堆砌”场景转变为“智能融合”，将“堆烟囱式”架构升级为“一体化架构”，以解决数据和功能孤岛问题。"
      },
      {
        "id": "d2_2",
        "label": "openEuler Intelligence知识库构想",
        "category": "Concept",
        "references": {
          "section_ids": [
            "sec_3"
          ],
          "material_ids": [
            "chunk_00/slide_006"
          ],
          "highlight": {
            "primary_material_id": "chunk_00/slide_006",
            "primary_time_ts": "00:05:30,000",
            "primary_time_ms": 330000
          }
        },
        "parent": "p2",
        "summary": "构想用于四级诊疗场景的知识库，旨在提供比传统ES搜索更精准、更具应用价值的知识服务，让临床知识能被高效使用。"
      },
      {
        "id": "d2_3",
        "label": "IntelliCore智能决策构想",
        "category": "Concept",
        "references": {
          "section_ids": [
            "sec_3"
          ],
          "material_ids": [
            "chunk_00/slide_006"
          ],
          "highlight": {
            "primary_material_id": "chunk_00/slide_006",
            "primary_time_ts": "00:05:55,000",
            "primary_time_ms": 355000
          }
        },
        "parent": "p2",
        "summary": "构想用于五至八级高级决策场景的核心，能在诊疗全流程中基于海量病历信息进行智能决策，对有问题的医嘱操作进行实时提醒。"
      },
      {
        "id": "d2_4",
        "label": "昇腾NPU模型加速",
        "category": "Technology",
        "references": {
          "section_ids": [
            "sec_3"
          ],
          "material_ids": [
            "chunk_00/slide_006"
          ],
          "highlight": {
            "primary_material_id": "chunk_00/slide_006",
            "primary_time_ts": "00:06:30,000",
            "primary_time_ms": 390000
          }
        },
        "parent": "p2",
        "summary": "利用昇腾社区的开源模型与镜像，实现Embedding模型的NPU加速，并探索vNPU切分技术，以实现多任务场景下的资源隔离和高效利用。"
      },
      {
        "id": "p3",
        "label": "技术实践与落地",
        "category": "Pillar",
        "references": {
          "section_ids": [
            "sec_4",
            "sec_5"
          ],
          "material_ids": [
            "chunk_00/slide_007",
            "chunk_00/slide_008",
            "chunk_00/slide_009",
            "chunk_00/slide_010"
          ],
          "highlight": {
            "primary_material_id": "chunk_00/slide_007",
            "primary_time_ts": "00:07:03,000",
            "primary_time_ms": 423000
          }
        },
        "parent": null,
        "summary": "介绍了两大核心实践：基于openEuler Intelligence的知识库，用于四级诊疗场景；以及自研的HM IntelliCore决策引擎，通过“文本转规则”技术应对高级别实时决策场景。两者均已实现商业化落地。"
      },
      {
        "id": "d3_1",
        "label": "实践：openEuler Intelligence知识库",
        "category": "Technology",
        "references": {
          "section_ids": [
            "sec_4"
          ],
          "material_ids": [
            "chunk_00/slide_007"
          ],
          "highlight": {
            "primary_material_id": "chunk_00/slide_007",
            "primary_time_ts": "00:07:03,000",
            "primary_time_ms": 423000
          }
        },
        "parent": "p3",
        "summary": "介绍了知识库的核心架构，包括团队管理、资产管理、向量化检索和综合评估四大模块，能处理多种复杂的临床数据，支持语义检索和结果评估。"
      },
      {
        "id": "d3_2",
        "label": "实践：HM IntelliCore决策引擎",
        "category": "Technology",
        "references": {
          "section_ids": [
            "sec_5"
          ],
          "material_ids": [
            "chunk_00/slide_009"
          ],
          "highlight": {
            "primary_material_id": "chunk_00/slide_009",
            "primary_time_ts": "00:10:59,000",
            "primary_time_ms": 659000
          }
        },
        "parent": "p3",
        "summary": "介绍了IntelliCore决策引擎，其核心创新是“文本转规则”技术，利用模型将自然语言生成通用规则，以满足临床实时决策的高要求。"
      },
      {
        "id": "d3_3",
        "label": "商业化应用：CDSS一体机",
        "category": "Result",
        "references": {
          "section_ids": [
            "sec_4"
          ],
          "material_ids": [
            "chunk_00/slide_008"
          ],
          "highlight": {
            "primary_material_id": "chunk_00/slide_008",
            "primary_time_ts": "00:09:25,000",
            "primary_time_ms": 565000
          }
        },
        "parent": "p3",
        "summary": "基于Intelligence知识库推出的商业化产品，满足临床四级应用场景，提供医学循证问答、文献分析和智能病例分析等功能，确保回答有据可查。"
      },
      {
        "id": "d3_4",
        "label": "核心技术：文本转规则",
        "category": "Technology",
        "references": {
          "section_ids": [
            "sec_5"
          ],
          "material_ids": [
            "chunk_00/slide_009"
          ],
          "highlight": {
            "primary_material_id": "chunk_00/slide_009",
            "primary_time_ts": "00:11:15,000",
            "primary_time_ms": 675000
          }
        },
        "parent": "p3",
        "summary": "IntelliCore引擎的核心技术。通过微调模型将描述决策场景的自然语言文本，自动生成通用的、可被GoRules引擎执行的规则产物，解决了大模型推理慢无法满足实时性的问题。"
      }
    ],
    "edges": [
      {
        "source": "p1",
        "target": "p2",
        "relation_type": "sequential",
        "label": "提出破局构想"
      },
      {
        "source": "p2",
        "target": "p3",
        "relation_type": "sequential",
        "label": "进行技术实践"
      },
      {
        "source": "d1_2",
        "target": "d1_3",
        "relation_type": "causal",
        "label": "导致协同问题"
      },
      {
        "source": "d2_1",
        "target": "d2_2",
        "relation_type": "compositional",
        "label": "包含"
      },
      {
        "source": "d2_1",
        "target": "d2_3",
        "relation_type": "compositional",
        "label": "包含"
      },
      {
        "source": "d2_1",
        "target": "d2_4",
        "relation_type": "compositional",
        "label": "包含"
      },
      {
        "source": "d3_1",
        "target": "d3_3",
        "relation_type": "causal",
        "label": "落地为"
      },
      {
        "source": "d3_2",
        "target": "d3_4",
        "relation_type": "compositional",
        "label": "核心技术为"
      }
    ]
  },
  "sections": [
    {
      "id": "sec_1",
      "index": 0,
      "title": "开场与议程介绍",
      "time_range": "00:00:00,000 - 00:01:52,516",
      "summary": "讲者首先介绍了CDSS（临床决策辅助智能系统）的定义，它是一种面向医护人员，用于规范诊疗、智能预警的AI应用。接着，他预告了分享的四个部分：医疗业务场景的困境、新一代CDSS智能引擎的构想、基于openEuler的Intelligence知识库实践，以及应对高级决策场景的自研IntelliCore决策引擎。",
      "refined_script": "# 破解“医疗孤岛”：基于 openEuler 的新一代 CDSS 智能引擎实践\n\n## 1. CDSS 概念介绍\n\nCDSS（Clinical Decision Support System），即临床决策辅助智能系统，是一种面向医护人员的 AI 应用，旨在其临床工作中提供辅助决策。\n\n在医疗这一严谨的业务场景下，CDSS 的主要应用价值包括：\n\n- **规范化诊疗**\n- **智能预警**\n- **相关推荐**\n\n## 2. 分享议程\n\n本次分享将围绕以下四个方面展开：\n\n1.  **医疗业务场景的困境**：分析当前医疗行业面临的挑战。\n2.  **新一代 CDSS 智能引擎的构想**：针对上述困境，提出新一代引擎的设计理念。\n3.  **基于 openEuler 的 Intelligence 知识库实践**：介绍为满足电子病历评级四级标准而构建的知识库。\n4.  **自研 IntelliCore 决策引擎**：介绍为应对电子病历评级五级至八级等高级决策场景而自研的决策引擎。",
      "original_script": "下面有请北京惠每云科技有限公司的高级后端工程师冯焱先生，给我们带来\n破解“医疗孤岛”，基于openEuler的新一代CDSS智能引擎的实践分享，大家欢迎。\n(音乐和掌声)\n大家好，非常荣幸能在这里给大家做一个分享。\n在分享之前，通过这个议题，大家可能不知道什么是CDSS，我先简单介绍一下。\nCDSS在医疗领域，是临床决策辅助智能系统。\n它主要面向医护人员，在他们的临床工作中，提供辅助决策的作用。\n主要做的就是AI的应用。\n因为医疗是一个非常严谨的业务场景，针对这个场景可以规范化诊疗、进行智能预警以及相关的推荐应用。\n接下来我将通过以下四个方面进行介绍。第一，针对我们医疗的业务场景，我们面临的一些困境。\n第二，针对这个困境，我们对于新一代CDSS智能引擎的构想是什么。\n第三部分的实践是基于openEuler的Intelligence知识库，这个知识库主要对应临床决策上电子病历评级相关的四级标准。\n第四部分IntelliCore是我们自研的决策引擎，主要应对的是电子病历五级、六级、七级乃至八级这种高级的决策场景。",
      "start_ms": 0,
      "end_ms": 112516,
      "material_ids": [
        "chunk_00/slide_001",
        "chunk_00/slide_002",
        "chunk_00/slide_003"
      ],
      "summary_hint": "讲者首先介绍了CDSS（临床决策辅助智能系统）的定义，并概述了本次分享将围绕医疗场景的困局、新一代CDSS的构想以及基于openEuler和自研引擎的实践展开。",
      "lead_text": "下面有请北京惠每云科技有限公司的高级后端工程师冯焱先生，给我们带来",
      "tail_text": "第四部分IntelliCore是我们自研的决策引擎，主要应对的是电子病历五级、六级、七级乃至八级这种高级的决策场景。",
      "text_span": {
        "start": 0,
        "end": 12
      }
    },
    {
      "id": "sec_2",
      "index": 1,
      "title": "困局：“医疗孤岛”的桎梏",
      "time_range": "00:01:54,521 - 00:04:07,301",
      "summary": "讲者分析了传统临床决策支持系统（CDSS）失灵的四大核心困境。首先是数据之困，医疗数据来源多样、标准不一且质量参差，导致特征提取困难。其次是算法之困与协同之困，多变的临床场景催生了大量静态、独立的模型与服务，导致维护成本和系统耦合度剧增。最后，医院内网环境下的数据安全要求与有限的算力资源也构成了严峻挑战。",
      "refined_script": "# 传统临床决策支持系统（CDSS）的核心困境\n\n在大型语言模型出现之前，传统的临床决策支持系统（CDSS）在实际应用中普遍面临失灵的困境，其根源可归结为以下几大核心挑战。\n\n## 1. 数据之困：异构、低质与提取难题\n\nCDSS 需要对接医院内部多样化的业务系统，导致数据层面存在严峻挑战。\n\n- **数据来源异构**：数据分散于多个独立的业务系统中，例如：\n  - 检验信息系统（LIS）\n  - 放射学信息系统（RIS）\n  - 医学影像存档与通信系统（PACS）\n  - 护理系统\n  - 医嘱系统\n- **标准与协同性缺失**：不同厂商开发的系统遵循不同标准，数据之间缺乏有效的协同与整合机制。\n- **质量参差不齐**：系统中的数据混合了结构化与非结构化信息，整体质量难以保证。\n\n这些问题直接导致了数据特征提取的巨大困难，尤其是在自然语言处理（NLP）、光学字符识别（OCR）以及数据级提取等关键环节。\n\n## 2. 算法与协同之困：静态模型与高耦合\n\n多变的临床场景与传统算法架构之间的矛盾，催生了算法和系统协同的困境。\n\n- **场景动态多变**：临床决策场景会因国家政策更新、最新科研文献发布的诊疗路径等因素而持续动态变化。\n- **静态模型应对**：传统的做法是为每一个特定场景开发一个独立的、静态的规则引擎。这种“一个场景，一个引擎”的模式导致模型与业务逻辑紧密绑定。\n- **协同成本剧增**：随着场景增多，系统内部会衍生出大量的“小模型”和独立的后端服务。这不仅导致维护成本线性增长，还使得服务间的耦合度越来越高，系统架构如同“堆烟囱”般日益臃肿复杂。\n\n## 3. 环境之困：安全要求与算力限制\n\n医院的运行环境为 CDSS 的部署和运行带来了独特的限制。\n\n- **高安全与合规要求**：患者数据是核心敏感信息，必须在严格的内网环境下运行，以满足数据安全与合规要求。\n- **算力资源有限**：与高安全要求相对的是，医院内部的服务器硬件配置和算力资源通常有限。\n\n这种“高要求”与“低资源”的矛盾，使得在算法模型推理、业务系统运行之间进行有效的资源协调变得极为困难，从而引发一系列性能和稳定性问题。",
      "original_script": "第一个问题，传统的CDSS，在大模型出现之前，为什么会失灵呢？它有以下几个核心的困难。\n第一个就是数据之困。\n因为CDSS所面临的医疗场景，它对接的业务系统非常多，面临着LIS、RIS、PACS，这些主要是检验系统、检查系统、护理系统、医嘱系统等等。\n这些系统厂商非常多，我们应对的业务场景也复杂，它们的数据之间有时是不协同的。其次，数据的质量，包括它的结构化、非结构化，都是没有办法保证的。\n所以在这种业务场景下，我们所面临的数据特征提取，就是NLP自然语言处理，包括通用识别、数据级的提取等，面临着非常大的困境。\n第二个是算法之困。因为我们面对了这么多的业务系统，那么我们所面临的场景也就多。\n我们面临着更多的动态临床决策，即可能随时随地产生一种新的决策场景。\n这种决策主要是应对国家性的政策，以及国外最新的论文文献所产生的新诊疗路径等。\n在这种场景下，我们往往针对不同场景，会产生一种单一、静态的规则引擎。比如有10个业务场景，就要有10个引擎来支撑。\n虽然它叫规则引擎，但它其实跟业务属性往往也是绑定的。这时我们的维护成本也就越多，我们的小模型产生的也就越多。\n协同之困，其实就是因为前面的问题，产生了协同上的问题。我们诞生了更多的后端服务，也诞生了更多的算法服务。针对这两个问题，我们的服务之间的耦合性越来越高，维护成本也越来越高，就像堆烟囱一样，越堆越高。\n在此基础之上，我们知道医院患者的数据是至关重要的，它往往是一种内网环境，数据安全、包括合规性要求也更高。然而，它的算力服务器的标准往往也不是很高。所以在这种基础之上，我们的算法、模型推理和业务系统之间的资源协调也会产生很多问题。",
      "start_ms": 114521,
      "end_ms": 247301,
      "material_ids": [
        "chunk_00/slide_004"
      ],
      "summary_hint": "讲者分析了传统CDSS面临的四大核心困难：数据之困、算法之困、协同之困和算力之困，这些共同构成了“医疗孤岛”现象。",
      "notes": "为避免与下一章节重叠，尾句提前至 '...我们的算法、模型推理和业务系统之间的资源协调也会产生很多问题。' 结束处。",
      "lead_text": "第一个问题，传统的CDSS，在大模型出现之前，为什么会失灵呢？它有以下几个核心的困难。",
      "tail_text": "那基于以上这些困难，我们能不能产生一些新的构想？",
      "text_span": {
        "start": 13,
        "end": 25
      }
    },
    {
      "id": "sec_3",
      "index": 2,
      "title": "破局：新一代CDSS智能引擎构想",
      "time_range": "00:04:07,541 - 00:07:00,946",
      "summary": "针对传统CDSS孤岛式、功能堆砌的困境，讲者提出了新一代智能引擎的构想，旨在将“堆烟囱式”架构转变为一体化的智能融合架构。该构想致力于替代静态规则引擎，解决异构数据处理难题，并利用NPU实现模型加速。最后，通过openEuler Intelligence知识库、惠每IntelliCore智能决策和昇腾模型加速等案例，展示了这一构想的实际应用落地。",
      "refined_script": "# 破局：新一代CDSS智能引擎构想\n\n## 1. 传统CDSS架构的困境\n\n传统的临床决策支持系统（CDSS）普遍面临孤岛式、功能堆砌的困境。其架构通常呈现为“堆烟囱式”的形态，具体挑战如下：\n\n- **架构孤立**：各业务系统与背后的支持模块（如NLP、模型、规则库）相互独立，形成数据和功能孤岛。\n- **功能堆砌**：系统倾向于不断叠加新功能，而非进行智能化、一体化的融合。\n- **依赖静态规则**：核心逻辑高度依赖静态规则引擎，难以应对复杂的临床场景。\n- **数据处理瓶颈**：在处理来源多样、结构各异的异构数据时面临挑战。\n- **硬件利用率低**：未能充分利用现代硬件（如GPU/NPU）进行计算加速。\n\n下图简要展示了传统CDSS的孤岛式架构，左侧为医院的各类业务系统，右侧为支撑这些系统所需的自然语言处理、模型、规则维护等模块。\n\n\n![传统CDSS架构示意图](https://dummyimage.com/600x300/eee/aaa&text=传统CDSS架构示意图)\n\n\n## 2. 新一代智能引擎构想\n\n为突破上述困境，我们提出新一代智能引擎的构想，旨在将“功能堆砌”的场景转变为“智能融合”，将“堆烟囱式”的架构升级为“一体化架构”。\n\n核心目标包括：\n\n- **替代静态规则引擎**：采用更灵活、智能的模型驱动决策。\n- **解决异构数据处理**：建立统一的知识处理框架，高效整合不同来源的临床数据。\n- **利用硬件加速**：充分利用NPU等硬件资源，对模型进行加速，提升响应速度与处理能力。\n\n## 3. 实践案例与落地\n\n基于以上构想，我们已在多个场景中进行了实践落地。\n\n### 3.1 openEuler Intelligence CDSS知识库\n\n该知识库主要面向四级诊疗场景，旨在让临床知识能被医护人员更高效地使用。相较于传统基于Elasticsearch架构的知识库（仅通过分词搜索，返回信息庞杂），新知识库提供了更精准、更具应用价值的知识服务。\n\n### 3.2 惠每IntelliCore 智能决策核心\n\n此架构主要应对五、六、七级等更高级的智能决策场景。其核心能力是在患者的诊疗全流程中，基于海量的病历信息进行智能决策。这些信息包括：\n\n- 入院记录\n- 病程记录\n- 手术记录\n- 检验、检查报告\n- 各项指标与生命体征\n\n当医护人员开立医嘱或进行检查时，系统能根据患者的实时情况进行分析，对可能存在问题的操作进行提醒。这不仅提升了医疗质量，也是降低医患纠纷、体现CDSS核心价值的关键。\n\n### 3.3 基于昇腾的NPU模型加速\n\n为配合国产化硬件设备，我们利用昇腾（Ascend）社区的开源模型与镜像，实现了Embedding模型的NPU加速。此外，我们也在探索vNPU（虚拟NPU）切分技术，该技术能将一张物理NPU卡虚拟化为多张逻辑卡，实现资源的隔离与高效利用，避免多任务场景下的资源抢占，从而达到更稳定的模型加速效果。",
      "original_script": "那基于以上这些困难，我们能不能产生一些新的构想？\n就是原有的架构。下面这张图大概表示了我们原有的CDSS孤岛状态所应对的情况。左侧是医院对应的这些业务系统，还有非常多的业务系统没有列举，只是举例。右侧大概对应着背后支撑这个系统所需要的东西。\n它需要自然语言处理，需要通用识别，需要各种各样的模型，还需要各种各样的规则维护，包括一些其他的业务应用场景。那基于这个场景之下，我们能产生什么样的构想呢？就是能否把这种原有的功能堆砌的场景，变成一种智能融合。\n然后原有的这种堆烟囱式的架构变成一种一体化的架构。它能否替代这种单一的静态规则引擎，如何解决异构数据的知识处理，以及如何能够更好地利用GPU加速。\n基于以上思考，我们产生了一些实际的案例落地。第一个就是我刚才说的四级场景，针对openEuler Intelligence的CDSS知识库。\n知识库主要就是临床知识如何让医护人员更好地使用起来。针对传统的临床知识库，我们以前是基于老的ES架构，大家搜索一段其实就是一个分词，分词之后搜索出来的信息非常庞大，其实也做不到更好的应用。\n第二个是基于惠每IntelliCore的临床决策智能推荐核心架构，主要应对五级、六级、七级等更高级的智能决策。\n何为智能决策？就是在患者的整个诊疗过程中，基于其大量的病历信息，如入院记录、病程、手术、检验、检查、各项指标、生命体征等，\n医护人员在开立医嘱或进行检查时，我们可以针对患者的实际情况，提醒他这个医嘱不能开，是有问题的。\n这可以更好地降低医患纠纷的产生，这也是CDSS存在的核心价值。\n第三个是模型加速，主要是用了昇腾社区的开源模型、开源镜像的embedding加速，它可以达到使用NPU加速，针对我们这个国产化设备。还有一个其实没有写上，最近也在研究vNPU的切分。\n就是一块大的NPU设备，一张卡可以切分成多张卡的场景，达到资源之间不会互相抢占的模型加速作用。",
      "start_ms": 247541,
      "end_ms": 420946,
      "material_ids": [
        "chunk_00/slide_005",
        "chunk_00/slide_006"
      ],
      "summary_hint": "针对传统困境，讲者提出了新一代CDSS智能引擎的构想，展示了从孤岛式架构向整合式架构演进的思路，并介绍了基于openEuler Intelligence和惠每IntelliCore的新系统架构。",
      "lead_text": "那基于以上这些困难，我们能不能产生一些新的构想？",
      "tail_text": "就是一块大的NPU设备，一张卡可以切分成多张卡的场景，达到资源之间不会互相抢占的模型加速作用。",
      "text_span": {
        "start": 25,
        "end": 36
      }
    },
    {
      "id": "sec_4",
      "index": 3,
      "title": "实践：基于openEuler Intelligence的知识库",
      "time_range": "00:07:02,931 - 00:10:55,616",
      "summary": "讲者介绍了openEuler Intelligence知识库的核心架构，其包含团队管理、资产管理、向量化检索和综合评估四大模块，能处理多种复杂的临床数据。基于此架构，团队推出了CDSS一体机，并展示了其在医学循证问答、文献分析和智能病例分析等商业化场景中的应用，以满足临床四级应用场景的需求。",
      "refined_script": "## 实践：基于 openEuler Intelligence 的知识库\n\n本文介绍基于 openEuler Intelligence 的知识库核心架构及其在医疗领域的商业化应用。\n\n### 核心架构\n\nopenEuler Intelligence 知识库的核心架构基于高斯数据库（GaussDB）和 openEuler 操作系统构建，主要包含四大模块：\n\n1.  **团队管理**：负责知识库的角色权限管理。\n2.  **资产管理**：对知识资产进行统一管理，涵盖文献、检验报告、病程记录、疾病信息等多种数据类型。\n3.  **向量化检索 (Chunk Search)**：对原始数据进行切分（Chunking）和向量化，以实现高效的语义检索。\n4.  **综合评估**：针对嵌入的文本数据，对检索结果的召回率等指标进行评估，确保结果质量满足临床应用要求。\n\n### 资产管理详解\n\n资产管理模块旨在应对临床场景中复杂多样的数据结构，其处理流程如下：\n\n1.  **数据解析**：\n    *   **支持多种格式**：可处理 Markdown、PDF、Word 及扫描件等多种格式的数据。\n    *   **多策略解析**：针对不同数据结构，采用父子架构或链式等不同解析策略。\n\n2.  **数据处理**：\n    *   **分块 (Chunking)**：由于大语言模型存在上下文长度限制，需将长文本切分为较小的数据块。\n    *   **向量化存储**：将数据块转换为向量并存储，为后续的语义检索提供支持。\n\n### 检索增强与评估\n\n为提升检索效果，系统采用了以下增强策略：\n\n*   **检索增强**：针对临床医生的高频常规问题，通过加速和模型**重排 (Reranking)** 优化检索结果。此外，采用父子分块的检索方式，在检索到子模块时同步返回其父模块，以最大限度地保持语义完整性。\n*   **综合评估**：召回率是衡量算法应用价值的关键。系统能够对检索结果的召回质量进行评估，确保其达到临床应用标准。\n\n### 商业化应用：CDSS 一体机\n\n基于上述核心架构，我们推出了一款商业化产品——CDSS（临床决策支持系统）一体机，以满足临床四级应用场景的需求。以下是三个典型的商业化落地案例：\n\n#### 1. 医学循证问答 (Evidence-Based Medical Q&A)\n\n*   **挑战**：大语言模型的“幻觉”问题在医疗场景中是致命的。\n*   **解决方案**：结合 Intelligence 知识库的检索能力与内部核心知识库，确保所有回答都有证可依、有据可查，避免凭空生成内容。\n\n#### 2. 医学文献分析 (Medical Literature Analysis)\n\n*   **挑战**：前沿医学文献（尤其是外文文献）通常内容复杂，阅读门槛高。\n*   **解决方案**：用户上传文献后，系统可利用 OCR 等模型进行扫描解析，并根据用户需求提炼和整理关键信息。\n\n#### 3. 智能病例分析 (Intelligent Case Analysis)\n\n*   **挑战**：通用开源模型无法直接满足高度专业的医疗分析需求。\n*   **解决方案**：用户上传病例文件（支持 Excel、Word 等格式），系统调用经过内部数据**微调 (Fine-tuned)** 的专用模型进行分析，从而针对特定场景给出更专业的解答。",
      "original_script": "接下来简单介绍一下openEuler的Intelligence知识库的核心架构。\n可以看到下面这张图，它主要核心有四个部分。一部分是团队管理，主要做的是角色权限，针对知识库的管理。然后是知识集、资产管理，资产管理也就是我们的知识。\n我们可能有文献相关的，有检验报告相关的，有病程相关的，有疾病相关的，各种各样的数据。然后有Chunk Search，其实也就是针对我们这些原始数据进行切分，切分之后检索，是一个向量化检索的过程。\n还有一个是综合评估，可以针对我们嵌入的文本数据，评估结果的召回。\n大家知道这种算法应用时，召回率至关重要。如果召回的质量不好，那么其实是没有达到临床应用价值的。\n它是基于高斯数据库和openEuler操作系统构建的。\n接下来详细介绍一下资产管理。资产管理主要能够应对临床上各种各样复杂的数据结构，有Markdown的，有PDF的，有Word的，有各种各样的数据。针对各种各样的数据，有时还有一些扫描件，解析的难度非常大。\n针对不同的解析，它应用不同的解析策略，可以是父子架构的，也可以是链式的。\n经过解析之后，把数据进行Chunk，也就是分块，因为大模型无法吃下非常长的文本，它有上下文限制。\nChunk之后进行向量化存储，方便我们后续的语义检索。\n检索增强主要应对的是，临床上医生可能有一些常规性的问题，针对这些问题可以进行加速和模型的重排。\n重排之后，也可以基于父子分块的检索方式，为了保证语义完整性，我们检索到子模块时，可以把它父模块也带出来。\n这样的话，就能尽可能地保持语义的完整性。\n针对它这一套核心架构，我们也做了一款商业化落地的产品，就是CDSS一体机。这个主要是应对满足四级应用场景的场景。我列举了三个商业化落地的案例。\n一个是医学的循证问答，一个是医学文献分析，还有一个是智能病例分析。医学循证问答主要指的是，大家都知道大模型存在幻觉，问的时候有时会胡说八道，但在医学场景下，胡说八道是致命的。\n所以，针对这种场景，结合我们Intelligence知识库的检索能力，再配合我们内部原有的核心知识库，就可以达到循证问答的作用。\n即回答的问题有证可依、有据可查，而不是胡说。\n另一个是医学文献分析。我们知道医学文献通常很复杂，尤其是最前沿的核心文献大多是国外的，阅读起来可能比较困难。\n上传医学文献后，系统可以通过OCR相关模型进行扫描解析，之后根据您的需求，给出整理好的答案。\n第三个是智能病例分析，即上传相关病例，可以是Excel、Word等格式。\n上传后，结合我们内部微调的模型——因为医疗场景通常无法直接使用开源模型，需要进行微调处理——\n微调后的模型可以针对更专业的场景给出回答。",
      "start_ms": 422931,
      "end_ms": 655616,
      "material_ids": [
        "chunk_00/slide_007",
        "chunk_00/slide_008"
      ],
      "summary_hint": "讲者详细介绍了基于openEuler Intelligence的知识库核心架构，并通过医学循证问答、文献分析等商业化落地案例，展示了其在满足电子病历评级四级标准场景下的应用效果。",
      "lead_text": "接下来简单介绍一下openEuler的Intelligence知识库的核心架构。",
      "tail_text": "微调后的模型可以针对更专业的场景给出回答。",
      "text_span": {
        "start": 37,
        "end": 58
      }
    },
    {
      "id": "sec_5",
      "index": 4,
      "title": "实践：HM IntelliCore决策引擎",
      "time_range": "00:10:58,751 - 00:13:07,081",
      "summary": "讲者介绍了HM IntelliCore决策引擎的核心架构，其创新在于通过“文本转规则”技术，利用模型将自然语言生成通用规则，以满足临床实时决策的高要求。基于此，团队开发了不依赖业务的GoRules通用规则引擎，降低了开发维护成本。该引擎已成功应用于国内的智能推荐和国外的用药相关场景，并已进入商业化落地阶段。",
      "refined_script": "# 实践：HM IntelliCore决策引擎\n\n## 1. 核心架构创新\n\nIntelliCore决策引擎的核心架构相较于传统架构，引入了以下关键创新，以满足临床场景下对实时性和灵活性的高要求：\n\n- **文本转规则 (Text-to-Rule)**：利用大模型将自然语言描述的业务逻辑转化为可执行的通用规则，以应对实时提醒等场景。\n- **文本转SQL (Text-to-SQL)**：将自然语言转化为SQL查询，以满足报表类需求。\n- **GoRules通用规则引擎**：一款全新开发的、不依赖特定业务的通用规则引擎。\n\n## 2. “文本转规则”技术详解\n\n### 2.1 面临的挑战\n\n在临床应用中，决策提醒对实时性要求极高。直接使用大模型进行推理，其速度无法满足临床的实时计算需求。\n\n### 2.2 解决方案\n\n为解决此问题，我们采用了“模型生成规则”的策略，其核心是开发了一套“文本转规则”引擎服务。\n\n1.  **模型分析与规则生成**：该服务集成了一个微调后的语言模型。当输入一段描述决策场景的自然语言文本时，模型会进行分析，判断其所属的决策类型，并最终生成一种通用的、脱离具体业务的规则产物（Rule Artifact）。\n\n2.  **通用引擎执行**：生成的规则产物可被下游的通用规则引擎直接执行。\n\n## 3. GoRules 通用规则引擎\n\n基于上述“文本转规则”生成的产物，我们开发了一款名为GoRules的通用规则引擎。\n\n### 3.1 设计理念\n\n- **业务解耦**：引擎完全独立于原有的业务系统和规则引擎，不依赖任何业务属性。\n- **输入/输出模型**：基于清晰的输入（数据）和输出（计算结果）概念进行设计。\n\n### 3.2 核心特性\n\n- **执行逻辑**：接收输入数据和指定的规则（Rule），即可产生计算结果。\n- **内置算子**：引擎内部集成了大量算子（Operators），以支持复杂的计算场景。\n\n### 3.3 价值与优势\n\n- **降本增效**：无需再为不同业务维护大量的静态规则引擎，显著降低了开发和维护成本。\n- **业务扩展性**：能够支持更多、更灵活的业务场景。\n\n## 4. 应用场景与商业化\n\nIntelliCore决策引擎已在多个场景成功落地。\n\n- **国内应用场景**：\n  - 智能推荐\n  - 推荐评估\n  - 推荐检查\n  - 推荐治疗\n\n- **国外应用场景**：\n  - 主要集中于用药相关的推荐应用。目前，该方向已进入商业化落地阶段。",
      "original_script": "最后是IntelliCore的核心架构。它相较于传统架构有几大变更：一是文本转规则，二是文本转SQL，以满足报表类需求。\n这主要应对实时提醒的场景。此外还有新的GoRules通用规则引擎，以及惠每大模型。\n文本转规则是什么意思呢？在临床应用中，我们对实时性要求非常高，而使用大模型推理速度过慢，无法满足要求。因此，我们考虑能否基于模型来生成规则，并且是一种通用性规则。\n这种规则脱离了常规业务。针对该场景，我们开发了文本转规则的引擎服务。\n该服务结合了微调模型，当您输入一段文本描述后，模型会分析出这应该属于哪种决策场景，并最终生成一种规则产物。\n基于这种规则产物，我们开发了一款通用规则引擎。\n这个引擎脱离了所有原有的引擎，它基于一种输入输出的概念，内置了非常多的算子，且不依赖任何业务属性。\n您只需依据输入的数据，结合我们输入的rule规则，它就可以产生计算结果。\n落地后，这个引擎支持了更多的业务，我们不再需要维护大量的静态规则引擎。\n开发和维护成本也进一步降低。当然，其内部依赖的算子也非常多，这是一个比较复杂的场景。\n其落地场景我分为两部分：一是国内场景，如智能推荐、推荐评估、推荐检查、推荐治疗等；\n二是国外场景，案例主要与用药相关。目前我们正在国外推广用药场景的推荐应用，以IntelliCore为核心，这部分已在商业化落地中。",
      "start_ms": 658751,
      "end_ms": 787081,
      "material_ids": [
        "chunk_00/slide_009",
        "chunk_00/slide_010"
      ],
      "summary_hint": "讲者介绍了自研的HM IntelliCore决策引擎，其核心在于通过“文本转规则”等技术应对高级决策场景，并展示了其在国内外智能推荐和用药场景的商业化落地案例。",
      "notes": "为避免与下一章节重叠，尾句提前至 '...以IntelliCore为核心，这部分已在商业化落地中。' 结束处。",
      "lead_text": "最后是IntelliCore的核心架构。它相较于传统架构有几大变更：一是文本转规则，二是文本转SQL，以满足报表类需求。",
      "tail_text": "以上就是我分享的全部内容，谢谢。",
      "text_span": {
        "start": 59,
        "end": 71
      }
    },
    {
      "id": "sec_6",
      "index": 5,
      "title": "总结与致谢",
      "time_range": "00:13:08,951 - 00:13:46,401",
      "summary": "讲者结束了本次分享的全部内容。最后，讲者向现场的听众表示感谢，现场响起掌声。",
      "refined_script": "# 总结与致谢",
      "original_script": "以上就是我分享的全部内容，谢谢。\n(掌声)",
      "start_ms": 788951,
      "end_ms": 826401,
      "material_ids": [
        "chunk_00/slide_011"
      ],
      "summary_hint": "讲者总结分享内容并致谢。",
      "notes": "本章节包含演讲者总结、掌声及主持人致谢。",
      "lead_text": "以上就是我分享的全部内容，谢谢。",
      "tail_text": "(掌声)",
      "text_span": {
        "start": 71,
        "end": 72
      }
    }
  ]
}