{
  "id": "sec_3",
  "index": 2,
  "title": "漏洞全生命周期管理流程",
  "time_range": "00:02:59,440 - 00:05:48,700",
  "script": "CTyunOS智能安全中心对漏洞感知、播报、分析、修复、测试和公告安全生命周期都进行了闭环管控。首先，在漏洞感知阶段，我们从NVD、CNVD、openEuler、Yum源等多元数据源自动抓取信息，进行智能化筛选后，将漏洞信息推送给研发人员。之后，我们会利用AI智能体对漏洞影响进行分析。分析涉及两点。首先，对于公开披露的漏洞，我们会参考其CVSS评分。如果评分低于预设阈值，我们会直接采纳AI的分析结果，判定为不受影响，并进入公告环节。如果评分高于阈值，则判定为受影响，并触发人工审核。因为AI虽然能解决大部分问题，但对于高危漏洞，我们仍需采取审慎的态度。在漏洞修复阶段，我们首先会用CVE-word工具尝试获取补丁，判断补丁能否合入。如果可以合入，并且通过代码门禁，系统就会触发漏洞修复流程。理想状态是全自动修复，但目前由于基础设施尚未完全建成，仍需要一定的人工参与。同时，我们将安全漏洞相关信息构建成AI智能体。在修复过程中，研发人员可直接与其交互，获取建议。AI源码分析的结果也会作为佐证材料，输出到漏洞分析报告中，稍后我会为大家呈现。最后，通过测试后，我们会发布公告。公告会呈现在官网，同时也会通过邮件通知外部客户漏洞修复情况。",
  "summary": "CTyunOS智能安全中心对漏洞进行全生命周期闭环管控，覆盖从感知、分析到修复、公告等环节。该流程利用多元数据源自动感知漏洞，并借助AI智能体进行影响分析和辅助修复，对于高危漏洞则引入人工审核以确保安全。最终，修复情况会通过官网公告和邮件通知客户，形成完整的管理闭环。"
}