{
  "address": "ai_session/part_09/chunk_00/09_apply_crop/slide_008",
  "status": "completed",
  "input": {
    "image_path": "output/ai_session/part_09/chunk_00/07_capture_frame/slide_008/artifacts/slide_008.png",
    "crop_region": {
      "x": 508,
      "y": 150,
      "width": 1411,
      "height": 929
    }
  },
  "output": "output/ai_session/part_09/chunk_00/09_apply_crop/slide_008/artifacts/slide_008.png",
  "artifacts": [
    "output/ai_session/part_09/chunk_00/09_apply_crop/slide_008/artifacts/slide_008.png"
  ],
  "metadata": {
    "source": "output/ai_session/part_09/chunk_00/07_capture_frame/slide_008/artifacts/slide_008.png",
    "applied": true,
    "crop_region": {
      "x": 508,
      "y": 150,
      "width": 1411,
      "height": 929
    },
    "size": {
      "width": 1411,
      "height": 929
    }
  },
  "trace_id": null,
  "duration_ms": 133,
  "started_at": "2025-12-16T01:06:51.504215",
  "completed_at": "2025-12-15T17:06:51.640141",
  "step_config": {},
  "dependencies": [
    "capture_frame",
    "crop_decision"
  ]
}