{
  "address": "ScienceEducationInnovation/part_04/chunk_00/07_capture_frame/slide_010",
  "status": "completed",
  "input": {
    "video": "output/ScienceEducationInnovation/part_04/chunk_00/01_cut_chunk/artifacts/chunk_high.mp4",
    "timestamp": "00:06:27.100",
    "frame_id": "slide_010",
    "output_ext": ".png"
  },
  "output": "output/ScienceEducationInnovation/part_04/chunk_00/07_capture_frame/slide_010/artifacts/slide_010.png",
  "artifacts": [
    "output/ScienceEducationInnovation/part_04/chunk_00/07_capture_frame/slide_010/artifacts/slide_010.png"
  ],
  "metadata": {
    "timestamp": "00:06:27.100",
    "frame_id": "slide_010",
    "ffmpeg": "/opt/homebrew/bin/ffmpeg"
  },
  "trace_id": null,
  "duration_ms": 1134,
  "started_at": "2025-12-21T23:17:27.053842",
  "completed_at": "2025-12-21T15:17:28.189583",
  "step_config": {},
  "dependencies": [
    "slide_timeline"
  ]
}