{
  "address": "ScienceEducationInnovation/part_02/chunk_00/07_capture_frame/slide_001",
  "status": "completed",
  "input": {
    "video": "output/ScienceEducationInnovation/part_02/chunk_00/01_cut_chunk/artifacts/chunk_high.mp4",
    "timestamp": "00:00:05.780",
    "frame_id": "slide_001",
    "output_ext": ".png"
  },
  "output": "output/ScienceEducationInnovation/part_02/chunk_00/07_capture_frame/slide_001/artifacts/slide_001.png",
  "artifacts": [
    "output/ScienceEducationInnovation/part_02/chunk_00/07_capture_frame/slide_001/artifacts/slide_001.png"
  ],
  "metadata": {
    "timestamp": "00:00:05.780",
    "frame_id": "slide_001",
    "ffmpeg": "/opt/homebrew/bin/ffmpeg"
  },
  "trace_id": null,
  "duration_ms": 661,
  "started_at": "2025-12-17T10:50:27.899496",
  "completed_at": "2025-12-17T02:50:28.563407",
  "step_config": {},
  "dependencies": [
    "slide_timeline"
  ]
}