{
  "address": "ScienceEducationInnovation/part_04/chunk_00/10_slide_dedupe/slide_001",
  "status": "completed",
  "input": {
    "collage": "output/ScienceEducationInnovation/part_04/chunk_00/10_slide_dedupe/slide_001/artifacts/slides_collage.png",
    "chunk_label": "part_04/chunk_00"
  },
  "output": [],
  "artifacts": [
    "output/ScienceEducationInnovation/part_04/chunk_00/10_slide_dedupe/slide_001/artifacts/slides_collage.png"
  ],
  "metadata": {
    "group_count": 0,
    "reason": "MANUAL_NO_SLIDE_DEDUPE",
    "manual_override": true
  },
  "trace_id": null,
  "duration_ms": 0,
  "started_at": "2025-12-21T23:38:22.119656",
  "completed_at": "2025-12-21T15:38:22.157184",
  "step_config": {
    "model": "gemini-3-flash-preview",
    "temperature": 0.1,
    "prompt_file": "/Users/lichuan/Codes/TalkDistill/config/prompts/slide_dedupe.md",
    "schema_file": "/Users/lichuan/Codes/TalkDistill/config/schemas/slide_dedupe.json"
  },
  "dependencies": [
    "apply_crop"
  ]
}