{
  "address": "ScienceEducationInnovation/part_02/chunk_00/07_capture_frame/slide_036",
  "status": "completed",
  "input": {
    "video": "output/ScienceEducationInnovation/part_02/chunk_00/01_cut_chunk/artifacts/chunk_high.mp4",
    "timestamp": "00:19:09.580",
    "frame_id": "slide_036",
    "output_ext": ".png"
  },
  "output": "output/ScienceEducationInnovation/part_02/chunk_00/07_capture_frame/slide_036/artifacts/slide_036.png",
  "artifacts": [
    "output/ScienceEducationInnovation/part_02/chunk_00/07_capture_frame/slide_036/artifacts/slide_036.png"
  ],
  "metadata": {
    "timestamp": "00:19:09.580",
    "frame_id": "slide_036",
    "ffmpeg": "/opt/homebrew/bin/ffmpeg"
  },
  "trace_id": null,
  "duration_ms": 3990,
  "started_at": "2025-12-17T10:50:27.902293",
  "completed_at": "2025-12-17T02:50:31.894141",
  "step_config": {},
  "dependencies": [
    "slide_timeline"
  ]
}