{
  "address": "day1_main/part_07/chunk_00/09_apply_crop/slide_004",
  "status": "completed",
  "input": {
    "image_path": "output/day1_main/part_07/chunk_00/07_capture_frame/slide_004/artifacts/slide_004.png",
    "crop_region": {
      "x": 0,
      "y": 0,
      "width": 1920,
      "height": 950
    }
  },
  "output": "output/day1_main/part_07/chunk_00/09_apply_crop/slide_004/artifacts/slide_004.png",
  "artifacts": [
    "output/day1_main/part_07/chunk_00/09_apply_crop/slide_004/artifacts/slide_004.png"
  ],
  "metadata": {
    "source": "output/day1_main/part_07/chunk_00/07_capture_frame/slide_004/artifacts/slide_004.png",
    "applied": true,
    "crop_region": {
      "x": 0,
      "y": 0,
      "width": 1920,
      "height": 950
    },
    "size": {
      "width": 1920,
      "height": 950
    }
  },
  "trace_id": null,
  "duration_ms": 91,
  "started_at": "2025-12-17T19:50:37.785857",
  "completed_at": "2025-12-17T11:50:37.877717",
  "step_config": {},
  "dependencies": [
    "capture_frame",
    "crop_decision"
  ]
}