{
  "address": "ai_session/part_11/chunk_00/09_apply_crop/slide_009",
  "status": "completed",
  "input": {
    "image_path": "output/ai_session/part_11/chunk_00/07_capture_frame/slide_009/artifacts/slide_009.png",
    "crop_region": {
      "x": 597,
      "y": 193,
      "width": 1322,
      "height": 801
    }
  },
  "output": "output/ai_session/part_11/chunk_00/09_apply_crop/slide_009/artifacts/slide_009.png",
  "artifacts": [
    "output/ai_session/part_11/chunk_00/09_apply_crop/slide_009/artifacts/slide_009.png"
  ],
  "metadata": {
    "source": "output/ai_session/part_11/chunk_00/07_capture_frame/slide_009/artifacts/slide_009.png",
    "applied": true,
    "crop_region": {
      "x": 597,
      "y": 193,
      "width": 1322,
      "height": 801
    },
    "size": {
      "width": 1322,
      "height": 801
    }
  },
  "trace_id": null,
  "duration_ms": 109,
  "started_at": "2025-12-16T01:36:02.932748",
  "completed_at": "2025-12-15T17:36:03.042400",
  "step_config": {},
  "dependencies": [
    "capture_frame",
    "crop_decision"
  ]
}