{
  "address": "ai_session/part_06/chunk_00/09_apply_crop/slide_004",
  "status": "completed",
  "input": {
    "image_path": "output/ai_session/part_06/chunk_00/07_capture_frame/slide_004/artifacts/slide_004.png",
    "crop_region": {
      "x": 579,
      "y": 199,
      "width": 1259,
      "height": 650
    }
  },
  "output": "output/ai_session/part_06/chunk_00/09_apply_crop/slide_004/artifacts/slide_004.png",
  "artifacts": [
    "output/ai_session/part_06/chunk_00/09_apply_crop/slide_004/artifacts/slide_004.png"
  ],
  "metadata": {
    "source": "output/ai_session/part_06/chunk_00/07_capture_frame/slide_004/artifacts/slide_004.png",
    "applied": true,
    "crop_region": {
      "x": 579,
      "y": 199,
      "width": 1259,
      "height": 650
    },
    "size": {
      "width": 1259,
      "height": 650
    }
  },
  "trace_id": null,
  "duration_ms": 113,
  "started_at": "2025-12-15T23:49:14.309348",
  "completed_at": "2025-12-15T15:49:14.423294",
  "step_config": {},
  "dependencies": [
    "capture_frame",
    "crop_decision"
  ]
}