{
  "address": "ai_session/part_03/chunk_00/07_capture_frame/slide_014",
  "status": "completed",
  "input": {
    "video": "output/ai_session/part_03/chunk_00/01_cut_chunk/artifacts/chunk_high.mp4",
    "timestamp": "00:11:49.400",
    "frame_id": "slide_014",
    "output_ext": ".png"
  },
  "output": "output/ai_session/part_03/chunk_00/07_capture_frame/slide_014/artifacts/slide_014.png",
  "artifacts": [
    "output/ai_session/part_03/chunk_00/07_capture_frame/slide_014/artifacts/slide_014.png"
  ],
  "metadata": {
    "timestamp": "00:11:49.400",
    "frame_id": "slide_014",
    "ffmpeg": "/opt/homebrew/bin/ffmpeg"
  },
  "trace_id": null,
  "duration_ms": 2283,
  "started_at": "2025-12-15T23:19:15.559957",
  "completed_at": "2025-12-15T15:19:17.844402",
  "step_config": {},
  "dependencies": [
    "slide_timeline"
  ]
}