{
  "address": "ai_session/part_04/chunk_00/07_capture_frame/slide_007",
  "status": "completed",
  "input": {
    "video": "output/ai_session/part_04/chunk_00/02_downscale/artifacts/chunk_low.mp4",
    "timestamp": "00:04:33.760",
    "frame_id": "slide_007",
    "output_ext": ".png"
  },
  "output": "output/ai_session/part_04/chunk_00/07_capture_frame/slide_007/artifacts/slide_007.png",
  "artifacts": [
    "output/ai_session/part_04/chunk_00/07_capture_frame/slide_007/artifacts/slide_007.png"
  ],
  "metadata": {
    "timestamp": "00:04:33.760",
    "frame_id": "slide_007",
    "ffmpeg": "/opt/homebrew/bin/ffmpeg"
  },
  "trace_id": null,
  "duration_ms": 1317,
  "started_at": "2025-12-15T17:51:31.600842",
  "completed_at": "2025-12-15T09:51:32.921922",
  "step_config": {},
  "dependencies": [
    "slide_timeline"
  ]
}