{
  "address": "day2_main/part_05/chunk_00/09_apply_crop/slide_009",
  "status": "completed",
  "input": {
    "image_path": "output/day2_main/part_05/chunk_00/07_capture_frame/slide_009/artifacts/slide_009.png",
    "crop_region": {
      "x": 316,
      "y": 410,
      "width": 1286,
      "height": 367
    }
  },
  "output": "output/day2_main/part_05/chunk_00/09_apply_crop/slide_009/artifacts/slide_009.png",
  "artifacts": [
    "output/day2_main/part_05/chunk_00/09_apply_crop/slide_009/artifacts/slide_009.png"
  ],
  "metadata": {
    "source": "output/day2_main/part_05/chunk_00/07_capture_frame/slide_009/artifacts/slide_009.png",
    "applied": true,
    "crop_region": {
      "x": 316,
      "y": 410,
      "width": 1286,
      "height": 367
    },
    "size": {
      "width": 1286,
      "height": 367
    }
  },
  "trace_id": null,
  "duration_ms": 136,
  "started_at": "2025-12-17T21:35:09.863632",
  "completed_at": "2025-12-17T13:35:10.001360",
  "step_config": {},
  "dependencies": [
    "capture_frame",
    "crop_decision"
  ]
}