{
  "address": "ScienceEducationInnovation/part_04/chunk_00/07_capture_frame/slide_023",
  "status": "completed",
  "input": {
    "video": "output/ScienceEducationInnovation/part_04/chunk_00/01_cut_chunk/artifacts/chunk_high.mp4",
    "timestamp": "00:18:20.500",
    "frame_id": "slide_023",
    "output_ext": ".png"
  },
  "output": "output/ScienceEducationInnovation/part_04/chunk_00/07_capture_frame/slide_023/artifacts/slide_023.png",
  "artifacts": [
    "output/ScienceEducationInnovation/part_04/chunk_00/07_capture_frame/slide_023/artifacts/slide_023.png"
  ],
  "metadata": {
    "timestamp": "00:18:20.500",
    "frame_id": "slide_023",
    "ffmpeg": "/opt/homebrew/bin/ffmpeg"
  },
  "trace_id": null,
  "duration_ms": 2401,
  "started_at": "2025-12-21T23:17:27.056477",
  "completed_at": "2025-12-21T15:17:29.460012",
  "step_config": {},
  "dependencies": [
    "slide_timeline"
  ]
}