{
  "address": "ScienceEducationInnovation/part_02/chunk_00/08_crop_decision/slide_020",
  "status": "completed",
  "input": {
    "image_path": "output/ScienceEducationInnovation/part_02/chunk_00/07_capture_frame/slide_020/artifacts/slide_020.png",
    "slide_index": 20,
    "slide_title": "Fleche - 小结 针对GPU片上内存软硬交互开销大的解决方案"
  },
  "output": null,
  "artifacts": [
    "output/ScienceEducationInnovation/part_02/chunk_00/07_capture_frame/slide_020/artifacts/slide_020.png"
  ],
  "metadata": {
    "needs_crop": false,
    "reason": "MANUAL_NO_CROP",
    "manual_override": true
  },
  "trace_id": null,
  "duration_ms": 0,
  "started_at": "2025-12-18T16:37:52.032969",
  "completed_at": "2025-12-18T16:37:52.032969",
  "step_config": {
    "manual_override": true
  },
  "dependencies": [
    "capture_frame"
  ]
}