{
  "address": "ai_session/part_04/final/10_part_digest",
  "status": "completed",
  "input": {
    "part_index": 4,
    "part_start_s": 4619.73,
    "part_duration_s": 437.35000000000036,
    "sections": [
      {
        "id": "sec_1",
        "index": 0,
        "title": "开场与演讲主题介绍",
        "time_range": "00:00:00,000 - 00:00:32,740",
        "summary": "主持人介绍演讲嘉宾——宝德计算机的销售总监金龙先生。金龙先生将分享宝德基于intelligence boom的推理优化及智能应用实践，并汇报与欧拉合作的实践与思考。",
        "start_ms": 0,
        "end_ms": 32740,
        "material_ids": [
          "chunk_00/slide_001",
          "chunk_00/slide_002",
          "chunk_00/slide_003"
        ]
      },
      {
        "id": "sec_2",
        "index": 1,
        "title": "宝德公司概况与合作动机",
        "time_range": "00:00:33,790 - 00:01:25,265",
        "summary": "讲者首先介绍了宝德公司的概况，作为国内最早的Intel服务器厂家，后续也成为了华为鲲鹏和昇腾服务器的首批合作者。基于对大模型推理市场的看好，以及解决自身作为传统制造企业内部IT诉求的双重动机，宝德决定与欧拉展开合作。",
        "start_ms": 33790,
        "end_ms": 85265,
        "material_ids": [
          "chunk_00/slide_004"
        ]
      },
      {
        "id": "sec_3",
        "index": 2,
        "title": "中小型单位部署大模型面临的挑战",
        "time_range": "00:01:25,910 - 00:02:41,010",
        "summary": "以宝德自身为例，中小型单位在部署大模型时普遍面临算力需求、成本控制和技术门槛三大挑战。因此，在技术选型时，会重点考量技术的先进性、性价比以及系统的易用性，确保方案能够成功落地并持续运行。",
        "start_ms": 85910,
        "end_ms": 161010,
        "material_ids": [
          "chunk_00/slide_005"
        ]
      },
      {
        "id": "sec_4",
        "index": 3,
        "title": "推出“宝智灵”RAG一体机，实现成本与性能的最佳平衡",
        "time_range": "00:02:41,010 - 00:05:25,840",
        "summary": "宝德联合欧拉推出“宝智灵”RAG一体机，专为追求极致性价比的中小客户设计。该方案通过软硬件深度协同优化，将硬件平台成本从百万级大幅降低至30万级别，同时在几十路并发的推理场景下实现了足够好的性能，达成了成本与性能的最佳平衡。",
        "start_ms": 161010,
        "end_ms": 325840,
        "material_ids": [
          "chunk_00/slide_006",
          "chunk_00/slide_007"
        ]
      },
      {
        "id": "sec_5",
        "index": 4,
        "title": "全栈技术深耕与发展路线图",
        "time_range": "00:05:25,920 - 00:06:26,740",
        "summary": "近期，通过在硬件平台上测试LMCache，团队已成功将多轮交互时延降低了20%至30%。后续计划将集成expert和DeepInsight，并结合明年Q1的新芯片推出多模态产品方案，以提供更完善的客户服务。",
        "start_ms": 325920,
        "end_ms": 386740,
        "material_ids": [
          "chunk_00/slide_008"
        ]
      },
      {
        "id": "sec_6",
        "index": 5,
        "title": "总结与致谢",
        "time_range": "00:06:27,080 - 00:07:17,000",
        "summary": "讲者首先总结了与欧拉在推理方案上的合作情况并致谢。随后，主持人回顾并高度评价了“宝智灵”RAG一体机方案，强调其结合社区 intelligence boom 后，在成本上实现了从百万级到十万级的显著降低，是一个很好的案例。",
        "start_ms": 387080,
        "end_ms": 437000,
        "material_ids": [
          "chunk_00/slide_009",
          "chunk_00/slide_010"
        ]
      }
    ],
    "materials": [
      {
        "id": "chunk_00/slide_001",
        "type": "slide",
        "title": "AI分论坛背景页",
        "start_ms": 500,
        "end_ms": 7500,
        "best_capture_ms": null
      },
      {
        "id": "chunk_00/slide_002",
        "type": "slide",
        "title": "演讲嘉宾介绍：金龙 宝德解决方案部总监",
        "start_ms": 8500,
        "end_ms": 15500,
        "best_capture_ms": null
      },
      {
        "id": "chunk_00/slide_003",
        "type": "slide",
        "title": "宝德“宝智灵”解决方案基于 intelligence boom 推理实践分享 演讲人：金龙",
        "start_ms": 24500,
        "end_ms": 32800,
        "best_capture_ms": null
      },
      {
        "id": "chunk_00/slide_004",
        "type": "slide",
        "title": "宝德是一家自主创新的公司 公司概况与发展历程",
        "start_ms": 33500,
        "end_ms": 84800,
        "best_capture_ms": null
      },
      {
        "id": "chunk_00/slide_005",
        "type": "slide",
        "title": "中小中型单位部署DeepSeek大模型面临算力与成本的挑战 算力、成本、技术门槛分析",
        "start_ms": 85500,
        "end_ms": 160800,
        "best_capture_ms": null
      },
      {
        "id": "chunk_00/slide_006",
        "type": "slide",
        "title": "宝德联合openEuler推出“宝智灵”RAG一体机 预装全套智能底座",
        "start_ms": 161500,
        "end_ms": 260800,
        "best_capture_ms": null
      },
      {
        "id": "chunk_00/slide_007",
        "type": "slide",
        "title": "直面成本与性能挑战，从软硬件系统维度，持续挖潜 实现最佳平衡",
        "start_ms": 261500,
        "end_ms": 322800,
        "best_capture_ms": null
      },
      {
        "id": "chunk_00/slide_008",
        "type": "slide",
        "title": "全栈深耕全栈联合，打造行业智能化竞争力 发展路线图与关键技术节点",
        "start_ms": 323500,
        "end_ms": 386800,
        "best_capture_ms": null
      },
      {
        "id": "chunk_00/slide_009",
        "type": "slide",
        "title": "感谢聆听",
        "start_ms": 387500,
        "end_ms": 401500,
        "best_capture_ms": null
      },
      {
        "id": "chunk_00/slide_010",
        "type": "slide",
        "title": "AI分论坛背景页",
        "start_ms": 403500,
        "end_ms": 437000,
        "best_capture_ms": null
      }
    ],
    "graph": {
      "nodes": [
        {
          "id": "p1",
          "label": "背景与动机",
          "category": "Pillar",
          "references": {
            "section_ids": [
              "sec_2"
            ],
            "material_ids": [
              "chunk_00/slide_004"
            ],
            "highlight": {
              "primary_material_id": "chunk_00/slide_004",
              "primary_time_ts": "00:00:33,790",
              "primary_time_ms": 33790
            }
          },
          "parent": null,
          "summary": "介绍宝德公司概况，以及其与openEuler合作以拓展大模型推理市场和满足内部IT诉求的双重动机。"
        },
        {
          "id": "d1_1",
          "label": "宝德公司概况",
          "category": "Concept",
          "references": {
            "section_ids": [
              "sec_2"
            ],
            "material_ids": [
              "chunk_00/slide_004"
            ],
            "highlight": {
              "primary_material_id": "chunk_00/slide_004",
              "primary_time_ts": "00:00:33,790",
              "primary_time_ms": 33790
            }
          },
          "parent": "p1",
          "summary": "宝德计算是中国领先的服务器制造商，从最早的Intel服务器，到2019年成为华为鲲鹏、昇腾服务器的首批合作伙伴。"
        },
        {
          "id": "d1_2",
          "label": "双重合作动机",
          "category": "Concept",
          "references": {
            "section_ids": [
              "sec_2"
            ],
            "material_ids": [
              "chunk_00/slide_004"
            ],
            "highlight": {
              "primary_material_id": "chunk_00/slide_004",
              "primary_time_ts": "00:00:54,000",
              "primary_time_ms": 54000
            }
          },
          "parent": "p1",
          "summary": "宝德与openEuler合作主要基于两大动机：一是看好并计划拓展大模型推理市场；二是解决自身作为传统制造企业在数字化转型中的内部IT诉求。"
        },
        {
          "id": "p2",
          "label": "挑战与选型原则",
          "category": "Pillar",
          "references": {
            "section_ids": [
              "sec_3"
            ],
            "material_ids": [
              "chunk_00/slide_005"
            ],
            "highlight": {
              "primary_material_id": "chunk_00/slide_005",
              "primary_time_ts": "00:01:25,910",
              "primary_time_ms": 85910
            }
          },
          "parent": null,
          "summary": "分析中小型单位在部署大模型时普遍面临的算力、成本和技术门槛三大挑战，并基于此提出技术选型需遵循先进性、高性价比和易用性三大原则。"
        },
        {
          "id": "d2_1",
          "label": "部署大模型的三大挑战",
          "category": "Problem",
          "references": {
            "section_ids": [
              "sec_3"
            ],
            "material_ids": [
              "chunk_00/slide_005"
            ],
            "highlight": {
              "primary_material_id": "chunk_00/slide_005",
              "primary_time_ts": "00:01:30,000",
              "primary_time_ms": 90000
            }
          },
          "parent": "p2",
          "summary": "中小型单位部署大模型面临三大核心挑战：算力需求（基础投入）、成本控制（预算有限）和技术门槛（人员能力与经验局限）。"
        },
        {
          "id": "d2_2",
          "label": "技术选型三大原则",
          "category": "Concept",
          "references": {
            "section_ids": [
              "sec_3"
            ],
            "material_ids": [
              "chunk_00/slide_005"
            ],
            "highlight": {
              "primary_material_id": "chunk_00/slide_005",
              "primary_time_ts": "00:02:08,000",
              "primary_time_ms": 128000
            }
          },
          "parent": "p2",
          "summary": "为应对挑战，技术选型应遵循三大原则：技术先进性（足够好）、高性价比（成本可控）和系统易用性（易于部署维护）。"
        },
        {
          "id": "p3",
          "label": "解决方案：“宝智灵”一体机",
          "category": "Pillar",
          "references": {
            "section_ids": [
              "sec_4",
              "sec_6"
            ],
            "material_ids": [
              "chunk_00/slide_006",
              "chunk_00/slide_007"
            ],
            "highlight": {
              "primary_material_id": "chunk_00/slide_006",
              "primary_time_ts": "00:02:41,500",
              "primary_time_ms": 161500
            }
          },
          "parent": null,
          "summary": "宝德联合欧拉推出“宝智灵”RAG一体机，通过软硬件深度协同优化，为追求极致性价比的中小客户提供在成本与性能之间达到最佳平衡的推理解决方案。"
        },
        {
          "id": "d3_1",
          "label": "极致性价比",
          "category": "Result",
          "references": {
            "section_ids": [
              "sec_4",
              "sec_6"
            ],
            "material_ids": [
              "chunk_00/slide_007"
            ],
            "highlight": {
              "primary_material_id": "chunk_00/slide_007",
              "primary_time_ts": "00:04:40,000",
              "primary_time_ms": 280000
            }
          },
          "parent": "p3",
          "summary": "通过采用10张昇腾310 Duo卡的硬件方案并进行深度优化，将平台成本从百万级大幅降低至30万级别，实现近10倍的成本节约。"
        },
        {
          "id": "d3_2",
          "label": "优化的推理性能",
          "category": "Result",
          "references": {
            "section_ids": [
              "sec_4"
            ],
            "material_ids": [
              "chunk_00/slide_006"
            ],
            "highlight": {
              "primary_material_id": "chunk_00/slide_006",
              "primary_time_ts": "00:03:45,000",
              "primary_time_ms": 225000
            }
          },
          "parent": "p3",
          "summary": "在保证成本大幅降低的同时，性能依然保持在较高水平。在几十路并发（如8路、32路）的典型推理场景下，性能可与昂贵的910B平台相当。"
        },
        {
          "id": "d3_3",
          "label": "技术实现路径",
          "category": "Technology",
          "references": {
            "section_ids": [
              "sec_4"
            ],
            "material_ids": [
              "chunk_00/slide_007"
            ],
            "highlight": {
              "primary_material_id": "chunk_00/slide_007",
              "primary_time_ts": "00:05:08,000",
              "primary_time_ms": 308000
            }
          },
          "parent": "p3",
          "summary": "方案的成功得益于多项系统级优化技术，包括软硬件协同调优、异构并行融合、组合量化策略和AI辅助敏捷开发，实现了在经济平台上达到足够好的性能。"
        },
        {
          "id": "p4",
          "label": "技术深耕与路线图",
          "category": "Pillar",
          "references": {
            "section_ids": [
              "sec_5",
              "sec_4"
            ],
            "material_ids": [
              "chunk_00/slide_008"
            ],
            "highlight": {
              "primary_material_id": "chunk_00/slide_008",
              "primary_time_ts": "00:05:23,500",
              "primary_time_ms": 323500
            }
          },
          "parent": null,
          "summary": "展示了近期的技术成果，如通过LMCache优化时延，并规划了后续集成新技术、适配新硬件以及推出多模态产品的清晰发展路线。"
        },
        {
          "id": "d4_1",
          "label": "近期成果：LMCache优化",
          "category": "Result",
          "references": {
            "section_ids": [
              "sec_5"
            ],
            "material_ids": [
              "chunk_00/slide_008"
            ],
            "highlight": {
              "primary_material_id": "chunk_00/slide_008",
              "primary_time_ts": "00:05:25,920",
              "primary_time_ms": 325920
            }
          },
          "parent": "p4",
          "summary": "近期测试结果表明，在自有硬件平台上应用LMCache技术，可将多轮交互时延显著降低20%至30%。"
        },
        {
          "id": "d4_2",
          "label": "后续发展路线图",
          "category": "Concept",
          "references": {
            "section_ids": [
              "sec_5"
            ],
            "material_ids": [
              "chunk_00/slide_008"
            ],
            "highlight": {
              "primary_material_id": "chunk_00/slide_008",
              "primary_time_ts": "00:05:43,000",
              "primary_time_ms": 343000
            }
          },
          "parent": "p4",
          "summary": "后续将集成expert和DeepInsight技术，并计划在明年Q1适配新款350P芯片，最终推出多模态产品方案，为客户提供更完善的服务。"
        }
      ],
      "edges": [
        {
          "source": "p1",
          "target": "p2",
          "relation_type": "sequential",
          "label": "引出问题"
        },
        {
          "source": "p2",
          "target": "p3",
          "relation_type": "causal",
          "label": "催生方案"
        },
        {
          "source": "p3",
          "target": "p4",
          "relation_type": "sequential",
          "label": "展望未来"
        },
        {
          "source": "d1_1",
          "target": "d1_2",
          "relation_type": "compositional",
          "label": "共同构成背景"
        },
        {
          "source": "d2_1",
          "target": "d2_2",
          "relation_type": "causal",
          "label": "指导选型"
        },
        {
          "source": "d3_1",
          "target": "d3_2",
          "relation_type": "parallel",
          "label": "并列优势"
        },
        {
          "source": "d3_3",
          "target": "d3_1",
          "relation_type": "causal",
          "label": "实现"
        },
        {
          "source": "d3_3",
          "target": "d3_2",
          "relation_type": "causal",
          "label": "实现"
        },
        {
          "source": "d4_1",
          "target": "d4_2",
          "relation_type": "sequential",
          "label": "后续规划"
        }
      ]
    }
  },
  "output": {
    "part_index": 4,
    "title": "宝德“宝智灵”RAG一体机推理优化与低成本落地实践",
    "type_tag": "行业解决方案分享",
    "tech_tags": [
      "RAG一体机",
      "大模型推理",
      "openEuler",
      "昇腾310 Duo",
      "LMCache",
      "软硬协同优化",
      "异构并行",
      "组合量化",
      "DeepInsight"
    ],
    "domain_tags": [
      "大模型应用",
      "企业数字化转型",
      "AI基础设施",
      "成本控制"
    ],
    "summary": "宝德计算联合openEuler推出“宝智灵”RAG一体机，旨在解决中小企业部署大模型时面临的算力成本高与技术门槛大等难题。该方案基于昇腾310 Duo硬件平台，通过软硬件深度协同、异构并行及LMCache等技术优化，成功将平台建设成本从百万级大幅降低至30万级别，同时在几十路并发场景下实现了媲美高端平台的推理性能。未来计划集成DeepInsight并适配新一代芯片，持续演进多模态产品方案。",
    "highlights": [
      "推出“宝智灵”RAG一体机，专为中小企业打造高性价比AI底座",
      "通过软硬协同优化，将大模型部署成本从百万级降至30万级别",
      "基于昇腾310 Duo卡实现几十路并发推理，性能媲美昂贵平台",
      "应用LMCache技术，成功将多轮交互时延降低20%至30%",
      "规划集成DeepInsight及适配新芯片，持续演进多模态产品方案"
    ]
  },
  "artifacts": [
    "output/ai_session/part_04/final/10_part_digest/artifacts/part_digest.json"
  ],
  "metadata": {
    "part_index": 4,
    "title": "宝德“宝智灵”RAG一体机推理优化与低成本落地实践",
    "type_tag": "行业解决方案分享",
    "tech_tags": 9,
    "domain_tags": 4
  },
  "trace_id": "9ff0dc16-6092-4169-bea5-81579b9aaafd",
  "duration_ms": 18671,
  "started_at": "2025-12-16T12:50:23.959495",
  "completed_at": "2025-12-16T04:50:42.631524",
  "step_config": {
    "model": "gemini-3-pro-preview",
    "temperature": 0.2,
    "prompt_file": "/Users/lichuan/Codes/TalkDistill/config/prompts/part_digest.md",
    "schema_file": "/Users/lichuan/Codes/TalkDistill/config/schemas/part_digest.json"
  },
  "dependencies": [
    "graph_gen"
  ]
}