{
  "address": "ScienceEducationInnovation/part_04/chunk_00/08_crop_decision/slide_025",
  "status": "completed",
  "input": {
    "image_path": "output/ScienceEducationInnovation/part_04/chunk_00/07_capture_frame/slide_025/artifacts/slide_025.png",
    "slide_index": 25,
    "slide_title": "正在开展的相关课题研究 列出国家重点研发计划及与企业合作的科研项目。"
  },
  "output": null,
  "artifacts": [
    "output/ScienceEducationInnovation/part_04/chunk_00/07_capture_frame/slide_025/artifacts/slide_025.png"
  ],
  "metadata": {
    "needs_crop": false,
    "reason": "MANUAL_NO_CROP",
    "manual_override": true
  },
  "trace_id": null,
  "duration_ms": 0,
  "started_at": "2025-12-21T23:27:05.889783",
  "completed_at": "2025-12-21T15:27:05.919755",
  "step_config": {
    "model": "gemini-3-flash-preview",
    "temperature": 0.1,
    "prompt_file": "/Users/lichuan/Codes/TalkDistill/config/prompts/crop_decision.md",
    "schema_file": "/Users/lichuan/Codes/TalkDistill/config/schemas/crop_decision.json"
  },
  "dependencies": [
    "capture_frame"
  ]
}