{
  "id": "sec_5",
  "index": 4,
  "title": "技术架构与团队组建原则",
  "time_range": "00:17:01,000 - 00:19:04,959",
  "script": "然后呢, 整体的话, 我们还是依托于那个 openEuler intelligence 这套架构来做的。openEuler 这套架构呢, 其实给我们带来了还是比较多的便利性的, 比如说对于交互控制层, 我们把它直接集成到了我们的基于 VS Code 实现的一个 Codelet 的那个代码编辑器里面去。\n然后呢, 第二个是智能分析层, 我们的基座大模型可以对我们内部的一些, 内部公司内部部署的一个大模型的一些平台, 直接通过 API 调用的方式能够集成进去, 那这样的话也解决了代码安全性的一个问题。\n然后最终是一个执行引擎层, 这个引擎层的话就是刚刚说到的一些 Agent 的调度, 然后 MCP 的一些服务。\n好。\n然后呢, 我们其实认为还是有几条原则可以给大家分享一下。第一个就是我们其实现在还没有追求到一个完全自动化。\n这是我们一开始立项的时候, 我们计划的要实现多少 Agent 来完成这个工作。我们其实一开始没有希望能够实现完全的自动化, 希望的是通过人工跟它协同交互的方式来解决解决这些问题。我们的目标是先通过 Agent 来打通一些关键的节点, 但是要把整个流程实现跑通, 把整个流程跑通之后, 然后再去做一些关键节点、关键 Agent 的去做一个效率的提升, 比如说准确率的提升, 或者说它识别效率的提升。\n那这样的话, 才能够让我们的整个不断往前去迭代, 流程打通之后, 就能让大家能够看到一个直观的效果, 然后再去做点对点的去做一个优化。\n所以一开始的话, 我们并不追求每个节点都完成得非常完美, 可能它有70%、80%以上, 我们就够了, 然后呢, 再通过人工介入的方式去校准它。\n然后呢, 最终的话, 我们目前呢也引入了一个角色, 就是监督 Agent 的一个角色, 就是监督 Agent 呢, 其实希望实现的效果就是对它的一些执行 Agent 完成的一些工作去做一个自动的一个校准, 这样的话会避免我们比较多的一些, 比如说刚刚说到的一个模型它可能只有70%、80%, 那我们可能要综合多个模型, 然后再做一些监督 Agent 的方式来对这个执行 Agent 的一个结果再做一轮的一个加强, 那这样的话, 我们后面的那个人工, 人工需要介入的工作的话就会越来越少。\n这是我们大概的一些实践的案例, 感谢大家。",
  "summary": "该项目的技术架构依托于 openEuler intelligence，分为交互控制、智能分析和执行引擎三层，以保障交互便利性与代码安全。在团队组建与开发原则上，项目初期不追求完全自动化，而是强调人机协同，目标是先打通完整流程，再优化关键Agent的效率。为此，团队引入了监督Agent角色，以自动校准和加强执行结果，从而逐步减少人工介入。"
}