{
  "address": "ai_session/part_01/chunk_00/07_capture_frame/slide_009",
  "status": "completed",
  "input": {
    "video": "output/ai_session/part_01/chunk_00/01_cut_chunk/artifacts/chunk_high.mp4",
    "timestamp": "00:11:19.700",
    "frame_id": "slide_009",
    "output_ext": ".png"
  },
  "output": "output/ai_session/part_01/chunk_00/07_capture_frame/slide_009/artifacts/slide_009.png",
  "artifacts": [
    "output/ai_session/part_01/chunk_00/07_capture_frame/slide_009/artifacts/slide_009.png"
  ],
  "metadata": {
    "timestamp": "00:11:19.700",
    "frame_id": "slide_009",
    "ffmpeg": "/opt/homebrew/bin/ffmpeg"
  },
  "trace_id": null,
  "duration_ms": 1699,
  "started_at": "2025-12-15T22:19:47.528481",
  "completed_at": "2025-12-15T14:19:49.229892",
  "step_config": {},
  "dependencies": [
    "slide_timeline"
  ]
}