{
  "id": "sec_1",
  "index": 0,
  "title": "开场：软硬协同，效能飞跃",
  "time_range": "00:00:00,000 - 00:01:42,355",
  "script": "下面，有请河南昆仑技术有限公司算子开发高级工程师孙亚楠先生，\n为我们带来河南昆仑基于昇腾软件FP8的极致调优分享。大家欢迎。\n大家好，我是河南昆仑技术有限公司的孙亚楠。\n刚才前面的老师讲了很多关于算子的内容，但没有展开讲解算子的优化具体是如何实现的。\n今天，我有幸在这里和大家分享我们团队在昇腾平台上，针对FP8精度算子的调优工作。\n在开始之前，我想问大家一个问题：大家是否遇到过以下情况？\n我们知道，现在的模型越来越大，对精度的要求也越来越高。\n然而，当前的算力与内存瓶颈，就像孙悟空的紧箍咒，\n牢牢地限制了模型的扩展和算力的发挥。\n如果想在昇腾平台上跑出极致性能，\n传统的BF16或FP16精度，在加载和资源耗用方面都非常大。\n针对当前昇腾910B、910B3或之前的芯片，其计算单元目前尚不支持FP8数据类型。\n那么，我们如何让FP8的权重在这些不支持FP8的硬件上运行呢？\n下面我将从三个部分为大家分享。",
  "summary": "讲者孙亚楠开场，介绍了本次分享的主题：在昇腾平台上针对FP8精度算子的调优工作。他指出现有大模型面临算力与内存瓶颈，并提出本次分享将要解决的核心问题，即如何在不支持FP8的硬件上高效运行FP8权重。"
}