{
  "address": "ScienceEducationInnovation/part_04/chunk_00/07_capture_frame/slide_016",
  "status": "completed",
  "input": {
    "video": "output/ScienceEducationInnovation/part_04/chunk_00/01_cut_chunk/artifacts/chunk_high.mp4",
    "timestamp": "00:12:31.300",
    "frame_id": "slide_016",
    "output_ext": ".png"
  },
  "output": "output/ScienceEducationInnovation/part_04/chunk_00/07_capture_frame/slide_016/artifacts/slide_016.png",
  "artifacts": [
    "output/ScienceEducationInnovation/part_04/chunk_00/07_capture_frame/slide_016/artifacts/slide_016.png"
  ],
  "metadata": {
    "timestamp": "00:12:31.300",
    "frame_id": "slide_016",
    "ffmpeg": "/opt/homebrew/bin/ffmpeg"
  },
  "trace_id": null,
  "duration_ms": 1699,
  "started_at": "2025-12-21T23:17:27.055102",
  "completed_at": "2025-12-21T15:17:28.757124",
  "step_config": {},
  "dependencies": [
    "slide_timeline"
  ]
}