{
  "id": "sec_4",
  "index": 3,
  "title": "Intelligence Boom 开源AI解决方案",
  "time_range": "00:07:02,980 - 00:08:40,230",
  "script": "那我们讲完了这个硬件对操作系统的变化，我们再看看上层软件。从23年以后，AI的整个大潮是非常地火。但是在我们和我们的合作伙伴以及我们的最终用户在沟通的过程中，其实发现还是有很多阻碍我们这个AI运作和这个开发的一个难点。其中非常重要的难点，就是如果我们想开发一个AI应用的话，把这个系统配齐，把这个都配完全，其实还是很复杂的。更不要说去适配各种硬件、异构硬件，同时比如说把这个性能进行调优。那么openEuler社区呢，我们就发起了这个Intelligence BoooM这个项目。我们可以提供一个完整的开箱即用的AI全开源的全栈解决方案。当然，这个系统呢也是可分可合，你单独从里面拿一些组件也是可以用的。那这些，这个方案呢目前已经在京东、华鲲振宇、宝德等等这些企业有了相关的应用落地。大家可以看到，我们很多，基本上开发效率都从周变成了天，所以整个开发效率提升是非常非常显著的。那当然，明天的上午，openEuler Summit第二天呢，我们的技术委员会主席胡欣蔚会正式发布Intelligence BoooM的第二个版本。我们第一个版本是今年7月份发布的，那明天我们会发布第二个版本。而第二个版本中有一个很好的特性，就是我们会发布相关的嵌入式版本。也就是在低算力模组上的Intelligence BoooM的相关版本。",
  "summary": "为解决AI应用开发中环境配置复杂、硬件适配困难等痛点，openEuler社区发起了Intelligence Boom项目，提供开箱即用的AI全开源全栈解决方案。该方案已在多家企业落地，显著将开发效率从周缩短到天，并将发布支持低算力模组的嵌入式版本。"
}