{
  "address": "ai_session/part_07/chunk_00/09_apply_crop/slide_012",
  "status": "completed",
  "input": {
    "image_path": "output/ai_session/part_07/chunk_00/07_capture_frame/slide_012/artifacts/slide_012.png",
    "crop_region": {
      "x": 597,
      "y": 162,
      "width": 1322,
      "height": 918
    }
  },
  "output": "output/ai_session/part_07/chunk_00/09_apply_crop/slide_012/artifacts/slide_012.png",
  "artifacts": [
    "output/ai_session/part_07/chunk_00/09_apply_crop/slide_012/artifacts/slide_012.png"
  ],
  "metadata": {
    "source": "output/ai_session/part_07/chunk_00/07_capture_frame/slide_012/artifacts/slide_012.png",
    "applied": true,
    "crop_region": {
      "x": 597,
      "y": 162,
      "width": 1322,
      "height": 918
    },
    "size": {
      "width": 1322,
      "height": 918
    }
  },
  "trace_id": null,
  "duration_ms": 82,
  "started_at": "2025-12-16T00:31:41.597082",
  "completed_at": "2025-12-15T16:31:41.681457",
  "step_config": {},
  "dependencies": [
    "capture_frame",
    "crop_decision"
  ]
}