{
  "address": "day1_main/part_07/chunk_00/07_capture_frame/slide_004",
  "status": "completed",
  "input": {
    "video": "output/day1_main/part_07/chunk_00/01_cut_chunk/artifacts/chunk_high.mp4",
    "timestamp": "00:04:50.100",
    "frame_id": "slide_004",
    "output_ext": ".png"
  },
  "output": "output/day1_main/part_07/chunk_00/07_capture_frame/slide_004/artifacts/slide_004.png",
  "artifacts": [
    "output/day1_main/part_07/chunk_00/07_capture_frame/slide_004/artifacts/slide_004.png"
  ],
  "metadata": {
    "timestamp": "00:04:50.100",
    "frame_id": "slide_004",
    "ffmpeg": "/opt/homebrew/bin/ffmpeg"
  },
  "trace_id": null,
  "duration_ms": 698,
  "started_at": "2025-12-17T19:28:02.258868",
  "completed_at": "2025-12-17T11:28:02.959176",
  "step_config": {},
  "dependencies": [
    "slide_timeline"
  ]
}