{
  "address": "ScienceEducationInnovation/part_02/chunk_00/07_capture_frame/slide_024",
  "status": "completed",
  "input": {
    "video": "output/ScienceEducationInnovation/part_02/chunk_00/01_cut_chunk/artifacts/chunk_high.mp4",
    "timestamp": "00:13:13.580",
    "frame_id": "slide_024",
    "output_ext": ".png"
  },
  "output": "output/ScienceEducationInnovation/part_02/chunk_00/07_capture_frame/slide_024/artifacts/slide_024.png",
  "artifacts": [
    "output/ScienceEducationInnovation/part_02/chunk_00/07_capture_frame/slide_024/artifacts/slide_024.png"
  ],
  "metadata": {
    "timestamp": "00:13:13.580",
    "frame_id": "slide_024",
    "ffmpeg": "/opt/homebrew/bin/ffmpeg"
  },
  "trace_id": null,
  "duration_ms": 2934,
  "started_at": "2025-12-17T10:50:27.899816",
  "completed_at": "2025-12-17T02:50:30.835636",
  "step_config": {},
  "dependencies": [
    "slide_timeline"
  ]
}