{
  "part_index": 4,
  "title": "宝德“宝智灵”RAG一体机推理优化与低成本落地实践",
  "type_tag": "行业解决方案分享",
  "tech_tags": [
    "RAG一体机",
    "大模型推理",
    "openEuler",
    "昇腾310 Duo",
    "LMCache",
    "软硬协同优化",
    "异构并行",
    "组合量化",
    "DeepInsight"
  ],
  "domain_tags": [
    "大模型应用",
    "企业数字化转型",
    "AI基础设施",
    "成本控制"
  ],
  "summary": "宝德计算联合openEuler推出“宝智灵”RAG一体机，旨在解决中小企业部署大模型时面临的算力成本高与技术门槛大等难题。该方案基于昇腾310 Duo硬件平台，通过软硬件深度协同、异构并行及LMCache等技术优化，成功将平台建设成本从百万级大幅降低至30万级别，同时在几十路并发场景下实现了媲美高端平台的推理性能。未来计划集成DeepInsight并适配新一代芯片，持续演进多模态产品方案。",
  "highlights": [
    "推出“宝智灵”RAG一体机，专为中小企业打造高性价比AI底座",
    "通过软硬协同优化，将大模型部署成本从百万级降至30万级别",
    "基于昇腾310 Duo卡实现几十路并发推理，性能媲美昂贵平台",
    "应用LMCache技术，成功将多轮交互时延降低20%至30%",
    "规划集成DeepInsight及适配新芯片，持续演进多模态产品方案"
  ]
}