{
  "address": "ScienceEducationInnovation/part_03/chunk_00/07_capture_frame/slide_015",
  "status": "completed",
  "input": {
    "video": "output/ScienceEducationInnovation/part_03/chunk_00/01_cut_chunk/artifacts/chunk_high.mp4",
    "timestamp": "00:10:55.600",
    "frame_id": "slide_015",
    "output_ext": ".png"
  },
  "output": "output/ScienceEducationInnovation/part_03/chunk_00/07_capture_frame/slide_015/artifacts/slide_015.png",
  "artifacts": [
    "output/ScienceEducationInnovation/part_03/chunk_00/07_capture_frame/slide_015/artifacts/slide_015.png"
  ],
  "metadata": {
    "timestamp": "00:10:55.600",
    "frame_id": "slide_015",
    "ffmpeg": "/opt/homebrew/bin/ffmpeg"
  },
  "trace_id": null,
  "duration_ms": 1318,
  "started_at": "2025-12-19T01:07:58.333112",
  "completed_at": "2025-12-18T17:07:59.651994",
  "step_config": {},
  "dependencies": [
    "slide_timeline"
  ]
}