{
  "address": "ai_session/part_00/chunk_00/01_cut_chunk",
  "status": "completed",
  "input": {
    "video": "/Users/lichuan/Codes/TalkDistill/ai_session.mp4",
    "start": 0.49,
    "duration": 1201.869,
    "output_name": "chunk_high.mp4"
  },
  "output": {
    "path": "output/ai_session/part_00/chunk_00/01_cut_chunk/artifacts/chunk_high.mp4",
    "start": 0.49,
    "duration": 1201.869
  },
  "artifacts": [
    "output/ai_session/part_00/chunk_00/01_cut_chunk/artifacts/chunk_high.mp4"
  ],
  "metadata": {
    "ffmpeg": "/opt/homebrew/bin/ffmpeg",
    "start": 0.49,
    "duration": 1201.869,
    "size_bytes": 644779634
  },
  "trace_id": null,
  "duration_ms": 1048,
  "started_at": "2025-12-15T19:25:43.158595",
  "completed_at": "2025-12-15T11:25:44.209893",
  "step_config": {},
  "dependencies": []
}