{
  "address": "ScienceEducationInnovation/part_04/final/07_script_refine/7",
  "status": "completed",
  "input": {
    "narrative": {
      "id": "sec_008",
      "index": 7,
      "title": "可靠性保障技术：Checkpoint 优化与快速失效恢复",
      "time_range": "00:18:11,860 - 00:19:16,655",
      "script": "工作 2：面向大规模推荐模型训练的 Checkpoint 优化。针对 Embedding 层的冷热特征，实现自适应 Checkpoint 策略。通过 Pipeline 编排，使 Checkpoint 过程不影响正常的训练任务。\n工作 3：基于动态重建的快速失效恢复技术。在运行时通过 Device Proxy 和 Flexible CCL 实现通信链路的动态重构，降低失效恢复成本。",
      "summary": ""
    }
  },
  "output": {
    "section_id": "sec_008",
    "index": 7,
    "title": "可靠性保障技术：Checkpoint 优化与快速失效恢复",
    "time_range": "00:18:11,860 - 00:19:16,655",
    "refined_script": "# 可靠性保障技术：Checkpoint 优化与快速失效恢复\n\n在大规模推荐模型训练场景下，系统的可靠性与训练效率往往存在冲突。本文重点介绍通过自适应 Checkpoint 策略与动态链路重构技术，在保障模型安全性的同时，最小化运维开销并提升恢复速度。\n\n## 1. 面向大规模推荐模型的 Checkpoint 优化\n\n针对推荐模型 Embedding 层参数量巨大且访问分布不均的特点，通过以下技术手段解决传统 Checkpoint 导致的训练中断问题：\n\n*   **自适应 Checkpoint 策略**：\n    *   **冷热特征分离**：识别 Embedding 层中的冷热特征数据。\n    *   **差异化持久化**：根据特征访问频率动态调整存储频率与优先级，减少冗余 IO。\n*   **非侵入式 Pipeline 编排**：\n    *   通过流水线（Pipeline）化处理 Checkpoint 流程。\n    *   实现计算任务与 IO 任务的并行，确保 Checkpoint 过程对正常训练任务“零干扰”。\n\n## 2. 基于动态重建的快速失效恢复（Failover）\n\n当集群发生硬件故障或通信中断时，通过底层通信链路的动态重构，实现低成本的快速恢复：\n\n*   **核心组件**：\n    *   **Device Proxy**：引入设备代理机制，解耦物理设备与逻辑训练单元。\n    *   **Flexible CCL (Flexible Collective Communication Library)**：构建灵活的集合通信库，支持运行时的拓扑调整。\n*   **技术实现**：\n    *   **动态链路重构**：在不停止整个集群的情况下，通过代理机制重新映射通信路径。\n    *   **效果**：显著降低了失效恢复（Failover）的时间成本，避免了传统模式下的大规模重启。",
    "summary": "",
    "original_script": "工作 2：面向大规模推荐模型训练的 Checkpoint 优化。针对 Embedding 层的冷热特征，实现自适应 Checkpoint 策略。通过 Pipeline 编排，使 Checkpoint 过程不影响正常的训练任务。\n工作 3：基于动态重建的快速失效恢复技术。在运行时通过 Device Proxy 和 Flexible CCL 实现通信链路的动态重构，降低失效恢复成本。"
  },
  "artifacts": [
    "output/ScienceEducationInnovation/part_04/final/07_script_refine/7/artifacts/section_sec_008_refined.md"
  ],
  "metadata": {
    "refined_length": 819,
    "original_length": 191,
    "summary_length": 0
  },
  "trace_id": "54270d72-e4d1-4705-b12b-75769b23ca2e",
  "duration_ms": 35287,
  "started_at": "2025-12-21T23:41:16.037438",
  "completed_at": "2025-12-21T15:41:51.325457",
  "step_config": {
    "model": "gemini-3-flash-preview",
    "temperature": 0.2,
    "prompt_file": "/Users/lichuan/Codes/TalkDistill/config/prompts/script_refine.md",
    "schema_file": "/Users/lichuan/Codes/TalkDistill/config/schemas/script_refine.json"
  },
  "dependencies": [
    "section_timing"
  ]
}