{
  "id": "sec_2",
  "index": 1,
  "title": "全面架构升级的痛点与挑战",
  "time_range": "00:01:54,410 - 00:06:54,970",
  "script": "本次分享分为四块。\n首先会讲一下在国产化替代全面落地的过程中，我们遇到的一些痛点与挑战。\n第二，讲解大模型技术出现后，为我们的技术方案层面带来的新机遇。\n第三，分享我们设计的智能调优方案的细节与创新点。\n第四，基于信创技术生态，想与大家一起做一些创议和共建。\n这部分因为时间有限，我们就不细讲了，字和面都比较多。\n做信创的同学应该比较熟悉，硬件层面，如CPU、网卡、低时延交换机、存储等，与国外竞品相比，差距仍不小。\n因为涉及底层先进的制程工艺，短期内需要突破。\n在软件层面，差距相对更小，特别是操作系统、JDK等。在国内，开源与商业的有效闭环模式已经跑通。以openEuler为例，它是一个操作系统的生态底座，上面有统信、麒麟等商业发行版进行增强。\n通过商业增强发行版获得持续的商业收益后，可以反馈给开源社区，从而使整个生态全面开花。\n这在JDK领域也已初现苗头。毕昇JDK的底座是开源的，上面有ISV厂商做增强发行，比如宝兰德、东方通等，都有这方面的方案。\n下面我只讲一下数据库。我们从两个方面看，一是分布式场景。\n以OceanBase为例，它在“双十一”等超高并发场景下，已经历练多年。\n其技术水平放到国际上比较，即便不领先，也至少是并驾齐驱的。\n但在集中式场景，若以替代Oracle为目标，可能仍有差距。\n虽然性能可以通过软硬件协同研调基本抹平，但在产品成熟度、上下游工具链以及社区生态规模方面，确实还有比较大的欠缺。\n上面这些虽然有差距，但是你如果要做0到1的替代，我觉得还是至少有产品可用。\n这一块是我们发现，如果你要做全面的铺广推广，就是你要做到从1到10，甚至从10到100的效果，这一块我觉得是一个组织层面的差距。就是在传统我们的企业架构之中，开发跟运维它是严格分离的。\n所以一般看到系统开发可能侧重业务开发，运维会注重整个系统的运行稳定性。\n所以这里面，如果要做信创替代，中间就有一块调优的职责没人做。\n这其实就是我们想做这个方案的初衷。我们希望借助这种大模型的技术，能把这些专家经验沉淀到模型库中，然后来加以复用，由此来弥补中间这一块调优职责的缺失问题。\n当然，因为大模型技术也非常新，它还是有一些不确定性因素的，表现最突出的其实就是幻觉。\n我这里恰好那天我想把这个主题让豆包AI生成一个胶片。\n其实整体效果大家可以看到，应该已经达到至少我这边80%到90%的预期了。但是很不幸，就是下面这里有两个地方还是有些谬误。\n就第一个就是，它把忠实性幻觉下面一些说明内容跟这个忠实性幻觉这个一级标题做了一个并列。其实我们知道，这种是不是一个并列，是一个从属的关系。\n而这种逻辑关系，其实你通过语言模型，你那些检索算法其实是不一定能识别到的，因为它已经超出了常规的这种语言逻辑了。\n第二块呢就是说，就比较明显了，就是一个内容的一个重复。这种相对来说就对我们就比较致命了，因为这是一个非常明显，普通用户也能识别出来的错误。\n但是我们就是说，我们既想用这个大模型的一些优势，同时呢，还是得想办法要摒弃它的一些劣势。",
  "summary": "本节探讨了国产化替代（信创）过程中面临的挑战。首先，硬件层面差距较大，而软件层面已初步形成开源与商业的闭环。其次，组织架构上开发与运维的分离导致了系统调优职责的缺失。最后，虽然大模型技术为解决调优问题提供了新机遇，但其自身的“幻觉”问题（如逻辑错误和内容重复）也带来了新的不确定性。"
}