{
  "address": "ai_session/part_00/chunk_00/09_apply_crop/slide_010",
  "status": "completed",
  "input": {
    "image_path": "output/ai_session/part_00/chunk_00/07_capture_frame/slide_010/artifacts/slide_010.png",
    "crop_region": {
      "x": 540,
      "y": 162,
      "width": 1380,
      "height": 899
    }
  },
  "output": "output/ai_session/part_00/chunk_00/09_apply_crop/slide_010/artifacts/slide_010.png",
  "artifacts": [
    "output/ai_session/part_00/chunk_00/09_apply_crop/slide_010/artifacts/slide_010.png"
  ],
  "metadata": {
    "source": "output/ai_session/part_00/chunk_00/07_capture_frame/slide_010/artifacts/slide_010.png",
    "applied": true,
    "crop_region": {
      "x": 540,
      "y": 162,
      "width": 1380,
      "height": 899
    },
    "size": {
      "width": 1380,
      "height": 899
    }
  },
  "trace_id": null,
  "duration_ms": 1025,
  "started_at": "2025-12-15T21:22:58.818156",
  "completed_at": "2025-12-15T13:22:59.844503",
  "step_config": {},
  "dependencies": [
    "capture_frame",
    "crop_decision"
  ]
}