{
  "address": "ai_session/part_02/chunk_00/09_apply_crop/slide_016",
  "status": "completed",
  "input": {
    "image_path": "output/ai_session/part_02/chunk_00/07_capture_frame/slide_016/artifacts/slide_016.png",
    "crop_region": {
      "x": 570,
      "y": 189,
      "width": 1350,
      "height": 891
    }
  },
  "output": "output/ai_session/part_02/chunk_00/09_apply_crop/slide_016/artifacts/slide_016.png",
  "artifacts": [
    "output/ai_session/part_02/chunk_00/09_apply_crop/slide_016/artifacts/slide_016.png"
  ],
  "metadata": {
    "source": "output/ai_session/part_02/chunk_00/07_capture_frame/slide_016/artifacts/slide_016.png",
    "applied": true,
    "crop_region": {
      "x": 570,
      "y": 189,
      "width": 1350,
      "height": 891
    },
    "size": {
      "width": 1350,
      "height": 891
    }
  },
  "trace_id": null,
  "duration_ms": 230,
  "started_at": "2025-12-15T23:02:57.630226",
  "completed_at": "2025-12-15T15:02:57.862326",
  "step_config": {},
  "dependencies": [
    "capture_frame",
    "crop_decision"
  ]
}