{
  "part_index": 5,
  "title": "通算/智算大模型推理加速协同探索与实践",
  "type_tag": "异构推理优化",
  "tech_tags": [
    "CPU+XPU协同",
    "PD分离",
    "异构算力调度",
    "vLLM",
    "KV Cache",
    "NUMA亲和",
    "SIMD指令集",
    "算子优化",
    "MoE模型",
    "多线程并行"
  ],
  "domain_tags": [
    "大模型推理",
    "异构计算",
    "算力优化",
    "人工智能"
  ],
  "summary": "针对传统大模型推理中XPU显存瓶颈与CPU资源浪费的痛点，本分享提出了CPU+XPU异构算力协同方案。该方案核心采用PD分离策略，利用Prefill计算密集与Decode内存密集的特性，将部分Decode任务卸载至CPU。通过构建异构算力调度引擎解决动态负载分配问题，并结合NUMA亲和、多线程并行及SIMD算子优化等技术显著提升CPU推理性能。实测显示，该方案在在线与离线场景下均有效提升了并发量与吞吐量。",
  "highlights": [
    "传统推理模式面临XPU显存瓶颈与CPU算力闲置的双重挑战",
    "提出CPU+XPU协同方案，核心实施Prefill-Decode（PD）分离策略",
    "设计异构算力调度引擎，基于实时负载动态分配任务以平衡时延",
    "利用NUMA亲和、多线程并行及SIMD指令集深度优化CPU推理性能",
    "实测在线推理并发量提升超8%，离线批量推理吞吐量提升显著",
    "未来将聚焦MoE模型的多机多卡异构调度与AF分离技术探索"
  ]
}