{
  "address": "ScienceEducationInnovation/part_02/final/07_script_refine/6",
  "status": "completed",
  "input": {
    "narrative": {
      "id": "sec_007",
      "index": 6,
      "title": "RecStore系统研发与产业落地介绍整合三层优化工作的RecStore系统及其在快手等企业的实际应用效果。介绍整合三层优化工作的RecStore系统及其在快手等企业的实际应用效果。",
      "time_range": "00:19:58,080 - 00:20:29,410",
      "script": "我们将这三个层次的工作整合为 RecStore 系统并已开源。我们希望实现各层次的统一管理，并向上支持多个框架。\n部分工作已在快手落地，帮助其节省了约一亿元成本，稳定服务了亿级用户。Intel 公司也对此进行了报道。",
      "summary": ""
    }
  },
  "output": {
    "section_id": "sec_007",
    "index": 6,
    "title": "RecStore系统研发与产业落地介绍整合三层优化工作的RecStore系统及其在快手等企业的实际应用效果。介绍整合三层优化工作的RecStore系统及其在快手等企业的实际应用效果。",
    "time_range": "00:19:58,080 - 00:20:29,410",
    "refined_script": "# RecStore：工业级推荐系统存储优化方案与落地实践\n\n## 1. 系统概述\n**RecStore** 是一个旨在整合多层优化技术并实现统一管理的推荐系统存储引擎。该系统目前已正式开源，其核心目标是通过对底层存储逻辑的深度解构与重组，为上层多样化的算法框架提供高性能、高可靠的存储支撑。\n\n## 2. 核心架构设计\nRecStore 的设计理念围绕“统一性”与“兼容性”展开：\n- **三层架构整合**：将三个维度的优化工作（如索引优化、内存管理、I/O 调度等）整合进统一的系统框架内，实现资源的高效协同。\n- **多框架支持**：系统向上提供标准化的接口，能够无缝对接并支持多种主流的深度学习与推荐计算框架。\n\n## 3. 产业落地与应用成效\nRecStore 已在头部互联网企业（如快手）实现大规模生产环境落地，并取得了显著的经济与技术效益：\n\n### A. 业务价值\n- **成本优化**：通过高效的存储管理与资源调度，帮助企业节省了约 **1 亿元人民币** 的硬件及运营成本。\n- **高并发支撑**：系统表现出极强的稳定性，成功支撑了**亿级用户量**的实时访问与服务需求。\n\n### B. 行业认可\n- **生态合作**：RecStore 的技术突破与落地成果已获得 **Intel** 等国际领先硬件厂商的官方报道与技术认可。",
    "summary": "",
    "original_script": "我们将这三个层次的工作整合为 RecStore 系统并已开源。我们希望实现各层次的统一管理，并向上支持多个框架。\n部分工作已在快手落地，帮助其节省了约一亿元成本，稳定服务了亿级用户。Intel 公司也对此进行了报道。"
  },
  "artifacts": [
    "output/ScienceEducationInnovation/part_02/final/07_script_refine/6/artifacts/section_sec_007_refined.md"
  ],
  "metadata": {
    "refined_length": 575,
    "original_length": 108,
    "summary_length": 0
  },
  "trace_id": "739b8a9d-926f-40da-a912-6c18ae995349",
  "duration_ms": 37446,
  "started_at": "2025-12-19T00:56:09.942948",
  "completed_at": "2025-12-18T16:56:47.389968",
  "step_config": {
    "model": "gemini-3-flash-preview",
    "temperature": 0.2,
    "prompt_file": "/Users/lichuan/Codes/TalkDistill/config/prompts/script_refine.md",
    "schema_file": "/Users/lichuan/Codes/TalkDistill/config/schemas/script_refine.json"
  },
  "dependencies": [
    "section_timing"
  ]
}