{
  "address": "ScienceEducationInnovation/part_03/final/04_part_downscale",
  "status": "completed",
  "input": {
    "source": "output/ScienceEducationInnovation/part_03/final/03_part_cut/artifacts/part_high.mp4",
    "duration": 1225.0,
    "original_fps": 25.0,
    "output_name": "part_low.mp4"
  },
  "output": {
    "path": "output/ScienceEducationInnovation/part_03/final/04_part_downscale/artifacts/part_low.mp4",
    "duration": 1225.0,
    "original_fps": 25.0,
    "target_fps": 8
  },
  "artifacts": [
    "output/ScienceEducationInnovation/part_03/final/04_part_downscale/artifacts/part_low.mp4"
  ],
  "metadata": {
    "ffmpeg": "/opt/homebrew/bin/ffmpeg",
    "target_size_mb": 25.0,
    "original_fps": 25.0,
    "target_fps": 8,
    "min_video_bitrate": 80000,
    "audio_bitrate": 32000,
    "scale_height": 720,
    "prefer_hwaccel": false,
    "size_bytes": 19051303
  },
  "trace_id": null,
  "duration_ms": 16981,
  "started_at": "2025-12-19T01:12:56.741142",
  "completed_at": "2025-12-18T17:13:13.724153",
  "step_config": {},
  "dependencies": [
    "part_cut"
  ]
}