{
  "address": "ai_session/part_03/chunk_00/07_capture_frame/slide_008",
  "status": "completed",
  "input": {
    "video": "output/ai_session/part_03/chunk_00/01_cut_chunk/artifacts/chunk_high.mp4",
    "timestamp": "00:07:36.800",
    "frame_id": "slide_008",
    "output_ext": ".png"
  },
  "output": "output/ai_session/part_03/chunk_00/07_capture_frame/slide_008/artifacts/slide_008.png",
  "artifacts": [
    "output/ai_session/part_03/chunk_00/07_capture_frame/slide_008/artifacts/slide_008.png"
  ],
  "metadata": {
    "timestamp": "00:07:36.800",
    "frame_id": "slide_008",
    "ffmpeg": "/opt/homebrew/bin/ffmpeg"
  },
  "trace_id": null,
  "duration_ms": 1392,
  "started_at": "2025-12-15T23:19:15.557932",
  "completed_at": "2025-12-15T15:19:16.951931",
  "step_config": {},
  "dependencies": [
    "slide_timeline"
  ]
}