{
  "address": "ai_session/part_08/chunk_00/09_apply_crop/slide_004",
  "status": "completed",
  "input": {
    "image_path": "output/ai_session/part_08/chunk_00/07_capture_frame/slide_004/artifacts/slide_004.png",
    "crop_region": {
      "x": 637,
      "y": 159,
      "width": 1282,
      "height": 920
    }
  },
  "output": "output/ai_session/part_08/chunk_00/09_apply_crop/slide_004/artifacts/slide_004.png",
  "artifacts": [
    "output/ai_session/part_08/chunk_00/09_apply_crop/slide_004/artifacts/slide_004.png"
  ],
  "metadata": {
    "source": "output/ai_session/part_08/chunk_00/07_capture_frame/slide_004/artifacts/slide_004.png",
    "applied": true,
    "crop_region": {
      "x": 637,
      "y": 159,
      "width": 1282,
      "height": 920
    },
    "size": {
      "width": 1282,
      "height": 920
    }
  },
  "trace_id": null,
  "duration_ms": 112,
  "started_at": "2025-12-16T00:48:23.673473",
  "completed_at": "2025-12-15T16:48:23.787838",
  "step_config": {},
  "dependencies": [
    "capture_frame",
    "crop_decision"
  ]
}