{
  "address": "ScienceEducationInnovation/part_04/final/07_script_refine/8",
  "status": "completed",
  "input": {
    "narrative": {
      "id": "sec_009",
      "index": 8,
      "title": "平台化落地：Crater 多租户异构集群智能调度系统",
      "time_range": "00:19:17,950 - 00:20:31,025",
      "script": "相关研究得到了多个国家级项目及工业伙伴的支持，并在训练、推理及异常检测层面发表了多篇高水平论文。\n除了技术研发，我们还实现了 AI Infra 平台级解决方案——Crater。\nCrater 系统支持多租户异构集群监控与资源管理，集成了异构算力管理、多维资源数据管理，并支持从深度学习到 DeepSeek 分布式推理的多种场景。\nCrater 简化了异构算力的操作流程，助力多种场景快速落地。目前该系统已正式上线运行一年，累计执行任务超 2 万个。",
      "summary": ""
    }
  },
  "output": {
    "section_id": "sec_009",
    "index": 8,
    "title": "平台化落地：Crater 多租户异构集群智能调度系统",
    "time_range": "00:19:17,950 - 00:20:31,025",
    "refined_script": "# Crater：多租户异构集群智能调度系统\n\n## 1. 系统概述\n**Crater** 是一款面向 AI Infra 的平台级解决方案，旨在解决多租户环境下异构算力资源的监控、管理与高效调度问题。该系统通过简化异构算力的操作流程，为从基础深度学习到大规模分布式推理的多种业务场景提供底层支撑。\n\n## 2. 核心能力与技术架构\nCrater 集成了多维度的资源管理能力，确保在复杂硬件环境下的高效运行：\n\n- **异构算力管理**：统一调度不同架构的计算资源，屏蔽底层硬件差异。\n- **多租户资源隔离**：支持多租户环境下的资源配额管理与监控，确保任务间的安全与独立。\n- **多维数据管理**：实时监控集群状态，提供精细化的资源使用数据分析。\n- **全场景支持**：覆盖从常规深度学习模型训练到 **DeepSeek 分布式推理**等高负载、高复杂度的应用场景。\n\n## 3. 学术与工业背景\n系统的研发基于深厚的学术积累与工业实践：\n- **科研支撑**：获得多个国家级项目及工业合作伙伴的支持。\n- **学术产出**：在模型训练、推理优化及异常检测等领域发表了多篇高水平学术论文，为系统算法提供了理论保障。\n\n## 4. 落地成果与运行现状\n目前，Crater 系统已进入成熟运行阶段，其稳定性与效能已得到实际验证：\n- **运行周期**：系统已正式上线运行超过 **1 年**。\n- **任务规模**：累计处理并执行任务数已突破 **20,000 个**。\n- **核心价值**：显著简化了异构资源的操作复杂度，加速了 AI 业务场景的落地进程。",
    "summary": "",
    "original_script": "相关研究得到了多个国家级项目及工业伙伴的支持，并在训练、推理及异常检测层面发表了多篇高水平论文。\n除了技术研发，我们还实现了 AI Infra 平台级解决方案——Crater。\nCrater 系统支持多租户异构集群监控与资源管理，集成了异构算力管理、多维资源数据管理，并支持从深度学习到 DeepSeek 分布式推理的多种场景。\nCrater 简化了异构算力的操作流程，助力多种场景快速落地。目前该系统已正式上线运行一年，累计执行任务超 2 万个。"
  },
  "artifacts": [
    "output/ScienceEducationInnovation/part_04/final/07_script_refine/8/artifacts/section_sec_009_refined.md"
  ],
  "metadata": {
    "refined_length": 681,
    "original_length": 224,
    "summary_length": 0
  },
  "trace_id": "009297e0-f95a-4d7a-8c7f-3c1a74060c64",
  "duration_ms": 48505,
  "started_at": "2025-12-21T23:41:16.037630",
  "completed_at": "2025-12-21T15:42:04.543790",
  "step_config": {
    "model": "gemini-3-flash-preview",
    "temperature": 0.2,
    "prompt_file": "/Users/lichuan/Codes/TalkDistill/config/prompts/script_refine.md",
    "schema_file": "/Users/lichuan/Codes/TalkDistill/config/schemas/script_refine.json"
  },
  "dependencies": [
    "section_timing"
  ]
}