{
  "address": "ai_session/part_02/chunk_00/07_capture_frame/slide_024",
  "status": "completed",
  "input": {
    "video": "output/ai_session/part_02/chunk_00/01_cut_chunk/artifacts/chunk_high.mp4",
    "timestamp": "00:19:18.000",
    "frame_id": "slide_024",
    "output_ext": ".png"
  },
  "output": "output/ai_session/part_02/chunk_00/07_capture_frame/slide_024/artifacts/slide_024.png",
  "artifacts": [
    "output/ai_session/part_02/chunk_00/07_capture_frame/slide_024/artifacts/slide_024.png"
  ],
  "metadata": {
    "timestamp": "00:19:18.000",
    "frame_id": "slide_024",
    "ffmpeg": "/opt/homebrew/bin/ffmpeg"
  },
  "trace_id": null,
  "duration_ms": 4866,
  "started_at": "2025-12-15T23:00:01.449112",
  "completed_at": "2025-12-15T15:00:06.317316",
  "step_config": {},
  "dependencies": [
    "slide_timeline"
  ]
}