{
  "id": "sec_6",
  "index": 5,
  "title": "中间件智能体应用场景与演示",
  "time_range": "00:12:30,000 - 00:16:26,500",
  "script": "它是基于历史数据和用户的业务场景，为用户推荐一套配置方案。\n现在，我们的智能规划可以通过自然语言描述来生成配置方案。\n在现在的视频演示中，我们向智能体描述需要一个高可用的集群，然后它会为我们推荐一套配置方案。\n该配置方案会包含集群的节点数、部署方式以及具体配置。\n拿到这个配置方案后，我们可以直接将其应用到中间件上，完成中间件的部署。\n第二个场景是智能配置。\n智能配置可以通过自然语言描述生成配置方案，并将其应用到中间件上。\n在视频演示中，我们向智能体描述需要一个高可用的集群，它会推荐一套配置方案。拿到方案后，我们就可以直接将其应用到中间件上，完成部署。\n在视频演示中，我们向智能体描述需要一个高可用的集群，然后它会推荐一套配置方案，并将其应用到中间件上。",
  "summary": "本节通过视频演示了中间件智能体的智能规划与智能配置场景。用户只需通过自然语言描述需求（如“高可用集群”），智能体便能自动推荐包含节点数、部署方式等信息的完整配置方案，并支持一键应用完成部署。"
}