{
  "address": "ai_session/part_05/chunk_00/09_apply_crop/slide_009",
  "status": "completed",
  "input": {
    "image_path": "output/ai_session/part_05/chunk_00/07_capture_frame/slide_009/artifacts/slide_009.png",
    "crop_region": {
      "x": 390,
      "y": 129,
      "width": 864,
      "height": 577
    }
  },
  "output": "output/ai_session/part_05/chunk_00/09_apply_crop/slide_009/artifacts/slide_009.png",
  "artifacts": [
    "output/ai_session/part_05/chunk_00/09_apply_crop/slide_009/artifacts/slide_009.png"
  ],
  "metadata": {
    "source": "output/ai_session/part_05/chunk_00/07_capture_frame/slide_009/artifacts/slide_009.png",
    "applied": true,
    "crop_region": {
      "x": 390,
      "y": 129,
      "width": 864,
      "height": 577
    },
    "size": {
      "width": 864,
      "height": 577
    }
  },
  "trace_id": null,
  "duration_ms": 85,
  "started_at": "2025-12-15T18:13:40.455127",
  "completed_at": "2025-12-15T10:13:40.543543",
  "step_config": {},
  "dependencies": [
    "capture_frame",
    "crop_decision"
  ]
}