{
  "address": "ai_session/part_10/final/03_part_cut",
  "status": "completed",
  "input": {
    "video": "/Users/lichuan/Codes/TalkDistill/ai_session.mp4",
    "start": 9815.25,
    "duration": 791.75,
    "output_name": "part_high.mp4"
  },
  "output": {
    "path": "output/ai_session/part_10/final/03_part_cut/artifacts/part_high.mp4",
    "start": 9815.25,
    "duration": 791.75
  },
  "artifacts": [
    "output/ai_session/part_10/final/03_part_cut/artifacts/part_high.mp4"
  ],
  "metadata": {
    "ffmpeg": "/opt/homebrew/bin/ffmpeg",
    "start": 9815.25,
    "duration": 791.75,
    "size_bytes": 410102368
  },
  "trace_id": null,
  "duration_ms": 409,
  "started_at": "2025-12-16T01:22:17.727514",
  "completed_at": "2025-12-15T17:22:18.137895",
  "step_config": {},
  "dependencies": []
}